solid OpenSCAD_Model
  facet normal -0.980784 -0.195097 0
    outer loop
      vertex 31.4358 31.9789 0.012846
      vertex 31.2444 32.9411 2.4
      vertex 31.2444 32.9411 0.012846
    endloop
  endfacet
  facet normal -0.980784 -0.195097 0
    outer loop
      vertex 31.2444 32.9411 2.4
      vertex 31.4358 31.9789 0.012846
      vertex 31.4358 31.9789 2.4
    endloop
  endfacet
  facet normal -0.997856 -0.0654432 0
    outer loop
      vertex 31.5 31 0.012846
      vertex 31.4358 31.9789 2.4
      vertex 31.4358 31.9789 0.012846
    endloop
  endfacet
  facet normal -0.997856 -0.0654432 0
    outer loop
      vertex 31.4358 31.9789 2.4
      vertex 31.5 31 0.012846
      vertex 31.5 31 2.4
    endloop
  endfacet
  facet normal -0.946947 -0.321391 0
    outer loop
      vertex 31.2444 32.9411 0.012846
      vertex 30.9291 33.8701 2.4
      vertex 30.9291 33.8701 0.012846
    endloop
  endfacet
  facet normal -0.946947 -0.321391 0
    outer loop
      vertex 30.9291 33.8701 2.4
      vertex 31.2444 32.9411 0.012846
      vertex 31.2444 32.9411 2.4
    endloop
  endfacet
  facet normal -0.321391 -0.946947 0
    outer loop
      vertex 25.9411 38.2444 0.012846
      vertex 26.8701 37.9291 2.4
      vertex 25.9411 38.2444 2.4
    endloop
  endfacet
  facet normal -0.321391 -0.946947 -0
    outer loop
      vertex 26.8701 37.9291 2.4
      vertex 25.9411 38.2444 0.012846
      vertex 26.8701 37.9291 0.012846
    endloop
  endfacet
  facet normal -0.659312 0.751869 0
    outer loop
      vertex 29.3033 25.6967 0.012846
      vertex 28.5657 25.0499 2.4
      vertex 29.3033 25.6967 2.4
    endloop
  endfacet
  facet normal -0.659312 0.751869 0
    outer loop
      vertex 28.5657 25.0499 2.4
      vertex 29.3033 25.6967 0.012846
      vertex 28.5657 25.0499 0.012846
    endloop
  endfacet
  facet normal 0.321391 0.946947 -0
    outer loop
      vertex 22.0589 23.7556 0.012846
      vertex 21.1299 24.0709 2.4
      vertex 22.0589 23.7556 2.4
    endloop
  endfacet
  facet normal 0.321391 0.946947 0
    outer loop
      vertex 21.1299 24.0709 2.4
      vertex 22.0589 23.7556 0.012846
      vertex 21.1299 24.0709 0.012846
    endloop
  endfacet
  facet normal 0.0654432 -0.997856 0
    outer loop
      vertex 23.0211 38.4358 0.012846
      vertex 24 38.5 2.4
      vertex 23.0211 38.4358 2.4
    endloop
  endfacet
  facet normal 0.0654432 -0.997856 0
    outer loop
      vertex 24 38.5 2.4
      vertex 23.0211 38.4358 0.012846
      vertex 24 38.5 0.012846
    endloop
  endfacet
  facet normal -0.555617 0.831438 0
    outer loop
      vertex 28.5657 25.0499 0.012846
      vertex 27.75 24.5048 2.4
      vertex 28.5657 25.0499 2.4
    endloop
  endfacet
  facet normal -0.555617 0.831438 0
    outer loop
      vertex 27.75 24.5048 2.4
      vertex 28.5657 25.0499 0.012846
      vertex 27.75 24.5048 0.012846
    endloop
  endfacet
  facet normal -0.89688 -0.442273 0
    outer loop
      vertex 30.9291 33.8701 0.012846
      vertex 30.4952 34.75 2.4
      vertex 30.4952 34.75 0.012846
    endloop
  endfacet
  facet normal -0.89688 -0.442273 0
    outer loop
      vertex 30.4952 34.75 2.4
      vertex 30.9291 33.8701 0.012846
      vertex 30.9291 33.8701 2.4
    endloop
  endfacet
  facet normal -0.321391 0.946947 0
    outer loop
      vertex 26.8701 24.0709 0.012846
      vertex 25.9411 23.7556 2.4
      vertex 26.8701 24.0709 2.4
    endloop
  endfacet
  facet normal -0.321391 0.946947 0
    outer loop
      vertex 25.9411 23.7556 2.4
      vertex 26.8701 24.0709 0.012846
      vertex 25.9411 23.7556 0.012846
    endloop
  endfacet
  facet normal 0.659312 -0.751869 0
    outer loop
      vertex 18.6967 36.3033 0.012846
      vertex 19.4343 36.9501 2.4
      vertex 18.6967 36.3033 2.4
    endloop
  endfacet
  facet normal 0.659312 -0.751869 0
    outer loop
      vertex 19.4343 36.9501 2.4
      vertex 18.6967 36.3033 0.012846
      vertex 19.4343 36.9501 0.012846
    endloop
  endfacet
  facet normal 0.980784 -0.195097 0
    outer loop
      vertex 16.5642 31.9789 2.4
      vertex 16.7556 32.9411 0.012846
      vertex 16.7556 32.9411 2.4
    endloop
  endfacet
  facet normal 0.980784 -0.195097 0
    outer loop
      vertex 16.7556 32.9411 0.012846
      vertex 16.5642 31.9789 2.4
      vertex 16.5642 31.9789 0.012846
    endloop
  endfacet
  facet normal 0.751869 -0.659312 0
    outer loop
      vertex 18.0499 35.5657 2.4
      vertex 18.6967 36.3033 0.012846
      vertex 18.6967 36.3033 2.4
    endloop
  endfacet
  facet normal 0.751869 -0.659312 0
    outer loop
      vertex 18.6967 36.3033 0.012846
      vertex 18.0499 35.5657 2.4
      vertex 18.0499 35.5657 0.012846
    endloop
  endfacet
  facet normal 0.555617 0.831438 -0
    outer loop
      vertex 20.25 24.5048 0.012846
      vertex 19.4343 25.0499 2.4
      vertex 20.25 24.5048 2.4
    endloop
  endfacet
  facet normal 0.555617 0.831438 0
    outer loop
      vertex 19.4343 25.0499 2.4
      vertex 20.25 24.5048 0.012846
      vertex 19.4343 25.0499 0.012846
    endloop
  endfacet
  facet normal -0.980784 0.195097 0
    outer loop
      vertex 31.2444 29.0589 0.012846
      vertex 31.4358 30.0211 2.4
      vertex 31.4358 30.0211 0.012846
    endloop
  endfacet
  facet normal -0.980784 0.195097 0
    outer loop
      vertex 31.4358 30.0211 2.4
      vertex 31.2444 29.0589 0.012846
      vertex 31.2444 29.0589 2.4
    endloop
  endfacet
  facet normal 0.195097 0.980784 -0
    outer loop
      vertex 23.0211 23.5642 0.012846
      vertex 22.0589 23.7556 2.4
      vertex 23.0211 23.5642 2.4
    endloop
  endfacet
  facet normal 0.195097 0.980784 0
    outer loop
      vertex 22.0589 23.7556 2.4
      vertex 23.0211 23.5642 0.012846
      vertex 22.0589 23.7556 0.012846
    endloop
  endfacet
  facet normal 0.442273 0.89688 -0
    outer loop
      vertex 21.1299 24.0709 0.012846
      vertex 20.25 24.5048 2.4
      vertex 21.1299 24.0709 2.4
    endloop
  endfacet
  facet normal 0.442273 0.89688 0
    outer loop
      vertex 20.25 24.5048 2.4
      vertex 21.1299 24.0709 0.012846
      vertex 20.25 24.5048 0.012846
    endloop
  endfacet
  facet normal 0.946947 0.321391 0
    outer loop
      vertex 17.0709 28.1299 2.4
      vertex 16.7556 29.0589 0.012846
      vertex 16.7556 29.0589 2.4
    endloop
  endfacet
  facet normal 0.946947 0.321391 0
    outer loop
      vertex 16.7556 29.0589 0.012846
      vertex 17.0709 28.1299 2.4
      vertex 17.0709 28.1299 0.012846
    endloop
  endfacet
  facet normal 0.659312 0.751869 -0
    outer loop
      vertex 19.4343 25.0499 0.012846
      vertex 18.6967 25.6967 2.4
      vertex 19.4343 25.0499 2.4
    endloop
  endfacet
  facet normal 0.659312 0.751869 0
    outer loop
      vertex 18.6967 25.6967 2.4
      vertex 19.4343 25.0499 0.012846
      vertex 18.6967 25.6967 0.012846
    endloop
  endfacet
  facet normal -0.442273 0.89688 0
    outer loop
      vertex 27.75 24.5048 0.012846
      vertex 26.8701 24.0709 2.4
      vertex 27.75 24.5048 2.4
    endloop
  endfacet
  facet normal -0.442273 0.89688 0
    outer loop
      vertex 26.8701 24.0709 2.4
      vertex 27.75 24.5048 0.012846
      vertex 26.8701 24.0709 0.012846
    endloop
  endfacet
  facet normal -0.997856 0.0654432 0
    outer loop
      vertex 31.4358 30.0211 0.012846
      vertex 31.5 31 2.4
      vertex 31.5 31 0.012846
    endloop
  endfacet
  facet normal -0.997856 0.0654432 0
    outer loop
      vertex 31.5 31 2.4
      vertex 31.4358 30.0211 0.012846
      vertex 31.4358 30.0211 2.4
    endloop
  endfacet
  facet normal -0.195097 0.980784 0
    outer loop
      vertex 25.9411 23.7556 0.012846
      vertex 24.9789 23.5642 2.4
      vertex 25.9411 23.7556 2.4
    endloop
  endfacet
  facet normal -0.195097 0.980784 0
    outer loop
      vertex 24.9789 23.5642 2.4
      vertex 25.9411 23.7556 0.012846
      vertex 24.9789 23.5642 0.012846
    endloop
  endfacet
  facet normal 0.997856 0.0654432 0
    outer loop
      vertex 16.5642 30.0211 2.4
      vertex 16.5 31 0.012846
      vertex 16.5 31 2.4
    endloop
  endfacet
  facet normal 0.997856 0.0654432 0
    outer loop
      vertex 16.5 31 0.012846
      vertex 16.5642 30.0211 2.4
      vertex 16.5642 30.0211 0.012846
    endloop
  endfacet
  facet normal -0.831438 -0.555617 0
    outer loop
      vertex 30.4952 34.75 0.012846
      vertex 29.9501 35.5657 2.4
      vertex 29.9501 35.5657 0.012846
    endloop
  endfacet
  facet normal -0.831438 -0.555617 0
    outer loop
      vertex 29.9501 35.5657 2.4
      vertex 30.4952 34.75 0.012846
      vertex 30.4952 34.75 2.4
    endloop
  endfacet
  facet normal 0.997856 -0.0654432 0
    outer loop
      vertex 16.5 31 2.4
      vertex 16.5642 31.9789 0.012846
      vertex 16.5642 31.9789 2.4
    endloop
  endfacet
  facet normal 0.997856 -0.0654432 0
    outer loop
      vertex 16.5642 31.9789 0.012846
      vertex 16.5 31 2.4
      vertex 16.5 31 0.012846
    endloop
  endfacet
  facet normal -0.751869 -0.659312 0
    outer loop
      vertex 29.9501 35.5657 0.012846
      vertex 29.3033 36.3033 2.4
      vertex 29.3033 36.3033 0.012846
    endloop
  endfacet
  facet normal -0.751869 -0.659312 0
    outer loop
      vertex 29.3033 36.3033 2.4
      vertex 29.9501 35.5657 0.012846
      vertex 29.9501 35.5657 2.4
    endloop
  endfacet
  facet normal -0.659312 -0.751869 0
    outer loop
      vertex 28.5657 36.9501 0.012846
      vertex 29.3033 36.3033 2.4
      vertex 28.5657 36.9501 2.4
    endloop
  endfacet
  facet normal -0.659312 -0.751869 -0
    outer loop
      vertex 29.3033 36.3033 2.4
      vertex 28.5657 36.9501 0.012846
      vertex 29.3033 36.3033 0.012846
    endloop
  endfacet
  facet normal 0.980784 0.195097 0
    outer loop
      vertex 16.7556 29.0589 2.4
      vertex 16.5642 30.0211 0.012846
      vertex 16.5642 30.0211 2.4
    endloop
  endfacet
  facet normal 0.980784 0.195097 0
    outer loop
      vertex 16.5642 30.0211 0.012846
      vertex 16.7556 29.0589 2.4
      vertex 16.7556 29.0589 0.012846
    endloop
  endfacet
  facet normal 0.751869 0.659312 0
    outer loop
      vertex 18.6967 25.6967 2.4
      vertex 18.0499 26.4343 0.012846
      vertex 18.0499 26.4343 2.4
    endloop
  endfacet
  facet normal 0.751869 0.659312 0
    outer loop
      vertex 18.0499 26.4343 0.012846
      vertex 18.6967 25.6967 2.4
      vertex 18.6967 25.6967 0.012846
    endloop
  endfacet
  facet normal 0.831438 -0.555617 0
    outer loop
      vertex 17.5048 34.75 2.4
      vertex 18.0499 35.5657 0.012846
      vertex 18.0499 35.5657 2.4
    endloop
  endfacet
  facet normal 0.831438 -0.555617 0
    outer loop
      vertex 18.0499 35.5657 0.012846
      vertex 17.5048 34.75 2.4
      vertex 17.5048 34.75 0.012846
    endloop
  endfacet
  facet normal -0.89688 0.442273 0
    outer loop
      vertex 30.4952 27.25 0.012846
      vertex 30.9291 28.1299 2.4
      vertex 30.9291 28.1299 0.012846
    endloop
  endfacet
  facet normal -0.89688 0.442273 0
    outer loop
      vertex 30.9291 28.1299 2.4
      vertex 30.4952 27.25 0.012846
      vertex 30.4952 27.25 2.4
    endloop
  endfacet
  facet normal 0.442273 -0.89688 0
    outer loop
      vertex 20.25 37.4952 0.012846
      vertex 21.1299 37.9291 2.4
      vertex 20.25 37.4952 2.4
    endloop
  endfacet
  facet normal 0.442273 -0.89688 0
    outer loop
      vertex 21.1299 37.9291 2.4
      vertex 20.25 37.4952 0.012846
      vertex 21.1299 37.9291 0.012846
    endloop
  endfacet
  facet normal -0.946947 0.321391 0
    outer loop
      vertex 30.9291 28.1299 0.012846
      vertex 31.2444 29.0589 2.4
      vertex 31.2444 29.0589 0.012846
    endloop
  endfacet
  facet normal -0.946947 0.321391 0
    outer loop
      vertex 31.2444 29.0589 2.4
      vertex 30.9291 28.1299 0.012846
      vertex 30.9291 28.1299 2.4
    endloop
  endfacet
  facet normal 0.946947 -0.321391 0
    outer loop
      vertex 16.7556 32.9411 2.4
      vertex 17.0709 33.8701 0.012846
      vertex 17.0709 33.8701 2.4
    endloop
  endfacet
  facet normal 0.946947 -0.321391 0
    outer loop
      vertex 17.0709 33.8701 0.012846
      vertex 16.7556 32.9411 2.4
      vertex 16.7556 32.9411 0.012846
    endloop
  endfacet
  facet normal 0.89688 0.442273 0
    outer loop
      vertex 17.5048 27.25 2.4
      vertex 17.0709 28.1299 0.012846
      vertex 17.0709 28.1299 2.4
    endloop
  endfacet
  facet normal 0.89688 0.442273 0
    outer loop
      vertex 17.0709 28.1299 0.012846
      vertex 17.5048 27.25 2.4
      vertex 17.5048 27.25 0.012846
    endloop
  endfacet
  facet normal -0.751869 0.659312 0
    outer loop
      vertex 29.3033 25.6967 0.012846
      vertex 29.9501 26.4343 2.4
      vertex 29.9501 26.4343 0.012846
    endloop
  endfacet
  facet normal -0.751869 0.659312 0
    outer loop
      vertex 29.9501 26.4343 2.4
      vertex 29.3033 25.6967 0.012846
      vertex 29.3033 25.6967 2.4
    endloop
  endfacet
  facet normal -0.442273 -0.89688 0
    outer loop
      vertex 26.8701 37.9291 0.012846
      vertex 27.75 37.4952 2.4
      vertex 26.8701 37.9291 2.4
    endloop
  endfacet
  facet normal -0.442273 -0.89688 -0
    outer loop
      vertex 27.75 37.4952 2.4
      vertex 26.8701 37.9291 0.012846
      vertex 27.75 37.4952 0.012846
    endloop
  endfacet
  facet normal -0.555617 -0.831438 0
    outer loop
      vertex 27.75 37.4952 0.012846
      vertex 28.5657 36.9501 2.4
      vertex 27.75 37.4952 2.4
    endloop
  endfacet
  facet normal -0.555617 -0.831438 -0
    outer loop
      vertex 28.5657 36.9501 2.4
      vertex 27.75 37.4952 0.012846
      vertex 28.5657 36.9501 0.012846
    endloop
  endfacet
  facet normal 0.321391 -0.946947 0
    outer loop
      vertex 21.1299 37.9291 0.012846
      vertex 22.0589 38.2444 2.4
      vertex 21.1299 37.9291 2.4
    endloop
  endfacet
  facet normal 0.321391 -0.946947 0
    outer loop
      vertex 22.0589 38.2444 2.4
      vertex 21.1299 37.9291 0.012846
      vertex 22.0589 38.2444 0.012846
    endloop
  endfacet
  facet normal 0.831438 0.555617 0
    outer loop
      vertex 18.0499 26.4343 2.4
      vertex 17.5048 27.25 0.012846
      vertex 17.5048 27.25 2.4
    endloop
  endfacet
  facet normal 0.831438 0.555617 0
    outer loop
      vertex 17.5048 27.25 0.012846
      vertex 18.0499 26.4343 2.4
      vertex 18.0499 26.4343 0.012846
    endloop
  endfacet
  facet normal 0.89688 -0.442273 0
    outer loop
      vertex 17.0709 33.8701 2.4
      vertex 17.5048 34.75 0.012846
      vertex 17.5048 34.75 2.4
    endloop
  endfacet
  facet normal 0.89688 -0.442273 0
    outer loop
      vertex 17.5048 34.75 0.012846
      vertex 17.0709 33.8701 2.4
      vertex 17.0709 33.8701 0.012846
    endloop
  endfacet
  facet normal 0.195097 -0.980784 0
    outer loop
      vertex 22.0589 38.2444 0.012846
      vertex 23.0211 38.4358 2.4
      vertex 22.0589 38.2444 2.4
    endloop
  endfacet
  facet normal 0.195097 -0.980784 0
    outer loop
      vertex 23.0211 38.4358 2.4
      vertex 22.0589 38.2444 0.012846
      vertex 23.0211 38.4358 0.012846
    endloop
  endfacet
  facet normal -0.831438 0.555617 0
    outer loop
      vertex 29.9501 26.4343 0.012846
      vertex 30.4952 27.25 2.4
      vertex 30.4952 27.25 0.012846
    endloop
  endfacet
  facet normal -0.831438 0.555617 0
    outer loop
      vertex 30.4952 27.25 2.4
      vertex 29.9501 26.4343 0.012846
      vertex 29.9501 26.4343 2.4
    endloop
  endfacet
  facet normal -0.0654432 0.997856 0
    outer loop
      vertex 24.9789 23.5642 0.012846
      vertex 24 23.5 2.4
      vertex 24.9789 23.5642 2.4
    endloop
  endfacet
  facet normal -0.0654432 0.997856 0
    outer loop
      vertex 24 23.5 2.4
      vertex 24.9789 23.5642 0.012846
      vertex 24 23.5 0.012846
    endloop
  endfacet
  facet normal -0.0654432 -0.997856 0
    outer loop
      vertex 24 38.5 0.012846
      vertex 24.9789 38.4358 2.4
      vertex 24 38.5 2.4
    endloop
  endfacet
  facet normal -0.0654432 -0.997856 -0
    outer loop
      vertex 24.9789 38.4358 2.4
      vertex 24 38.5 0.012846
      vertex 24.9789 38.4358 0.012846
    endloop
  endfacet
  facet normal 0.555617 -0.831438 0
    outer loop
      vertex 19.4343 36.9501 0.012846
      vertex 20.25 37.4952 2.4
      vertex 19.4343 36.9501 2.4
    endloop
  endfacet
  facet normal 0.555617 -0.831438 0
    outer loop
      vertex 20.25 37.4952 2.4
      vertex 19.4343 36.9501 0.012846
      vertex 20.25 37.4952 0.012846
    endloop
  endfacet
  facet normal -0.195097 -0.980784 0
    outer loop
      vertex 24.9789 38.4358 0.012846
      vertex 25.9411 38.2444 2.4
      vertex 24.9789 38.4358 2.4
    endloop
  endfacet
  facet normal -0.195097 -0.980784 -0
    outer loop
      vertex 25.9411 38.2444 2.4
      vertex 24.9789 38.4358 0.012846
      vertex 25.9411 38.2444 0.012846
    endloop
  endfacet
  facet normal 0.0654432 0.997856 -0
    outer loop
      vertex 24 23.5 0.012846
      vertex 23.0211 23.5642 2.4
      vertex 24 23.5 2.4
    endloop
  endfacet
  facet normal 0.0654432 0.997856 0
    outer loop
      vertex 23.0211 23.5642 2.4
      vertex 24 23.5 0.012846
      vertex 23.0211 23.5642 0.012846
    endloop
  endfacet
  facet normal -0.980784 -0.195097 0
    outer loop
      vertex 79.4358 31.9789 0.012846
      vertex 79.2444 32.9411 2.4
      vertex 79.2444 32.9411 0.012846
    endloop
  endfacet
  facet normal -0.980784 -0.195097 0
    outer loop
      vertex 79.2444 32.9411 2.4
      vertex 79.4358 31.9789 0.012846
      vertex 79.4358 31.9789 2.4
    endloop
  endfacet
  facet normal -0.997856 -0.0654432 0
    outer loop
      vertex 79.5 31 0.012846
      vertex 79.4358 31.9789 2.4
      vertex 79.4358 31.9789 0.012846
    endloop
  endfacet
  facet normal -0.997856 -0.0654432 0
    outer loop
      vertex 79.4358 31.9789 2.4
      vertex 79.5 31 0.012846
      vertex 79.5 31 2.4
    endloop
  endfacet
  facet normal -0.946947 -0.321391 0
    outer loop
      vertex 79.2444 32.9411 0.012846
      vertex 78.9291 33.8701 2.4
      vertex 78.9291 33.8701 0.012846
    endloop
  endfacet
  facet normal -0.946947 -0.321391 0
    outer loop
      vertex 78.9291 33.8701 2.4
      vertex 79.2444 32.9411 0.012846
      vertex 79.2444 32.9411 2.4
    endloop
  endfacet
  facet normal -0.321391 -0.946947 0
    outer loop
      vertex 73.9411 38.2444 0.012846
      vertex 74.8701 37.9291 2.4
      vertex 73.9411 38.2444 2.4
    endloop
  endfacet
  facet normal -0.321391 -0.946947 -0
    outer loop
      vertex 74.8701 37.9291 2.4
      vertex 73.9411 38.2444 0.012846
      vertex 74.8701 37.9291 0.012846
    endloop
  endfacet
  facet normal -0.659312 0.751869 0
    outer loop
      vertex 77.3033 25.6967 0.012846
      vertex 76.5657 25.0499 2.4
      vertex 77.3033 25.6967 2.4
    endloop
  endfacet
  facet normal -0.659312 0.751869 0
    outer loop
      vertex 76.5657 25.0499 2.4
      vertex 77.3033 25.6967 0.012846
      vertex 76.5657 25.0499 0.012846
    endloop
  endfacet
  facet normal 0.321391 0.946947 -0
    outer loop
      vertex 70.0589 23.7556 0.012846
      vertex 69.1299 24.0709 2.4
      vertex 70.0589 23.7556 2.4
    endloop
  endfacet
  facet normal 0.321391 0.946947 0
    outer loop
      vertex 69.1299 24.0709 2.4
      vertex 70.0589 23.7556 0.012846
      vertex 69.1299 24.0709 0.012846
    endloop
  endfacet
  facet normal 0.0654432 -0.997856 0
    outer loop
      vertex 71.0211 38.4358 0.012846
      vertex 72 38.5 2.4
      vertex 71.0211 38.4358 2.4
    endloop
  endfacet
  facet normal 0.0654432 -0.997856 0
    outer loop
      vertex 72 38.5 2.4
      vertex 71.0211 38.4358 0.012846
      vertex 72 38.5 0.012846
    endloop
  endfacet
  facet normal -0.555617 0.831438 0
    outer loop
      vertex 76.5657 25.0499 0.012846
      vertex 75.75 24.5048 2.4
      vertex 76.5657 25.0499 2.4
    endloop
  endfacet
  facet normal -0.555617 0.831438 0
    outer loop
      vertex 75.75 24.5048 2.4
      vertex 76.5657 25.0499 0.012846
      vertex 75.75 24.5048 0.012846
    endloop
  endfacet
  facet normal -0.89688 -0.442273 0
    outer loop
      vertex 78.9291 33.8701 0.012846
      vertex 78.4952 34.75 2.4
      vertex 78.4952 34.75 0.012846
    endloop
  endfacet
  facet normal -0.89688 -0.442273 0
    outer loop
      vertex 78.4952 34.75 2.4
      vertex 78.9291 33.8701 0.012846
      vertex 78.9291 33.8701 2.4
    endloop
  endfacet
  facet normal -0.321391 0.946947 0
    outer loop
      vertex 74.8701 24.0709 0.012846
      vertex 73.9411 23.7556 2.4
      vertex 74.8701 24.0709 2.4
    endloop
  endfacet
  facet normal -0.321391 0.946947 0
    outer loop
      vertex 73.9411 23.7556 2.4
      vertex 74.8701 24.0709 0.012846
      vertex 73.9411 23.7556 0.012846
    endloop
  endfacet
  facet normal 0.980784 -0.195097 0
    outer loop
      vertex 64.5642 31.9789 2.4
      vertex 64.7556 32.9411 0.012846
      vertex 64.7556 32.9411 2.4
    endloop
  endfacet
  facet normal 0.980784 -0.195097 0
    outer loop
      vertex 64.7556 32.9411 0.012846
      vertex 64.5642 31.9789 2.4
      vertex 64.5642 31.9789 0.012846
    endloop
  endfacet
  facet normal 0.751869 -0.659312 0
    outer loop
      vertex 66.0499 35.5657 2.4
      vertex 66.6967 36.3033 0.012846
      vertex 66.6967 36.3033 2.4
    endloop
  endfacet
  facet normal 0.751869 -0.659312 0
    outer loop
      vertex 66.6967 36.3033 0.012846
      vertex 66.0499 35.5657 2.4
      vertex 66.0499 35.5657 0.012846
    endloop
  endfacet
  facet normal 0.555617 0.831438 -0
    outer loop
      vertex 68.25 24.5048 0.012846
      vertex 67.4343 25.0499 2.4
      vertex 68.25 24.5048 2.4
    endloop
  endfacet
  facet normal 0.555617 0.831438 0
    outer loop
      vertex 67.4343 25.0499 2.4
      vertex 68.25 24.5048 0.012846
      vertex 67.4343 25.0499 0.012846
    endloop
  endfacet
  facet normal -0.980784 0.195097 0
    outer loop
      vertex 79.2444 29.0589 0.012846
      vertex 79.4358 30.0211 2.4
      vertex 79.4358 30.0211 0.012846
    endloop
  endfacet
  facet normal -0.980784 0.195097 0
    outer loop
      vertex 79.4358 30.0211 2.4
      vertex 79.2444 29.0589 0.012846
      vertex 79.2444 29.0589 2.4
    endloop
  endfacet
  facet normal 0.195097 0.980784 -0
    outer loop
      vertex 71.0211 23.5642 0.012846
      vertex 70.0589 23.7556 2.4
      vertex 71.0211 23.5642 2.4
    endloop
  endfacet
  facet normal 0.195097 0.980784 0
    outer loop
      vertex 70.0589 23.7556 2.4
      vertex 71.0211 23.5642 0.012846
      vertex 70.0589 23.7556 0.012846
    endloop
  endfacet
  facet normal 0.442273 0.89688 -0
    outer loop
      vertex 69.1299 24.0709 0.012846
      vertex 68.25 24.5048 2.4
      vertex 69.1299 24.0709 2.4
    endloop
  endfacet
  facet normal 0.442273 0.89688 0
    outer loop
      vertex 68.25 24.5048 2.4
      vertex 69.1299 24.0709 0.012846
      vertex 68.25 24.5048 0.012846
    endloop
  endfacet
  facet normal 0.946947 0.321391 0
    outer loop
      vertex 65.0709 28.1299 2.4
      vertex 64.7556 29.0589 0.012846
      vertex 64.7556 29.0589 2.4
    endloop
  endfacet
  facet normal 0.946947 0.321391 0
    outer loop
      vertex 64.7556 29.0589 0.012846
      vertex 65.0709 28.1299 2.4
      vertex 65.0709 28.1299 0.012846
    endloop
  endfacet
  facet normal 0.659312 0.751869 -0
    outer loop
      vertex 67.4343 25.0499 0.012846
      vertex 66.6967 25.6967 2.4
      vertex 67.4343 25.0499 2.4
    endloop
  endfacet
  facet normal 0.659312 0.751869 0
    outer loop
      vertex 66.6967 25.6967 2.4
      vertex 67.4343 25.0499 0.012846
      vertex 66.6967 25.6967 0.012846
    endloop
  endfacet
  facet normal -0.442273 0.89688 0
    outer loop
      vertex 75.75 24.5048 0.012846
      vertex 74.8701 24.0709 2.4
      vertex 75.75 24.5048 2.4
    endloop
  endfacet
  facet normal -0.442273 0.89688 0
    outer loop
      vertex 74.8701 24.0709 2.4
      vertex 75.75 24.5048 0.012846
      vertex 74.8701 24.0709 0.012846
    endloop
  endfacet
  facet normal -0.997856 0.0654432 0
    outer loop
      vertex 79.4358 30.0211 0.012846
      vertex 79.5 31 2.4
      vertex 79.5 31 0.012846
    endloop
  endfacet
  facet normal -0.997856 0.0654432 0
    outer loop
      vertex 79.5 31 2.4
      vertex 79.4358 30.0211 0.012846
      vertex 79.4358 30.0211 2.4
    endloop
  endfacet
  facet normal -0.195097 0.980784 0
    outer loop
      vertex 73.9411 23.7556 0.012846
      vertex 72.9789 23.5642 2.4
      vertex 73.9411 23.7556 2.4
    endloop
  endfacet
  facet normal -0.195097 0.980784 0
    outer loop
      vertex 72.9789 23.5642 2.4
      vertex 73.9411 23.7556 0.012846
      vertex 72.9789 23.5642 0.012846
    endloop
  endfacet
  facet normal 0.997856 0.0654432 0
    outer loop
      vertex 64.5642 30.0211 2.4
      vertex 64.5 31 0.012846
      vertex 64.5 31 2.4
    endloop
  endfacet
  facet normal 0.997856 0.0654432 0
    outer loop
      vertex 64.5 31 0.012846
      vertex 64.5642 30.0211 2.4
      vertex 64.5642 30.0211 0.012846
    endloop
  endfacet
  facet normal -0.831438 -0.555617 0
    outer loop
      vertex 78.4952 34.75 0.012846
      vertex 77.9501 35.5657 2.4
      vertex 77.9501 35.5657 0.012846
    endloop
  endfacet
  facet normal -0.831438 -0.555617 0
    outer loop
      vertex 77.9501 35.5657 2.4
      vertex 78.4952 34.75 0.012846
      vertex 78.4952 34.75 2.4
    endloop
  endfacet
  facet normal 0.997856 -0.0654432 0
    outer loop
      vertex 64.5 31 2.4
      vertex 64.5642 31.9789 0.012846
      vertex 64.5642 31.9789 2.4
    endloop
  endfacet
  facet normal 0.997856 -0.0654432 0
    outer loop
      vertex 64.5642 31.9789 0.012846
      vertex 64.5 31 2.4
      vertex 64.5 31 0.012846
    endloop
  endfacet
  facet normal -0.751869 -0.659312 0
    outer loop
      vertex 77.9501 35.5657 0.012846
      vertex 77.3033 36.3033 2.4
      vertex 77.3033 36.3033 0.012846
    endloop
  endfacet
  facet normal -0.751869 -0.659312 0
    outer loop
      vertex 77.3033 36.3033 2.4
      vertex 77.9501 35.5657 0.012846
      vertex 77.9501 35.5657 2.4
    endloop
  endfacet
  facet normal -0.659312 -0.751869 0
    outer loop
      vertex 76.5657 36.9501 0.012846
      vertex 77.3033 36.3033 2.4
      vertex 76.5657 36.9501 2.4
    endloop
  endfacet
  facet normal -0.659312 -0.751869 -0
    outer loop
      vertex 77.3033 36.3033 2.4
      vertex 76.5657 36.9501 0.012846
      vertex 77.3033 36.3033 0.012846
    endloop
  endfacet
  facet normal 0.980784 0.195097 0
    outer loop
      vertex 64.7556 29.0589 2.4
      vertex 64.5642 30.0211 0.012846
      vertex 64.5642 30.0211 2.4
    endloop
  endfacet
  facet normal 0.980784 0.195097 0
    outer loop
      vertex 64.5642 30.0211 0.012846
      vertex 64.7556 29.0589 2.4
      vertex 64.7556 29.0589 0.012846
    endloop
  endfacet
  facet normal 0.751869 0.659312 0
    outer loop
      vertex 66.6967 25.6967 2.4
      vertex 66.0499 26.4343 0.012846
      vertex 66.0499 26.4343 2.4
    endloop
  endfacet
  facet normal 0.751869 0.659312 0
    outer loop
      vertex 66.0499 26.4343 0.012846
      vertex 66.6967 25.6967 2.4
      vertex 66.6967 25.6967 0.012846
    endloop
  endfacet
  facet normal 0.831438 -0.555617 0
    outer loop
      vertex 65.5048 34.75 2.4
      vertex 66.0499 35.5657 0.012846
      vertex 66.0499 35.5657 2.4
    endloop
  endfacet
  facet normal 0.831438 -0.555617 0
    outer loop
      vertex 66.0499 35.5657 0.012846
      vertex 65.5048 34.75 2.4
      vertex 65.5048 34.75 0.012846
    endloop
  endfacet
  facet normal -0.89688 0.442273 0
    outer loop
      vertex 78.4952 27.25 0.012846
      vertex 78.9291 28.1299 2.4
      vertex 78.9291 28.1299 0.012846
    endloop
  endfacet
  facet normal -0.89688 0.442273 0
    outer loop
      vertex 78.9291 28.1299 2.4
      vertex 78.4952 27.25 0.012846
      vertex 78.4952 27.25 2.4
    endloop
  endfacet
  facet normal 0.442273 -0.89688 0
    outer loop
      vertex 68.25 37.4952 0.012846
      vertex 69.1299 37.9291 2.4
      vertex 68.25 37.4952 2.4
    endloop
  endfacet
  facet normal 0.442273 -0.89688 0
    outer loop
      vertex 69.1299 37.9291 2.4
      vertex 68.25 37.4952 0.012846
      vertex 69.1299 37.9291 0.012846
    endloop
  endfacet
  facet normal -0.946947 0.321391 0
    outer loop
      vertex 78.9291 28.1299 0.012846
      vertex 79.2444 29.0589 2.4
      vertex 79.2444 29.0589 0.012846
    endloop
  endfacet
  facet normal -0.946947 0.321391 0
    outer loop
      vertex 79.2444 29.0589 2.4
      vertex 78.9291 28.1299 0.012846
      vertex 78.9291 28.1299 2.4
    endloop
  endfacet
  facet normal 0.946947 -0.321391 0
    outer loop
      vertex 64.7556 32.9411 2.4
      vertex 65.0709 33.8701 0.012846
      vertex 65.0709 33.8701 2.4
    endloop
  endfacet
  facet normal 0.946947 -0.321391 0
    outer loop
      vertex 65.0709 33.8701 0.012846
      vertex 64.7556 32.9411 2.4
      vertex 64.7556 32.9411 0.012846
    endloop
  endfacet
  facet normal 0.89688 0.442273 0
    outer loop
      vertex 65.5048 27.25 2.4
      vertex 65.0709 28.1299 0.012846
      vertex 65.0709 28.1299 2.4
    endloop
  endfacet
  facet normal 0.89688 0.442273 0
    outer loop
      vertex 65.0709 28.1299 0.012846
      vertex 65.5048 27.25 2.4
      vertex 65.5048 27.25 0.012846
    endloop
  endfacet
  facet normal -0.751869 0.659312 0
    outer loop
      vertex 77.3033 25.6967 0.012846
      vertex 77.9501 26.4343 2.4
      vertex 77.9501 26.4343 0.012846
    endloop
  endfacet
  facet normal -0.751869 0.659312 0
    outer loop
      vertex 77.9501 26.4343 2.4
      vertex 77.3033 25.6967 0.012846
      vertex 77.3033 25.6967 2.4
    endloop
  endfacet
  facet normal -0.442273 -0.89688 0
    outer loop
      vertex 74.8701 37.9291 0.012846
      vertex 75.75 37.4952 2.4
      vertex 74.8701 37.9291 2.4
    endloop
  endfacet
  facet normal -0.442273 -0.89688 -0
    outer loop
      vertex 75.75 37.4952 2.4
      vertex 74.8701 37.9291 0.012846
      vertex 75.75 37.4952 0.012846
    endloop
  endfacet
  facet normal -0.555617 -0.831438 0
    outer loop
      vertex 75.75 37.4952 0.012846
      vertex 76.5657 36.9501 2.4
      vertex 75.75 37.4952 2.4
    endloop
  endfacet
  facet normal -0.555617 -0.831438 -0
    outer loop
      vertex 76.5657 36.9501 2.4
      vertex 75.75 37.4952 0.012846
      vertex 76.5657 36.9501 0.012846
    endloop
  endfacet
  facet normal 0.321391 -0.946947 0
    outer loop
      vertex 69.1299 37.9291 0.012846
      vertex 70.0589 38.2444 2.4
      vertex 69.1299 37.9291 2.4
    endloop
  endfacet
  facet normal 0.321391 -0.946947 0
    outer loop
      vertex 70.0589 38.2444 2.4
      vertex 69.1299 37.9291 0.012846
      vertex 70.0589 38.2444 0.012846
    endloop
  endfacet
  facet normal 0.831438 0.555617 0
    outer loop
      vertex 66.0499 26.4343 2.4
      vertex 65.5048 27.25 0.012846
      vertex 65.5048 27.25 2.4
    endloop
  endfacet
  facet normal 0.831438 0.555617 0
    outer loop
      vertex 65.5048 27.25 0.012846
      vertex 66.0499 26.4343 2.4
      vertex 66.0499 26.4343 0.012846
    endloop
  endfacet
  facet normal 0.89688 -0.442273 0
    outer loop
      vertex 65.0709 33.8701 2.4
      vertex 65.5048 34.75 0.012846
      vertex 65.5048 34.75 2.4
    endloop
  endfacet
  facet normal 0.89688 -0.442273 0
    outer loop
      vertex 65.5048 34.75 0.012846
      vertex 65.0709 33.8701 2.4
      vertex 65.0709 33.8701 0.012846
    endloop
  endfacet
  facet normal 0.195097 -0.980784 0
    outer loop
      vertex 70.0589 38.2444 0.012846
      vertex 71.0211 38.4358 2.4
      vertex 70.0589 38.2444 2.4
    endloop
  endfacet
  facet normal 0.195097 -0.980784 0
    outer loop
      vertex 71.0211 38.4358 2.4
      vertex 70.0589 38.2444 0.012846
      vertex 71.0211 38.4358 0.012846
    endloop
  endfacet
  facet normal -0.831438 0.555617 0
    outer loop
      vertex 77.9501 26.4343 0.012846
      vertex 78.4952 27.25 2.4
      vertex 78.4952 27.25 0.012846
    endloop
  endfacet
  facet normal -0.831438 0.555617 0
    outer loop
      vertex 78.4952 27.25 2.4
      vertex 77.9501 26.4343 0.012846
      vertex 77.9501 26.4343 2.4
    endloop
  endfacet
  facet normal -0.0654432 0.997856 0
    outer loop
      vertex 72.9789 23.5642 0.012846
      vertex 72 23.5 2.4
      vertex 72.9789 23.5642 2.4
    endloop
  endfacet
  facet normal -0.0654432 0.997856 0
    outer loop
      vertex 72 23.5 2.4
      vertex 72.9789 23.5642 0.012846
      vertex 72 23.5 0.012846
    endloop
  endfacet
  facet normal -0.0654432 -0.997856 0
    outer loop
      vertex 72 38.5 0.012846
      vertex 72.9789 38.4358 2.4
      vertex 72 38.5 2.4
    endloop
  endfacet
  facet normal -0.0654432 -0.997856 -0
    outer loop
      vertex 72.9789 38.4358 2.4
      vertex 72 38.5 0.012846
      vertex 72.9789 38.4358 0.012846
    endloop
  endfacet
  facet normal 0.555617 -0.831438 0
    outer loop
      vertex 67.4343 36.9501 0.012846
      vertex 68.25 37.4952 2.4
      vertex 67.4343 36.9501 2.4
    endloop
  endfacet
  facet normal 0.555617 -0.831438 0
    outer loop
      vertex 68.25 37.4952 2.4
      vertex 67.4343 36.9501 0.012846
      vertex 68.25 37.4952 0.012846
    endloop
  endfacet
  facet normal 0.659312 -0.751869 0
    outer loop
      vertex 66.6967 36.3033 0.012846
      vertex 67.4343 36.9501 2.4
      vertex 66.6967 36.3033 2.4
    endloop
  endfacet
  facet normal 0.659312 -0.751869 0
    outer loop
      vertex 67.4343 36.9501 2.4
      vertex 66.6967 36.3033 0.012846
      vertex 67.4343 36.9501 0.012846
    endloop
  endfacet
  facet normal -0.195097 -0.980784 0
    outer loop
      vertex 72.9789 38.4358 0.012846
      vertex 73.9411 38.2444 2.4
      vertex 72.9789 38.4358 2.4
    endloop
  endfacet
  facet normal -0.195097 -0.980784 -0
    outer loop
      vertex 73.9411 38.2444 2.4
      vertex 72.9789 38.4358 0.012846
      vertex 73.9411 38.2444 0.012846
    endloop
  endfacet
  facet normal 0.0654432 0.997856 -0
    outer loop
      vertex 72 23.5 0.012846
      vertex 71.0211 23.5642 2.4
      vertex 72 23.5 2.4
    endloop
  endfacet
  facet normal 0.0654432 0.997856 0
    outer loop
      vertex 71.0211 23.5642 2.4
      vertex 72 23.5 0.012846
      vertex 71.0211 23.5642 0.012846
    endloop
  endfacet
  facet normal 0 -0.195087 -0.980786
    outer loop
      vertex 0.012846 31.7832 94.9487
      vertex 2.4 32.5529 94.7956
      vertex 2.4 31.7832 94.9487
    endloop
  endfacet
  facet normal -0 -0.195087 -0.980786
    outer loop
      vertex 2.4 32.5529 94.7956
      vertex 0.012846 31.7832 94.9487
      vertex 0.012846 32.5529 94.7956
    endloop
  endfacet
  facet normal 0 0.32146 -0.946923
    outer loop
      vertex 0.012846 28.7039 94.5433
      vertex 2.4 29.4471 94.7956
      vertex 2.4 28.7039 94.5433
    endloop
  endfacet
  facet normal 0 0.32146 -0.946923
    outer loop
      vertex 2.4 29.4471 94.7956
      vertex 0.012846 28.7039 94.5433
      vertex 0.012846 29.4471 94.7956
    endloop
  endfacet
  facet normal 0 -0.555611 0.831442
    outer loop
      vertex 0.012846 34.6526 84.2399
      vertex 2.4 34 83.8038
      vertex 2.4 34.6526 84.2399
    endloop
  endfacet
  facet normal 0 -0.555611 0.831442
    outer loop
      vertex 2.4 34 83.8038
      vertex 0.012846 34.6526 84.2399
      vertex 0.012846 34 83.8038
    endloop
  endfacet
  facet normal 0 -0.751787 0.659406
    outer loop
      vertex 0.012846 35.2426 84.7574
      vertex 2.4 35.7601 85.3474
      vertex 0.012846 35.7601 85.3474
    endloop
  endfacet
  facet normal 0 -0.751787 0.659406
    outer loop
      vertex 2.4 35.7601 85.3474
      vertex 0.012846 35.2426 84.7574
      vertex 2.4 35.2426 84.7574
    endloop
  endfacet
  facet normal 0 -0.659406 0.751787
    outer loop
      vertex 0.012846 35.2426 84.7574
      vertex 2.4 34.6526 84.2399
      vertex 2.4 35.2426 84.7574
    endloop
  endfacet
  facet normal 0 -0.659406 0.751787
    outer loop
      vertex 2.4 34.6526 84.2399
      vertex 0.012846 35.2426 84.7574
      vertex 0.012846 34.6526 84.2399
    endloop
  endfacet
  facet normal 0 0.946923 0.32146
    outer loop
      vertex 2.4 25.4567 86.7039
      vertex 0.012846 25.2044 87.4471
      vertex 2.4 25.2044 87.4471
    endloop
  endfacet
  facet normal 0 0.946923 0.32146
    outer loop
      vertex 0.012846 25.2044 87.4471
      vertex 2.4 25.4567 86.7039
      vertex 0.012846 25.4567 86.7039
    endloop
  endfacet
  facet normal 0 -0.442263 0.896885
    outer loop
      vertex 0.012846 34 83.8038
      vertex 2.4 33.2961 83.4567
      vertex 2.4 34 83.8038
    endloop
  endfacet
  facet normal 0 -0.442263 0.896885
    outer loop
      vertex 2.4 33.2961 83.4567
      vertex 0.012846 34 83.8038
      vertex 0.012846 33.2961 83.4567
    endloop
  endfacet
  facet normal -0 0.442263 0.896885
    outer loop
      vertex 0.012846 28.7039 83.4567
      vertex 2.4 28 83.8038
      vertex 2.4 28.7039 83.4567
    endloop
  endfacet
  facet normal 0 0.442263 0.896885
    outer loop
      vertex 2.4 28 83.8038
      vertex 0.012846 28.7039 83.4567
      vertex 0.012846 28 83.8038
    endloop
  endfacet
  facet normal -0 0.0653605 0.997862
    outer loop
      vertex 0.012846 31 83
      vertex 2.4 30.2168 83.0513
      vertex 2.4 31 83
    endloop
  endfacet
  facet normal 0 0.0653605 0.997862
    outer loop
      vertex 2.4 30.2168 83.0513
      vertex 0.012846 31 83
      vertex 0.012846 30.2168 83.0513
    endloop
  endfacet
  facet normal 0 -0.751787 -0.659406
    outer loop
      vertex 0.012846 35.7601 92.6526
      vertex 2.4 35.2426 93.2426
      vertex 0.012846 35.2426 93.2426
    endloop
  endfacet
  facet normal 0 -0.751787 -0.659406
    outer loop
      vertex 2.4 35.2426 93.2426
      vertex 0.012846 35.7601 92.6526
      vertex 2.4 35.7601 92.6526
    endloop
  endfacet
  facet normal 0 0.980786 0.195087
    outer loop
      vertex 2.4 25.2044 87.4471
      vertex 0.012846 25.0513 88.2168
      vertex 2.4 25.0513 88.2168
    endloop
  endfacet
  facet normal 0 0.980786 0.195087
    outer loop
      vertex 0.012846 25.0513 88.2168
      vertex 2.4 25.2044 87.4471
      vertex 0.012846 25.2044 87.4471
    endloop
  endfacet
  facet normal -0 0.659406 0.751787
    outer loop
      vertex 0.012846 27.3474 84.2399
      vertex 2.4 26.7574 84.7574
      vertex 2.4 27.3474 84.2399
    endloop
  endfacet
  facet normal 0 0.659406 0.751787
    outer loop
      vertex 2.4 26.7574 84.7574
      vertex 0.012846 27.3474 84.2399
      vertex 0.012846 26.7574 84.7574
    endloop
  endfacet
  facet normal 0 -0.0653605 -0.997862
    outer loop
      vertex 0.012846 31 95
      vertex 2.4 31.7832 94.9487
      vertex 2.4 31 95
    endloop
  endfacet
  facet normal -0 -0.0653605 -0.997862
    outer loop
      vertex 2.4 31.7832 94.9487
      vertex 0.012846 31 95
      vertex 0.012846 31.7832 94.9487
    endloop
  endfacet
  facet normal 0 0.751787 -0.659406
    outer loop
      vertex 2.4 26.2399 92.6526
      vertex 0.012846 26.7574 93.2426
      vertex 2.4 26.7574 93.2426
    endloop
  endfacet
  facet normal 0 0.751787 -0.659406
    outer loop
      vertex 0.012846 26.7574 93.2426
      vertex 2.4 26.2399 92.6526
      vertex 0.012846 26.2399 92.6526
    endloop
  endfacet
  facet normal 0 -0.896885 -0.442263
    outer loop
      vertex 0.012846 36.5433 91.2961
      vertex 2.4 36.1962 92
      vertex 0.012846 36.1962 92
    endloop
  endfacet
  facet normal 0 -0.896885 -0.442263
    outer loop
      vertex 2.4 36.1962 92
      vertex 0.012846 36.5433 91.2961
      vertex 2.4 36.5433 91.2961
    endloop
  endfacet
  facet normal 0 0.751787 0.659406
    outer loop
      vertex 2.4 26.7574 84.7574
      vertex 0.012846 26.2399 85.3474
      vertex 2.4 26.2399 85.3474
    endloop
  endfacet
  facet normal 0 0.751787 0.659406
    outer loop
      vertex 0.012846 26.2399 85.3474
      vertex 2.4 26.7574 84.7574
      vertex 0.012846 26.7574 84.7574
    endloop
  endfacet
  facet normal 0 -0.0653605 0.997862
    outer loop
      vertex 0.012846 31.7832 83.0513
      vertex 2.4 31 83
      vertex 2.4 31.7832 83.0513
    endloop
  endfacet
  facet normal 0 -0.0653605 0.997862
    outer loop
      vertex 2.4 31 83
      vertex 0.012846 31.7832 83.0513
      vertex 0.012846 31 83
    endloop
  endfacet
  facet normal -0 0.555611 0.831442
    outer loop
      vertex 0.012846 28 83.8038
      vertex 2.4 27.3474 84.2399
      vertex 2.4 28 83.8038
    endloop
  endfacet
  facet normal 0 0.555611 0.831442
    outer loop
      vertex 2.4 27.3474 84.2399
      vertex 0.012846 28 83.8038
      vertex 0.012846 27.3474 84.2399
    endloop
  endfacet
  facet normal 0 -0.32146 -0.946923
    outer loop
      vertex 0.012846 32.5529 94.7956
      vertex 2.4 33.2961 94.5433
      vertex 2.4 32.5529 94.7956
    endloop
  endfacet
  facet normal -0 -0.32146 -0.946923
    outer loop
      vertex 2.4 33.2961 94.5433
      vertex 0.012846 32.5529 94.7956
      vertex 0.012846 33.2961 94.5433
    endloop
  endfacet
  facet normal 0 -0.195087 0.980786
    outer loop
      vertex 0.012846 32.5529 83.2044
      vertex 2.4 31.7832 83.0513
      vertex 2.4 32.5529 83.2044
    endloop
  endfacet
  facet normal 0 -0.195087 0.980786
    outer loop
      vertex 2.4 31.7832 83.0513
      vertex 0.012846 32.5529 83.2044
      vertex 0.012846 31.7832 83.0513
    endloop
  endfacet
  facet normal 0 0.195087 -0.980786
    outer loop
      vertex 0.012846 29.4471 94.7956
      vertex 2.4 30.2168 94.9487
      vertex 2.4 29.4471 94.7956
    endloop
  endfacet
  facet normal 0 0.195087 -0.980786
    outer loop
      vertex 2.4 30.2168 94.9487
      vertex 0.012846 29.4471 94.7956
      vertex 0.012846 30.2168 94.9487
    endloop
  endfacet
  facet normal 0 0.946923 -0.32146
    outer loop
      vertex 2.4 25.2044 90.5529
      vertex 0.012846 25.4567 91.2961
      vertex 2.4 25.4567 91.2961
    endloop
  endfacet
  facet normal 0 0.946923 -0.32146
    outer loop
      vertex 0.012846 25.4567 91.2961
      vertex 2.4 25.2044 90.5529
      vertex 0.012846 25.2044 90.5529
    endloop
  endfacet
  facet normal -0 0.32146 0.946923
    outer loop
      vertex 0.012846 29.4471 83.2044
      vertex 2.4 28.7039 83.4567
      vertex 2.4 29.4471 83.2044
    endloop
  endfacet
  facet normal 0 0.32146 0.946923
    outer loop
      vertex 2.4 28.7039 83.4567
      vertex 0.012846 29.4471 83.2044
      vertex 0.012846 28.7039 83.4567
    endloop
  endfacet
  facet normal 0 -0.32146 0.946923
    outer loop
      vertex 0.012846 33.2961 83.4567
      vertex 2.4 32.5529 83.2044
      vertex 2.4 33.2961 83.4567
    endloop
  endfacet
  facet normal 0 -0.32146 0.946923
    outer loop
      vertex 2.4 32.5529 83.2044
      vertex 0.012846 33.2961 83.4567
      vertex 0.012846 32.5529 83.2044
    endloop
  endfacet
  facet normal 0 0.997862 -0.0653605
    outer loop
      vertex 2.4 25 89
      vertex 0.012846 25.0513 89.7832
      vertex 2.4 25.0513 89.7832
    endloop
  endfacet
  facet normal 0 0.997862 -0.0653605
    outer loop
      vertex 0.012846 25.0513 89.7832
      vertex 2.4 25 89
      vertex 0.012846 25 89
    endloop
  endfacet
  facet normal 0 -0.980786 -0.195087
    outer loop
      vertex 0.012846 36.9487 89.7832
      vertex 2.4 36.7956 90.5529
      vertex 0.012846 36.7956 90.5529
    endloop
  endfacet
  facet normal 0 -0.980786 -0.195087
    outer loop
      vertex 2.4 36.7956 90.5529
      vertex 0.012846 36.9487 89.7832
      vertex 2.4 36.9487 89.7832
    endloop
  endfacet
  facet normal 0 0.896885 -0.442263
    outer loop
      vertex 2.4 25.4567 91.2961
      vertex 0.012846 25.8038 92
      vertex 2.4 25.8038 92
    endloop
  endfacet
  facet normal 0 0.896885 -0.442263
    outer loop
      vertex 0.012846 25.8038 92
      vertex 2.4 25.4567 91.2961
      vertex 0.012846 25.4567 91.2961
    endloop
  endfacet
  facet normal 0 0.831442 0.555611
    outer loop
      vertex 2.4 26.2399 85.3474
      vertex 0.012846 25.8038 86
      vertex 2.4 25.8038 86
    endloop
  endfacet
  facet normal 0 0.831442 0.555611
    outer loop
      vertex 0.012846 25.8038 86
      vertex 2.4 26.2399 85.3474
      vertex 0.012846 26.2399 85.3474
    endloop
  endfacet
  facet normal 0 -0.997862 -0.0653605
    outer loop
      vertex 0.012846 37 89
      vertex 2.4 36.9487 89.7832
      vertex 0.012846 36.9487 89.7832
    endloop
  endfacet
  facet normal 0 -0.997862 -0.0653605
    outer loop
      vertex 2.4 36.9487 89.7832
      vertex 0.012846 37 89
      vertex 2.4 37 89
    endloop
  endfacet
  facet normal 0 -0.896885 0.442263
    outer loop
      vertex 0.012846 36.1962 86
      vertex 2.4 36.5433 86.7039
      vertex 0.012846 36.5433 86.7039
    endloop
  endfacet
  facet normal 0 -0.896885 0.442263
    outer loop
      vertex 2.4 36.5433 86.7039
      vertex 0.012846 36.1962 86
      vertex 2.4 36.1962 86
    endloop
  endfacet
  facet normal 0 -0.831442 0.555611
    outer loop
      vertex 0.012846 35.7601 85.3474
      vertex 2.4 36.1962 86
      vertex 0.012846 36.1962 86
    endloop
  endfacet
  facet normal 0 -0.831442 0.555611
    outer loop
      vertex 2.4 36.1962 86
      vertex 0.012846 35.7601 85.3474
      vertex 2.4 35.7601 85.3474
    endloop
  endfacet
  facet normal 0 0.659406 -0.751787
    outer loop
      vertex 0.012846 26.7574 93.2426
      vertex 2.4 27.3474 93.7601
      vertex 2.4 26.7574 93.2426
    endloop
  endfacet
  facet normal 0 0.659406 -0.751787
    outer loop
      vertex 2.4 27.3474 93.7601
      vertex 0.012846 26.7574 93.2426
      vertex 0.012846 27.3474 93.7601
    endloop
  endfacet
  facet normal 0 -0.659406 -0.751787
    outer loop
      vertex 0.012846 34.6526 93.7601
      vertex 2.4 35.2426 93.2426
      vertex 2.4 34.6526 93.7601
    endloop
  endfacet
  facet normal -0 -0.659406 -0.751787
    outer loop
      vertex 2.4 35.2426 93.2426
      vertex 0.012846 34.6526 93.7601
      vertex 0.012846 35.2426 93.2426
    endloop
  endfacet
  facet normal 0 0.896885 0.442263
    outer loop
      vertex 2.4 25.8038 86
      vertex 0.012846 25.4567 86.7039
      vertex 2.4 25.4567 86.7039
    endloop
  endfacet
  facet normal 0 0.896885 0.442263
    outer loop
      vertex 0.012846 25.4567 86.7039
      vertex 2.4 25.8038 86
      vertex 0.012846 25.8038 86
    endloop
  endfacet
  facet normal 0 -0.946923 -0.32146
    outer loop
      vertex 0.012846 36.7956 90.5529
      vertex 2.4 36.5433 91.2961
      vertex 0.012846 36.5433 91.2961
    endloop
  endfacet
  facet normal 0 -0.946923 -0.32146
    outer loop
      vertex 2.4 36.5433 91.2961
      vertex 0.012846 36.7956 90.5529
      vertex 2.4 36.7956 90.5529
    endloop
  endfacet
  facet normal 0 0.0653605 -0.997862
    outer loop
      vertex 0.012846 30.2168 94.9487
      vertex 2.4 31 95
      vertex 2.4 30.2168 94.9487
    endloop
  endfacet
  facet normal 0 0.0653605 -0.997862
    outer loop
      vertex 2.4 31 95
      vertex 0.012846 30.2168 94.9487
      vertex 0.012846 31 95
    endloop
  endfacet
  facet normal -0 0.195087 0.980786
    outer loop
      vertex 0.012846 30.2168 83.0513
      vertex 2.4 29.4471 83.2044
      vertex 2.4 30.2168 83.0513
    endloop
  endfacet
  facet normal 0 0.195087 0.980786
    outer loop
      vertex 2.4 29.4471 83.2044
      vertex 0.012846 30.2168 83.0513
      vertex 0.012846 29.4471 83.2044
    endloop
  endfacet
  facet normal 0 -0.946923 0.32146
    outer loop
      vertex 0.012846 36.5433 86.7039
      vertex 2.4 36.7956 87.4471
      vertex 0.012846 36.7956 87.4471
    endloop
  endfacet
  facet normal 0 -0.946923 0.32146
    outer loop
      vertex 2.4 36.7956 87.4471
      vertex 0.012846 36.5433 86.7039
      vertex 2.4 36.5433 86.7039
    endloop
  endfacet
  facet normal 0 0.442263 -0.896885
    outer loop
      vertex 0.012846 28 94.1962
      vertex 2.4 28.7039 94.5433
      vertex 2.4 28 94.1962
    endloop
  endfacet
  facet normal 0 0.442263 -0.896885
    outer loop
      vertex 2.4 28.7039 94.5433
      vertex 0.012846 28 94.1962
      vertex 0.012846 28.7039 94.5433
    endloop
  endfacet
  facet normal 0 0.997862 0.0653605
    outer loop
      vertex 2.4 25.0513 88.2168
      vertex 0.012846 25 89
      vertex 2.4 25 89
    endloop
  endfacet
  facet normal 0 0.997862 0.0653605
    outer loop
      vertex 0.012846 25 89
      vertex 2.4 25.0513 88.2168
      vertex 0.012846 25.0513 88.2168
    endloop
  endfacet
  facet normal 0 -0.442263 -0.896885
    outer loop
      vertex 0.012846 33.2961 94.5433
      vertex 2.4 34 94.1962
      vertex 2.4 33.2961 94.5433
    endloop
  endfacet
  facet normal -0 -0.442263 -0.896885
    outer loop
      vertex 2.4 34 94.1962
      vertex 0.012846 33.2961 94.5433
      vertex 0.012846 34 94.1962
    endloop
  endfacet
  facet normal 0 -0.831442 -0.555611
    outer loop
      vertex 0.012846 36.1962 92
      vertex 2.4 35.7601 92.6526
      vertex 0.012846 35.7601 92.6526
    endloop
  endfacet
  facet normal 0 -0.831442 -0.555611
    outer loop
      vertex 2.4 35.7601 92.6526
      vertex 0.012846 36.1962 92
      vertex 2.4 36.1962 92
    endloop
  endfacet
  facet normal 0 0.831442 -0.555611
    outer loop
      vertex 2.4 25.8038 92
      vertex 0.012846 26.2399 92.6526
      vertex 2.4 26.2399 92.6526
    endloop
  endfacet
  facet normal 0 0.831442 -0.555611
    outer loop
      vertex 0.012846 26.2399 92.6526
      vertex 2.4 25.8038 92
      vertex 0.012846 25.8038 92
    endloop
  endfacet
  facet normal 0 -0.980786 0.195087
    outer loop
      vertex 0.012846 36.7956 87.4471
      vertex 2.4 36.9487 88.2168
      vertex 0.012846 36.9487 88.2168
    endloop
  endfacet
  facet normal 0 -0.980786 0.195087
    outer loop
      vertex 2.4 36.9487 88.2168
      vertex 0.012846 36.7956 87.4471
      vertex 2.4 36.7956 87.4471
    endloop
  endfacet
  facet normal 0 -0.997862 0.0653605
    outer loop
      vertex 0.012846 36.9487 88.2168
      vertex 2.4 37 89
      vertex 0.012846 37 89
    endloop
  endfacet
  facet normal 0 -0.997862 0.0653605
    outer loop
      vertex 2.4 37 89
      vertex 0.012846 36.9487 88.2168
      vertex 2.4 36.9487 88.2168
    endloop
  endfacet
  facet normal 0 0.980786 -0.195087
    outer loop
      vertex 2.4 25.0513 89.7832
      vertex 0.012846 25.2044 90.5529
      vertex 2.4 25.2044 90.5529
    endloop
  endfacet
  facet normal 0 0.980786 -0.195087
    outer loop
      vertex 0.012846 25.2044 90.5529
      vertex 2.4 25.0513 89.7832
      vertex 0.012846 25.0513 89.7832
    endloop
  endfacet
  facet normal 0 -0.555611 -0.831442
    outer loop
      vertex 0.012846 34 94.1962
      vertex 2.4 34.6526 93.7601
      vertex 2.4 34 94.1962
    endloop
  endfacet
  facet normal -0 -0.555611 -0.831442
    outer loop
      vertex 2.4 34.6526 93.7601
      vertex 0.012846 34 94.1962
      vertex 0.012846 34.6526 93.7601
    endloop
  endfacet
  facet normal 0 0.555611 -0.831442
    outer loop
      vertex 0.012846 27.3474 93.7601
      vertex 2.4 28 94.1962
      vertex 2.4 27.3474 93.7601
    endloop
  endfacet
  facet normal 0 0.555611 -0.831442
    outer loop
      vertex 2.4 28 94.1962
      vertex 0.012846 27.3474 93.7601
      vertex 0.012846 28 94.1962
    endloop
  endfacet
  facet normal -0.777131 0.383235 -0.499197
    outer loop
      vertex 1.67956 58.4944 2.66658
      vertex 1.02839 58.0593 3.34627
      vertex 1.33971 58.6906 3.34627
    endloop
  endfacet
  facet normal -0.824381 0.550856 -0.130206
    outer loop
      vertex 1.33134 59.5824 4.82946
      vertex 0.903689 58.9424 4.82946
      vertex 1.25007 59.6447 5.60758
    endloop
  endfacet
  facet normal 0.278473 -0.820285 0.499585
    outer loop
      vertex 92.0593 1.02839 118.654
      vertex 91.2912 1.18117 119.333
      vertex 91.3928 0.802124 118.654
    endloop
  endfacet
  facet normal -0.77873 -0.154904 -0.607934
    outer loop
      vertex 1.64267 4.83246 2.04392
      vertex 1.05386 5.34883 2.66658
      vertex 1.52755 5.41119 2.04392
    endloop
  endfacet
  facet normal -0.653785 0.7454 0.130169
    outer loop
      vertex 2.41761 60.6687 117.171
      vertex 1.76644 60.2336 116.392
      vertex 1.83888 60.1611 117.171
    endloop
  endfacet
  facet normal 0.84961 -0.168967 0.499614
    outer loop
      vertex 95.3352 5.29761 118.654
      vertex 94.9461 5.34883 119.333
      vertex 95.1979 4.60723 118.654
    endloop
  endfacet
  facet normal -0.193428 -0.97243 -0.130251
    outer loop
      vertex 5.21852 0.0640669 5.60758
      vertex 4.45041 0.216853 5.60758
      vertex 5.23189 0.165632 4.82946
    endloop
  endfacet
  facet normal -0.660169 0.441094 -0.607958
    outer loop
      vertex 2.42115 58.7461 2.04392
      vertex 1.67956 58.4944 2.66658
      vertex 2.0421 59.037 2.66658
    endloop
  endfacet
  facet normal 0.598065 0.118906 0.792578
    outer loop
      vertex 93.8213 57.0239 120.511
      vertex 93.3049 56.4351 120.989
      vertex 93.9222 56.5164 120.511
    endloop
  endfacet
  facet normal -0.0649476 0.989381 0.130026
    outer loop
      vertex 6 61.9872 116.392
      vertex 5.21852 61.9359 116.392
      vertex 5.23189 61.8344 117.171
    endloop
  endfacet
  facet normal 0.321438 -0.946931 0
    outer loop
      vertex 91.5496 0.216853 5.60758
      vertex 92.2912 0.468591 116.392
      vertex 91.5496 0.216853 116.392
    endloop
  endfacet
  facet normal 0.321438 -0.946931 0
    outer loop
      vertex 92.2912 0.468591 116.392
      vertex 91.5496 0.216853 5.60758
      vertex 92.2912 0.468591 5.60758
    endloop
  endfacet
  facet normal -0.803233 0.536732 -0.258334
    outer loop
      vertex 1.4925 59.4587 4.07136
      vertex 1.07961 58.8408 4.07136
      vertex 1.33134 59.5824 4.82946
    endloop
  endfacet
  facet normal -0.651456 0.571321 -0.499197
    outer loop
      vertex 2.0421 59.037 2.66658
      vertex 2.4 59.6 2.84386
      vertex 2.4 59.4451 2.66658
    endloop
  endfacet
  facet normal -0.651459 0.571322 -0.499192
    outer loop
      vertex 2.4 59.6 2.84386
      vertex 2.0421 59.037 2.66658
      vertex 2.19489 59.8051 3.34627
    endloop
  endfacet
  facet normal 0.875082 0.297121 0.382034
    outer loop
      vertex 95.2491 58.1742 117.929
      vertex 94.9716 58.0593 118.654
      vertex 95.1979 57.3928 118.654
    endloop
  endfacet
  facet normal -0.712117 0.351168 -0.607923
    outer loop
      vertex 1.83234 57.7263 2.04392
      vertex 1.39093 57.9091 2.66658
      vertex 1.67956 58.4944 2.66658
    endloop
  endfacet
  facet normal -0.726353 0.63695 -0.258276
    outer loop
      vertex 1.98252 60.0175 4.07136
      vertex 1.4925 59.4587 4.07136
      vertex 1.83888 60.1611 4.82946
    endloop
  endfacet
  facet normal -0.889239 0.438507 -0.130251
    outer loop
      vertex 0.563235 58.252 4.82946
      vertex 0.468591 58.2912 5.60758
      vertex 0.903689 58.9424 4.82946
    endloop
  endfacet
  facet normal -0.712091 0.351188 -0.607942
    outer loop
      vertex 1.83234 57.7263 2.04392
      vertex 1.67956 58.4944 2.66658
      vertex 2.09333 58.2555 2.04392
    endloop
  endfacet
  facet normal -0.438567 0.889216 -0.130206
    outer loop
      vertex 3.74802 61.4368 4.82946
      vertex 3.05764 61.0963 4.82946
      vertex 3.70881 61.5314 5.60758
    endloop
  endfacet
  facet normal -0.803225 0.536727 0.258365
    outer loop
      vertex 1.33134 59.5824 117.171
      vertex 1.07961 58.8408 117.929
      vertex 1.4925 59.4587 117.929
    endloop
  endfacet
  facet normal 0.032721 0.499319 0.8658
    outer loop
      vertex 90.4351 59.3049 120.989
      vertex 90 58.6537 121.381
      vertex 90.3464 58.631 121.381
    endloop
  endfacet
  facet normal -0.402039 0.458436 0.792592
    outer loop
      vertex 3.97074 58.6446 120.989
      vertex 3.20263 58.7974 120.511
      vertex 3.64291 58.3571 120.989
    endloop
  endfacet
  facet normal 0.792432 -0.0519631 0.607743
    outer loop
      vertex 94.9888 6 119.333
      vertex 94.511 6 119.956
      vertex 94.9461 5.34883 119.333
    endloop
  endfacet
  facet normal -0.751847 0.255195 -0.607948
    outer loop
      vertex 1.64267 57.1675 2.04392
      vertex 1.18117 57.2912 2.66658
      vertex 1.83234 57.7263 2.04392
    endloop
  endfacet
  facet normal 0.19346 0.972452 0.130041
    outer loop
      vertex 91.5496 61.7831 116.392
      vertex 90.7681 61.8344 117.171
      vertex 91.5231 61.6842 117.171
    endloop
  endfacet
  facet normal 0.343785 0.169613 -0.923603
    outer loop
      vertex 91.7818 56.7381 0.318419
      vertex 91.6702 56.9643 0.318419
      vertex 92.2982 57.3269 0.618763
    endloop
  endfacet
  facet normal -0.777132 0.383228 -0.499202
    outer loop
      vertex 1.39093 57.9091 2.66658
      vertex 1.02839 58.0593 3.34627
      vertex 1.67956 58.4944 2.66658
    endloop
  endfacet
  facet normal -0.532243 0.4667 -0.706334
    outer loop
      vertex 2.86143 58.4083 1.48896
      vertex 2.42115 58.7461 2.04392
      vertex 2.81021 59.1898 2.04392
    endloop
  endfacet
  facet normal -0.29707 0.875108 0.382014
    outer loop
      vertex 4.5295 61.488 117.929
      vertex 3.82575 61.2491 117.929
      vertex 4.60723 61.1979 118.654
    endloop
  endfacet
  facet normal -0.824397 0.550866 0.130061
    outer loop
      vertex 1.25007 59.6447 116.392
      vertex 0.903689 58.9424 117.171
      vertex 1.33134 59.5824 117.171
    endloop
  endfacet
  facet normal -0.694831 0.609308 0.382039
    outer loop
      vertex 1.98252 60.0175 117.929
      vertex 1.4925 59.4587 117.929
      vertex 2.19489 59.8051 118.654
    endloop
  endfacet
  facet normal 0.989381 -0.0649476 0.130026
    outer loop
      vertex 95.9872 6 116.392
      vertex 95.8344 5.23189 117.171
      vertex 95.9359 5.21852 116.392
    endloop
  endfacet
  facet normal -0 0.258662 0.965968
    outer loop
      vertex 6 57.9286 121.682
      vertex 90 57.1705 121.885
      vertex 90 57.9286 121.682
    endloop
  endfacet
  facet normal 0 0.258662 0.965968
    outer loop
      vertex 90 57.1705 121.885
      vertex 6 57.9286 121.682
      vertex 6 57.1705 121.885
    endloop
  endfacet
  facet normal -0.180309 0.906396 0.382015
    outer loop
      vertex 5.2584 61.633 117.929
      vertex 4.5295 61.488 117.929
      vertex 4.60723 61.1979 118.654
    endloop
  endfacet
  facet normal -0.651287 0.57118 0.499578
    outer loop
      vertex 2.19489 59.8051 118.654
      vertex 1.73078 59.2759 118.654
      vertex 2.0421 59.037 119.333
    endloop
  endfacet
  facet normal 0.499992 0 -0.86603
    outer loop
      vertex 92.6537 6 0.618763
      vertex 93.3334 56 1.01118
      vertex 93.3334 6 1.01118
    endloop
  endfacet
  facet normal 0.499992 0 -0.86603
    outer loop
      vertex 93.3334 56 1.01118
      vertex 92.6537 6 0.618763
      vertex 92.6537 56 0.618763
    endloop
  endfacet
  facet normal 1 -0 0
    outer loop
      vertex 95.9872 6 116.392
      vertex 95.9872 56 5.60758
      vertex 95.9872 56 116.392
    endloop
  endfacet
  facet normal 1 0 0
    outer loop
      vertex 95.9872 56 5.60758
      vertex 95.9872 6 116.392
      vertex 95.9872 6 5.60758
    endloop
  endfacet
  facet normal -0.499998 0 -0.866027
    outer loop
      vertex 2.66658 6 1.01118
      vertex 3.34627 56 0.618763
      vertex 3.34627 6 0.618763
    endloop
  endfacet
  facet normal -0.499998 0 -0.866027
    outer loop
      vertex 3.34627 56 0.618763
      vertex 2.66658 6 1.01118
      vertex 2.66658 56 1.01118
    endloop
  endfacet
  facet normal 0.438538 0.889228 -0.130221
    outer loop
      vertex 92.9424 61.0963 4.82946
      vertex 92.2912 61.5314 5.60758
      vertex 92.9936 61.185 5.60758
    endloop
  endfacet
  facet normal 0.0631294 0.964009 -0.258264
    outer loop
      vertex 90.7681 61.8344 4.82946
      vertex 90 61.6816 4.07136
      vertex 90 61.8847 4.82946
    endloop
  endfacet
  facet normal 0.922165 0.0604331 -0.382047
    outer loop
      vertex 95.6816 56 4.07136
      vertex 95.3812 56 3.34627
      vertex 95.633 56.7416 4.07136
    endloop
  endfacet
  facet normal -0.768401 0.513457 -0.381997
    outer loop
      vertex 1.33971 58.6906 3.34627
      vertex 1.07961 58.8408 4.07136
      vertex 1.4925 59.4587 4.07136
    endloop
  endfacet
  facet normal -0.59697 0.523456 -0.607964
    outer loop
      vertex 2.42115 58.7461 2.04392
      vertex 2.0421 59.037 2.66658
      vertex 2.81021 59.1898 2.04392
    endloop
  endfacet
  facet normal -0.056658 -0.864416 0.499574
    outer loop
      vertex 5.34883 1.05386 119.333
      vertex 5.29761 0.664801 118.654
      vertex 6 0.618763 118.654
    endloop
  endfacet
  facet normal 0.383138 -0.776935 0.499577
    outer loop
      vertex 92.4944 1.67956 119.333
      vertex 92.0593 1.02839 118.654
      vertex 92.6906 1.33971 118.654
    endloop
  endfacet
  facet normal -0.318791 0.212973 -0.923588
    outer loop
      vertex 4.32975 56.9643 0.318419
      vertex 3.89465 57.6155 0.618763
      vertex 4.46991 57.1741 0.318419
    endloop
  endfacet
  facet normal -0.363049 0.12324 -0.923584
    outer loop
      vertex 4.21817 56.7381 0.318419
      vertex 3.43669 56.6868 0.618763
      vertex 3.54827 57.0155 0.618763
    endloop
  endfacet
  facet normal -0.427319 0.866409 -0.258331
    outer loop
      vertex 3.82575 61.2491 4.07136
      vertex 3.05764 61.0963 4.82946
      vertex 3.74802 61.4368 4.82946
    endloop
  endfacet
  facet normal -0.720468 0.481383 -0.499196
    outer loop
      vertex 2.0421 59.037 2.66658
      vertex 1.67956 58.4944 2.66658
      vertex 1.73078 59.2759 3.34627
    endloop
  endfacet
  facet normal 0.195092 -0.980785 0
    outer loop
      vertex 90.7815 0.0640669 5.60758
      vertex 91.5496 0.216853 116.392
      vertex 90.7815 0.0640669 116.392
    endloop
  endfacet
  facet normal 0.195092 -0.980785 0
    outer loop
      vertex 91.5496 0.216853 116.392
      vertex 90.7815 0.0640669 5.60758
      vertex 91.5496 0.216853 5.60758
    endloop
  endfacet
  facet normal 0.252777 -0.28825 -0.923589
    outer loop
      vertex 91.6155 3.89465 0.618763
      vertex 91.1741 4.46991 0.318419
      vertex 91.8765 4.12353 0.618763
    endloop
  endfacet
  facet normal 0.803233 -0.53671 0.258378
    outer loop
      vertex 94.9204 3.15921 117.929
      vertex 94.5075 2.54127 117.929
      vertex 94.6687 2.41761 117.171
    endloop
  endfacet
  facet normal -0.0648464 -0.989377 0.130108
    outer loop
      vertex 6 0.115288 117.171
      vertex 5.23189 0.165632 117.171
      vertex 6 0.012846 116.392
    endloop
  endfacet
  facet normal -0.245424 -0.0833147 0.965829
    outer loop
      vertex 4.86934 5.69704 121.885
      vertex 4.21817 5.26194 121.682
      vertex 4.91856 5.55205 121.885
    endloop
  endfacet
  facet normal -0.947496 0.18846 0.258329
    outer loop
      vertex 0.315804 57.5231 117.171
      vertex 0.165632 56.7681 117.171
      vertex 0.367025 56.7416 117.929
    endloop
  endfacet
  facet normal 0.513445 0.768396 0.382023
    outer loop
      vertex 93.4587 60.5075 117.929
      vertex 92.6906 60.6603 118.654
      vertex 93.2759 60.2692 118.654
    endloop
  endfacet
  facet normal -0.0749082 0.376718 0.923294
    outer loop
      vertex 5.74826 57.9121 121.682
      vertex 5.31316 58.5633 121.381
      vertex 5.50083 57.8629 121.682
    endloop
  endfacet
  facet normal 0.550893 0.824377 0.130074
    outer loop
      vertex 92.9936 61.185 116.392
      vertex 92.9424 61.0963 117.171
      vertex 93.6447 60.7499 116.392
    endloop
  endfacet
  facet normal 0.712234 0.35131 0.607704
    outer loop
      vertex 94.3204 58.4944 119.333
      vertex 94.1677 57.7263 119.956
      vertex 94.6091 57.9091 119.333
    endloop
  endfacet
  facet normal -0.803231 0.536723 0.258359
    outer loop
      vertex 1.33134 59.5824 117.171
      vertex 0.903689 58.9424 117.171
      vertex 1.07961 58.8408 117.929
    endloop
  endfacet
  facet normal -0.53671 0.803233 0.258378
    outer loop
      vertex 3.15921 60.9204 117.929
      vertex 2.41761 60.6687 117.171
      vertex 2.54127 60.5075 117.929
    endloop
  endfacet
  facet normal 0.938881 0.318671 -0.130198
    outer loop
      vertex 95.6842 57.5231 4.82946
      vertex 95.4368 58.252 4.82946
      vertex 95.5314 58.2912 5.60758
    endloop
  endfacet
  facet normal 0.938886 -0.318659 -0.13019
    outer loop
      vertex 95.7831 4.45041 5.60758
      vertex 95.5314 3.70881 5.60758
      vertex 95.6842 4.47692 4.82946
    endloop
  endfacet
  facet normal 0.195013 -0.170925 -0.965792
    outer loop
      vertex 91.5301 4.82592 0.318419
      vertex 90.8277 5.1723 0.115288
      vertex 90.9286 5.28742 0.115288
    endloop
  endfacet
  facet normal 0.792272 -0.0519527 -0.607952
    outer loop
      vertex 94.9461 5.34883 2.66658
      vertex 94.511 6 2.04392
      vertex 94.9888 6 2.66658
    endloop
  endfacet
  facet normal -0.0726348 0.108774 -0.991409
    outer loop
      vertex 5.76111 56.3113 0.012846
      vertex 5.41473 57.0137 0.115288
      vertex 5.80379 56.3398 0.012846
    endloop
  endfacet
  facet normal -0.577229 0.195989 -0.792713
    outer loop
      vertex 2.78016 56.8628 1.01118
      vertex 2.17872 57.0239 1.48896
      vertex 2.92032 57.2756 1.01118
    endloop
  endfacet
  facet normal -0.751891 0.659287 0
    outer loop
      vertex 1.25007 59.6447 5.60758
      vertex 1.76644 60.2336 116.392
      vertex 1.76644 60.2336 5.60758
    endloop
  endfacet
  facet normal -0.751891 0.659287 0
    outer loop
      vertex 1.76644 60.2336 116.392
      vertex 1.25007 59.6447 5.60758
      vertex 1.25007 59.6447 116.392
    endloop
  endfacet
  facet normal -0.31054 0.914786 0.258324
    outer loop
      vertex 4.47692 61.6842 117.171
      vertex 3.82575 61.2491 117.929
      vertex 4.5295 61.488 117.929
    endloop
  endfacet
  facet normal 0.609352 0.694827 -0.381976
    outer loop
      vertex 93.8051 59.8051 3.34627
      vertex 93.2759 60.2692 3.34627
      vertex 93.4587 60.5075 4.07136
    endloop
  endfacet
  facet normal -0.255153 0.751879 -0.607927
    outer loop
      vertex 4.2737 60.1677 2.04392
      vertex 4.09086 60.6091 2.66658
      vertex 4.7088 60.8188 2.66658
    endloop
  endfacet
  facet normal 0.0976078 0.490779 0.8658
    outer loop
      vertex 90.4351 59.3049 120.989
      vertex 90.3464 58.631 121.381
      vertex 90.6868 58.5633 121.381
    endloop
  endfacet
  facet normal 0.70641 -0.0463762 0.706282
    outer loop
      vertex 93.9561 6 120.511
      vertex 93.9222 5.48363 120.511
      vertex 94.511 6 119.956
    endloop
  endfacet
  facet normal 0.889246 0.438546 0.130077
    outer loop
      vertex 95.185 58.9936 116.392
      vertex 95.0963 58.9424 117.171
      vertex 95.5314 58.2912 116.392
    endloop
  endfacet
  facet normal -0.571322 0.65146 -0.49919
    outer loop
      vertex 2.963 59.9579 2.66658
      vertex 2.4 59.6 2.84386
      vertex 2.19489 59.8051 3.34627
    endloop
  endfacet
  facet normal -0.571321 0.651456 -0.499197
    outer loop
      vertex 2.4 59.6 2.84386
      vertex 2.963 59.9579 2.66658
      vertex 2.5549 59.6 2.66658
    endloop
  endfacet
  facet normal -0.597002 0.523456 -0.607932
    outer loop
      vertex 2.81021 59.1898 2.04392
      vertex 2.4 59.1355 2.4
      vertex 2.61701 59.383 2.4
    endloop
  endfacet
  facet normal -0.596923 0.523496 -0.607976
    outer loop
      vertex 2.4 59.1355 2.4
      vertex 2.0421 59.037 2.66658
      vertex 2.4 59.4451 2.66658
    endloop
  endfacet
  facet normal -0.596807 0.524045 -0.607617
    outer loop
      vertex 2.0421 59.037 2.66658
      vertex 2.4 59.1355 2.4
      vertex 2.81021 59.1898 2.04392
    endloop
  endfacet
  facet normal 0.25878 0.0169641 -0.965787
    outer loop
      vertex 91.9286 56 0.318419
      vertex 91.1705 56 0.115288
      vertex 91.9121 56.2517 0.318419
    endloop
  endfacet
  facet normal 0.906407 0.180257 -0.382013
    outer loop
      vertex 95.3352 56.7024 3.34627
      vertex 95.1979 57.3928 3.34627
      vertex 95.633 56.7416 4.07136
    endloop
  endfacet
  facet normal -0.63485 0.313089 -0.706358
    outer loop
      vertex 2.34506 57.5139 1.48896
      vertex 1.83234 57.7263 2.04392
      vertex 2.57394 57.978 1.48896
    endloop
  endfacet
  facet normal -0.597865 0.118925 -0.792726
    outer loop
      vertex 2.6951 56.4351 1.01118
      vertex 2.07777 56.5164 1.48896
      vertex 2.17872 57.0239 1.48896
    endloop
  endfacet
  facet normal -0.408721 0.828878 -0.381979
    outer loop
      vertex 3.30938 60.6603 3.34627
      vertex 3.15921 60.9204 4.07136
      vertex 3.94069 60.9716 3.34627
    endloop
  endfacet
  facet normal -0.555569 -0.83147 0
    outer loop
      vertex 2.35525 1.25007 5.60758
      vertex 3.00642 0.814973 116.392
      vertex 2.35525 1.25007 116.392
    endloop
  endfacet
  facet normal -0.555569 -0.83147 -0
    outer loop
      vertex 3.00642 0.814973 116.392
      vertex 2.35525 1.25007 5.60758
      vertex 3.00642 0.814973 5.60758
    endloop
  endfacet
  facet normal -0.82886 0.408745 -0.381994
    outer loop
      vertex 1.33971 58.6906 3.34627
      vertex 1.02839 58.0593 3.34627
      vertex 1.07961 58.8408 4.07136
    endloop
  endfacet
  facet normal -0.866444 0.427252 -0.258323
    outer loop
      vertex 1.07961 58.8408 4.07136
      vertex 0.750903 58.1742 4.07136
      vertex 0.903689 58.9424 4.82946
    endloop
  endfacet
  facet normal -0.828877 0.408728 -0.381974
    outer loop
      vertex 1.02839 58.0593 3.34627
      vertex 0.750903 58.1742 4.07136
      vertex 1.07961 58.8408 4.07136
    endloop
  endfacet
  facet normal -0.0250748 -0.382565 -0.923588
    outer loop
      vertex 6 3.34627 0.618763
      vertex 5.74826 4.08786 0.318419
      vertex 6 4.07136 0.318419
    endloop
  endfacet
  facet normal -0.408754 -0.828856 -0.381992
    outer loop
      vertex 3.82575 0.750903 4.07136
      vertex 3.15921 1.07961 4.07136
      vertex 3.94069 1.02839 3.34627
    endloop
  endfacet
  facet normal 0.0631837 -0.963996 -0.2583
    outer loop
      vertex 90.7681 0.165632 4.82946
      vertex 90 0.115288 4.82946
      vertex 90 0.318419 4.07136
    endloop
  endfacet
  facet normal 0.318706 -0.938882 0.130101
    outer loop
      vertex 92.2912 0.468591 116.392
      vertex 91.5231 0.315804 117.171
      vertex 91.5496 0.216853 116.392
    endloop
  endfacet
  facet normal 0.828863 -0.408714 0.382019
    outer loop
      vertex 94.9716 3.94069 118.654
      vertex 94.6603 3.30938 118.654
      vertex 94.9204 3.15921 117.929
    endloop
  endfacet
  facet normal 0.889225 -0.438542 -0.130232
    outer loop
      vertex 95.185 3.00642 5.60758
      vertex 95.0963 3.05764 4.82946
      vertex 95.5314 3.70881 5.60758
    endloop
  endfacet
  facet normal 0.752028 -0.25518 0.607731
    outer loop
      vertex 94.3573 4.83246 119.956
      vertex 94.1677 4.2737 119.956
      vertex 94.8188 4.7088 119.333
    endloop
  endfacet
  facet normal 0.297083 -0.875102 0.38202
    outer loop
      vertex 92.0593 1.02839 118.654
      vertex 91.3928 0.802124 118.654
      vertex 92.1742 0.750903 117.929
    endloop
  endfacet
  facet normal 0.0859016 0.0978938 0.991483
    outer loop
      vertex 90.7126 56.9287 121.885
      vertex 90.2389 56.3113 121.987
      vertex 90.8277 56.8277 121.885
    endloop
  endfacet
  facet normal -0.989377 0.0648455 0.130109
    outer loop
      vertex 0.0640669 56.7815 116.392
      vertex 0.012846 56 116.392
      vertex 0.165632 56.7681 117.171
    endloop
  endfacet
  facet normal 0.118906 0.598065 0.792578
    outer loop
      vertex 90.5164 59.9222 120.511
      vertex 90.4351 59.3049 120.989
      vertex 91.0239 59.8213 120.511
    endloop
  endfacet
  facet normal 0.70717 -0 0.707043
    outer loop
      vertex 93.9561 6 120.511
      vertex 94.511 56 119.956
      vertex 93.9561 56 120.511
    endloop
  endfacet
  facet normal 0.70717 0 0.707043
    outer loop
      vertex 94.511 56 119.956
      vertex 93.9561 6 120.511
      vertex 94.511 6 119.956
    endloop
  endfacet
  facet normal 0.651312 -0.571169 0.499558
    outer loop
      vertex 93.9579 2.963 119.333
      vertex 93.8051 2.19489 118.654
      vertex 94.2692 2.72411 118.654
    endloop
  endfacet
  facet normal 0.653688 -0.745505 0.130054
    outer loop
      vertex 94.2336 1.76644 116.392
      vertex 93.5824 1.33134 117.171
      vertex 93.6447 1.25007 116.392
    endloop
  endfacet
  facet normal 0.255161 0.752026 0.607742
    outer loop
      vertex 91.2912 60.8188 119.333
      vertex 91.1675 60.3573 119.956
      vertex 91.7263 60.1677 119.956
    endloop
  endfacet
  facet normal 0.0603924 0.922165 0.382053
    outer loop
      vertex 90.7416 61.633 117.929
      vertex 90 61.3812 118.654
      vertex 90.7024 61.3352 118.654
    endloop
  endfacet
  facet normal -0.0251177 0.383272 0.923294
    outer loop
      vertex 6 58.6537 121.381
      vertex 5.65362 58.631 121.381
      vertex 5.74826 57.9121 121.682
    endloop
  endfacet
  facet normal -0 0.60891 0.793239
    outer loop
      vertex 6 59.9561 120.511
      vertex 90 59.3334 120.989
      vertex 90 59.9561 120.511
    endloop
  endfacet
  facet normal 0 0.60891 0.793239
    outer loop
      vertex 90 59.3334 120.989
      vertex 6 59.9561 120.511
      vertex 6 59.3334 120.989
    endloop
  endfacet
  facet normal -0.116831 0.0575823 0.991481
    outer loop
      vertex 4.98628 56.5853 121.885
      vertex 4.91856 56.4479 121.885
      vertex 5.63745 56.1502 121.987
    endloop
  endfacet
  facet normal 0.577407 -0.196079 0.792562
    outer loop
      vertex 93.8213 4.97609 120.511
      vertex 93.0797 4.72435 120.989
      vertex 93.6549 4.48608 120.511
    endloop
  endfacet
  facet normal -0.768387 0.513448 0.382038
    outer loop
      vertex 1.4925 59.4587 117.929
      vertex 1.07961 58.8408 117.929
      vertex 1.33971 58.6906 118.654
    endloop
  endfacet
  facet normal -0.889256 0.438515 0.130106
    outer loop
      vertex 0.903689 58.9424 117.171
      vertex 0.468591 58.2912 116.392
      vertex 0.563235 58.252 117.171
    endloop
  endfacet
  facet normal -0.963988 0.0631818 0.258331
    outer loop
      vertex 0.367025 56.7416 117.929
      vertex 0.165632 56.7681 117.171
      vertex 0.318419 56 117.929
    endloop
  endfacet
  facet normal 0.064789 0.989352 -0.130325
    outer loop
      vertex 90.7681 61.8344 4.82946
      vertex 90 61.8847 4.82946
      vertex 90 61.9872 5.60758
    endloop
  endfacet
  facet normal 0.751936 0.659237 0
    outer loop
      vertex 94.7499 59.6447 116.392
      vertex 94.2336 60.2336 5.60758
      vertex 94.2336 60.2336 116.392
    endloop
  endfacet
  facet normal 0.751936 0.659237 0
    outer loop
      vertex 94.2336 60.2336 5.60758
      vertex 94.7499 59.6447 116.392
      vertex 94.7499 59.6447 5.60758
    endloop
  endfacet
  facet normal 0.831441 0.555613 0
    outer loop
      vertex 95.185 58.9936 116.392
      vertex 94.7499 59.6447 5.60758
      vertex 94.7499 59.6447 116.392
    endloop
  endfacet
  facet normal 0.831441 0.555613 0
    outer loop
      vertex 94.7499 59.6447 5.60758
      vertex 95.185 58.9936 116.392
      vertex 95.185 58.9936 5.60758
    endloop
  endfacet
  facet normal 0.255195 -0.751847 -0.607948
    outer loop
      vertex 91.2912 1.18117 2.66658
      vertex 91.1675 1.64267 2.04392
      vertex 91.7263 1.83234 2.04392
    endloop
  endfacet
  facet normal 0.506913 0.338594 -0.792713
    outer loop
      vertex 92.8868 57.6667 1.01118
      vertex 92.6446 58.0293 1.01118
      vertex 93.1386 58.4083 1.48896
    endloop
  endfacet
  facet normal 0.597821 -0.118963 -0.792753
    outer loop
      vertex 93.8213 4.97609 1.48896
      vertex 93.2198 5.13725 1.01118
      vertex 93.3049 5.5649 1.01118
    endloop
  endfacet
  facet normal -0.0519631 0.792432 0.607743
    outer loop
      vertex 6 60.9888 119.333
      vertex 5.34883 60.9461 119.333
      vertex 6 60.511 119.956
    endloop
  endfacet
  facet normal -0.43855 0.889242 0.130088
    outer loop
      vertex 3.70881 61.5314 116.392
      vertex 3.00642 61.185 116.392
      vertex 3.05764 61.0963 117.171
    endloop
  endfacet
  facet normal -0.318671 0.93888 -0.130202
    outer loop
      vertex 3.74802 61.4368 4.82946
      vertex 3.70881 61.5314 5.60758
      vertex 4.47692 61.6842 4.82946
    endloop
  endfacet
  facet normal -0.42728 0.866441 -0.258285
    outer loop
      vertex 3.15921 60.9204 4.07136
      vertex 3.05764 61.0963 4.82946
      vertex 3.82575 61.2491 4.07136
    endloop
  endfacet
  facet normal -0.720468 0.481383 -0.499196
    outer loop
      vertex 1.67956 58.4944 2.66658
      vertex 1.33971 58.6906 3.34627
      vertex 1.73078 59.2759 3.34627
    endloop
  endfacet
  facet normal -0.653683 0.745487 -0.130182
    outer loop
      vertex 2.41761 60.6687 4.82946
      vertex 1.76644 60.2336 5.60758
      vertex 2.35525 60.7499 5.60758
    endloop
  endfacet
  facet normal 0.550882 0.824361 -0.130219
    outer loop
      vertex 93.6447 60.7499 5.60758
      vertex 92.9424 61.0963 4.82946
      vertex 92.9936 61.185 5.60758
    endloop
  endfacet
  facet normal 0.438546 0.889246 0.130077
    outer loop
      vertex 92.9936 61.185 116.392
      vertex 92.2912 61.5314 116.392
      vertex 92.9424 61.0963 117.171
    endloop
  endfacet
  facet normal -0.13803 0.694311 -0.706314
    outer loop
      vertex 4.97609 59.8213 1.48896
      vertex 4.83246 60.3573 2.04392
      vertex 5.48363 59.9222 1.48896
    endloop
  endfacet
  facet normal 0.408718 0.828876 -0.381987
    outer loop
      vertex 92.8408 60.9204 4.07136
      vertex 92.0593 60.9716 3.34627
      vertex 92.1742 61.2491 4.07136
    endloop
  endfacet
  facet normal 0.402029 0.458468 0.792578
    outer loop
      vertex 92.4083 59.1386 120.511
      vertex 92.0293 58.6446 120.989
      vertex 92.7974 58.7974 120.511
    endloop
  endfacet
  facet normal 0.778731 -0.154887 -0.607937
    outer loop
      vertex 94.8188 4.7088 2.66658
      vertex 94.3573 4.83246 2.04392
      vertex 94.9461 5.34883 2.66658
    endloop
  endfacet
  facet normal 0.914783 0.310492 0.258392
    outer loop
      vertex 95.4368 58.252 117.171
      vertex 95.2491 58.1742 117.929
      vertex 95.6842 57.5231 117.171
    endloop
  endfacet
  facet normal 0.70641 0.0463735 0.706282
    outer loop
      vertex 94.511 56 119.956
      vertex 93.9222 56.5164 120.511
      vertex 93.9561 56 120.511
    endloop
  endfacet
  facet normal 0.803211 0.53673 0.258405
    outer loop
      vertex 94.6687 59.5824 117.171
      vertex 94.5075 59.4587 117.929
      vertex 94.9204 58.8408 117.929
    endloop
  endfacet
  facet normal 0.318671 0.938881 -0.130198
    outer loop
      vertex 92.252 61.4368 4.82946
      vertex 91.5231 61.6842 4.82946
      vertex 92.2912 61.5314 5.60758
    endloop
  endfacet
  facet normal 0.213321 0.319449 0.92328
    outer loop
      vertex 91.6155 58.1053 121.381
      vertex 90.9643 57.6702 121.682
      vertex 91.1741 57.5301 121.682
    endloop
  endfacet
  facet normal -0.383332 0.777113 -0.499152
    outer loop
      vertex 4.09086 60.6091 2.66658
      vertex 3.50559 60.3204 2.66658
      vertex 3.94069 60.9716 3.34627
    endloop
  endfacet
  facet normal 0.745542 0.653631 -0.130133
    outer loop
      vertex 94.6687 59.5824 4.82946
      vertex 94.2336 60.2336 5.60758
      vertex 94.7499 59.6447 5.60758
    endloop
  endfacet
  facet normal -0.382563 0.0250698 -0.923589
    outer loop
      vertex 4.08786 56.2517 0.318419
      vertex 3.34627 56 0.618763
      vertex 3.36897 56.3464 0.618763
    endloop
  endfacet
  facet normal 0.382561 -0.0250745 -0.92359
    outer loop
      vertex 92.6537 6 0.618763
      vertex 91.9121 5.74826 0.318419
      vertex 91.9286 6 0.318419
    endloop
  endfacet
  facet normal -0.108765 -0.0726547 -0.991409
    outer loop
      vertex 5.68867 5.76111 0.012846
      vertex 4.98628 5.41473 0.115288
      vertex 5.66016 5.80379 0.012846
    endloop
  endfacet
  facet normal -0.546722 0.269587 -0.792728
    outer loop
      vertex 2.92032 57.2756 1.01118
      vertex 2.34506 57.5139 1.48896
      vertex 3.11317 57.6667 1.01118
    endloop
  endfacet
  facet normal -0.416413 0.278202 -0.865565
    outer loop
      vertex 3.89465 57.6155 0.618763
      vertex 3.11317 57.6667 1.01118
      vertex 3.35542 58.0293 1.01118
    endloop
  endfacet
  facet normal -0.63485 0.313094 -0.706355
    outer loop
      vertex 2.57394 57.978 1.48896
      vertex 1.83234 57.7263 2.04392
      vertex 2.09333 58.2555 2.04392
    endloop
  endfacet
  facet normal -0.660165 0.441123 -0.607941
    outer loop
      vertex 2.09333 58.2555 2.04392
      vertex 1.67956 58.4944 2.66658
      vertex 2.42115 58.7461 2.04392
    endloop
  endfacet
  facet normal -0.896874 0.442285 0
    outer loop
      vertex 0.468591 58.2912 5.60758
      vertex 0.814973 58.9936 116.392
      vertex 0.814973 58.9936 5.60758
    endloop
  endfacet
  facet normal -0.896874 0.442285 0
    outer loop
      vertex 0.814973 58.9936 116.392
      vertex 0.468591 58.2912 5.60758
      vertex 0.468591 58.2912 116.392
    endloop
  endfacet
  facet normal -0.824361 0.550879 -0.130236
    outer loop
      vertex 0.903689 58.9424 4.82946
      vertex 0.814973 58.9936 5.60758
      vertex 1.25007 59.6447 5.60758
    endloop
  endfacet
  facet normal -0.831443 0.555611 0
    outer loop
      vertex 0.814973 58.9936 5.60758
      vertex 1.25007 59.6447 116.392
      vertex 1.25007 59.6447 5.60758
    endloop
  endfacet
  facet normal -0.831443 0.555611 0
    outer loop
      vertex 1.25007 59.6447 116.392
      vertex 0.814973 58.9936 5.60758
      vertex 0.814973 58.9936 116.392
    endloop
  endfacet
  facet normal -0.938864 0.3187 -0.130246
    outer loop
      vertex 0.315804 57.5231 4.82946
      vertex 0.216853 57.5496 5.60758
      vertex 0.468591 58.2912 5.60758
    endloop
  endfacet
  facet normal -0.793356 0 -0.608758
    outer loop
      vertex 1.48896 6 2.04392
      vertex 1.01118 56 2.66658
      vertex 1.48896 56 2.04392
    endloop
  endfacet
  facet normal -0.793356 -0 -0.608758
    outer loop
      vertex 1.01118 56 2.66658
      vertex 1.48896 6 2.04392
      vertex 1.01118 6 2.66658
    endloop
  endfacet
  facet normal -0.726297 0.636988 -0.258337
    outer loop
      vertex 1.4925 59.4587 4.07136
      vertex 1.33134 59.5824 4.82946
      vertex 1.83888 60.1611 4.82946
    endloop
  endfacet
  facet normal -0.651452 0.571325 -0.499197
    outer loop
      vertex 2.0421 59.037 2.66658
      vertex 1.73078 59.2759 3.34627
      vertex 2.19489 59.8051 3.34627
    endloop
  endfacet
  facet normal -0.792286 0.0519265 -0.607937
    outer loop
      vertex 1.48896 56 2.04392
      vertex 1.05386 56.6512 2.66658
      vertex 1.52755 56.5888 2.04392
    endloop
  endfacet
  facet normal -0.670287 0.227542 -0.706357
    outer loop
      vertex 2.17872 57.0239 1.48896
      vertex 1.83234 57.7263 2.04392
      vertex 2.34506 57.5139 1.48896
    endloop
  endfacet
  facet normal -0.269685 0.546724 -0.792694
    outer loop
      vertex 4.72435 59.0797 1.01118
      vertex 4.33329 58.8868 1.01118
      vertex 4.48608 59.6549 1.48896
    endloop
  endfacet
  facet normal 0.19343 -0.972429 -0.130259
    outer loop
      vertex 90.7815 0.0640669 5.60758
      vertex 90.7681 0.165632 4.82946
      vertex 91.5496 0.216853 5.60758
    endloop
  endfacet
  facet normal -0.77888 0.154936 0.607734
    outer loop
      vertex 1.18117 57.2912 119.333
      vertex 1.05386 56.6512 119.333
      vertex 1.64267 57.1675 119.956
    endloop
  endfacet
  facet normal -0.6703 -0.227532 -0.706348
    outer loop
      vertex 1.83234 4.2737 2.04392
      vertex 1.64267 4.83246 2.04392
      vertex 2.17872 4.97609 1.48896
    endloop
  endfacet
  facet normal -0.608275 0.0398724 -0.792724
    outer loop
      vertex 2.6951 56.4351 1.01118
      vertex 2.04392 56 1.48896
      vertex 2.07777 56.5164 1.48896
    endloop
  endfacet
  facet normal 0.0631832 -0.963988 0.258332
    outer loop
      vertex 90 0.318419 117.929
      vertex 90 0.115288 117.171
      vertex 90.7681 0.165632 117.171
    endloop
  endfacet
  facet normal 0.297088 -0.875117 -0.381979
    outer loop
      vertex 92.1742 0.750903 4.07136
      vertex 91.3928 0.802124 3.34627
      vertex 92.0593 1.02839 3.34627
    endloop
  endfacet
  facet normal 0.550879 -0.824361 -0.130236
    outer loop
      vertex 92.9936 0.814973 5.60758
      vertex 92.9424 0.903689 4.82946
      vertex 93.6447 1.25007 5.60758
    endloop
  endfacet
  facet normal 0.195989 -0.577229 -0.792713
    outer loop
      vertex 91.0239 2.17872 1.48896
      vertex 90.8628 2.78016 1.01118
      vertex 91.2756 2.92032 1.01118
    endloop
  endfacet
  facet normal 0.481383 -0.720468 -0.499196
    outer loop
      vertex 92.6906 1.33971 3.34627
      vertex 92.4944 1.67956 2.66658
      vertex 93.2759 1.73078 3.34627
    endloop
  endfacet
  facet normal 0.694815 -0.609324 0.382043
    outer loop
      vertex 94.5075 2.54127 117.929
      vertex 93.8051 2.19489 118.654
      vertex 94.0175 1.98252 117.929
    endloop
  endfacet
  facet normal 0.0604427 -0.922172 0.382028
    outer loop
      vertex 90.7024 0.664801 118.654
      vertex 90 0.618763 118.654
      vertex 90.7416 0.367025 117.929
    endloop
  endfacet
  facet normal 0.466716 -0.532263 0.706309
    outer loop
      vertex 93.1898 2.81021 119.956
      vertex 92.4083 2.86143 120.511
      vertex 92.7461 2.42115 119.956
    endloop
  endfacet
  facet normal 0.513423 -0.768421 0.382004
    outer loop
      vertex 93.2759 1.73078 118.654
      vertex 92.6906 1.33971 118.654
      vertex 93.4587 1.4925 117.929
    endloop
  endfacet
  facet normal 0.129972 0.0083771 0.991482
    outer loop
      vertex 91.1705 56 121.885
      vertex 90.3891 56.0512 121.987
      vertex 90.3924 56 121.987
    endloop
  endfacet
  facet normal 0.338742 -0.507029 0.792575
    outer loop
      vertex 92.0293 3.35542 120.989
      vertex 91.6667 3.11317 120.989
      vertex 92.4083 2.86143 120.511
    endloop
  endfacet
  facet normal -0.232444 0.11466 0.965827
    outer loop
      vertex 4.32975 56.9643 121.682
      vertex 4.21817 56.7381 121.682
      vertex 4.98628 56.5853 121.885
    endloop
  endfacet
  facet normal 0.923837 -0 0.382787
    outer loop
      vertex 95.3812 6 118.654
      vertex 95.6816 56 117.929
      vertex 95.3812 56 118.654
    endloop
  endfacet
  facet normal 0.923837 0 0.382787
    outer loop
      vertex 95.6816 56 117.929
      vertex 95.3812 6 118.654
      vertex 95.6816 6 117.929
    endloop
  endfacet
  facet normal 0.989371 -0.0647894 0.13018
    outer loop
      vertex 95.8847 6 117.171
      vertex 95.8344 5.23189 117.171
      vertex 95.9872 6 116.392
    endloop
  endfacet
  facet normal 0.989362 -0.0649464 -0.130171
    outer loop
      vertex 95.9359 5.21852 5.60758
      vertex 95.8344 5.23189 4.82946
      vertex 95.9872 6 5.60758
    endloop
  endfacet
  facet normal 0.536727 -0.803225 0.258365
    outer loop
      vertex 93.4587 1.4925 117.929
      vertex 92.8408 1.07961 117.929
      vertex 93.5824 1.33134 117.171
    endloop
  endfacet
  facet normal 0.50682 -0.338649 -0.792749
    outer loop
      vertex 93.1386 3.59169 1.48896
      vertex 92.8868 4.33329 1.01118
      vertex 93.4261 4.02196 1.48896
    endloop
  endfacet
  facet normal 0.427304 0.866405 -0.258368
    outer loop
      vertex 92.9424 61.0963 4.82946
      vertex 92.1742 61.2491 4.07136
      vertex 92.252 61.4368 4.82946
    endloop
  endfacet
  facet normal 0.0647902 0.989371 0.13018
    outer loop
      vertex 90 61.9872 116.392
      vertex 90 61.8847 117.171
      vertex 90.7681 61.8344 117.171
    endloop
  endfacet
  facet normal -0.195107 0.980782 0
    outer loop
      vertex 5.21852 61.9359 5.60758
      vertex 4.45041 61.7831 116.392
      vertex 5.21852 61.9359 116.392
    endloop
  endfacet
  facet normal -0.195107 0.980782 0
    outer loop
      vertex 4.45041 61.7831 116.392
      vertex 5.21852 61.9359 5.60758
      vertex 4.45041 61.7831 5.60758
    endloop
  endfacet
  facet normal 0.0251252 0.383273 0.923293
    outer loop
      vertex 90 58.6537 121.381
      vertex 90 57.9286 121.682
      vertex 90.2517 57.9121 121.682
    endloop
  endfacet
  facet normal -0.0833245 0.245443 0.965823
    outer loop
      vertex 5.50083 57.8629 121.682
      vertex 5.26194 57.7818 121.682
      vertex 5.69704 57.1307 121.885
    endloop
  endfacet
  facet normal -0.383235 0.776916 0.499532
    outer loop
      vertex 3.94069 60.9716 118.654
      vertex 3.50559 60.3204 119.333
      vertex 4.09086 60.6091 119.333
    endloop
  endfacet
  facet normal 0.383273 0.0251252 0.923293
    outer loop
      vertex 92.6537 56 121.381
      vertex 91.9121 56.2517 121.682
      vertex 91.9286 56 121.682
    endloop
  endfacet
  facet normal 0.338736 0.506985 0.792606
    outer loop
      vertex 91.978 59.4261 120.511
      vertex 91.6667 58.8868 120.989
      vertex 92.4083 59.1386 120.511
    endloop
  endfacet
  facet normal 0.383271 0.0251162 0.923295
    outer loop
      vertex 92.631 56.3464 121.381
      vertex 91.9121 56.2517 121.682
      vertex 92.6537 56 121.381
    endloop
  endfacet
  facet normal 0.778882 0.154925 0.607734
    outer loop
      vertex 94.8188 57.2912 119.333
      vertex 94.3573 57.1675 119.956
      vertex 94.9461 56.6512 119.333
    endloop
  endfacet
  facet normal -0.745422 0.653761 0.130162
    outer loop
      vertex 1.76644 60.2336 116.392
      vertex 1.33134 59.5824 117.171
      vertex 1.83888 60.1611 117.171
    endloop
  endfacet
  facet normal -0.659293 0.751886 0
    outer loop
      vertex 2.35525 60.7499 5.60758
      vertex 1.76644 60.2336 116.392
      vertex 2.35525 60.7499 116.392
    endloop
  endfacet
  facet normal -0.659293 0.751886 0
    outer loop
      vertex 1.76644 60.2336 116.392
      vertex 2.35525 60.7499 5.60758
      vertex 1.76644 60.2336 5.60758
    endloop
  endfacet
  facet normal -0.129969 -0.00852585 0.991481
    outer loop
      vertex 5.60758 6 121.987
      vertex 4.82946 6 121.885
      vertex 5.61094 5.94878 121.987
    endloop
  endfacet
  facet normal -0.768421 0.513423 0.382004
    outer loop
      vertex 1.4925 59.4587 117.929
      vertex 1.33971 58.6906 118.654
      vertex 1.73078 59.2759 118.654
    endloop
  endfacet
  facet normal -0.660302 0.441183 0.607749
    outer loop
      vertex 2.0421 59.037 119.333
      vertex 1.67956 58.4944 119.333
      vertex 2.42115 58.7461 119.956
    endloop
  endfacet
  facet normal -0.427276 0.866434 0.258317
    outer loop
      vertex 3.82575 61.2491 117.929
      vertex 3.05764 61.0963 117.171
      vertex 3.15921 60.9204 117.929
    endloop
  endfacet
  facet normal 0.550826 0.824435 0.129988
    outer loop
      vertex 93.6447 60.7499 116.392
      vertex 92.9424 61.0963 117.171
      vertex 93.5824 60.6687 117.171
    endloop
  endfacet
  facet normal 0.726367 0.636936 0.258272
    outer loop
      vertex 94.1611 60.1611 117.171
      vertex 94.0175 60.0175 117.929
      vertex 94.5075 59.4587 117.929
    endloop
  endfacet
  facet normal 0.57722 -0.195855 -0.792753
    outer loop
      vertex 93.8213 4.97609 1.48896
      vertex 93.0797 4.72435 1.01118
      vertex 93.2198 5.13725 1.01118
    endloop
  endfacet
  facet normal 0.16098 -0.474226 -0.865561
    outer loop
      vertex 91.2756 2.92032 1.01118
      vertex 90.6868 3.43669 0.618763
      vertex 91.0155 3.54827 0.618763
    endloop
  endfacet
  facet normal 0.923853 0 -0.382746
    outer loop
      vertex 95.6816 6 4.07136
      vertex 95.3812 56 3.34627
      vertex 95.6816 56 4.07136
    endloop
  endfacet
  facet normal 0.923853 0 -0.382746
    outer loop
      vertex 95.3812 56 3.34627
      vertex 95.6816 6 4.07136
      vertex 95.3812 6 3.34627
    endloop
  endfacet
  facet normal 0.820555 -0.278458 -0.49915
    outer loop
      vertex 94.9716 3.94069 3.34627
      vertex 94.6091 4.09086 2.66658
      vertex 94.8188 4.7088 2.66658
    endloop
  endfacet
  facet normal -0.310494 0.91479 0.258365
    outer loop
      vertex 4.47692 61.6842 117.171
      vertex 3.74802 61.4368 117.171
      vertex 3.82575 61.2491 117.929
    endloop
  endfacet
  facet normal -0.550851 0.824403 0.130089
    outer loop
      vertex 3.00642 61.185 116.392
      vertex 2.35525 60.7499 116.392
      vertex 3.05764 61.0963 117.171
    endloop
  endfacet
  facet normal -0.180262 0.906405 -0.382015
    outer loop
      vertex 5.29761 61.3352 3.34627
      vertex 4.60723 61.1979 3.34627
      vertex 5.2584 61.633 4.07136
    endloop
  endfacet
  facet normal 0.0463067 0.706357 -0.70634
    outer loop
      vertex 90.5164 59.9222 1.48896
      vertex 90 60.511 2.04392
      vertex 90.5888 60.4724 2.04392
    endloop
  endfacet
  facet normal -0.318659 0.938886 -0.13019
    outer loop
      vertex 4.47692 61.6842 4.82946
      vertex 3.70881 61.5314 5.60758
      vertex 4.45041 61.7831 5.60758
    endloop
  endfacet
  facet normal -0.571314 0.651477 -0.499178
    outer loop
      vertex 2.963 59.9579 2.66658
      vertex 2.19489 59.8051 3.34627
      vertex 2.72411 60.2692 3.34627
    endloop
  endfacet
  facet normal -0.351249 0.712074 -0.607927
    outer loop
      vertex 4.2737 60.1677 2.04392
      vertex 3.50559 60.3204 2.66658
      vertex 4.09086 60.6091 2.66658
    endloop
  endfacet
  facet normal -0.609335 0.694828 -0.382002
    outer loop
      vertex 2.19489 59.8051 3.34627
      vertex 1.98252 60.0175 4.07136
      vertex 2.54127 60.5075 4.07136
    endloop
  endfacet
  facet normal -0.55084 0.824387 -0.130233
    outer loop
      vertex 3.05764 61.0963 4.82946
      vertex 2.35525 60.7499 5.60758
      vertex 3.00642 61.185 5.60758
    endloop
  endfacet
  facet normal 0.659237 0.751936 -0
    outer loop
      vertex 94.2336 60.2336 5.60758
      vertex 93.6447 60.7499 116.392
      vertex 94.2336 60.2336 116.392
    endloop
  endfacet
  facet normal 0.659237 0.751936 0
    outer loop
      vertex 93.6447 60.7499 116.392
      vertex 94.2336 60.2336 5.60758
      vertex 93.6447 60.7499 5.60758
    endloop
  endfacet
  facet normal 0.25517 0.751881 -0.607917
    outer loop
      vertex 91.7263 60.1677 2.04392
      vertex 91.2912 60.8188 2.66658
      vertex 91.9091 60.6091 2.66658
    endloop
  endfacet
  facet normal -0.0519527 0.792272 -0.607952
    outer loop
      vertex 6 60.511 2.04392
      vertex 5.34883 60.9461 2.66658
      vertex 6 60.9888 2.66658
    endloop
  endfacet
  facet normal 0.318716 0.213029 -0.923601
    outer loop
      vertex 92.2982 57.3269 0.618763
      vertex 91.6702 56.9643 0.318419
      vertex 92.1053 57.6155 0.618763
    endloop
  endfacet
  facet normal 0.864424 -0.056684 0.499558
    outer loop
      vertex 94.9888 6 119.333
      vertex 94.9461 5.34883 119.333
      vertex 95.3812 6 118.654
    endloop
  endfacet
  facet normal 0.499319 0.032721 0.8658
    outer loop
      vertex 93.3049 56.4351 120.989
      vertex 92.631 56.3464 121.381
      vertex 92.6537 56 121.381
    endloop
  endfacet
  facet normal 0.768381 0.513456 0.382037
    outer loop
      vertex 94.9204 58.8408 117.929
      vertex 94.5075 59.4587 117.929
      vertex 94.6603 58.6906 118.654
    endloop
  endfacet
  facet normal 0.938904 0.318665 0.130041
    outer loop
      vertex 95.7831 57.5496 116.392
      vertex 95.5314 58.2912 116.392
      vertex 95.6842 57.5231 117.171
    endloop
  endfacet
  facet normal 0.938899 0.318677 0.130054
    outer loop
      vertex 95.5314 58.2912 116.392
      vertex 95.4368 58.252 117.171
      vertex 95.6842 57.5231 117.171
    endloop
  endfacet
  facet normal 0.997852 0.065502 0
    outer loop
      vertex 95.9872 56 116.392
      vertex 95.9359 56.7815 5.60758
      vertex 95.9359 56.7815 116.392
    endloop
  endfacet
  facet normal 0.997852 0.065502 0
    outer loop
      vertex 95.9359 56.7815 5.60758
      vertex 95.9872 56 116.392
      vertex 95.9872 56 5.60758
    endloop
  endfacet
  facet normal 0.980782 0.195109 0
    outer loop
      vertex 95.9359 56.7815 116.392
      vertex 95.7831 57.5496 5.60758
      vertex 95.7831 57.5496 116.392
    endloop
  endfacet
  facet normal 0.980782 0.195109 0
    outer loop
      vertex 95.7831 57.5496 5.60758
      vertex 95.9359 56.7815 116.392
      vertex 95.9359 56.7815 5.60758
    endloop
  endfacet
  facet normal 0.588582 0.393388 0.70627
    outer loop
      vertex 93.5788 58.7461 119.956
      vertex 93.1386 58.4083 120.511
      vertex 93.9067 58.2555 119.956
    endloop
  endfacet
  facet normal 0.245346 0.0834751 0.965835
    outer loop
      vertex 91.7818 56.7381 121.682
      vertex 91.0814 56.4479 121.885
      vertex 91.1307 56.303 121.885
    endloop
  endfacet
  facet normal 0.947492 0.188484 0.258327
    outer loop
      vertex 95.6842 57.5231 117.171
      vertex 95.488 57.4705 117.929
      vertex 95.633 56.7416 117.929
    endloop
  endfacet
  facet normal 0.875106 0.297091 0.382003
    outer loop
      vertex 95.2491 58.1742 117.929
      vertex 95.1979 57.3928 118.654
      vertex 95.488 57.4705 117.929
    endloop
  endfacet
  facet normal 0.53673 0.803211 0.258405
    outer loop
      vertex 93.5824 60.6687 117.171
      vertex 92.8408 60.9204 117.929
      vertex 93.4587 60.5075 117.929
    endloop
  endfacet
  facet normal 0.828855 0.408716 0.382034
    outer loop
      vertex 94.9204 58.8408 117.929
      vertex 94.6603 58.6906 118.654
      vertex 94.9716 58.0593 118.654
    endloop
  endfacet
  facet normal 0.0519608 0.792432 0.607743
    outer loop
      vertex 90 60.9888 119.333
      vertex 90 60.511 119.956
      vertex 90.6512 60.9461 119.333
    endloop
  endfacet
  facet normal 0.0398533 0.608426 0.792609
    outer loop
      vertex 90 59.9561 120.511
      vertex 90 59.3334 120.989
      vertex 90.4351 59.3049 120.989
    endloop
  endfacet
  facet normal -0.278291 0.416383 -0.865552
    outer loop
      vertex 4.38451 58.1053 0.618763
      vertex 4.33329 58.8868 1.01118
      vertex 4.67313 58.2982 0.618763
    endloop
  endfacet
  facet normal -0.532226 0.466707 -0.706343
    outer loop
      vertex 2.86143 58.4083 1.48896
      vertex 2.81021 59.1898 2.04392
      vertex 3.20263 58.7974 1.48896
    endloop
  endfacet
  facet normal 0.991435 0 -0.1306
    outer loop
      vertex 95.9872 6 5.60758
      vertex 95.8847 56 4.82946
      vertex 95.9872 56 5.60758
    endloop
  endfacet
  facet normal 0.991435 0 -0.1306
    outer loop
      vertex 95.8847 56 4.82946
      vertex 95.9872 6 5.60758
      vertex 95.8847 6 4.82946
    endloop
  endfacet
  facet normal 0.866036 0 -0.499982
    outer loop
      vertex 95.3812 6 3.34627
      vertex 94.9888 56 2.66658
      vertex 95.3812 56 3.34627
    endloop
  endfacet
  facet normal 0.866036 0 -0.499982
    outer loop
      vertex 94.9888 56 2.66658
      vertex 95.3812 6 3.34627
      vertex 94.9888 6 2.66658
    endloop
  endfacet
  facet normal 0.67022 -0.227596 -0.706403
    outer loop
      vertex 94.1677 4.2737 2.04392
      vertex 93.6549 4.48608 1.48896
      vertex 93.8213 4.97609 1.48896
    endloop
  endfacet
  facet normal -0.745491 0.653675 -0.130198
    outer loop
      vertex 1.33134 59.5824 4.82946
      vertex 1.25007 59.6447 5.60758
      vertex 1.76644 60.2336 5.60758
    endloop
  endfacet
  facet normal -0.889235 0.438518 -0.130239
    outer loop
      vertex 0.903689 58.9424 4.82946
      vertex 0.468591 58.2912 5.60758
      vertex 0.814973 58.9936 5.60758
    endloop
  endfacet
  facet normal -0.636968 0.726338 -0.258272
    outer loop
      vertex 1.98252 60.0175 4.07136
      vertex 1.83888 60.1611 4.82946
      vertex 2.54127 60.5075 4.07136
    endloop
  endfacet
  facet normal -0.745505 0.653688 0.130054
    outer loop
      vertex 1.76644 60.2336 116.392
      vertex 1.25007 59.6447 116.392
      vertex 1.33134 59.5824 117.171
    endloop
  endfacet
  facet normal -0.694844 0.609319 -0.381998
    outer loop
      vertex 2.19489 59.8051 3.34627
      vertex 1.4925 59.4587 4.07136
      vertex 1.98252 60.0175 4.07136
    endloop
  endfacet
  facet normal -0.803238 0.536727 -0.258327
    outer loop
      vertex 1.07961 58.8408 4.07136
      vertex 0.903689 58.9424 4.82946
      vertex 1.33134 59.5824 4.82946
    endloop
  endfacet
  facet normal -0.875117 0.297088 -0.381979
    outer loop
      vertex 0.802124 57.3928 3.34627
      vertex 0.750903 58.1742 4.07136
      vertex 1.02839 58.0593 3.34627
    endloop
  endfacet
  facet normal -0.938862 0.318704 -0.130251
    outer loop
      vertex 0.563235 58.252 4.82946
      vertex 0.315804 57.5231 4.82946
      vertex 0.468591 58.2912 5.60758
    endloop
  endfacet
  facet normal -0.694826 0.609364 -0.381959
    outer loop
      vertex 1.73078 59.2759 3.34627
      vertex 1.4925 59.4587 4.07136
      vertex 2.19489 59.8051 3.34627
    endloop
  endfacet
  facet normal -0.768435 0.513432 -0.381964
    outer loop
      vertex 1.73078 59.2759 3.34627
      vertex 1.33971 58.6906 3.34627
      vertex 1.4925 59.4587 4.07136
    endloop
  endfacet
  facet normal -0.906413 0.180299 -0.381978
    outer loop
      vertex 0.802124 57.3928 3.34627
      vertex 0.367025 56.7416 4.07136
      vertex 0.512014 57.4705 4.07136
    endloop
  endfacet
  facet normal -0.376011 0.0748046 -0.923591
    outer loop
      vertex 4.08786 56.2517 0.318419
      vertex 3.36897 56.3464 0.618763
      vertex 3.43669 56.6868 0.618763
    endloop
  endfacet
  facet normal -0.820492 0.278544 -0.499205
    outer loop
      vertex 1.18117 57.2912 2.66658
      vertex 0.802124 57.3928 3.34627
      vertex 1.02839 58.0593 3.34627
    endloop
  endfacet
  facet normal -0.792285 0.0519268 -0.607937
    outer loop
      vertex 1.48896 56 2.04392
      vertex 1.01118 56 2.66658
      vertex 1.05386 56.6512 2.66658
    endloop
  endfacet
  facet normal 0.38256 -0.025071 -0.923591
    outer loop
      vertex 92.631 5.65362 0.618763
      vertex 91.9121 5.74826 0.318419
      vertex 92.6537 6 0.618763
    endloop
  endfacet
  facet normal 0 -0.258818 -0.965926
    outer loop
      vertex 6 4.07136 0.318419
      vertex 90 4.82946 0.115288
      vertex 90 4.07136 0.318419
    endloop
  endfacet
  facet normal -0 -0.258818 -0.965926
    outer loop
      vertex 90 4.82946 0.115288
      vertex 6 4.07136 0.318419
      vertex 6 4.82946 0.115288
    endloop
  endfacet
  facet normal -0.608276 -0.0398748 -0.792724
    outer loop
      vertex 2.07777 5.48363 1.48896
      vertex 2.04392 6 1.48896
      vertex 2.6951 5.5649 1.01118
    endloop
  endfacet
  facet normal -0.694823 -0.609355 -0.381978
    outer loop
      vertex 1.98252 1.98252 4.07136
      vertex 1.4925 2.54127 4.07136
      vertex 2.19489 2.19489 3.34627
    endloop
  endfacet
  facet normal -0.499734 0.0327481 -0.86556
    outer loop
      vertex 3.34627 56 0.618763
      vertex 2.6951 56.4351 1.01118
      vertex 3.36897 56.3464 0.618763
    endloop
  endfacet
  facet normal -0.0976997 -0.491182 -0.865561
    outer loop
      vertex 5.5649 2.6951 1.01118
      vertex 5.31316 3.43669 0.618763
      vertex 5.65362 3.36897 0.618763
    endloop
  endfacet
  facet normal -0.0327303 -0.499332 0.865793
    outer loop
      vertex 6 3.34627 121.381
      vertex 5.5649 2.6951 120.989
      vertex 6 2.66658 120.989
    endloop
  endfacet
  facet normal -0.74543 -0.653734 -0.130257
    outer loop
      vertex 1.76644 1.76644 5.60758
      vertex 1.33134 2.41761 4.82946
      vertex 1.83888 1.83888 4.82946
    endloop
  endfacet
  facet normal -0.108292 0.0723675 0.991482
    outer loop
      vertex 5.07135 56.7126 121.885
      vertex 4.98628 56.5853 121.885
      vertex 5.68867 56.2389 121.987
    endloop
  endfacet
  facet normal -0.972432 0.19342 -0.130248
    outer loop
      vertex 0.315804 57.5231 4.82946
      vertex 0.165632 56.7681 4.82946
      vertex 0.216853 57.5496 5.60758
    endloop
  endfacet
  facet normal 0.828878 -0.408721 -0.381979
    outer loop
      vertex 94.9204 3.15921 4.07136
      vertex 94.6603 3.30938 3.34627
      vertex 94.9716 3.94069 3.34627
    endloop
  endfacet
  facet normal 0.118905 -0.59788 -0.792718
    outer loop
      vertex 91.0239 2.17872 1.48896
      vertex 90.4351 2.6951 1.01118
      vertex 90.8628 2.78016 1.01118
    endloop
  endfacet
  facet normal 0.0648473 -0.989377 0.130108
    outer loop
      vertex 90 0.115288 117.171
      vertex 90 0.012846 116.392
      vertex 90.7681 0.165632 117.171
    endloop
  endfacet
  facet normal 0.180285 -0.906395 0.382027
    outer loop
      vertex 91.3928 0.802124 118.654
      vertex 90.7024 0.664801 118.654
      vertex 90.7416 0.367025 117.929
    endloop
  endfacet
  facet normal 0.442285 -0.896874 0
    outer loop
      vertex 92.2912 0.468591 5.60758
      vertex 92.9936 0.814973 116.392
      vertex 92.2912 0.468591 116.392
    endloop
  endfacet
  facet normal 0.442285 -0.896874 0
    outer loop
      vertex 92.9936 0.814973 116.392
      vertex 92.2912 0.468591 5.60758
      vertex 92.9936 0.814973 5.60758
    endloop
  endfacet
  facet normal 0.438515 -0.889256 0.130106
    outer loop
      vertex 92.9424 0.903689 117.171
      vertex 92.252 0.563235 117.171
      vertex 92.2912 0.468591 116.392
    endloop
  endfacet
  facet normal 0.0654015 -0.997859 0
    outer loop
      vertex 90 0.012846 5.60758
      vertex 90.7815 0.0640669 116.392
      vertex 90 0.012846 116.392
    endloop
  endfacet
  facet normal 0.0654015 -0.997859 0
    outer loop
      vertex 90.7815 0.0640669 116.392
      vertex 90 0.012846 5.60758
      vertex 90.7815 0.0640669 5.60758
    endloop
  endfacet
  facet normal 0.550856 -0.824381 -0.130206
    outer loop
      vertex 93.6447 1.25007 5.60758
      vertex 92.9424 0.903689 4.82946
      vertex 93.5824 1.33134 4.82946
    endloop
  endfacet
  facet normal 0.609364 -0.694826 -0.381959
    outer loop
      vertex 93.4587 1.4925 4.07136
      vertex 93.2759 1.73078 3.34627
      vertex 93.8051 2.19489 3.34627
    endloop
  endfacet
  facet normal 0.278537 -0.820499 -0.499198
    outer loop
      vertex 92.0593 1.02839 3.34627
      vertex 91.2912 1.18117 2.66658
      vertex 91.9091 1.39093 2.66658
    endloop
  endfacet
  facet normal 0.255233 -0.751852 -0.607927
    outer loop
      vertex 91.9091 1.39093 2.66658
      vertex 91.2912 1.18117 2.66658
      vertex 91.7263 1.83234 2.04392
    endloop
  endfacet
  facet normal 0.513457 -0.768401 -0.381997
    outer loop
      vertex 92.8408 1.07961 4.07136
      vertex 92.6906 1.33971 3.34627
      vertex 93.4587 1.4925 4.07136
    endloop
  endfacet
  facet normal 0.31871 -0.93888 0.130106
    outer loop
      vertex 92.252 0.563235 117.171
      vertex 91.5231 0.315804 117.171
      vertex 92.2912 0.468591 116.392
    endloop
  endfacet
  facet normal 0.427258 -0.866428 0.258366
    outer loop
      vertex 92.9424 0.903689 117.171
      vertex 92.1742 0.750903 117.929
      vertex 92.252 0.563235 117.171
    endloop
  endfacet
  facet normal 0.513448 -0.768387 0.382038
    outer loop
      vertex 93.4587 1.4925 117.929
      vertex 92.6906 1.33971 118.654
      vertex 92.8408 1.07961 117.929
    endloop
  endfacet
  facet normal 0.408737 -0.828845 0.382034
    outer loop
      vertex 92.6906 1.33971 118.654
      vertex 92.0593 1.02839 118.654
      vertex 92.8408 1.07961 117.929
    endloop
  endfacet
  facet normal 0.40872 -0.828862 0.382014
    outer loop
      vertex 92.8408 1.07961 117.929
      vertex 92.0593 1.02839 118.654
      vertex 92.1742 0.750903 117.929
    endloop
  endfacet
  facet normal -0.536708 -0.803247 0.25834
    outer loop
      vertex 3.15921 1.07961 117.929
      vertex 2.41761 1.33134 117.171
      vertex 3.05764 0.903689 117.171
    endloop
  endfacet
  facet normal 0.588582 -0.393363 0.706284
    outer loop
      vertex 93.9067 3.74448 119.956
      vertex 93.1386 3.59169 120.511
      vertex 93.5788 3.25385 119.956
    endloop
  endfacet
  facet normal 0.383394 0 0.923585
    outer loop
      vertex 91.9286 56 121.682
      vertex 92.6537 6 121.381
      vertex 92.6537 56 121.381
    endloop
  endfacet
  facet normal 0.383394 0 0.923585
    outer loop
      vertex 92.6537 6 121.381
      vertex 91.9286 56 121.682
      vertex 91.9286 6 121.682
    endloop
  endfacet
  facet normal -0.0566569 -0.864416 0.499575
    outer loop
      vertex 6 1.01118 119.333
      vertex 5.34883 1.05386 119.333
      vertex 6 0.618763 118.654
    endloop
  endfacet
  facet normal 0.116817 -0.0575964 0.991482
    outer loop
      vertex 90.3625 5.84983 121.987
      vertex 90.3398 5.80379 121.987
      vertex 91.0137 5.41473 121.885
    endloop
  endfacet
  facet normal -0.989377 -0.0648472 0.130107
    outer loop
      vertex 0.165632 5.23189 117.171
      vertex 0.012846 6 116.392
      vertex 0.0640669 5.21852 116.392
    endloop
  endfacet
  facet normal 0.169008 -0.84962 0.499582
    outer loop
      vertex 91.2912 1.18117 119.333
      vertex 90.6512 1.05386 119.333
      vertex 91.3928 0.802124 118.654
    endloop
  endfacet
  facet normal -0.160868 0.473811 0.865808
    outer loop
      vertex 5.31316 58.5633 121.381
      vertex 4.72435 59.0797 120.989
      vertex 4.98446 58.4517 121.381
    endloop
  endfacet
  facet normal 0.828861 0.408711 0.382027
    outer loop
      vertex 95.2491 58.1742 117.929
      vertex 94.9204 58.8408 117.929
      vertex 94.9716 58.0593 118.654
    endloop
  endfacet
  facet normal 0.865816 -0 0.500363
    outer loop
      vertex 94.9888 6 119.333
      vertex 95.3812 56 118.654
      vertex 94.9888 56 119.333
    endloop
  endfacet
  facet normal 0.865816 0 0.500363
    outer loop
      vertex 95.3812 56 118.654
      vertex 94.9888 6 119.333
      vertex 95.3812 6 118.654
    endloop
  endfacet
  facet normal 0.864424 0.0566814 0.499558
    outer loop
      vertex 95.3812 56 118.654
      vertex 94.9461 56.6512 119.333
      vertex 94.9888 56 119.333
    endloop
  endfacet
  facet normal 0.964001 -0.063128 0.258296
    outer loop
      vertex 95.8847 6 117.171
      vertex 95.6816 6 117.929
      vertex 95.8344 5.23189 117.171
    endloop
  endfacet
  facet normal 0.91479 -0.310494 0.258365
    outer loop
      vertex 95.6842 4.47692 117.171
      vertex 95.2491 3.82575 117.929
      vertex 95.4368 3.74802 117.171
    endloop
  endfacet
  facet normal 0.831468 -0.555572 0
    outer loop
      vertex 94.7499 2.35525 116.392
      vertex 95.185 3.00642 5.60758
      vertex 95.185 3.00642 116.392
    endloop
  endfacet
  facet normal 0.831468 -0.555572 0
    outer loop
      vertex 95.185 3.00642 5.60758
      vertex 94.7499 2.35525 116.392
      vertex 94.7499 2.35525 5.60758
    endloop
  endfacet
  facet normal 0.310494 0.914791 -0.25836
    outer loop
      vertex 92.1742 61.2491 4.07136
      vertex 91.5231 61.6842 4.82946
      vertex 92.252 61.4368 4.82946
    endloop
  endfacet
  facet normal 0 1 -0
    outer loop
      vertex 90 61.9872 5.60758
      vertex 6 61.9872 116.392
      vertex 90 61.9872 116.392
    endloop
  endfacet
  facet normal 0 1 0
    outer loop
      vertex 6 61.9872 116.392
      vertex 90 61.9872 5.60758
      vertex 6 61.9872 5.60758
    endloop
  endfacet
  facet normal 0.513455 0.76841 -0.381982
    outer loop
      vertex 93.2759 60.2692 3.34627
      vertex 92.6906 60.6603 3.34627
      vertex 93.4587 60.5075 4.07136
    endloop
  endfacet
  facet normal 0.0649447 0.989362 -0.130173
    outer loop
      vertex 90.7681 61.8344 4.82946
      vertex 90 61.9872 5.60758
      vertex 90.7815 61.9359 5.60758
    endloop
  endfacet
  facet normal -0.597091 0.523561 0.607755
    outer loop
      vertex 2.81021 59.1898 119.956
      vertex 2.0421 59.037 119.333
      vertex 2.42115 58.7461 119.956
    endloop
  endfacet
  facet normal -0.571096 0.651199 0.499789
    outer loop
      vertex 2.963 59.9579 119.333
      vertex 2.4 59.6 119.156
      vertex 2.5549 59.6 119.333
    endloop
  endfacet
  facet normal -0.571129 0.651397 0.499494
    outer loop
      vertex 2.4 59.6 119.156
      vertex 2.963 59.9579 119.333
      vertex 2.19489 59.8051 118.654
    endloop
  endfacet
  facet normal 0.118986 0.598005 0.792612
    outer loop
      vertex 91.0239 59.8213 120.511
      vertex 90.4351 59.3049 120.989
      vertex 90.8628 59.2198 120.989
    endloop
  endfacet
  facet normal -0 0.70717 0.707043
    outer loop
      vertex 6 60.511 119.956
      vertex 90 59.9561 120.511
      vertex 90 60.511 119.956
    endloop
  endfacet
  facet normal 0 0.70717 0.707043
    outer loop
      vertex 90 59.9561 120.511
      vertex 6 60.511 119.956
      vertex 6 59.9561 120.511
    endloop
  endfacet
  facet normal 0.0463084 0.706382 0.706314
    outer loop
      vertex 90.5888 60.4724 119.956
      vertex 90 60.511 119.956
      vertex 90.5164 59.9222 120.511
    endloop
  endfacet
  facet normal 0.060432 0.922148 0.382087
    outer loop
      vertex 90 61.6816 117.929
      vertex 90 61.3812 118.654
      vertex 90.7416 61.633 117.929
    endloop
  endfacet
  facet normal -0.118897 0.59807 0.792576
    outer loop
      vertex 5.48363 59.9222 120.511
      vertex 4.97609 59.8213 120.511
      vertex 5.5649 59.3049 120.989
    endloop
  endfacet
  facet normal 0 0.793504 0.608565
    outer loop
      vertex 90 60.9888 119.333
      vertex 6 60.511 119.956
      vertex 90 60.511 119.956
    endloop
  endfacet
  facet normal 0 0.793504 0.608565
    outer loop
      vertex 6 60.511 119.956
      vertex 90 60.9888 119.333
      vertex 6 60.9888 119.333
    endloop
  endfacet
  facet normal 0.0976527 0.490788 0.865789
    outer loop
      vertex 90.8628 59.2198 120.989
      vertex 90.4351 59.3049 120.989
      vertex 90.6868 58.5633 121.381
    endloop
  endfacet
  facet normal 0.0083771 0.129972 0.991482
    outer loop
      vertex 90 57.1705 121.885
      vertex 90 56.3924 121.987
      vertex 90.0512 56.3891 121.987
    endloop
  endfacet
  facet normal 0.12998 -0.00850713 0.99148
    outer loop
      vertex 91.1705 6 121.885
      vertex 90.3891 5.94878 121.987
      vertex 91.1605 5.84721 121.885
    endloop
  endfacet
  facet normal 0.499594 0 0.86626
    outer loop
      vertex 92.6537 56 121.381
      vertex 93.3334 6 120.989
      vertex 93.3334 56 120.989
    endloop
  endfacet
  facet normal 0.499594 0 0.86626
    outer loop
      vertex 93.3334 6 120.989
      vertex 92.6537 56 121.381
      vertex 92.6537 6 121.381
    endloop
  endfacet
  facet normal 0.50706 0.338692 0.792577
    outer loop
      vertex 93.1386 58.4083 120.511
      vertex 92.6446 58.0293 120.989
      vertex 92.8868 57.6667 120.989
    endloop
  endfacet
  facet normal 0.0576552 -0.116783 0.991483
    outer loop
      vertex 90.1962 5.66016 121.987
      vertex 90.1502 5.63745 121.987
      vertex 90.5853 4.98628 121.885
    endloop
  endfacet
  facet normal 0.60891 0 0.793239
    outer loop
      vertex 93.3334 56 120.989
      vertex 93.9561 6 120.511
      vertex 93.9561 56 120.511
    endloop
  endfacet
  facet normal 0.60891 0 0.793239
    outer loop
      vertex 93.9561 6 120.511
      vertex 93.3334 56 120.989
      vertex 93.3334 6 120.989
    endloop
  endfacet
  facet normal -0.726291 0.636982 0.258369
    outer loop
      vertex 1.83888 60.1611 117.171
      vertex 1.33134 59.5824 117.171
      vertex 1.4925 59.4587 117.929
    endloop
  endfacet
  facet normal -0.636962 0.726332 0.258304
    outer loop
      vertex 2.54127 60.5075 117.929
      vertex 1.83888 60.1611 117.171
      vertex 1.98252 60.0175 117.929
    endloop
  endfacet
  facet normal -0.824377 0.550889 0.130091
    outer loop
      vertex 1.25007 59.6447 116.392
      vertex 0.814973 58.9936 116.392
      vertex 0.903689 58.9424 117.171
    endloop
  endfacet
  facet normal -0.889252 0.438527 0.130094
    outer loop
      vertex 0.814973 58.9936 116.392
      vertex 0.468591 58.2912 116.392
      vertex 0.903689 58.9424 117.171
    endloop
  endfacet
  facet normal -0.651396 0.571128 0.499495
    outer loop
      vertex 2.0421 59.037 119.333
      vertex 2.4 59.6 119.156
      vertex 2.19489 59.8051 118.654
    endloop
  endfacet
  facet normal -0.651199 0.571096 0.499789
    outer loop
      vertex 2.4 59.6 119.156
      vertex 2.0421 59.037 119.333
      vertex 2.4 59.4451 119.333
    endloop
  endfacet
  facet normal -0.726346 0.636944 0.258308
    outer loop
      vertex 1.83888 60.1611 117.171
      vertex 1.4925 59.4587 117.929
      vertex 1.98252 60.0175 117.929
    endloop
  endfacet
  facet normal -0.776935 0.383138 0.499577
    outer loop
      vertex 1.33971 58.6906 118.654
      vertex 1.02839 58.0593 118.654
      vertex 1.67956 58.4944 119.333
    endloop
  endfacet
  facet normal -0.963997 0.0631823 -0.258299
    outer loop
      vertex 0.318419 56 4.07136
      vertex 0.165632 56.7681 4.82946
      vertex 0.367025 56.7416 4.07136
    endloop
  endfacet
  facet normal -0.694813 0.609353 0.382
    outer loop
      vertex 2.19489 59.8051 118.654
      vertex 1.4925 59.4587 117.929
      vertex 1.73078 59.2759 118.654
    endloop
  endfacet
  facet normal 0.382561 0.0250785 -0.92359
    outer loop
      vertex 91.9286 56 0.318419
      vertex 91.9121 56.2517 0.318419
      vertex 92.6537 56 0.618763
    endloop
  endfacet
  facet normal 0.706384 0.0463719 -0.706308
    outer loop
      vertex 93.9561 56 1.48896
      vertex 93.9222 56.5164 1.48896
      vertex 94.511 56 2.04392
    endloop
  endfacet
  facet normal 0.269587 -0.546722 -0.792728
    outer loop
      vertex 91.5139 2.34506 1.48896
      vertex 91.2756 2.92032 1.01118
      vertex 91.6667 3.11317 1.01118
    endloop
  endfacet
  facet normal 0.849809 0.169032 -0.499252
    outer loop
      vertex 94.9461 56.6512 2.66658
      vertex 94.8188 57.2912 2.66658
      vertex 95.1979 57.3928 3.34627
    endloop
  endfacet
  facet normal 0.212973 -0.318791 -0.923588
    outer loop
      vertex 91.6155 3.89465 0.618763
      vertex 90.9643 4.32975 0.318419
      vertex 91.1741 4.46991 0.318419
    endloop
  endfacet
  facet normal 0.0327481 -0.499734 -0.86556
    outer loop
      vertex 90.4351 2.6951 1.01118
      vertex 90 3.34627 0.618763
      vertex 90.3464 3.36897 0.618763
    endloop
  endfacet
  facet normal 0.963995 -0.0631744 -0.258308
    outer loop
      vertex 95.8344 5.23189 4.82946
      vertex 95.633 5.2584 4.07136
      vertex 95.6816 6 4.07136
    endloop
  endfacet
  facet normal 0.745487 -0.653683 -0.130182
    outer loop
      vertex 94.7499 2.35525 5.60758
      vertex 94.2336 1.76644 5.60758
      vertex 94.6687 2.41761 4.82946
    endloop
  endfacet
  facet normal 0.972433 0.193456 -0.130186
    outer loop
      vertex 95.8344 56.7681 4.82946
      vertex 95.6842 57.5231 4.82946
      vertex 95.7831 57.5496 5.60758
    endloop
  endfacet
  facet normal 0.79228 -0.0519387 -0.607943
    outer loop
      vertex 94.9461 5.34883 2.66658
      vertex 94.4724 5.41119 2.04392
      vertex 94.511 6 2.04392
    endloop
  endfacet
  facet normal -0.438576 0.889233 0.130062
    outer loop
      vertex 3.70881 61.5314 116.392
      vertex 3.05764 61.0963 117.171
      vertex 3.74802 61.4368 117.171
    endloop
  endfacet
  facet normal -0.427315 0.866401 0.258362
    outer loop
      vertex 3.74802 61.4368 117.171
      vertex 3.05764 61.0963 117.171
      vertex 3.82575 61.2491 117.929
    endloop
  endfacet
  facet normal -0.555572 0.831468 0
    outer loop
      vertex 3.00642 61.185 5.60758
      vertex 2.35525 60.7499 116.392
      vertex 3.00642 61.185 116.392
    endloop
  endfacet
  facet normal -0.555572 0.831468 0
    outer loop
      vertex 2.35525 60.7499 116.392
      vertex 3.00642 61.185 5.60758
      vertex 2.35525 60.7499 5.60758
    endloop
  endfacet
  facet normal -0.193447 0.972437 -0.130171
    outer loop
      vertex 5.23189 61.8344 4.82946
      vertex 4.45041 61.7831 5.60758
      vertex 5.21852 61.9359 5.60758
    endloop
  endfacet
  facet normal -0.063128 0.964001 0.258296
    outer loop
      vertex 6 61.8847 117.171
      vertex 5.23189 61.8344 117.171
      vertex 6 61.6816 117.929
    endloop
  endfacet
  facet normal -0.0647894 0.989371 0.13018
    outer loop
      vertex 6 61.9872 116.392
      vertex 5.23189 61.8344 117.171
      vertex 6 61.8847 117.171
    endloop
  endfacet
  facet normal -0.05661 0.864398 0.499612
    outer loop
      vertex 6 61.3812 118.654
      vertex 5.29761 61.3352 118.654
      vertex 5.34883 60.9461 119.333
    endloop
  endfacet
  facet normal -0.0631286 0.964009 -0.258265
    outer loop
      vertex 6 61.6816 4.07136
      vertex 5.23189 61.8344 4.82946
      vertex 6 61.8847 4.82946
    endloop
  endfacet
  facet normal -0.193467 0.97245 0.130044
    outer loop
      vertex 5.23189 61.8344 117.171
      vertex 4.45041 61.7831 116.392
      vertex 4.47692 61.6842 117.171
    endloop
  endfacet
  facet normal 0.193449 0.972436 -0.130178
    outer loop
      vertex 91.5496 61.7831 5.60758
      vertex 90.7681 61.8344 4.82946
      vertex 90.7815 61.9359 5.60758
    endloop
  endfacet
  facet normal -0.310543 0.914794 -0.258292
    outer loop
      vertex 4.5295 61.488 4.07136
      vertex 3.82575 61.2491 4.07136
      vertex 4.47692 61.6842 4.82946
    endloop
  endfacet
  facet normal 0.180257 0.906407 -0.382013
    outer loop
      vertex 91.3928 61.1979 3.34627
      vertex 90.7024 61.3352 3.34627
      vertex 90.7416 61.633 4.07136
    endloop
  endfacet
  facet normal -0.232603 0.114643 -0.965791
    outer loop
      vertex 4.91856 56.4479 0.115288
      vertex 4.21817 56.7381 0.318419
      vertex 4.98628 56.5853 0.115288
    endloop
  endfacet
  facet normal -0.523671 0.596911 -0.607837
    outer loop
      vertex 2.81021 59.1898 2.04392
      vertex 2.86447 59.6 2.4
      vertex 2.963 59.9579 2.66658
    endloop
  endfacet
  facet normal -0.52349 0.596971 -0.607934
    outer loop
      vertex 2.86447 59.6 2.4
      vertex 2.81021 59.1898 2.04392
      vertex 2.61701 59.383 2.4
    endloop
  endfacet
  facet normal -0.523515 0.596944 -0.607939
    outer loop
      vertex 2.963 59.9579 2.66658
      vertex 2.86447 59.6 2.4
      vertex 2.5549 59.6 2.66658
    endloop
  endfacet
  facet normal -0.48136 0.720499 -0.499174
    outer loop
      vertex 2.963 59.9579 2.66658
      vertex 2.72411 60.2692 3.34627
      vertex 3.50559 60.3204 2.66658
    endloop
  endfacet
  facet normal -0.609331 0.694829 -0.382005
    outer loop
      vertex 2.72411 60.2692 3.34627
      vertex 2.19489 59.8051 3.34627
      vertex 2.54127 60.5075 4.07136
    endloop
  endfacet
  facet normal 0.720432 0.481396 -0.499235
    outer loop
      vertex 94.3204 58.4944 2.66658
      vertex 94.2692 59.2759 3.34627
      vertex 94.6603 58.6906 3.34627
    endloop
  endfacet
  facet normal 0.555613 0.831441 -0
    outer loop
      vertex 93.6447 60.7499 5.60758
      vertex 92.9936 61.185 116.392
      vertex 93.6447 60.7499 116.392
    endloop
  endfacet
  facet normal 0.555613 0.831441 0
    outer loop
      vertex 92.9936 61.185 116.392
      vertex 93.6447 60.7499 5.60758
      vertex 92.9936 61.185 5.60758
    endloop
  endfacet
  facet normal 0.803265 0.536681 0.258339
    outer loop
      vertex 95.0963 58.9424 117.171
      vertex 94.6687 59.5824 117.171
      vertex 94.9204 58.8408 117.929
    endloop
  endfacet
  facet normal 0.169032 0.849809 -0.499252
    outer loop
      vertex 91.2912 60.8188 2.66658
      vertex 90.6512 60.9461 2.66658
      vertex 91.3928 61.1979 3.34627
    endloop
  endfacet
  facet normal 0.438557 0.889222 -0.130201
    outer loop
      vertex 92.9424 61.0963 4.82946
      vertex 92.252 61.4368 4.82946
      vertex 92.2912 61.5314 5.60758
    endloop
  endfacet
  facet normal -0.154876 0.778729 -0.607943
    outer loop
      vertex 5.41119 60.4724 2.04392
      vertex 4.83246 60.3573 2.04392
      vertex 5.34883 60.9461 2.66658
    endloop
  endfacet
  facet normal -0.130527 0 -0.991445
    outer loop
      vertex 4.82946 6 0.115288
      vertex 5.60758 56 0.012846
      vertex 5.60758 6 0.012846
    endloop
  endfacet
  facet normal -0.130527 0 -0.991445
    outer loop
      vertex 5.60758 56 0.012846
      vertex 4.82946 6 0.115288
      vertex 4.82946 56 0.115288
    endloop
  endfacet
  facet normal 0.0566236 0.864617 -0.49923
    outer loop
      vertex 90.6512 60.9461 2.66658
      vertex 90 61.3812 3.34627
      vertex 90.7024 61.3352 3.34627
    endloop
  endfacet
  facet normal 0.297126 0.875098 -0.381993
    outer loop
      vertex 92.0593 60.9716 3.34627
      vertex 91.3928 61.1979 3.34627
      vertex 92.1742 61.2491 4.07136
    endloop
  endfacet
  facet normal 0.849613 0.168963 0.49961
    outer loop
      vertex 95.1979 57.3928 118.654
      vertex 94.9461 56.6512 119.333
      vertex 95.3352 56.7024 118.654
    endloop
  endfacet
  facet normal 0.793504 -0 0.608565
    outer loop
      vertex 94.511 6 119.956
      vertex 94.9888 56 119.333
      vertex 94.511 56 119.956
    endloop
  endfacet
  facet normal 0.793504 0 0.608565
    outer loop
      vertex 94.9888 56 119.333
      vertex 94.511 6 119.956
      vertex 94.9888 6 119.333
    endloop
  endfacet
  facet normal 0.706382 0.0463084 0.706314
    outer loop
      vertex 94.4724 56.5888 119.956
      vertex 93.9222 56.5164 120.511
      vertex 94.511 56 119.956
    endloop
  endfacet
  facet normal 0.490779 0.0976078 0.8658
    outer loop
      vertex 93.3049 56.4351 120.989
      vertex 92.5633 56.6868 121.381
      vertex 92.631 56.3464 121.381
    endloop
  endfacet
  facet normal 0.938886 0.318659 -0.130186
    outer loop
      vertex 95.6842 57.5231 4.82946
      vertex 95.5314 58.2912 5.60758
      vertex 95.7831 57.5496 5.60758
    endloop
  endfacet
  facet normal 0.532326 0.4667 0.706272
    outer loop
      vertex 93.1898 59.1898 119.956
      vertex 93.1386 58.4083 120.511
      vertex 93.5788 58.7461 119.956
    endloop
  endfacet
  facet normal 0.278402 0.820336 0.49954
    outer loop
      vertex 92.0593 60.9716 118.654
      vertex 91.2912 60.8188 119.333
      vertex 91.9091 60.6091 119.333
    endloop
  endfacet
  facet normal 0.571179 0.651299 0.499564
    outer loop
      vertex 93.2759 60.2692 118.654
      vertex 93.037 59.9579 119.333
      vertex 93.8051 59.8051 118.654
    endloop
  endfacet
  facet normal 0.824377 0.550893 0.130074
    outer loop
      vertex 95.185 58.9936 116.392
      vertex 94.7499 59.6447 116.392
      vertex 95.0963 58.9424 117.171
    endloop
  endfacet
  facet normal 0.864398 0.0566092 0.499611
    outer loop
      vertex 95.3352 56.7024 118.654
      vertex 94.9461 56.6512 119.333
      vertex 95.3812 56 118.654
    endloop
  endfacet
  facet normal 0.906398 0.18031 0.382009
    outer loop
      vertex 95.488 57.4705 117.929
      vertex 95.1979 57.3928 118.654
      vertex 95.633 56.7416 117.929
    endloop
  endfacet
  facet normal 0.442304 0.896865 -0
    outer loop
      vertex 92.9936 61.185 5.60758
      vertex 92.2912 61.5314 116.392
      vertex 92.9936 61.185 116.392
    endloop
  endfacet
  facet normal 0.442304 0.896865 0
    outer loop
      vertex 92.2912 61.5314 116.392
      vertex 92.9936 61.185 5.60758
      vertex 92.2912 61.5314 5.60758
    endloop
  endfacet
  facet normal 0.255221 0.752033 0.607708
    outer loop
      vertex 91.9091 60.6091 119.333
      vertex 91.2912 60.8188 119.333
      vertex 91.7263 60.1677 119.956
    endloop
  endfacet
  facet normal 0.536681 0.803265 0.258339
    outer loop
      vertex 92.9424 61.0963 117.171
      vertex 92.8408 60.9204 117.929
      vertex 93.5824 60.6687 117.171
    endloop
  endfacet
  facet normal -0.588578 0.393238 -0.706357
    outer loop
      vertex 2.57394 57.978 1.48896
      vertex 2.09333 58.2555 2.04392
      vertex 2.86143 58.4083 1.48896
    endloop
  endfacet
  facet normal -0.588572 0.393285 -0.706336
    outer loop
      vertex 2.86143 58.4083 1.48896
      vertex 2.09333 58.2555 2.04392
      vertex 2.42115 58.7461 2.04392
    endloop
  endfacet
  facet normal -0.351206 0.712128 -0.607887
    outer loop
      vertex 3.74448 59.9067 2.04392
      vertex 3.50559 60.3204 2.66658
      vertex 4.2737 60.1677 2.04392
    endloop
  endfacet
  facet normal -0.288265 0.252768 -0.923586
    outer loop
      vertex 4.46991 57.1741 0.318419
      vertex 4.12353 57.8765 0.618763
      vertex 4.63625 57.3638 0.318419
    endloop
  endfacet
  facet normal -0.0169614 0.25878 -0.965787
    outer loop
      vertex 6 57.1705 0.115288
      vertex 5.74826 57.9121 0.318419
      vertex 6 57.9286 0.318419
    endloop
  endfacet
  facet normal 0.694312 0.138042 -0.706311
    outer loop
      vertex 93.9222 56.5164 1.48896
      vertex 93.8213 57.0239 1.48896
      vertex 94.3573 57.1675 2.04392
    endloop
  endfacet
  facet normal 0.76841 0.513455 -0.381982
    outer loop
      vertex 94.6603 58.6906 3.34627
      vertex 94.2692 59.2759 3.34627
      vertex 94.5075 59.4587 4.07136
    endloop
  endfacet
  facet normal -0.0862593 0.0983185 -0.99141
    outer loop
      vertex 5.76111 56.3113 0.012846
      vertex 5.1723 56.8277 0.115288
      vertex 5.28742 56.9287 0.115288
    endloop
  endfacet
  facet normal 0.896865 0.442304 0
    outer loop
      vertex 95.5314 58.2912 116.392
      vertex 95.185 58.9936 5.60758
      vertex 95.185 58.9936 116.392
    endloop
  endfacet
  facet normal 0.896865 0.442304 0
    outer loop
      vertex 95.185 58.9936 5.60758
      vertex 95.5314 58.2912 116.392
      vertex 95.5314 58.2912 5.60758
    endloop
  endfacet
  facet normal 0.864617 -0.0566243 -0.499231
    outer loop
      vertex 95.3352 5.29761 3.34627
      vertex 94.9461 5.34883 2.66658
      vertex 95.3812 6 3.34627
    endloop
  endfacet
  facet normal 0.58857 -0.393274 -0.706343
    outer loop
      vertex 93.9067 3.74448 2.04392
      vertex 93.1386 3.59169 1.48896
      vertex 93.4261 4.02196 1.48896
    endloop
  endfacet
  facet normal 0.777113 -0.383332 -0.499152
    outer loop
      vertex 94.9716 3.94069 3.34627
      vertex 94.3204 3.50559 2.66658
      vertex 94.6091 4.09086 2.66658
    endloop
  endfacet
  facet normal 0.720419 -0.481412 -0.499239
    outer loop
      vertex 94.6603 3.30938 3.34627
      vertex 94.2692 2.72411 3.34627
      vertex 94.3204 3.50559 2.66658
    endloop
  endfacet
  facet normal -0.550795 0.824427 -0.130174
    outer loop
      vertex 2.41761 60.6687 4.82946
      vertex 2.35525 60.7499 5.60758
      vertex 3.05764 61.0963 4.82946
    endloop
  endfacet
  facet normal -0.536671 0.803288 -0.258288
    outer loop
      vertex 3.15921 60.9204 4.07136
      vertex 2.41761 60.6687 4.82946
      vertex 3.05764 61.0963 4.82946
    endloop
  endfacet
  facet normal -0.914789 0.310532 -0.258325
    outer loop
      vertex 0.750903 58.1742 4.07136
      vertex 0.315804 57.5231 4.82946
      vertex 0.563235 58.252 4.82946
    endloop
  endfacet
  facet normal -0.866436 0.427262 -0.258334
    outer loop
      vertex 0.750903 58.1742 4.07136
      vertex 0.563235 58.252 4.82946
      vertex 0.903689 58.9424 4.82946
    endloop
  endfacet
  facet normal -0.59788 0.118905 -0.792718
    outer loop
      vertex 2.6951 56.4351 1.01118
      vertex 2.17872 57.0239 1.48896
      vertex 2.78016 56.8628 1.01118
    endloop
  endfacet
  facet normal -0.849835 0.169051 -0.499201
    outer loop
      vertex 1.05386 56.6512 2.66658
      vertex 0.802124 57.3928 3.34627
      vertex 1.18117 57.2912 2.66658
    endloop
  endfacet
  facet normal -0.706345 0.0462939 -0.706352
    outer loop
      vertex 2.07777 56.5164 1.48896
      vertex 1.48896 56 2.04392
      vertex 1.52755 56.5888 2.04392
    endloop
  endfacet
  facet normal -0.577224 0.19595 -0.792727
    outer loop
      vertex 2.92032 57.2756 1.01118
      vertex 2.17872 57.0239 1.48896
      vertex 2.34506 57.5139 1.48896
    endloop
  endfacet
  facet normal -0.864636 0.0566716 -0.499192
    outer loop
      vertex 1.05386 56.6512 2.66658
      vertex 0.618763 56 3.34627
      vertex 0.664801 56.7024 3.34627
    endloop
  endfacet
  facet normal -0.778723 0.154905 -0.607944
    outer loop
      vertex 1.64267 57.1675 2.04392
      vertex 1.05386 56.6512 2.66658
      vertex 1.18117 57.2912 2.66658
    endloop
  endfacet
  facet normal -0.92219 0.0604422 -0.381986
    outer loop
      vertex 0.618763 56 3.34627
      vertex 0.318419 56 4.07136
      vertex 0.367025 56.7416 4.07136
    endloop
  endfacet
  facet normal -0.963996 -0.0631829 -0.2583
    outer loop
      vertex 0.165632 5.23189 4.82946
      vertex 0.115288 6 4.82946
      vertex 0.318419 6 4.07136
    endloop
  endfacet
  facet normal -0.188472 -0.947501 -0.258302
    outer loop
      vertex 5.2584 0.367025 4.07136
      vertex 4.47692 0.315804 4.82946
      vertex 4.5295 0.512014 4.07136
    endloop
  endfacet
  facet normal -0.550835 -0.824389 -0.130247
    outer loop
      vertex 3.05764 0.903689 4.82946
      vertex 2.35525 1.25007 5.60758
      vertex 2.41761 1.33134 4.82946
    endloop
  endfacet
  facet normal 0.0257055 0.128273 -0.991406
    outer loop
      vertex 90.1016 56.379 0.012846
      vertex 90.0512 56.3891 0.012846
      vertex 90.1528 57.1605 0.115288
    endloop
  endfacet
  facet normal -0.820302 -0.278452 0.499569
    outer loop
      vertex 1.18117 4.7088 119.333
      vertex 1.02839 3.94069 118.654
      vertex 1.39093 4.09086 119.333
    endloop
  endfacet
  facet normal -0.416402 -0.278231 -0.865561
    outer loop
      vertex 3.89465 4.38451 0.618763
      vertex 3.11317 4.33329 1.01118
      vertex 3.7018 4.67313 0.618763
    endloop
  endfacet
  facet normal -0.706348 -0.0463038 -0.706348
    outer loop
      vertex 2.07777 5.48363 1.48896
      vertex 1.48896 6 2.04392
      vertex 2.04392 6 1.48896
    endloop
  endfacet
  facet normal -0.608758 0 -0.793356
    outer loop
      vertex 2.04392 6 1.48896
      vertex 2.66658 56 1.01118
      vertex 2.66658 6 1.01118
    endloop
  endfacet
  facet normal -0.608758 0 -0.793356
    outer loop
      vertex 2.66658 56 1.01118
      vertex 2.04392 6 1.48896
      vertex 2.04392 56 1.48896
    endloop
  endfacet
  facet normal -0.458339 0.401916 -0.79271
    outer loop
      vertex 3.35542 58.0293 1.01118
      vertex 2.86143 58.4083 1.48896
      vertex 3.20263 58.7974 1.48896
    endloop
  endfacet
  facet normal -0.169538 0.343859 -0.92359
    outer loop
      vertex 5.26194 57.7818 0.318419
      vertex 4.67313 58.2982 0.618763
      vertex 4.98446 58.4517 0.618763
    endloop
  endfacet
  facet normal -0.474226 0.16098 -0.865561
    outer loop
      vertex 3.43669 56.6868 0.618763
      vertex 2.92032 57.2756 1.01118
      vertex 3.54827 57.0155 0.618763
    endloop
  endfacet
  facet normal -0.491174 0.0976836 -0.865567
    outer loop
      vertex 3.43669 56.6868 0.618763
      vertex 2.6951 56.4351 1.01118
      vertex 2.78016 56.8628 1.01118
    endloop
  endfacet
  facet normal -0.906395 0.180285 0.382027
    outer loop
      vertex 0.802124 57.3928 118.654
      vertex 0.367025 56.7416 117.929
      vertex 0.664801 56.7024 118.654
    endloop
  endfacet
  facet normal -0.0604436 -0.922172 0.382028
    outer loop
      vertex 5.29761 0.664801 118.654
      vertex 5.2584 0.367025 117.929
      vertex 6 0.618763 118.654
    endloop
  endfacet
  facet normal 0 -0.707132 0.707081
    outer loop
      vertex 6 2.04392 120.511
      vertex 90 1.48896 119.956
      vertex 90 2.04392 120.511
    endloop
  endfacet
  facet normal 0 -0.707132 0.707081
    outer loop
      vertex 90 1.48896 119.956
      vertex 6 2.04392 120.511
      vertex 6 1.48896 119.956
    endloop
  endfacet
  facet normal -0.991464 0 0.130382
    outer loop
      vertex 0.012846 6 116.392
      vertex 0.115288 56 117.171
      vertex 0.012846 56 116.392
    endloop
  endfacet
  facet normal -0.991464 0 0.130382
    outer loop
      vertex 0.115288 56 117.171
      vertex 0.012846 6 116.392
      vertex 0.115288 6 117.171
    endloop
  endfacet
  facet normal -0.947505 0.188462 -0.258297
    outer loop
      vertex 0.367025 56.7416 4.07136
      vertex 0.165632 56.7681 4.82946
      vertex 0.315804 57.5231 4.82946
    endloop
  endfacet
  facet normal 0.31053 -0.91478 0.258356
    outer loop
      vertex 92.1742 0.750903 117.929
      vertex 91.5231 0.315804 117.171
      vertex 92.252 0.563235 117.171
    endloop
  endfacet
  facet normal 0.18846 -0.947496 0.258329
    outer loop
      vertex 91.5231 0.315804 117.171
      vertex 90.7416 0.367025 117.929
      vertex 90.7681 0.165632 117.171
    endloop
  endfacet
  facet normal 0.193424 -0.972451 0.130104
    outer loop
      vertex 91.5231 0.315804 117.171
      vertex 90.7681 0.165632 117.171
      vertex 91.5496 0.216853 116.392
    endloop
  endfacet
  facet normal 0.0604411 -0.922173 0.382026
    outer loop
      vertex 90 0.618763 118.654
      vertex 90 0.318419 117.929
      vertex 90.7416 0.367025 117.929
    endloop
  endfacet
  facet normal 0.180288 -0.906412 -0.381987
    outer loop
      vertex 90.7416 0.367025 4.07136
      vertex 90.7024 0.664801 3.34627
      vertex 91.3928 0.802124 3.34627
    endloop
  endfacet
  facet normal 0.180299 -0.906413 -0.381978
    outer loop
      vertex 91.4705 0.512014 4.07136
      vertex 90.7416 0.367025 4.07136
      vertex 91.3928 0.802124 3.34627
    endloop
  endfacet
  facet normal 0.188462 -0.947505 -0.258297
    outer loop
      vertex 90.7681 0.165632 4.82946
      vertex 90.7416 0.367025 4.07136
      vertex 91.5231 0.315804 4.82946
    endloop
  endfacet
  facet normal 0.653675 -0.745491 -0.130198
    outer loop
      vertex 93.6447 1.25007 5.60758
      vertex 93.5824 1.33134 4.82946
      vertex 94.2336 1.76644 5.60758
    endloop
  endfacet
  facet normal 0.659287 -0.751891 0
    outer loop
      vertex 93.6447 1.25007 5.60758
      vertex 94.2336 1.76644 116.392
      vertex 93.6447 1.25007 116.392
    endloop
  endfacet
  facet normal 0.659287 -0.751891 0
    outer loop
      vertex 94.2336 1.76644 116.392
      vertex 93.6447 1.25007 5.60758
      vertex 94.2336 1.76644 5.60758
    endloop
  endfacet
  facet normal 0.161008 -0.4742 -0.865569
    outer loop
      vertex 90.8628 2.78016 1.01118
      vertex 90.6868 3.43669 0.618763
      vertex 91.2756 2.92032 1.01118
    endloop
  endfacet
  facet normal 0.313089 -0.63485 -0.706358
    outer loop
      vertex 91.7263 1.83234 2.04392
      vertex 91.5139 2.34506 1.48896
      vertex 91.978 2.57394 1.48896
    endloop
  endfacet
  facet normal 0.555611 -0.831443 0
    outer loop
      vertex 92.9936 0.814973 5.60758
      vertex 93.6447 1.25007 116.392
      vertex 92.9936 0.814973 116.392
    endloop
  endfacet
  facet normal 0.555611 -0.831443 0
    outer loop
      vertex 93.6447 1.25007 116.392
      vertex 92.9936 0.814973 5.60758
      vertex 93.6447 1.25007 5.60758
    endloop
  endfacet
  facet normal 0.427248 -0.866436 0.258355
    outer loop
      vertex 92.8408 1.07961 117.929
      vertex 92.1742 0.750903 117.929
      vertex 92.9424 0.903689 117.171
    endloop
  endfacet
  facet normal 0.653761 -0.745422 0.130162
    outer loop
      vertex 94.1611 1.83888 117.171
      vertex 93.5824 1.33134 117.171
      vertex 94.2336 1.76644 116.392
    endloop
  endfacet
  facet normal 0 -0.258662 0.965968
    outer loop
      vertex 6 4.82946 121.885
      vertex 90 4.07136 121.682
      vertex 90 4.82946 121.885
    endloop
  endfacet
  facet normal 0 -0.258662 0.965968
    outer loop
      vertex 90 4.07136 121.682
      vertex 6 4.82946 121.885
      vertex 6 4.07136 121.682
    endloop
  endfacet
  facet normal 0.0519369 -0.792445 0.607728
    outer loop
      vertex 90.5888 1.52755 119.956
      vertex 90 1.48896 119.956
      vertex 90.6512 1.05386 119.333
    endloop
  endfacet
  facet normal 0.277981 -0.416082 0.865796
    outer loop
      vertex 92.0293 3.35542 120.989
      vertex 91.6155 3.89465 121.381
      vertex 91.6667 3.11317 120.989
    endloop
  endfacet
  facet normal 0.768375 -0.513458 0.382048
    outer loop
      vertex 94.6603 3.30938 118.654
      vertex 94.2692 2.72411 118.654
      vertex 94.5075 2.54127 117.929
    endloop
  endfacet
  facet normal 0.778889 -0.154919 0.607728
    outer loop
      vertex 94.9461 5.34883 119.333
      vertex 94.3573 4.83246 119.956
      vertex 94.8188 4.7088 119.333
    endloop
  endfacet
  facet normal 0.634883 -0.313111 0.706318
    outer loop
      vertex 94.1677 4.2737 119.956
      vertex 93.4261 4.02196 120.511
      vertex 93.9067 3.74448 119.956
    endloop
  endfacet
  facet normal 0.127727 -0.0256215 0.991478
    outer loop
      vertex 90.3891 5.94878 121.987
      vertex 90.379 5.89843 121.987
      vertex 91.1605 5.84721 121.885
    endloop
  endfacet
  facet normal -0.523554 0.597094 0.607759
    outer loop
      vertex 2.963 59.9579 119.333
      vertex 2.81021 59.1898 119.956
      vertex 3.25385 59.5788 119.956
    endloop
  endfacet
  facet normal -0.123485 0.363706 0.923293
    outer loop
      vertex 5.31316 58.5633 121.381
      vertex 4.98446 58.4517 121.381
      vertex 5.26194 57.7818 121.682
    endloop
  endfacet
  facet normal 0.1709 -0.194854 0.965829
    outer loop
      vertex 90.8277 5.1723 121.885
      vertex 90.7126 5.07135 121.885
      vertex 91.1741 4.46991 121.682
    endloop
  endfacet
  facet normal 0.123469 -0.363725 0.923287
    outer loop
      vertex 90.7381 4.21817 121.682
      vertex 90.6868 3.43669 121.381
      vertex 91.0155 3.54827 121.381
    endloop
  endfacet
  facet normal 0.0505377 0.254229 0.965823
    outer loop
      vertex 90.4992 57.8629 121.682
      vertex 90.2517 57.9121 121.682
      vertex 90.303 57.1307 121.885
    endloop
  endfacet
  facet normal -0.0169512 0.258625 0.965829
    outer loop
      vertex 6 57.9286 121.682
      vertex 5.74826 57.9121 121.682
      vertex 6 57.1705 121.885
    endloop
  endfacet
  facet normal 0.776916 -0.383235 0.499532
    outer loop
      vertex 94.6091 4.09086 119.333
      vertex 94.3204 3.50559 119.333
      vertex 94.9716 3.94069 118.654
    endloop
  endfacet
  facet normal 0.768403 -0.513437 0.38202
    outer loop
      vertex 94.6603 3.30938 118.654
      vertex 94.5075 2.54127 117.929
      vertex 94.9204 3.15921 117.929
    endloop
  endfacet
  facet normal 0.864398 -0.05661 0.499612
    outer loop
      vertex 95.3812 6 118.654
      vertex 94.9461 5.34883 119.333
      vertex 95.3352 5.29761 118.654
    endloop
  endfacet
  facet normal 0.965928 -0 0.258813
    outer loop
      vertex 95.6816 6 117.929
      vertex 95.8847 56 117.171
      vertex 95.6816 56 117.929
    endloop
  endfacet
  facet normal 0.965928 0 0.258813
    outer loop
      vertex 95.8847 56 117.171
      vertex 95.6816 6 117.929
      vertex 95.8847 6 117.171
    endloop
  endfacet
  facet normal 0.914778 0.310559 0.258331
    outer loop
      vertex 95.6842 57.5231 117.171
      vertex 95.2491 58.1742 117.929
      vertex 95.488 57.4705 117.929
    endloop
  endfacet
  facet normal 0.989371 0.0647902 0.13018
    outer loop
      vertex 95.9872 56 116.392
      vertex 95.8344 56.7681 117.171
      vertex 95.8847 56 117.171
    endloop
  endfacet
  facet normal 0.938904 -0.318665 0.130045
    outer loop
      vertex 95.6842 4.47692 117.171
      vertex 95.5314 3.70881 116.392
      vertex 95.7831 4.45041 116.392
    endloop
  endfacet
  facet normal 0.980782 -0.195107 0
    outer loop
      vertex 95.7831 4.45041 116.392
      vertex 95.9359 5.21852 5.60758
      vertex 95.9359 5.21852 116.392
    endloop
  endfacet
  facet normal 0.980782 -0.195107 0
    outer loop
      vertex 95.9359 5.21852 5.60758
      vertex 95.7831 4.45041 116.392
      vertex 95.7831 4.45041 5.60758
    endloop
  endfacet
  facet normal 0.824387 -0.55084 -0.130233
    outer loop
      vertex 95.185 3.00642 5.60758
      vertex 94.7499 2.35525 5.60758
      vertex 95.0963 3.05764 4.82946
    endloop
  endfacet
  facet normal 0.896863 -0.442309 0
    outer loop
      vertex 95.185 3.00642 116.392
      vertex 95.5314 3.70881 5.60758
      vertex 95.5314 3.70881 116.392
    endloop
  endfacet
  facet normal 0.896863 -0.442309 0
    outer loop
      vertex 95.5314 3.70881 5.60758
      vertex 95.185 3.00642 116.392
      vertex 95.185 3.00642 5.60758
    endloop
  endfacet
  facet normal 0.866434 -0.427276 0.258317
    outer loop
      vertex 95.2491 3.82575 117.929
      vertex 94.9204 3.15921 117.929
      vertex 95.0963 3.05764 117.171
    endloop
  endfacet
  facet normal 0.82884 -0.408737 0.382046
    outer loop
      vertex 94.9716 3.94069 118.654
      vertex 94.9204 3.15921 117.929
      vertex 95.2491 3.82575 117.929
    endloop
  endfacet
  facet normal 0.7454 -0.653785 0.130169
    outer loop
      vertex 94.6687 2.41761 117.171
      vertex 94.1611 1.83888 117.171
      vertex 94.2336 1.76644 116.392
    endloop
  endfacet
  facet normal 0.636982 -0.726291 0.258369
    outer loop
      vertex 94.1611 1.83888 117.171
      vertex 93.4587 1.4925 117.929
      vertex 93.5824 1.33134 117.171
    endloop
  endfacet
  facet normal 0.513456 0.768381 0.382037
    outer loop
      vertex 92.8408 60.9204 117.929
      vertex 92.6906 60.6603 118.654
      vertex 93.4587 60.5075 117.929
    endloop
  endfacet
  facet normal 0 0.923837 0.382787
    outer loop
      vertex 90 61.6816 117.929
      vertex 6 61.3812 118.654
      vertex 90 61.3812 118.654
    endloop
  endfacet
  facet normal 0 0.923837 0.382787
    outer loop
      vertex 6 61.3812 118.654
      vertex 90 61.6816 117.929
      vertex 6 61.6816 117.929
    endloop
  endfacet
  facet normal 0.321394 0.946945 -0
    outer loop
      vertex 92.2912 61.5314 5.60758
      vertex 91.5496 61.7831 116.392
      vertex 92.2912 61.5314 116.392
    endloop
  endfacet
  facet normal 0.321394 0.946945 0
    outer loop
      vertex 91.5496 61.7831 116.392
      vertex 92.2912 61.5314 5.60758
      vertex 91.5496 61.7831 5.60758
    endloop
  endfacet
  facet normal 0.195109 0.980782 -0
    outer loop
      vertex 91.5496 61.7831 5.60758
      vertex 90.7815 61.9359 116.392
      vertex 91.5496 61.7831 116.392
    endloop
  endfacet
  facet normal 0.195109 0.980782 0
    outer loop
      vertex 90.7815 61.9359 116.392
      vertex 91.5496 61.7831 5.60758
      vertex 90.7815 61.9359 5.60758
    endloop
  endfacet
  facet normal -0.138085 0.694298 0.706316
    outer loop
      vertex 5.41119 60.4724 119.956
      vertex 4.83246 60.3573 119.956
      vertex 5.48363 59.9222 120.511
    endloop
  endfacet
  facet normal -0.0463075 0.706381 0.706316
    outer loop
      vertex 6 60.511 119.956
      vertex 5.41119 60.4724 119.956
      vertex 5.48363 59.9222 120.511
    endloop
  endfacet
  facet normal 0.11468 0.232443 0.965825
    outer loop
      vertex 90.7381 57.7818 121.682
      vertex 90.5853 57.0137 121.885
      vertex 90.9643 57.6702 121.682
    endloop
  endfacet
  facet normal 0.123489 0.363717 0.923288
    outer loop
      vertex 91.0155 58.4517 121.381
      vertex 90.6868 58.5633 121.381
      vertex 90.7381 57.7818 121.682
    endloop
  endfacet
  facet normal 0.318677 0.938899 0.130054
    outer loop
      vertex 92.2912 61.5314 116.392
      vertex 91.5231 61.6842 117.171
      vertex 92.252 61.4368 117.171
    endloop
  endfacet
  facet normal 0.227461 0.670386 0.706289
    outer loop
      vertex 91.1675 60.3573 119.956
      vertex 91.0239 59.8213 120.511
      vertex 91.7263 60.1677 119.956
    endloop
  endfacet
  facet normal -0.180259 0.906388 0.382056
    outer loop
      vertex 5.2584 61.633 117.929
      vertex 4.60723 61.1979 118.654
      vertex 5.29761 61.3352 118.654
    endloop
  endfacet
  facet normal -0.154919 0.778889 0.607728
    outer loop
      vertex 5.34883 60.9461 119.333
      vertex 4.7088 60.8188 119.333
      vertex 4.83246 60.3573 119.956
    endloop
  endfacet
  facet normal -0.351277 0.712272 0.607678
    outer loop
      vertex 4.2737 60.1677 119.956
      vertex 3.50559 60.3204 119.333
      vertex 3.74448 59.9067 119.956
    endloop
  endfacet
  facet normal 0 0.865816 0.500363
    outer loop
      vertex 90 61.3812 118.654
      vertex 6 60.9888 119.333
      vertex 90 60.9888 119.333
    endloop
  endfacet
  facet normal 0 0.865816 0.500363
    outer loop
      vertex 6 60.9888 119.333
      vertex 90 61.3812 118.654
      vertex 6 61.3812 118.654
    endloop
  endfacet
  facet normal -0.056684 0.864424 0.499558
    outer loop
      vertex 6 61.3812 118.654
      vertex 5.34883 60.9461 119.333
      vertex 6 60.9888 119.333
    endloop
  endfacet
  facet normal -0.129973 0 0.991518
    outer loop
      vertex 4.82946 56 121.885
      vertex 5.60758 6 121.987
      vertex 5.60758 56 121.987
    endloop
  endfacet
  facet normal -0.129973 0 0.991518
    outer loop
      vertex 5.60758 6 121.987
      vertex 4.82946 56 121.885
      vertex 4.82946 6 121.885
    endloop
  endfacet
  facet normal 0.344425 0.169929 0.923307
    outer loop
      vertex 92.2982 57.3269 121.381
      vertex 91.6702 56.9643 121.682
      vertex 91.7818 56.7381 121.682
    endloop
  endfacet
  facet normal -0.0169439 -0.258627 0.965829
    outer loop
      vertex 5.84721 4.83947 121.885
      vertex 5.74826 4.08786 121.682
      vertex 6 4.82946 121.885
    endloop
  endfacet
  facet normal 0.0858108 0.0979969 0.99148
    outer loop
      vertex 90.8277 56.8277 121.885
      vertex 90.2389 56.3113 121.987
      vertex 90.2775 56.2775 121.987
    endloop
  endfacet
  facet normal 0.608426 -0.0398533 0.792609
    outer loop
      vertex 93.3334 6 120.989
      vertex 93.3049 5.5649 120.989
      vertex 93.9561 6 120.511
    endloop
  endfacet
  facet normal 0.59807 -0.118897 0.792576
    outer loop
      vertex 93.9222 5.48363 120.511
      vertex 93.3049 5.5649 120.989
      vertex 93.8213 4.97609 120.511
    endloop
  endfacet
  facet normal 0.0169539 0.258625 0.965829
    outer loop
      vertex 90 57.9286 121.682
      vertex 90 57.1705 121.885
      vertex 90.2517 57.9121 121.682
    endloop
  endfacet
  facet normal -0.0505511 0.254225 0.965823
    outer loop
      vertex 5.74826 57.9121 121.682
      vertex 5.50083 57.8629 121.682
      vertex 5.69704 57.1307 121.885
    endloop
  endfacet
  facet normal -0.637006 0.726269 0.258373
    outer loop
      vertex 2.41761 60.6687 117.171
      vertex 1.83888 60.1611 117.171
      vertex 2.54127 60.5075 117.929
    endloop
  endfacet
  facet normal -0.481238 0.720316 0.499554
    outer loop
      vertex 3.50559 60.3204 119.333
      vertex 2.72411 60.2692 118.654
      vertex 2.963 59.9579 119.333
    endloop
  endfacet
  facet normal -0.828845 0.408737 0.382034
    outer loop
      vertex 1.07961 58.8408 117.929
      vertex 1.02839 58.0593 118.654
      vertex 1.33971 58.6906 118.654
    endloop
  endfacet
  facet normal -0.93888 0.31871 0.130106
    outer loop
      vertex 0.468591 58.2912 116.392
      vertex 0.315804 57.5231 117.171
      vertex 0.563235 58.252 117.171
    endloop
  endfacet
  facet normal -0.408714 0.828863 0.382019
    outer loop
      vertex 3.94069 60.9716 118.654
      vertex 3.15921 60.9204 117.929
      vertex 3.30938 60.6603 118.654
    endloop
  endfacet
  facet normal -0.609324 0.694815 0.382043
    outer loop
      vertex 2.54127 60.5075 117.929
      vertex 1.98252 60.0175 117.929
      vertex 2.19489 59.8051 118.654
    endloop
  endfacet
  facet normal -0.513437 0.768403 0.38202
    outer loop
      vertex 3.15921 60.9204 117.929
      vertex 2.54127 60.5075 117.929
      vertex 3.30938 60.6603 118.654
    endloop
  endfacet
  facet normal -0.458425 0.402052 0.792591
    outer loop
      vertex 3.64291 58.3571 120.989
      vertex 3.20263 58.7974 120.511
      vertex 3.35542 58.0293 120.989
    endloop
  endfacet
  facet normal 0.449219 0.221436 -0.865545
    outer loop
      vertex 92.4517 57.0155 0.618763
      vertex 92.2982 57.3269 0.618763
      vertex 92.8868 57.6667 1.01118
    endloop
  endfacet
  facet normal 0.118871 0.597892 -0.792714
    outer loop
      vertex 91.0239 59.8213 1.48896
      vertex 90.4351 59.3049 1.01118
      vertex 90.5164 59.9222 1.48896
    endloop
  endfacet
  facet normal -0.0862531 -0.0983311 -0.991409
    outer loop
      vertex 5.76111 5.68867 0.012846
      vertex 5.1723 5.1723 0.115288
      vertex 5.72252 5.72252 0.012846
    endloop
  endfacet
  facet normal 0.376017 -0.0747705 -0.923591
    outer loop
      vertex 92.5633 5.31316 0.618763
      vertex 91.9121 5.74826 0.318419
      vertex 92.631 5.65362 0.618763
    endloop
  endfacet
  facet normal 0.393285 -0.588572 -0.706336
    outer loop
      vertex 92.7461 2.42115 2.04392
      vertex 92.2555 2.09333 2.04392
      vertex 92.4083 2.86143 1.48896
    endloop
  endfacet
  facet normal 0.313094 -0.63485 -0.706355
    outer loop
      vertex 92.2555 2.09333 2.04392
      vertex 91.7263 1.83234 2.04392
      vertex 91.978 2.57394 1.48896
    endloop
  endfacet
  facet normal 0.278202 -0.416413 -0.865565
    outer loop
      vertex 91.6667 3.11317 1.01118
      vertex 91.6155 3.89465 0.618763
      vertex 92.0293 3.35542 1.01118
    endloop
  endfacet
  facet normal 0.288295 -0.252747 -0.923583
    outer loop
      vertex 91.8765 4.12353 0.618763
      vertex 91.5301 4.82592 0.318419
      vertex 92.1053 4.38451 0.618763
    endloop
  endfacet
  facet normal 0.215662 -0.144042 -0.965786
    outer loop
      vertex 91.5301 4.82592 0.318419
      vertex 91.0137 5.41473 0.115288
      vertex 91.6702 5.03568 0.318419
    endloop
  endfacet
  facet normal 0.25878 -0.0169614 -0.965787
    outer loop
      vertex 91.9121 5.74826 0.318419
      vertex 91.1705 6 0.115288
      vertex 91.9286 6 0.318419
    endloop
  endfacet
  facet normal -0.828868 -0.408742 -0.381979
    outer loop
      vertex 1.07961 3.15921 4.07136
      vertex 1.02839 3.94069 3.34627
      vertex 1.33971 3.30938 3.34627
    endloop
  endfacet
  facet normal 0.0833566 -0.245578 -0.965786
    outer loop
      vertex 90.4992 4.13708 0.318419
      vertex 90.303 4.86934 0.115288
      vertex 90.7381 4.21817 0.318419
    endloop
  endfacet
  facet normal 0.532202 -0.466734 -0.706343
    outer loop
      vertex 93.1898 2.81021 2.04392
      vertex 92.7974 3.20263 1.48896
      vertex 93.1386 3.59169 1.48896
    endloop
  endfacet
  facet normal 0.651477 -0.571314 -0.499178
    outer loop
      vertex 94.2692 2.72411 3.34627
      vertex 93.8051 2.19489 3.34627
      vertex 93.9579 2.963 2.66658
    endloop
  endfacet
  facet normal 0.712128 -0.351206 -0.607887
    outer loop
      vertex 94.3204 3.50559 2.66658
      vertex 93.9067 3.74448 2.04392
      vertex 94.1677 4.2737 2.04392
    endloop
  endfacet
  facet normal 0.720499 -0.48136 -0.499174
    outer loop
      vertex 94.2692 2.72411 3.34627
      vertex 93.9579 2.963 2.66658
      vertex 94.3204 3.50559 2.66658
    endloop
  endfacet
  facet normal 0.889216 -0.438567 -0.130206
    outer loop
      vertex 95.5314 3.70881 5.60758
      vertex 95.0963 3.05764 4.82946
      vertex 95.4368 3.74802 4.82946
    endloop
  endfacet
  facet normal 0.906405 -0.180262 -0.382015
    outer loop
      vertex 95.633 5.2584 4.07136
      vertex 95.1979 4.60723 3.34627
      vertex 95.3352 5.29761 3.34627
    endloop
  endfacet
  facet normal 0 0.991454 0.130455
    outer loop
      vertex 90 61.9872 116.392
      vertex 6 61.8847 117.171
      vertex 90 61.8847 117.171
    endloop
  endfacet
  facet normal 0 0.991454 0.130455
    outer loop
      vertex 6 61.8847 117.171
      vertex 90 61.9872 116.392
      vertex 6 61.9872 116.392
    endloop
  endfacet
  facet normal -0.060432 0.922148 0.382087
    outer loop
      vertex 6 61.6816 117.929
      vertex 5.2584 61.633 117.929
      vertex 6 61.3812 118.654
    endloop
  endfacet
  facet normal -0.318665 0.938904 0.130045
    outer loop
      vertex 4.45041 61.7831 116.392
      vertex 3.70881 61.5314 116.392
      vertex 4.47692 61.6842 117.171
    endloop
  endfacet
  facet normal -0.318677 0.938898 0.130058
    outer loop
      vertex 4.47692 61.6842 117.171
      vertex 3.70881 61.5314 116.392
      vertex 3.74802 61.4368 117.171
    endloop
  endfacet
  facet normal -0.536667 0.803281 0.25832
    outer loop
      vertex 3.05764 61.0963 117.171
      vertex 2.41761 60.6687 117.171
      vertex 3.15921 60.9204 117.929
    endloop
  endfacet
  facet normal -0.278388 0.820347 0.499531
    outer loop
      vertex 4.7088 60.8188 119.333
      vertex 3.94069 60.9716 118.654
      vertex 4.09086 60.6091 119.333
    endloop
  endfacet
  facet normal -0.0649464 0.989362 -0.130171
    outer loop
      vertex 5.23189 61.8344 4.82946
      vertex 5.21852 61.9359 5.60758
      vertex 6 61.9872 5.60758
    endloop
  endfacet
  facet normal -0.0647881 0.989352 -0.130325
    outer loop
      vertex 6 61.8847 4.82946
      vertex 5.23189 61.8344 4.82946
      vertex 6 61.9872 5.60758
    endloop
  endfacet
  facet normal -0.310497 0.914798 -0.258333
    outer loop
      vertex 3.82575 61.2491 4.07136
      vertex 3.74802 61.4368 4.82946
      vertex 4.47692 61.6842 4.82946
    endloop
  endfacet
  facet normal -0.321394 0.946945 0
    outer loop
      vertex 4.45041 61.7831 5.60758
      vertex 3.70881 61.5314 116.392
      vertex 4.45041 61.7831 116.392
    endloop
  endfacet
  facet normal -0.321394 0.946945 0
    outer loop
      vertex 3.70881 61.5314 116.392
      vertex 4.45041 61.7831 5.60758
      vertex 3.70881 61.5314 5.60758
    endloop
  endfacet
  facet normal 0.0566957 0.864643 -0.499177
    outer loop
      vertex 90.6512 60.9461 2.66658
      vertex 90 60.9888 2.66658
      vertex 90 61.3812 3.34627
    endloop
  endfacet
  facet normal 0 0.866036 -0.499982
    outer loop
      vertex 90 60.9888 2.66658
      vertex 6 61.3812 3.34627
      vertex 90 61.3812 3.34627
    endloop
  endfacet
  facet normal 0 0.866036 -0.499982
    outer loop
      vertex 6 61.3812 3.34627
      vertex 90 60.9888 2.66658
      vertex 6 60.9888 2.66658
    endloop
  endfacet
  facet normal -0.160996 0.474189 -0.865578
    outer loop
      vertex 4.98446 58.4517 0.618763
      vertex 4.72435 59.0797 1.01118
      vertex 5.31316 58.5633 0.618763
    endloop
  endfacet
  facet normal -0.154887 0.778731 -0.607937
    outer loop
      vertex 4.83246 60.3573 2.04392
      vertex 4.7088 60.8188 2.66658
      vertex 5.34883 60.9461 2.66658
    endloop
  endfacet
  facet normal -0.16901 0.849825 -0.499233
    outer loop
      vertex 5.34883 60.9461 2.66658
      vertex 4.60723 61.1979 3.34627
      vertex 5.29761 61.3352 3.34627
    endloop
  endfacet
  facet normal -0.0519387 0.79228 -0.607943
    outer loop
      vertex 5.41119 60.4724 2.04392
      vertex 5.34883 60.9461 2.66658
      vertex 6 60.511 2.04392
    endloop
  endfacet
  facet normal -0.513467 0.768389 -0.382007
    outer loop
      vertex 2.72411 60.2692 3.34627
      vertex 2.54127 60.5075 4.07136
      vertex 3.30938 60.6603 3.34627
    endloop
  endfacet
  facet normal -0.297076 0.875124 -0.381974
    outer loop
      vertex 4.60723 61.1979 3.34627
      vertex 3.82575 61.2491 4.07136
      vertex 4.5295 61.488 4.07136
    endloop
  endfacet
  facet normal -0.278458 0.820555 -0.49915
    outer loop
      vertex 4.09086 60.6091 2.66658
      vertex 3.94069 60.9716 3.34627
      vertex 4.7088 60.8188 2.66658
    endloop
  endfacet
  facet normal -0.513447 0.768417 -0.381979
    outer loop
      vertex 3.30938 60.6603 3.34627
      vertex 2.54127 60.5075 4.07136
      vertex 3.15921 60.9204 4.07136
    endloop
  endfacet
  facet normal 0.947496 0.188495 -0.258305
    outer loop
      vertex 95.8344 56.7681 4.82946
      vertex 95.633 56.7416 4.07136
      vertex 95.6842 57.5231 4.82946
    endloop
  endfacet
  facet normal 0.609298 0.694849 -0.382023
    outer loop
      vertex 93.8051 59.8051 3.34627
      vertex 93.4587 60.5075 4.07136
      vertex 94.0175 60.0175 4.07136
    endloop
  endfacet
  facet normal 0.427247 0.866453 -0.2583
    outer loop
      vertex 92.8408 60.9204 4.07136
      vertex 92.1742 61.2491 4.07136
      vertex 92.9424 61.0963 4.82946
    endloop
  endfacet
  facet normal 0.745364 0.653787 -0.130364
    outer loop
      vertex 94.6687 59.5824 4.82946
      vertex 94.1611 60.1611 4.82946
      vertex 94.2336 60.2336 5.60758
    endloop
  endfacet
  facet normal 0.310562 0.914786 -0.258299
    outer loop
      vertex 92.1742 61.2491 4.07136
      vertex 91.4705 61.488 4.07136
      vertex 91.5231 61.6842 4.82946
    endloop
  endfacet
  facet normal 0 0.991435 -0.1306
    outer loop
      vertex 90 61.8847 4.82946
      vertex 6 61.9872 5.60758
      vertex 90 61.9872 5.60758
    endloop
  endfacet
  facet normal 0 0.991435 -0.1306
    outer loop
      vertex 6 61.9872 5.60758
      vertex 90 61.8847 4.82946
      vertex 6 61.8847 4.82946
    endloop
  endfacet
  facet normal 0.571321 0.651456 -0.499197
    outer loop
      vertex 93.037 59.9579 2.66658
      vertex 93.6 59.6 2.84386
      vertex 93.4451 59.6 2.66658
    endloop
  endfacet
  facet normal 0.571323 0.651466 -0.499182
    outer loop
      vertex 93.6 59.6 2.84386
      vertex 93.037 59.9579 2.66658
      vertex 93.8051 59.8051 3.34627
    endloop
  endfacet
  facet normal 0.0519503 0.792272 -0.607952
    outer loop
      vertex 90.6512 60.9461 2.66658
      vertex 90 60.511 2.04392
      vertex 90 60.9888 2.66658
    endloop
  endfacet
  facet normal 0.0747823 0.37601 -0.923593
    outer loop
      vertex 90.6868 58.5633 0.618763
      vertex 90.2517 57.9121 0.318419
      vertex 90.3464 58.631 0.618763
    endloop
  endfacet
  facet normal 0.441219 0.660147 -0.607892
    outer loop
      vertex 92.7461 59.5788 2.04392
      vertex 92.2555 59.9067 2.04392
      vertex 92.4944 60.3204 2.66658
    endloop
  endfacet
  facet normal 0.546884 0.269737 0.792565
    outer loop
      vertex 93.6549 57.5139 120.511
      vertex 92.8868 57.6667 120.989
      vertex 93.0797 57.2756 120.989
    endloop
  endfacet
  facet normal 0.608463 0.0399436 0.792576
    outer loop
      vertex 93.9222 56.5164 120.511
      vertex 93.3049 56.4351 120.989
      vertex 93.9561 56 120.511
    endloop
  endfacet
  facet normal 0.170842 0.194881 0.965833
    outer loop
      vertex 91.1741 57.5301 121.682
      vertex 90.8277 56.8277 121.885
      vertex 91.3638 57.3638 121.682
    endloop
  endfacet
  facet normal 0.329962 0.376214 0.865787
    outer loop
      vertex 92.0293 58.6446 120.989
      vertex 91.8765 57.8765 121.381
      vertex 92.3571 58.3571 120.989
    endloop
  endfacet
  facet normal 0.4667 0.532326 0.706272
    outer loop
      vertex 92.7461 59.5788 119.956
      vertex 92.4083 59.1386 120.511
      vertex 93.1898 59.1898 119.956
    endloop
  endfacet
  facet normal 0.59727 0.5238 0.607373
    outer loop
      vertex 93.6 59.1355 119.6
      vertex 93.9579 59.037 119.333
      vertex 93.6 59.4451 119.333
    endloop
  endfacet
  facet normal 0.598039 0.520146 0.609752
    outer loop
      vertex 93.6 59.1355 119.6
      vertex 93.1898 59.1898 119.956
      vertex 93.9579 59.037 119.333
    endloop
  endfacet
  facet normal 0.596965 0.5234 0.608018
    outer loop
      vertex 93.1898 59.1898 119.956
      vertex 93.6 59.1355 119.6
      vertex 93.383 59.383 119.6
    endloop
  endfacet
  facet normal 0.313118 0.634873 0.706324
    outer loop
      vertex 92.2555 59.9067 119.956
      vertex 91.7263 60.1677 119.956
      vertex 91.978 59.4261 120.511
    endloop
  endfacet
  facet normal 0.393265 0.588597 0.706326
    outer loop
      vertex 92.2555 59.9067 119.956
      vertex 91.978 59.4261 120.511
      vertex 92.4083 59.1386 120.511
    endloop
  endfacet
  facet normal 0.866397 0.4273 0.258399
    outer loop
      vertex 95.4368 58.252 117.171
      vertex 95.0963 58.9424 117.171
      vertex 95.2491 58.1742 117.929
    endloop
  endfacet
  facet normal 0.889239 0.438566 0.130056
    outer loop
      vertex 95.5314 58.2912 116.392
      vertex 95.0963 58.9424 117.171
      vertex 95.4368 58.252 117.171
    endloop
  endfacet
  facet normal 0.745556 0.653643 0.129989
    outer loop
      vertex 94.7499 59.6447 116.392
      vertex 94.2336 60.2336 116.392
      vertex 94.6687 59.5824 117.171
    endloop
  endfacet
  facet normal 0.637019 0.726247 0.258404
    outer loop
      vertex 93.5824 60.6687 117.171
      vertex 93.4587 60.5075 117.929
      vertex 94.1611 60.1611 117.171
    endloop
  endfacet
  facet normal 0.752033 0.255221 0.607708
    outer loop
      vertex 94.6091 57.9091 119.333
      vertex 94.1677 57.7263 119.956
      vertex 94.8188 57.2912 119.333
    endloop
  endfacet
  facet normal 0.90639 0.180254 0.382054
    outer loop
      vertex 95.633 56.7416 117.929
      vertex 95.1979 57.3928 118.654
      vertex 95.3352 56.7024 118.654
    endloop
  endfacet
  facet normal 0.776923 0.383108 0.49962
    outer loop
      vertex 94.6603 58.6906 118.654
      vertex 94.3204 58.4944 119.333
      vertex 94.9716 58.0593 118.654
    endloop
  endfacet
  facet normal 0.820246 0.278502 0.499633
    outer loop
      vertex 94.9716 58.0593 118.654
      vertex 94.8188 57.2912 119.333
      vertex 95.1979 57.3928 118.654
    endloop
  endfacet
  facet normal 0.752026 0.255161 0.607742
    outer loop
      vertex 94.8188 57.2912 119.333
      vertex 94.1677 57.7263 119.956
      vertex 94.3573 57.1675 119.956
    endloop
  endfacet
  facet normal 0.792432 0.0519608 0.607743
    outer loop
      vertex 94.9461 56.6512 119.333
      vertex 94.511 56 119.956
      vertex 94.9888 56 119.333
    endloop
  endfacet
  facet normal 0.188484 0.947492 0.258327
    outer loop
      vertex 91.5231 61.6842 117.171
      vertex 90.7416 61.633 117.929
      vertex 91.4705 61.488 117.929
    endloop
  endfacet
  facet normal 0.310492 0.914783 0.258392
    outer loop
      vertex 92.252 61.4368 117.171
      vertex 91.5231 61.6842 117.171
      vertex 92.1742 61.2491 117.929
    endloop
  endfacet
  facet normal -0.466734 0.532202 -0.706343
    outer loop
      vertex 3.20263 58.7974 1.48896
      vertex 2.81021 59.1898 2.04392
      vertex 3.59169 59.1386 1.48896
    endloop
  endfacet
  facet normal -0.523448 0.596973 -0.607968
    outer loop
      vertex 3.25385 59.5788 2.04392
      vertex 2.81021 59.1898 2.04392
      vertex 2.963 59.9579 2.66658
    endloop
  endfacet
  facet normal -0.0250745 0.382561 -0.92359
    outer loop
      vertex 6 57.9286 0.318419
      vertex 5.74826 57.9121 0.318419
      vertex 6 58.6537 0.618763
    endloop
  endfacet
  facet normal -0.338616 0.506876 -0.792727
    outer loop
      vertex 3.97074 58.6446 1.01118
      vertex 3.59169 59.1386 1.48896
      vertex 4.33329 58.8868 1.01118
    endloop
  endfacet
  facet normal -0.401923 0.458301 -0.792728
    outer loop
      vertex 3.97074 58.6446 1.01118
      vertex 3.20263 58.7974 1.48896
      vertex 3.59169 59.1386 1.48896
    endloop
  endfacet
  facet normal 0.546726 0.269659 -0.792701
    outer loop
      vertex 93.0797 57.2756 1.01118
      vertex 92.8868 57.6667 1.01118
      vertex 93.6549 57.5139 1.48896
    endloop
  endfacet
  facet normal 0.864643 0.0566957 -0.499177
    outer loop
      vertex 94.9888 56 2.66658
      vertex 94.9461 56.6512 2.66658
      vertex 95.3812 56 3.34627
    endloop
  endfacet
  facet normal 0.9475 0.188486 -0.258296
    outer loop
      vertex 95.633 56.7416 4.07136
      vertex 95.488 57.4705 4.07136
      vertex 95.6842 57.5231 4.82946
    endloop
  endfacet
  facet normal 0.792272 0.0519503 -0.607952
    outer loop
      vertex 94.9888 56 2.66658
      vertex 94.511 56 2.04392
      vertex 94.9461 56.6512 2.66658
    endloop
  endfacet
  facet normal 0.0862675 0.0983108 -0.99141
    outer loop
      vertex 90.8277 56.8277 0.115288
      vertex 90.2389 56.3113 0.012846
      vertex 90.7126 56.9287 0.115288
    endloop
  endfacet
  facet normal 0.481396 0.720432 -0.499235
    outer loop
      vertex 93.2759 60.2692 3.34627
      vertex 92.4944 60.3204 2.66658
      vertex 92.6906 60.6603 3.34627
    endloop
  endfacet
  facet normal 0.82887 0.408724 -0.381993
    outer loop
      vertex 94.9716 58.0593 3.34627
      vertex 94.6603 58.6906 3.34627
      vertex 94.9204 58.8408 4.07136
    endloop
  endfacet
  facet normal 0.71212 0.351216 -0.607891
    outer loop
      vertex 94.1677 57.7263 2.04392
      vertex 93.9067 58.2555 2.04392
      vertex 94.3204 58.4944 2.66658
    endloop
  endfacet
  facet normal 0.60825 0.0398417 -0.792745
    outer loop
      vertex 93.3334 56 1.01118
      vertex 93.3049 56.4351 1.01118
      vertex 93.9561 56 1.48896
    endloop
  endfacet
  facet normal 0.963995 0.0631744 -0.258307
    outer loop
      vertex 95.6816 56 4.07136
      vertex 95.633 56.7416 4.07136
      vertex 95.8344 56.7681 4.82946
    endloop
  endfacet
  facet normal 0.946945 0.321394 0
    outer loop
      vertex 95.7831 57.5496 116.392
      vertex 95.5314 58.2912 5.60758
      vertex 95.5314 58.2912 116.392
    endloop
  endfacet
  facet normal 0.946945 0.321394 0
    outer loop
      vertex 95.5314 58.2912 5.60758
      vertex 95.7831 57.5496 116.392
      vertex 95.7831 57.5496 5.60758
    endloop
  endfacet
  facet normal 0.458303 -0.401922 -0.792727
    outer loop
      vertex 92.7974 3.20263 1.48896
      vertex 92.3571 3.64291 1.01118
      vertex 92.6446 3.97074 1.01118
    endloop
  endfacet
  facet normal 0.376525 -0.330204 -0.86556
    outer loop
      vertex 92.3571 3.64291 1.01118
      vertex 91.8765 4.12353 0.618763
      vertex 92.6446 3.97074 1.01118
    endloop
  endfacet
  facet normal 0.751876 -0.255129 -0.60794
    outer loop
      vertex 94.8188 4.7088 2.66658
      vertex 94.1677 4.2737 2.04392
      vertex 94.3573 4.83246 2.04392
    endloop
  endfacet
  facet normal 0.670352 -0.227466 -0.70632
    outer loop
      vertex 94.1677 4.2737 2.04392
      vertex 93.8213 4.97609 1.48896
      vertex 94.3573 4.83246 2.04392
    endloop
  endfacet
  facet normal 0.778729 -0.154876 -0.607943
    outer loop
      vertex 94.9461 5.34883 2.66658
      vertex 94.3573 4.83246 2.04392
      vertex 94.4724 5.41119 2.04392
    endloop
  endfacet
  facet normal 0.906412 -0.180312 -0.381974
    outer loop
      vertex 95.488 4.5295 4.07136
      vertex 95.1979 4.60723 3.34627
      vertex 95.633 5.2584 4.07136
    endloop
  endfacet
  facet normal -0.745408 0.653749 -0.130307
    outer loop
      vertex 1.83888 60.1611 4.82946
      vertex 1.33134 59.5824 4.82946
      vertex 1.76644 60.2336 5.60758
    endloop
  endfacet
  facet normal -0.653773 0.745386 -0.130314
    outer loop
      vertex 1.83888 60.1611 4.82946
      vertex 1.76644 60.2336 5.60758
      vertex 2.41761 60.6687 4.82946
    endloop
  endfacet
  facet normal -0.963996 0.0631837 -0.2583
    outer loop
      vertex 0.318419 56 4.07136
      vertex 0.115288 56 4.82946
      vertex 0.165632 56.7681 4.82946
    endloop
  endfacet
  facet normal -0.914787 0.310548 -0.258311
    outer loop
      vertex 0.512014 57.4705 4.07136
      vertex 0.315804 57.5231 4.82946
      vertex 0.750903 58.1742 4.07136
    endloop
  endfacet
  facet normal -0.694266 0.138101 -0.706344
    outer loop
      vertex 2.07777 56.5164 1.48896
      vertex 1.64267 57.1675 2.04392
      vertex 2.17872 57.0239 1.48896
    endloop
  endfacet
  facet normal -0.67031 0.227519 -0.706342
    outer loop
      vertex 2.17872 57.0239 1.48896
      vertex 1.64267 57.1675 2.04392
      vertex 1.83234 57.7263 2.04392
    endloop
  endfacet
  facet normal -0.49973 0.0327563 -0.865562
    outer loop
      vertex 3.34627 56 0.618763
      vertex 2.66658 56 1.01118
      vertex 2.6951 56.4351 1.01118
    endloop
  endfacet
  facet normal -0.778724 0.154911 -0.60794
    outer loop
      vertex 1.52755 56.5888 2.04392
      vertex 1.05386 56.6512 2.66658
      vertex 1.64267 57.1675 2.04392
    endloop
  endfacet
  facet normal -0.694261 0.138108 -0.706348
    outer loop
      vertex 2.07777 56.5164 1.48896
      vertex 1.52755 56.5888 2.04392
      vertex 1.64267 57.1675 2.04392
    endloop
  endfacet
  facet normal -0.820499 0.278537 -0.499198
    outer loop
      vertex 1.18117 57.2912 2.66658
      vertex 1.02839 58.0593 3.34627
      vertex 1.39093 57.9091 2.66658
    endloop
  endfacet
  facet normal -0.751852 0.255233 -0.607927
    outer loop
      vertex 1.83234 57.7263 2.04392
      vertex 1.18117 57.2912 2.66658
      vertex 1.39093 57.9091 2.66658
    endloop
  endfacet
  facet normal -0.864635 0.0566686 -0.499194
    outer loop
      vertex 1.01118 56 2.66658
      vertex 0.618763 56 3.34627
      vertex 1.05386 56.6512 2.66658
    endloop
  endfacet
  facet normal -0.92219 -0.0604422 -0.381986
    outer loop
      vertex 0.367025 5.2584 4.07136
      vertex 0.318419 6 4.07136
      vertex 0.618763 6 3.34627
    endloop
  endfacet
  facet normal -0.864635 -0.0566712 -0.499194
    outer loop
      vertex 1.05386 5.34883 2.66658
      vertex 0.618763 6 3.34627
      vertex 1.01118 6 2.66658
    endloop
  endfacet
  facet normal 0 -0.608758 -0.793356
    outer loop
      vertex 6 2.04392 1.48896
      vertex 90 2.66658 1.01118
      vertex 90 2.04392 1.48896
    endloop
  endfacet
  facet normal -0 -0.608758 -0.793356
    outer loop
      vertex 90 2.66658 1.01118
      vertex 6 2.04392 1.48896
      vertex 6 2.66658 1.01118
    endloop
  endfacet
  facet normal -0.278231 -0.416402 -0.865561
    outer loop
      vertex 4.67313 3.7018 0.618763
      vertex 4.33329 3.11317 1.01118
      vertex 4.38451 3.89465 0.618763
    endloop
  endfacet
  facet normal 0 -1 0
    outer loop
      vertex 6 0.012846 5.60758
      vertex 90 0.012846 116.392
      vertex 6 0.012846 116.392
    endloop
  endfacet
  facet normal 0 -1 -0
    outer loop
      vertex 90 0.012846 116.392
      vertex 6 0.012846 5.60758
      vertex 90 0.012846 5.60758
    endloop
  endfacet
  facet normal -0.499599 0 0.866257
    outer loop
      vertex 2.66658 56 120.989
      vertex 3.34627 6 121.381
      vertex 3.34627 56 121.381
    endloop
  endfacet
  facet normal -0.499599 0 0.866257
    outer loop
      vertex 3.34627 6 121.381
      vertex 2.66658 56 120.989
      vertex 2.66658 6 120.989
    endloop
  endfacet
  facet normal 0.123829 -0.0421049 -0.99141
    outer loop
      vertex 91.0814 5.55205 0.115288
      vertex 90.379 5.89843 0.012846
      vertex 91.1307 5.69704 0.115288
    endloop
  endfacet
  facet normal -0.232591 -0.114703 -0.965787
    outer loop
      vertex 4.98628 5.41473 0.115288
      vertex 4.21817 5.26194 0.318419
      vertex 4.91856 5.55205 0.115288
    endloop
  endfacet
  facet normal 0.130526 0.00841278 -0.991409
    outer loop
      vertex 90.3924 56 0.012846
      vertex 90.3891 56.0512 0.012846
      vertex 91.1705 56 0.115288
    endloop
  endfacet
  facet normal -0.536712 -0.803255 -0.258307
    outer loop
      vertex 3.15921 1.07961 4.07136
      vertex 2.41761 1.33134 4.82946
      vertex 2.54127 1.4925 4.07136
    endloop
  endfacet
  facet normal -0.768422 -0.513438 -0.38198
    outer loop
      vertex 1.4925 2.54127 4.07136
      vertex 1.07961 3.15921 4.07136
      vertex 1.33971 3.30938 3.34627
    endloop
  endfacet
  facet normal -0.989358 -0.064846 -0.130251
    outer loop
      vertex 0.0640669 5.21852 5.60758
      vertex 0.012846 6 5.60758
      vertex 0.165632 5.23189 4.82946
    endloop
  endfacet
  facet normal -0.991445 0 -0.130527
    outer loop
      vertex 0.115288 6 4.82946
      vertex 0.012846 56 5.60758
      vertex 0.115288 56 4.82946
    endloop
  endfacet
  facet normal -0.991445 -0 -0.130527
    outer loop
      vertex 0.012846 56 5.60758
      vertex 0.115288 6 4.82946
      vertex 0.012846 6 5.60758
    endloop
  endfacet
  facet normal -0.707107 0 -0.707107
    outer loop
      vertex 2.04392 6 1.48896
      vertex 1.48896 56 2.04392
      vertex 2.04392 56 1.48896
    endloop
  endfacet
  facet normal -0.707107 -0 -0.707107
    outer loop
      vertex 1.48896 56 2.04392
      vertex 2.04392 6 1.48896
      vertex 1.48896 6 2.04392
    endloop
  endfacet
  facet normal -0.608274 0.0398713 -0.792725
    outer loop
      vertex 2.66658 56 1.01118
      vertex 2.04392 56 1.48896
      vertex 2.6951 56.4351 1.01118
    endloop
  endfacet
  facet normal -0.4742 0.161008 -0.865569
    outer loop
      vertex 3.43669 56.6868 0.618763
      vertex 2.78016 56.8628 1.01118
      vertex 2.92032 57.2756 1.01118
    endloop
  endfacet
  facet normal -0.194972 0.171002 -0.965787
    outer loop
      vertex 5.07135 56.7126 0.115288
      vertex 4.46991 57.1741 0.318419
      vertex 5.1723 56.8277 0.115288
    endloop
  endfacet
  facet normal -0.506883 0.338644 -0.79271
    outer loop
      vertex 3.11317 57.6667 1.01118
      vertex 2.86143 58.4083 1.48896
      vertex 3.35542 58.0293 1.01118
    endloop
  endfacet
  facet normal -0.458292 0.401935 -0.792727
    outer loop
      vertex 3.35542 58.0293 1.01118
      vertex 3.20263 58.7974 1.48896
      vertex 3.64291 58.3571 1.01118
    endloop
  endfacet
  facet normal -0.363048 0.12323 -0.923586
    outer loop
      vertex 4.13708 56.4992 0.318419
      vertex 3.43669 56.6868 0.618763
      vertex 4.21817 56.7381 0.318419
    endloop
  endfacet
  facet normal -0.491182 0.0977168 -0.865559
    outer loop
      vertex 3.36897 56.3464 0.618763
      vertex 2.6951 56.4351 1.01118
      vertex 3.43669 56.6868 0.618763
    endloop
  endfacet
  facet normal -0.448829 0.221287 0.865785
    outer loop
      vertex 3.7018 57.3269 121.381
      vertex 3.11317 57.6667 120.989
      vertex 3.54827 57.0155 121.381
    endloop
  endfacet
  facet normal -0.118951 -0.598043 0.792588
    outer loop
      vertex 5.5649 2.6951 120.989
      vertex 4.97609 2.17872 120.511
      vertex 5.48363 2.07777 120.511
    endloop
  endfacet
  facet normal -0.0169512 -0.258625 0.965829
    outer loop
      vertex 6 4.82946 121.885
      vertex 5.74826 4.08786 121.682
      vertex 6 4.07136 121.682
    endloop
  endfacet
  facet normal -0.778887 -0.154935 0.607725
    outer loop
      vertex 1.52755 5.41119 119.956
      vertex 1.05386 5.34883 119.333
      vertex 1.64267 4.83246 119.956
    endloop
  endfacet
  facet normal -0.947494 -0.188467 0.258331
    outer loop
      vertex 0.367025 5.2584 117.929
      vertex 0.165632 5.23189 117.171
      vertex 0.315804 4.47692 117.171
    endloop
  endfacet
  facet normal -0.866428 0.427258 0.258366
    outer loop
      vertex 0.903689 58.9424 117.171
      vertex 0.563235 58.252 117.171
      vertex 0.750903 58.1742 117.929
    endloop
  endfacet
  facet normal -0.694286 0.138113 0.706323
    outer loop
      vertex 1.64267 57.1675 119.956
      vertex 1.52755 56.5888 119.956
      vertex 2.07777 56.5164 120.511
    endloop
  endfacet
  facet normal 0 -0.865807 0.500379
    outer loop
      vertex 6 0.618763 118.654
      vertex 90 1.01118 119.333
      vertex 6 1.01118 119.333
    endloop
  endfacet
  facet normal 0 -0.865807 0.500379
    outer loop
      vertex 90 1.01118 119.333
      vertex 6 0.618763 118.654
      vertex 90 0.618763 118.654
    endloop
  endfacet
  facet normal -0.0519397 -0.792445 0.607728
    outer loop
      vertex 6 1.48896 119.956
      vertex 5.34883 1.05386 119.333
      vertex 6 1.01118 119.333
    endloop
  endfacet
  facet normal 0 -0.991464 0.130382
    outer loop
      vertex 6 0.012846 116.392
      vertex 90 0.115288 117.171
      vertex 6 0.115288 117.171
    endloop
  endfacet
  facet normal 0 -0.991464 0.130382
    outer loop
      vertex 90 0.115288 117.171
      vertex 6 0.012846 116.392
      vertex 90 0.012846 116.392
    endloop
  endfacet
  facet normal -0.180295 -0.906394 0.382025
    outer loop
      vertex 4.60723 0.802124 118.654
      vertex 4.5295 0.512014 117.929
      vertex 5.2584 0.367025 117.929
    endloop
  endfacet
  facet normal 0.0631818 -0.963988 0.258331
    outer loop
      vertex 90.7416 0.367025 117.929
      vertex 90 0.318419 117.929
      vertex 90.7681 0.165632 117.171
    endloop
  endfacet
  facet normal 0.0566543 -0.864416 0.499575
    outer loop
      vertex 90 1.01118 119.333
      vertex 90 0.618763 118.654
      vertex 90.6512 1.05386 119.333
    endloop
  endfacet
  facet normal -0.946931 0.321438 0
    outer loop
      vertex 0.216853 57.5496 5.60758
      vertex 0.468591 58.2912 116.392
      vertex 0.468591 58.2912 5.60758
    endloop
  endfacet
  facet normal -0.946931 0.321438 0
    outer loop
      vertex 0.468591 58.2912 116.392
      vertex 0.216853 57.5496 5.60758
      vertex 0.216853 57.5496 116.392
    endloop
  endfacet
  facet normal -0.938882 0.318706 0.130101
    outer loop
      vertex 0.468591 58.2912 116.392
      vertex 0.216853 57.5496 116.392
      vertex 0.315804 57.5231 117.171
    endloop
  endfacet
  facet normal 0.180296 -0.906397 0.382019
    outer loop
      vertex 91.3928 0.802124 118.654
      vertex 90.7416 0.367025 117.929
      vertex 91.4705 0.512014 117.929
    endloop
  endfacet
  facet normal 0.18847 -0.947491 0.258339
    outer loop
      vertex 91.4705 0.512014 117.929
      vertex 90.7416 0.367025 117.929
      vertex 91.5231 0.315804 117.171
    endloop
  endfacet
  facet normal 0 -0.991445 -0.130527
    outer loop
      vertex 6 0.115288 4.82946
      vertex 90 0.012846 5.60758
      vertex 6 0.012846 5.60758
    endloop
  endfacet
  facet normal 0 -0.991445 -0.130527
    outer loop
      vertex 90 0.012846 5.60758
      vertex 6 0.115288 4.82946
      vertex 90 0.115288 4.82946
    endloop
  endfacet
  facet normal 0.193434 -0.972447 0.130114
    outer loop
      vertex 91.5496 0.216853 116.392
      vertex 90.7681 0.165632 117.171
      vertex 90.7815 0.0640669 116.392
    endloop
  endfacet
  facet normal 0.0648455 -0.989377 0.130109
    outer loop
      vertex 90.7681 0.165632 117.171
      vertex 90 0.012846 116.392
      vertex 90.7815 0.0640669 116.392
    endloop
  endfacet
  facet normal 0.536727 -0.803238 -0.258327
    outer loop
      vertex 92.9424 0.903689 4.82946
      vertex 92.8408 1.07961 4.07136
      vertex 93.5824 1.33134 4.82946
    endloop
  endfacet
  facet normal 0.0631823 -0.963997 -0.258299
    outer loop
      vertex 90.7681 0.165632 4.82946
      vertex 90 0.318419 4.07136
      vertex 90.7416 0.367025 4.07136
    endloop
  endfacet
  facet normal 0.408728 -0.828877 -0.381974
    outer loop
      vertex 92.1742 0.750903 4.07136
      vertex 92.0593 1.02839 3.34627
      vertex 92.8408 1.07961 4.07136
    endloop
  endfacet
  facet normal 0.3187 -0.938864 -0.130246
    outer loop
      vertex 91.5496 0.216853 5.60758
      vertex 91.5231 0.315804 4.82946
      vertex 92.2912 0.468591 5.60758
    endloop
  endfacet
  facet normal 0.438518 -0.889235 -0.130239
    outer loop
      vertex 92.9936 0.814973 5.60758
      vertex 92.2912 0.468591 5.60758
      vertex 92.9424 0.903689 4.82946
    endloop
  endfacet
  facet normal 0.169598 -0.343817 -0.923594
    outer loop
      vertex 91.3269 3.7018 0.618763
      vertex 90.7381 4.21817 0.318419
      vertex 90.9643 4.32975 0.318419
    endloop
  endfacet
  facet normal 0.33865 -0.506873 -0.792714
    outer loop
      vertex 91.978 2.57394 1.48896
      vertex 91.6667 3.11317 1.01118
      vertex 92.4083 2.86143 1.48896
    endloop
  endfacet
  facet normal 0.438527 -0.889252 0.130094
    outer loop
      vertex 92.9424 0.903689 117.171
      vertex 92.2912 0.468591 116.392
      vertex 92.9936 0.814973 116.392
    endloop
  endfacet
  facet normal 0.550889 -0.824377 0.130091
    outer loop
      vertex 93.6447 1.25007 116.392
      vertex 92.9424 0.903689 117.171
      vertex 92.9936 0.814973 116.392
    endloop
  endfacet
  facet normal 0.694817 -0.60932 0.382045
    outer loop
      vertex 94.2692 2.72411 118.654
      vertex 93.8051 2.19489 118.654
      vertex 94.5075 2.54127 117.929
    endloop
  endfacet
  facet normal 0.481261 -0.720285 0.499577
    outer loop
      vertex 93.037 2.0421 119.333
      vertex 92.4944 1.67956 119.333
      vertex 93.2759 1.73078 118.654
    endloop
  endfacet
  facet normal 0.319427 -0.213347 0.923282
    outer loop
      vertex 91.6702 5.03568 121.682
      vertex 91.5301 4.82592 121.682
      vertex 92.1053 4.38451 121.381
    endloop
  endfacet
  facet normal 0.0169429 -0.258628 0.965828
    outer loop
      vertex 90.1528 4.83947 121.885
      vertex 90 4.82946 121.885
      vertex 90.2517 4.08786 121.682
    endloop
  endfacet
  facet normal -0 0.129977 0.991517
    outer loop
      vertex 6 57.1705 121.885
      vertex 90 56.3924 121.987
      vertex 90 57.1705 121.885
    endloop
  endfacet
  facet normal 0 0.129977 0.991517
    outer loop
      vertex 90 56.3924 121.987
      vertex 6 57.1705 121.885
      vertex 6 56.3924 121.987
    endloop
  endfacet
  facet normal -0.0419263 0.123304 0.991483
    outer loop
      vertex 5.69704 57.1307 121.885
      vertex 5.55205 57.0814 121.885
      vertex 5.89843 56.379 121.987
    endloop
  endfacet
  facet normal -0.466744 -0.532214 0.706327
    outer loop
      vertex 3.20263 3.20263 120.511
      vertex 2.81021 2.81021 119.956
      vertex 3.59169 2.86143 120.511
    endloop
  endfacet
  facet normal 0.313106 -0.634873 0.70633
    outer loop
      vertex 91.978 2.57394 120.511
      vertex 91.7263 1.83234 119.956
      vertex 92.2555 2.09333 119.956
    endloop
  endfacet
  facet normal 0.820347 -0.278388 0.499531
    outer loop
      vertex 94.8188 4.7088 119.333
      vertex 94.6091 4.09086 119.333
      vertex 94.9716 3.94069 118.654
    endloop
  endfacet
  facet normal 0.466724 -0.532245 0.706317
    outer loop
      vertex 92.7974 3.20263 120.511
      vertex 92.4083 2.86143 120.511
      vertex 93.1898 2.81021 119.956
    endloop
  endfacet
  facet normal 0.499326 -0.032707 0.865796
    outer loop
      vertex 93.3334 6 120.989
      vertex 92.6537 6 121.381
      vertex 93.3049 5.5649 120.989
    endloop
  endfacet
  facet normal 0.507022 -0.338714 0.792591
    outer loop
      vertex 92.8868 4.33329 120.989
      vertex 92.6446 3.97074 120.989
      vertex 93.1386 3.59169 120.511
    endloop
  endfacet
  facet normal 0.363706 -0.123485 0.923293
    outer loop
      vertex 92.5633 5.31316 121.381
      vertex 91.7818 5.26194 121.682
      vertex 92.4517 4.98446 121.381
    endloop
  endfacet
  facet normal 0.506966 -0.338747 0.792613
    outer loop
      vertex 93.4261 4.02196 120.511
      vertex 92.8868 4.33329 120.989
      vertex 93.1386 3.59169 120.511
    endloop
  endfacet
  facet normal -0.195912 0.577387 0.792618
    outer loop
      vertex 4.97609 59.8213 120.511
      vertex 4.72435 59.0797 120.989
      vertex 5.13725 59.2198 120.989
    endloop
  endfacet
  facet normal -0.0976655 0.490795 0.865784
    outer loop
      vertex 5.5649 59.3049 120.989
      vertex 5.13725 59.2198 120.989
      vertex 5.31316 58.5633 121.381
    endloop
  endfacet
  facet normal -0.143955 0.215532 0.965828
    outer loop
      vertex 5.03568 57.6702 121.682
      vertex 4.82592 57.5301 121.682
      vertex 5.41473 57.0137 121.885
    endloop
  endfacet
  facet normal -0.123473 0.363706 0.923294
    outer loop
      vertex 5.31316 58.5633 121.381
      vertex 5.26194 57.7818 121.682
      vertex 5.50083 57.8629 121.682
    endloop
  endfacet
  facet normal -0.02535 0.127745 0.991483
    outer loop
      vertex 5.84721 57.1605 121.885
      vertex 5.69704 57.1307 121.885
      vertex 5.89843 56.379 121.987
    endloop
  endfacet
  facet normal 0.12998 0.00850656 0.99148
    outer loop
      vertex 91.1605 56.1528 121.885
      vertex 90.3891 56.0512 121.987
      vertex 91.1705 56 121.885
    endloop
  endfacet
  facet normal 0.0979969 0.0858108 0.99148
    outer loop
      vertex 90.8277 56.8277 121.885
      vertex 90.2775 56.2775 121.987
      vertex 90.3113 56.2389 121.987
    endloop
  endfacet
  facet normal -0 0.383394 0.923585
    outer loop
      vertex 6 58.6537 121.381
      vertex 90 57.9286 121.682
      vertex 90 58.6537 121.381
    endloop
  endfacet
  facet normal 0 0.383394 0.923585
    outer loop
      vertex 90 57.9286 121.682
      vertex 6 58.6537 121.381
      vertex 6 57.9286 121.682
    endloop
  endfacet
  facet normal -0.0251212 0.383273 0.923293
    outer loop
      vertex 6 58.6537 121.381
      vertex 5.74826 57.9121 121.682
      vertex 6 57.9286 121.682
    endloop
  endfacet
  facet normal 0.712217 -0.35132 0.607718
    outer loop
      vertex 94.6091 4.09086 119.333
      vertex 94.1677 4.2737 119.956
      vertex 94.3204 3.50559 119.333
    endloop
  endfacet
  facet normal 0.776923 -0.383102 0.499624
    outer loop
      vertex 94.9716 3.94069 118.654
      vertex 94.3204 3.50559 119.333
      vertex 94.6603 3.30938 118.654
    endloop
  endfacet
  facet normal 0.947485 -0.188501 0.258339
    outer loop
      vertex 95.8344 5.23189 117.171
      vertex 95.633 5.2584 117.929
      vertex 95.6842 4.47692 117.171
    endloop
  endfacet
  facet normal 0.963986 -0.0631739 0.25834
    outer loop
      vertex 95.6816 6 117.929
      vertex 95.633 5.2584 117.929
      vertex 95.8344 5.23189 117.171
    endloop
  endfacet
  facet normal 0.922148 -0.060432 0.382087
    outer loop
      vertex 95.6816 6 117.929
      vertex 95.3812 6 118.654
      vertex 95.633 5.2584 117.929
    endloop
  endfacet
  facet normal 0.972454 0.193453 0.130034
    outer loop
      vertex 95.9359 56.7815 116.392
      vertex 95.7831 57.5496 116.392
      vertex 95.8344 56.7681 117.171
    endloop
  endfacet
  facet normal 0.964001 0.0631288 0.258296
    outer loop
      vertex 95.8344 56.7681 117.171
      vertex 95.6816 56 117.929
      vertex 95.8847 56 117.171
    endloop
  endfacet
  facet normal 0.972456 -0.19345 0.130027
    outer loop
      vertex 95.8344 5.23189 117.171
      vertex 95.7831 4.45041 116.392
      vertex 95.9359 5.21852 116.392
    endloop
  endfacet
  facet normal 0.97245 -0.193467 0.130044
    outer loop
      vertex 95.8344 5.23189 117.171
      vertex 95.6842 4.47692 117.171
      vertex 95.7831 4.45041 116.392
    endloop
  endfacet
  facet normal 0.745386 -0.653773 -0.130314
    outer loop
      vertex 94.2336 1.76644 5.60758
      vertex 94.1611 1.83888 4.82946
      vertex 94.6687 2.41761 4.82946
    endloop
  endfacet
  facet normal 0.653749 -0.745408 -0.130307
    outer loop
      vertex 94.2336 1.76644 5.60758
      vertex 93.5824 1.33134 4.82946
      vertex 94.1611 1.83888 4.82946
    endloop
  endfacet
  facet normal 0.875124 -0.297076 -0.381974
    outer loop
      vertex 95.2491 3.82575 4.07136
      vertex 95.1979 4.60723 3.34627
      vertex 95.488 4.5295 4.07136
    endloop
  endfacet
  facet normal 0.824427 -0.550795 -0.130174
    outer loop
      vertex 94.7499 2.35525 5.60758
      vertex 94.6687 2.41761 4.82946
      vertex 95.0963 3.05764 4.82946
    endloop
  endfacet
  facet normal 0.803281 -0.536667 0.25832
    outer loop
      vertex 94.9204 3.15921 117.929
      vertex 94.6687 2.41761 117.171
      vertex 95.0963 3.05764 117.171
    endloop
  endfacet
  facet normal 0.609308 -0.694831 0.382039
    outer loop
      vertex 93.8051 2.19489 118.654
      vertex 93.4587 1.4925 117.929
      vertex 94.0175 1.98252 117.929
    endloop
  endfacet
  facet normal 0.726269 -0.637006 0.258373
    outer loop
      vertex 94.5075 2.54127 117.929
      vertex 94.1611 1.83888 117.171
      vertex 94.6687 2.41761 117.171
    endloop
  endfacet
  facet normal 0.889242 -0.43855 0.130088
    outer loop
      vertex 95.5314 3.70881 116.392
      vertex 95.0963 3.05764 117.171
      vertex 95.185 3.00642 116.392
    endloop
  endfacet
  facet normal 0.866401 -0.427315 0.258362
    outer loop
      vertex 95.2491 3.82575 117.929
      vertex 95.0963 3.05764 117.171
      vertex 95.4368 3.74802 117.171
    endloop
  endfacet
  facet normal 0.745502 -0.653695 0.130037
    outer loop
      vertex 94.6687 2.41761 117.171
      vertex 94.2336 1.76644 116.392
      vertex 94.7499 2.35525 116.392
    endloop
  endfacet
  facet normal 0.751886 -0.659293 0
    outer loop
      vertex 94.2336 1.76644 116.392
      vertex 94.7499 2.35525 5.60758
      vertex 94.7499 2.35525 116.392
    endloop
  endfacet
  facet normal 0.751886 -0.659293 0
    outer loop
      vertex 94.7499 2.35525 5.60758
      vertex 94.2336 1.76644 116.392
      vertex 94.2336 1.76644 5.60758
    endloop
  endfacet
  facet normal 0.0631288 0.964001 0.258296
    outer loop
      vertex 90 61.8847 117.171
      vertex 90 61.6816 117.929
      vertex 90.7681 61.8344 117.171
    endloop
  endfacet
  facet normal 0.188494 0.947487 0.258336
    outer loop
      vertex 90.7681 61.8344 117.171
      vertex 90.7416 61.633 117.929
      vertex 91.5231 61.6842 117.171
    endloop
  endfacet
  facet normal -0.19345 0.972456 0.130027
    outer loop
      vertex 5.21852 61.9359 116.392
      vertex 4.45041 61.7831 116.392
      vertex 5.23189 61.8344 117.171
    endloop
  endfacet
  facet normal -0.0603932 0.922165 0.382053
    outer loop
      vertex 6 61.3812 118.654
      vertex 5.2584 61.633 117.929
      vertex 5.29761 61.3352 118.654
    endloop
  endfacet
  facet normal 0.065502 0.997852 -0
    outer loop
      vertex 90.7815 61.9359 5.60758
      vertex 90 61.9872 116.392
      vertex 90.7815 61.9359 116.392
    endloop
  endfacet
  facet normal 0.065502 0.997852 0
    outer loop
      vertex 90 61.9872 116.392
      vertex 90.7815 61.9359 5.60758
      vertex 90 61.9872 5.60758
    endloop
  endfacet
  facet normal 0.318665 0.938904 0.130041
    outer loop
      vertex 91.5496 61.7831 116.392
      vertex 91.5231 61.6842 117.171
      vertex 92.2912 61.5314 116.392
    endloop
  endfacet
  facet normal 0.31299 0.634872 0.706381
    outer loop
      vertex 91.7263 60.1677 119.956
      vertex 91.5139 59.6549 120.511
      vertex 91.978 59.4261 120.511
    endloop
  endfacet
  facet normal 0.032707 0.499326 0.865796
    outer loop
      vertex 90 59.3334 120.989
      vertex 90 58.6537 121.381
      vertex 90.4351 59.3049 120.989
    endloop
  endfacet
  facet normal 0.0631739 0.963987 0.258339
    outer loop
      vertex 90.7681 61.8344 117.171
      vertex 90 61.6816 117.929
      vertex 90.7416 61.633 117.929
    endloop
  endfacet
  facet normal 0.154925 0.778882 0.607734
    outer loop
      vertex 91.2912 60.8188 119.333
      vertex 90.6512 60.9461 119.333
      vertex 91.1675 60.3573 119.956
    endloop
  endfacet
  facet normal -0.221359 0.448755 0.865806
    outer loop
      vertex 4.72435 59.0797 120.989
      vertex 4.33329 58.8868 120.989
      vertex 4.98446 58.4517 121.381
    endloop
  endfacet
  facet normal -0 0.499594 0.86626
    outer loop
      vertex 6 59.3334 120.989
      vertex 90 58.6537 121.381
      vertex 90 59.3334 120.989
    endloop
  endfacet
  facet normal 0 0.499594 0.86626
    outer loop
      vertex 90 58.6537 121.381
      vertex 6 59.3334 120.989
      vertex 6 58.6537 121.381
    endloop
  endfacet
  facet normal -0.0519491 0.79244 0.607734
    outer loop
      vertex 6 60.511 119.956
      vertex 5.34883 60.9461 119.333
      vertex 5.41119 60.4724 119.956
    endloop
  endfacet
  facet normal -0.154908 0.778886 0.607734
    outer loop
      vertex 5.34883 60.9461 119.333
      vertex 4.83246 60.3573 119.956
      vertex 5.41119 60.4724 119.956
    endloop
  endfacet
  facet normal 0.0253451 0.127746 0.991483
    outer loop
      vertex 90.1528 57.1605 121.885
      vertex 90.1016 56.379 121.987
      vertex 90.303 57.1307 121.885
    endloop
  endfacet
  facet normal 0.232443 0.11468 0.965825
    outer loop
      vertex 91.6702 56.9643 121.682
      vertex 91.0137 56.5853 121.885
      vertex 91.7818 56.7381 121.682
    endloop
  endfacet
  facet normal 0.506985 0.338736 0.792606
    outer loop
      vertex 93.1386 58.4083 120.511
      vertex 92.8868 57.6667 120.989
      vertex 93.4261 57.978 120.511
    endloop
  endfacet
  facet normal 0.123297 0.04195 0.991483
    outer loop
      vertex 91.0814 56.4479 121.885
      vertex 90.379 56.1016 121.987
      vertex 91.1307 56.303 121.885
    endloop
  endfacet
  facet normal 0.416053 0.27809 0.865775
    outer loop
      vertex 92.8868 57.6667 120.989
      vertex 92.1053 57.6155 121.381
      vertex 92.2982 57.3269 121.381
    endloop
  endfacet
  facet normal 0.0858827 -0.0979208 0.991482
    outer loop
      vertex 90.8277 5.1723 121.885
      vertex 90.2389 5.68867 121.987
      vertex 90.7126 5.07135 121.885
    endloop
  endfacet
  facet normal 0.608426 0.0398533 0.792609
    outer loop
      vertex 93.9561 56 120.511
      vertex 93.3049 56.4351 120.989
      vertex 93.3334 56 120.989
    endloop
  endfacet
  facet normal 0.499326 0.032707 0.865796
    outer loop
      vertex 93.3049 56.4351 120.989
      vertex 92.6537 56 121.381
      vertex 93.3334 56 120.989
    endloop
  endfacet
  facet normal 0.127746 0.0253451 0.991483
    outer loop
      vertex 91.1307 56.303 121.885
      vertex 90.379 56.1016 121.987
      vertex 91.1605 56.1528 121.885
    endloop
  endfacet
  facet normal -0.550805 0.824443 0.130029
    outer loop
      vertex 3.05764 61.0963 117.171
      vertex 2.35525 60.7499 116.392
      vertex 2.41761 60.6687 117.171
    endloop
  endfacet
  facet normal -0.653695 0.745502 0.130037
    outer loop
      vertex 2.35525 60.7499 116.392
      vertex 1.76644 60.2336 116.392
      vertex 2.41761 60.6687 117.171
    endloop
  endfacet
  facet normal -0.91478 0.31053 0.258356
    outer loop
      vertex 0.563235 58.252 117.171
      vertex 0.315804 57.5231 117.171
      vertex 0.750903 58.1742 117.929
    endloop
  endfacet
  facet normal -0.875102 0.297083 0.38202
    outer loop
      vertex 1.02839 58.0593 118.654
      vertex 0.750903 58.1742 117.929
      vertex 0.802124 57.3928 118.654
    endloop
  endfacet
  facet normal -0.997859 0.0654015 0
    outer loop
      vertex 0.012846 56 5.60758
      vertex 0.0640669 56.7815 116.392
      vertex 0.0640669 56.7815 5.60758
    endloop
  endfacet
  facet normal -0.997859 0.0654015 0
    outer loop
      vertex 0.0640669 56.7815 116.392
      vertex 0.012846 56 5.60758
      vertex 0.012846 56 116.392
    endloop
  endfacet
  facet normal -0.972451 0.193424 0.130104
    outer loop
      vertex 0.216853 57.5496 116.392
      vertex 0.165632 56.7681 117.171
      vertex 0.315804 57.5231 117.171
    endloop
  endfacet
  facet normal -0.720286 0.481261 0.499576
    outer loop
      vertex 1.73078 59.2759 118.654
      vertex 1.33971 58.6906 118.654
      vertex 1.67956 58.4944 119.333
    endloop
  endfacet
  facet normal -0.720285 0.481261 0.499577
    outer loop
      vertex 1.73078 59.2759 118.654
      vertex 1.67956 58.4944 119.333
      vertex 2.0421 59.037 119.333
    endloop
  endfacet
  facet normal -0.393288 0.588591 0.706318
    outer loop
      vertex 3.74448 59.9067 119.956
      vertex 3.59169 59.1386 120.511
      vertex 4.02196 59.4261 120.511
    endloop
  endfacet
  facet normal -0.532263 0.466716 0.706309
    outer loop
      vertex 2.81021 59.1898 119.956
      vertex 2.42115 58.7461 119.956
      vertex 2.86143 58.4083 120.511
    endloop
  endfacet
  facet normal -0.255204 0.752031 0.607717
    outer loop
      vertex 4.7088 60.8188 119.333
      vertex 4.09086 60.6091 119.333
      vertex 4.2737 60.1677 119.956
    endloop
  endfacet
  facet normal -0.313111 0.634883 0.706318
    outer loop
      vertex 4.2737 60.1677 119.956
      vertex 3.74448 59.9067 119.956
      vertex 4.02196 59.4261 120.511
    endloop
  endfacet
  facet normal -0.660298 0.441212 0.607732
    outer loop
      vertex 2.42115 58.7461 119.956
      vertex 1.67956 58.4944 119.333
      vertex 2.09333 58.2555 119.956
    endloop
  endfacet
  facet normal -0.588593 -0.393275 0.706324
    outer loop
      vertex 2.86143 3.59169 120.511
      vertex 2.09333 3.74448 119.956
      vertex 2.42115 3.25385 119.956
    endloop
  endfacet
  facet normal 0.0169365 0.258789 -0.965785
    outer loop
      vertex 90.1528 57.1605 0.115288
      vertex 90 57.1705 0.115288
      vertex 90.2517 57.9121 0.318419
    endloop
  endfacet
  facet normal 0.318733 -0.213026 -0.923596
    outer loop
      vertex 92.1053 4.38451 0.618763
      vertex 91.6702 5.03568 0.318419
      vertex 92.2982 4.67313 0.618763
    endloop
  endfacet
  facet normal 0.13053 0 -0.991444
    outer loop
      vertex 90.3924 6 0.012846
      vertex 91.1705 56 0.115288
      vertex 91.1705 6 0.115288
    endloop
  endfacet
  facet normal 0.13053 0 -0.991444
    outer loop
      vertex 91.1705 56 0.115288
      vertex 90.3924 6 0.012846
      vertex 90.3924 56 0.012846
    endloop
  endfacet
  facet normal -0.117305 -0.0578629 -0.991409
    outer loop
      vertex 5.66016 5.80379 0.012846
      vertex 4.98628 5.41473 0.115288
      vertex 5.63745 5.84983 0.012846
    endloop
  endfacet
  facet normal 0.499724 -0.032733 -0.865566
    outer loop
      vertex 93.3049 5.5649 1.01118
      vertex 92.6537 6 0.618763
      vertex 93.3334 6 1.01118
    endloop
  endfacet
  facet normal 0.343859 -0.169538 -0.92359
    outer loop
      vertex 92.2982 4.67313 0.618763
      vertex 91.7818 5.26194 0.318419
      vertex 92.4517 4.98446 0.618763
    endloop
  endfacet
  facet normal 0.269626 -0.546722 -0.792715
    outer loop
      vertex 91.978 2.57394 1.48896
      vertex 91.5139 2.34506 1.48896
      vertex 91.6667 3.11317 1.01118
    endloop
  endfacet
  facet normal 0.393238 -0.588578 -0.706357
    outer loop
      vertex 92.2555 2.09333 2.04392
      vertex 91.978 2.57394 1.48896
      vertex 92.4083 2.86143 1.48896
    endloop
  endfacet
  facet normal 0.254378 -0.0505815 -0.965781
    outer loop
      vertex 91.8629 5.50083 0.318419
      vertex 91.1307 5.69704 0.115288
      vertex 91.9121 5.74826 0.318419
    endloop
  endfacet
  facet normal 0.634859 -0.31297 -0.706401
    outer loop
      vertex 94.1677 4.2737 2.04392
      vertex 93.4261 4.02196 1.48896
      vertex 93.6549 4.48608 1.48896
    endloop
  endfacet
  facet normal 0.0169531 -0.258784 -0.965786
    outer loop
      vertex 90.2517 4.08786 0.318419
      vertex 90 4.82946 0.115288
      vertex 90.1528 4.83947 0.115288
    endloop
  endfacet
  facet normal 0.128289 -0.0254579 -0.99141
    outer loop
      vertex 91.1307 5.69704 0.115288
      vertex 90.379 5.89843 0.012846
      vertex 91.1605 5.84721 0.115288
    endloop
  endfacet
  facet normal 0.0604438 -0.922189 -0.381987
    outer loop
      vertex 90.7416 0.367025 4.07136
      vertex 90 0.618763 3.34627
      vertex 90.7024 0.664801 3.34627
    endloop
  endfacet
  facet normal -0.0747928 -0.376018 -0.923589
    outer loop
      vertex 5.65362 3.36897 0.618763
      vertex 5.31316 3.43669 0.618763
      vertex 5.74826 4.08786 0.318419
    endloop
  endfacet
  facet normal 0.0398713 -0.608274 -0.792725
    outer loop
      vertex 90.4351 2.6951 1.01118
      vertex 90 2.04392 1.48896
      vertex 90 2.66658 1.01118
    endloop
  endfacet
  facet normal 0.866441 -0.42728 -0.258285
    outer loop
      vertex 95.0963 3.05764 4.82946
      vertex 94.9204 3.15921 4.07136
      vertex 95.2491 3.82575 4.07136
    endloop
  endfacet
  facet normal 0.914798 -0.310497 -0.258333
    outer loop
      vertex 95.4368 3.74802 4.82946
      vertex 95.2491 3.82575 4.07136
      vertex 95.6842 4.47692 4.82946
    endloop
  endfacet
  facet normal 0.972431 -0.193464 -0.130188
    outer loop
      vertex 95.7831 4.45041 5.60758
      vertex 95.6842 4.47692 4.82946
      vertex 95.8344 5.23189 4.82946
    endloop
  endfacet
  facet normal 0.947501 -0.188486 -0.258291
    outer loop
      vertex 95.6842 4.47692 4.82946
      vertex 95.488 4.5295 4.07136
      vertex 95.633 5.2584 4.07136
    endloop
  endfacet
  facet normal -0.0631744 0.963995 -0.258308
    outer loop
      vertex 5.2584 61.633 4.07136
      vertex 5.23189 61.8344 4.82946
      vertex 6 61.6816 4.07136
    endloop
  endfacet
  facet normal -0.408744 0.828855 -0.382005
    outer loop
      vertex 3.94069 60.9716 3.34627
      vertex 3.15921 60.9204 4.07136
      vertex 3.82575 61.2491 4.07136
    endloop
  endfacet
  facet normal -0.438542 0.889225 -0.130232
    outer loop
      vertex 3.05764 61.0963 4.82946
      vertex 3.00642 61.185 5.60758
      vertex 3.70881 61.5314 5.60758
    endloop
  endfacet
  facet normal -0.442309 0.896863 0
    outer loop
      vertex 3.70881 61.5314 5.60758
      vertex 3.00642 61.185 116.392
      vertex 3.70881 61.5314 116.392
    endloop
  endfacet
  facet normal -0.442309 0.896863 0
    outer loop
      vertex 3.00642 61.185 116.392
      vertex 3.70881 61.5314 5.60758
      vertex 3.00642 61.185 5.60758
    endloop
  endfacet
  facet normal -0.0655037 0.997852 0
    outer loop
      vertex 6 61.9872 5.60758
      vertex 5.21852 61.9359 116.392
      vertex 6 61.9872 116.392
    endloop
  endfacet
  facet normal -0.0655037 0.997852 0
    outer loop
      vertex 5.21852 61.9359 116.392
      vertex 6 61.9872 5.60758
      vertex 5.21852 61.9359 5.60758
    endloop
  endfacet
  facet normal -0.297103 0.875083 0.382048
    outer loop
      vertex 4.60723 61.1979 118.654
      vertex 3.82575 61.2491 117.929
      vertex 3.94069 60.9716 118.654
    endloop
  endfacet
  facet normal -0.278489 0.820256 0.499624
    outer loop
      vertex 4.60723 61.1979 118.654
      vertex 3.94069 60.9716 118.654
      vertex 4.7088 60.8188 119.333
    endloop
  endfacet
  facet normal -0.383102 0.776923 0.499624
    outer loop
      vertex 3.94069 60.9716 118.654
      vertex 3.30938 60.6603 118.654
      vertex 3.50559 60.3204 119.333
    endloop
  endfacet
  facet normal -0.408737 0.82884 0.382046
    outer loop
      vertex 3.82575 61.2491 117.929
      vertex 3.15921 60.9204 117.929
      vertex 3.94069 60.9716 118.654
    endloop
  endfacet
  facet normal -0.35132 0.712217 0.607718
    outer loop
      vertex 4.09086 60.6091 119.333
      vertex 3.50559 60.3204 119.333
      vertex 4.2737 60.1677 119.956
    endloop
  endfacet
  facet normal -0.227605 0.670244 0.706378
    outer loop
      vertex 4.97609 59.8213 120.511
      vertex 4.2737 60.1677 119.956
      vertex 4.48608 59.6549 120.511
    endloop
  endfacet
  facet normal -0.180312 0.906412 -0.381974
    outer loop
      vertex 4.60723 61.1979 3.34627
      vertex 4.5295 61.488 4.07136
      vertex 5.2584 61.633 4.07136
    endloop
  endfacet
  facet normal -0.193464 0.972431 -0.130188
    outer loop
      vertex 4.47692 61.6842 4.82946
      vertex 4.45041 61.7831 5.60758
      vertex 5.23189 61.8344 4.82946
    endloop
  endfacet
  facet normal 0.0519394 0.792278 -0.607945
    outer loop
      vertex 90.5888 60.4724 2.04392
      vertex 90 60.511 2.04392
      vertex 90.6512 60.9461 2.66658
    endloop
  endfacet
  facet normal 0.297096 0.875122 -0.381963
    outer loop
      vertex 92.1742 61.2491 4.07136
      vertex 91.3928 61.1979 3.34627
      vertex 91.4705 61.488 4.07136
    endloop
  endfacet
  facet normal 0 0.923853 -0.382746
    outer loop
      vertex 90 61.3812 3.34627
      vertex 6 61.6816 4.07136
      vertex 90 61.6816 4.07136
    endloop
  endfacet
  facet normal 0 0.923853 -0.382746
    outer loop
      vertex 6 61.6816 4.07136
      vertex 90 61.3812 3.34627
      vertex 6 61.3812 3.34627
    endloop
  endfacet
  facet normal 0.0398417 0.60825 -0.792745
    outer loop
      vertex 90.4351 59.3049 1.01118
      vertex 90 59.3334 1.01118
      vertex 90 59.9561 1.48896
    endloop
  endfacet
  facet normal 0.154883 0.778723 -0.607949
    outer loop
      vertex 91.1675 60.3573 2.04392
      vertex 90.5888 60.4724 2.04392
      vertex 90.6512 60.9461 2.66658
    endloop
  endfacet
  facet normal -0.169025 0.849814 -0.499246
    outer loop
      vertex 4.7088 60.8188 2.66658
      vertex 4.60723 61.1979 3.34627
      vertex 5.34883 60.9461 2.66658
    endloop
  endfacet
  facet normal -0.0566983 0.864643 -0.499177
    outer loop
      vertex 6 60.9888 2.66658
      vertex 5.34883 60.9461 2.66658
      vertex 6 61.3812 3.34627
    endloop
  endfacet
  facet normal -0.338649 0.50682 -0.792749
    outer loop
      vertex 4.33329 58.8868 1.01118
      vertex 3.59169 59.1386 1.48896
      vertex 4.02196 59.4261 1.48896
    endloop
  endfacet
  facet normal -0.255129 0.751876 -0.60794
    outer loop
      vertex 4.83246 60.3573 2.04392
      vertex 4.2737 60.1677 2.04392
      vertex 4.7088 60.8188 2.66658
    endloop
  endfacet
  facet normal -0.637011 0.726276 -0.258341
    outer loop
      vertex 2.54127 60.5075 4.07136
      vertex 1.83888 60.1611 4.82946
      vertex 2.41761 60.6687 4.82946
    endloop
  endfacet
  facet normal -0.536715 0.80324 -0.258346
    outer loop
      vertex 2.54127 60.5075 4.07136
      vertex 2.41761 60.6687 4.82946
      vertex 3.15921 60.9204 4.07136
    endloop
  endfacet
  facet normal -0.383199 0.77712 -0.499243
    outer loop
      vertex 3.50559 60.3204 2.66658
      vertex 3.30938 60.6603 3.34627
      vertex 3.94069 60.9716 3.34627
    endloop
  endfacet
  facet normal -0.481412 0.720419 -0.499239
    outer loop
      vertex 3.50559 60.3204 2.66658
      vertex 2.72411 60.2692 3.34627
      vertex 3.30938 60.6603 3.34627
    endloop
  endfacet
  facet normal -0.278559 0.820464 -0.499244
    outer loop
      vertex 4.7088 60.8188 2.66658
      vertex 3.94069 60.9716 3.34627
      vertex 4.60723 61.1979 3.34627
    endloop
  endfacet
  facet normal -0.297109 0.875098 -0.382007
    outer loop
      vertex 3.94069 60.9716 3.34627
      vertex 3.82575 61.2491 4.07136
      vertex 4.60723 61.1979 3.34627
    endloop
  endfacet
  facet normal 0.383312 0.777114 -0.499165
    outer loop
      vertex 92.4944 60.3204 2.66658
      vertex 91.9091 60.6091 2.66658
      vertex 92.0593 60.9716 3.34627
    endloop
  endfacet
  facet normal 0.383205 0.777119 -0.499239
    outer loop
      vertex 92.4944 60.3204 2.66658
      vertex 92.0593 60.9716 3.34627
      vertex 92.6906 60.6603 3.34627
    endloop
  endfacet
  facet normal 0.193456 0.972433 -0.130186
    outer loop
      vertex 91.5231 61.6842 4.82946
      vertex 90.7681 61.8344 4.82946
      vertex 91.5496 61.7831 5.60758
    endloop
  endfacet
  facet normal 0.318659 0.938886 -0.130186
    outer loop
      vertex 92.2912 61.5314 5.60758
      vertex 91.5231 61.6842 4.82946
      vertex 91.5496 61.7831 5.60758
    endloop
  endfacet
  facet normal 0.169005 0.849828 -0.499229
    outer loop
      vertex 91.3928 61.1979 3.34627
      vertex 90.6512 60.9461 2.66658
      vertex 90.7024 61.3352 3.34627
    endloop
  endfacet
  facet normal 0.25511 0.751874 -0.607951
    outer loop
      vertex 91.7263 60.1677 2.04392
      vertex 91.1675 60.3573 2.04392
      vertex 91.2912 60.8188 2.66658
    endloop
  endfacet
  facet normal 0.227453 0.670362 -0.706314
    outer loop
      vertex 91.7263 60.1677 2.04392
      vertex 91.0239 59.8213 1.48896
      vertex 91.1675 60.3573 2.04392
    endloop
  endfacet
  facet normal 0.154893 0.778725 -0.607943
    outer loop
      vertex 91.1675 60.3573 2.04392
      vertex 90.6512 60.9461 2.66658
      vertex 91.2912 60.8188 2.66658
    endloop
  endfacet
  facet normal 0.670238 0.227607 0.706382
    outer loop
      vertex 94.1677 57.7263 119.956
      vertex 93.6549 57.5139 120.511
      vertex 93.8213 57.0239 120.511
    endloop
  endfacet
  facet normal 0.634872 0.31299 0.706381
    outer loop
      vertex 94.1677 57.7263 119.956
      vertex 93.4261 57.978 120.511
      vertex 93.6549 57.5139 120.511
    endloop
  endfacet
  facet normal 0.546886 0.269613 0.792606
    outer loop
      vertex 93.4261 57.978 120.511
      vertex 92.8868 57.6667 120.989
      vertex 93.6549 57.5139 120.511
    endloop
  endfacet
  facet normal 0.402053 0.458411 0.792599
    outer loop
      vertex 92.7974 58.7974 120.511
      vertex 92.0293 58.6446 120.989
      vertex 92.3571 58.3571 120.989
    endloop
  endfacet
  facet normal 0.35131 0.712234 0.607704
    outer loop
      vertex 91.9091 60.6091 119.333
      vertex 91.7263 60.1677 119.956
      vertex 92.4944 60.3204 119.333
    endloop
  endfacet
  facet normal 0.441136 0.660304 0.607781
    outer loop
      vertex 93.037 59.9579 119.333
      vertex 92.4944 60.3204 119.333
      vertex 92.7461 59.5788 119.956
    endloop
  endfacet
  facet normal 0.720318 0.48123 0.499559
    outer loop
      vertex 94.2692 59.2759 118.654
      vertex 93.9579 59.037 119.333
      vertex 94.3204 58.4944 119.333
    endloop
  endfacet
  facet normal 0.66028 0.441308 0.607682
    outer loop
      vertex 94.3204 58.4944 119.333
      vertex 93.5788 58.7461 119.956
      vertex 93.9067 58.2555 119.956
    endloop
  endfacet
  facet normal 0.72025 0.481274 0.499615
    outer loop
      vertex 94.6603 58.6906 118.654
      vertex 94.2692 59.2759 118.654
      vertex 94.3204 58.4944 119.333
    endloop
  endfacet
  facet normal 0.768396 0.513445 0.382023
    outer loop
      vertex 94.5075 59.4587 117.929
      vertex 94.2692 59.2759 118.654
      vertex 94.6603 58.6906 118.654
    endloop
  endfacet
  facet normal 0.866445 0.427244 0.258332
    outer loop
      vertex 95.0963 58.9424 117.171
      vertex 94.9204 58.8408 117.929
      vertex 95.2491 58.1742 117.929
    endloop
  endfacet
  facet normal 0.824435 0.550826 0.129988
    outer loop
      vertex 94.7499 59.6447 116.392
      vertex 94.6687 59.5824 117.171
      vertex 95.0963 58.9424 117.171
    endloop
  endfacet
  facet normal 0.6538 0.745378 0.130219
    outer loop
      vertex 94.2336 60.2336 116.392
      vertex 93.5824 60.6687 117.171
      vertex 94.1611 60.1611 117.171
    endloop
  endfacet
  facet normal 0.653643 0.745556 0.129989
    outer loop
      vertex 93.6447 60.7499 116.392
      vertex 93.5824 60.6687 117.171
      vertex 94.2336 60.2336 116.392
    endloop
  endfacet
  facet normal 0.745378 0.6538 0.130219
    outer loop
      vertex 94.2336 60.2336 116.392
      vertex 94.1611 60.1611 117.171
      vertex 94.6687 59.5824 117.171
    endloop
  endfacet
  facet normal 0.726247 0.637019 0.258404
    outer loop
      vertex 94.6687 59.5824 117.171
      vertex 94.1611 60.1611 117.171
      vertex 94.5075 59.4587 117.929
    endloop
  endfacet
  facet normal 0.792438 0.0519499 0.607736
    outer loop
      vertex 94.9461 56.6512 119.333
      vertex 94.4724 56.5888 119.956
      vertex 94.511 56 119.956
    endloop
  endfacet
  facet normal 0.849594 0.16899 0.499632
    outer loop
      vertex 95.1979 57.3928 118.654
      vertex 94.8188 57.2912 119.333
      vertex 94.9461 56.6512 119.333
    endloop
  endfacet
  facet normal 0.408716 0.828855 0.382034
    outer loop
      vertex 92.8408 60.9204 117.929
      vertex 92.0593 60.9716 118.654
      vertex 92.6906 60.6603 118.654
    endloop
  endfacet
  facet normal 0.297091 0.875106 0.382003
    outer loop
      vertex 91.4705 61.488 117.929
      vertex 91.3928 61.1979 118.654
      vertex 92.1742 61.2491 117.929
    endloop
  endfacet
  facet normal -0.144042 0.215662 -0.965786
    outer loop
      vertex 5.41473 57.0137 0.115288
      vertex 4.82592 57.5301 0.318419
      vertex 5.03568 57.6702 0.318419
    endloop
  endfacet
  facet normal -0.0983379 0.0862485 -0.991409
    outer loop
      vertex 5.68867 56.2389 0.012846
      vertex 5.07135 56.7126 0.115288
      vertex 5.1723 56.8277 0.115288
    endloop
  endfacet
  facet normal -0.114722 0.23259 -0.965785
    outer loop
      vertex 5.41473 57.0137 0.115288
      vertex 5.03568 57.6702 0.318419
      vertex 5.26194 57.7818 0.318419
    endloop
  endfacet
  facet normal -0.123256 0.36303 -0.923589
    outer loop
      vertex 5.26194 57.7818 0.318419
      vertex 4.98446 58.4517 0.618763
      vertex 5.31316 58.5633 0.618763
    endloop
  endfacet
  facet normal -0.13808 0.694273 -0.706342
    outer loop
      vertex 5.48363 59.9222 1.48896
      vertex 4.83246 60.3573 2.04392
      vertex 5.41119 60.4724 2.04392
    endloop
  endfacet
  facet normal -0.0463058 0.706355 -0.706341
    outer loop
      vertex 5.48363 59.9222 1.48896
      vertex 5.41119 60.4724 2.04392
      vertex 6 60.511 2.04392
    endloop
  endfacet
  facet normal 0.849828 0.169005 -0.499229
    outer loop
      vertex 95.3352 56.7024 3.34627
      vertex 94.9461 56.6512 2.66658
      vertex 95.1979 57.3928 3.34627
    endloop
  endfacet
  facet normal 0.922182 0.0603935 -0.382012
    outer loop
      vertex 95.3812 56 3.34627
      vertex 95.3352 56.7024 3.34627
      vertex 95.633 56.7416 4.07136
    endloop
  endfacet
  facet normal 0.972436 0.193449 -0.130178
    outer loop
      vertex 95.8344 56.7681 4.82946
      vertex 95.7831 57.5496 5.60758
      vertex 95.9359 56.7815 5.60758
    endloop
  endfacet
  facet normal 0.989362 0.0649447 -0.130173
    outer loop
      vertex 95.9872 56 5.60758
      vertex 95.8344 56.7681 4.82946
      vertex 95.9359 56.7815 5.60758
    endloop
  endfacet
  facet normal 0.82442 0.550815 -0.130132
    outer loop
      vertex 95.0963 58.9424 4.82946
      vertex 94.6687 59.5824 4.82946
      vertex 94.7499 59.6447 5.60758
    endloop
  endfacet
  facet normal 0.694849 0.609298 -0.382023
    outer loop
      vertex 94.5075 59.4587 4.07136
      vertex 93.8051 59.8051 3.34627
      vertex 94.0175 60.0175 4.07136
    endloop
  endfacet
  facet normal 0.401937 0.458278 -0.792734
    outer loop
      vertex 92.3571 58.3571 1.01118
      vertex 92.0293 58.6446 1.01118
      vertex 92.7974 58.7974 1.48896
    endloop
  endfacet
  facet normal 0.393373 0.588561 -0.706296
    outer loop
      vertex 92.4083 59.1386 1.48896
      vertex 92.2555 59.9067 2.04392
      vertex 92.7461 59.5788 2.04392
    endloop
  endfacet
  facet normal 0.466683 0.532307 -0.706298
    outer loop
      vertex 93.1898 59.1898 2.04392
      vertex 92.4083 59.1386 1.48896
      vertex 92.7461 59.5788 2.04392
    endloop
  endfacet
  facet normal 0.499716 -0.0327489 -0.86557
    outer loop
      vertex 93.3049 5.5649 1.01118
      vertex 92.631 5.65362 0.618763
      vertex 92.6537 6 0.618763
    endloop
  endfacet
  facet normal 0.458336 0.401912 -0.792714
    outer loop
      vertex 93.1386 58.4083 1.48896
      vertex 92.6446 58.0293 1.01118
      vertex 92.7974 58.7974 1.48896
    endloop
  endfacet
  facet normal 0.726253 0.637025 -0.258372
    outer loop
      vertex 94.5075 59.4587 4.07136
      vertex 94.1611 60.1611 4.82946
      vertex 94.6687 59.5824 4.82946
    endloop
  endfacet
  facet normal 0.653787 0.745364 -0.130364
    outer loop
      vertex 94.1611 60.1611 4.82946
      vertex 93.5824 60.6687 4.82946
      vertex 94.2336 60.2336 5.60758
    endloop
  endfacet
  facet normal 0.914791 0.310494 -0.25836
    outer loop
      vertex 95.6842 57.5231 4.82946
      vertex 95.2491 58.1742 4.07136
      vertex 95.4368 58.252 4.82946
    endloop
  endfacet
  facet normal 0.660147 0.441219 -0.607892
    outer loop
      vertex 93.9067 58.2555 2.04392
      vertex 93.5788 58.7461 2.04392
      vertex 94.3204 58.4944 2.66658
    endloop
  endfacet
  facet normal 0.596992 0.523394 -0.607996
    outer loop
      vertex 93.5788 58.7461 2.04392
      vertex 93.1898 59.1898 2.04392
      vertex 93.9579 59.037 2.66658
    endloop
  endfacet
  facet normal 0.597014 0.523443 -0.607932
    outer loop
      vertex 93.6 59.1355 2.4
      vertex 93.1898 59.1898 2.04392
      vertex 93.383 59.383 2.4
    endloop
  endfacet
  facet normal 0.596793 0.52411 -0.607575
    outer loop
      vertex 93.1898 59.1898 2.04392
      vertex 93.6 59.1355 2.4
      vertex 93.9579 59.037 2.66658
    endloop
  endfacet
  facet normal 0.596923 0.523496 -0.607976
    outer loop
      vertex 93.9579 59.037 2.66658
      vertex 93.6 59.1355 2.4
      vertex 93.6 59.4451 2.66658
    endloop
  endfacet
  facet normal 0.546727 0.269535 -0.792742
    outer loop
      vertex 93.6549 57.5139 1.48896
      vertex 92.8868 57.6667 1.01118
      vertex 93.4261 57.978 1.48896
    endloop
  endfacet
  facet normal 0.588561 0.393373 -0.706296
    outer loop
      vertex 93.9067 58.2555 2.04392
      vertex 93.1386 58.4083 1.48896
      vertex 93.5788 58.7461 2.04392
    endloop
  endfacet
  facet normal 0.989352 0.064789 -0.130325
    outer loop
      vertex 95.8847 56 4.82946
      vertex 95.8344 56.7681 4.82946
      vertex 95.9872 56 5.60758
    endloop
  endfacet
  facet normal 0.964009 0.0631294 -0.258264
    outer loop
      vertex 95.8847 56 4.82946
      vertex 95.6816 56 4.07136
      vertex 95.8344 56.7681 4.82946
    endloop
  endfacet
  facet normal 0.707145 0 -0.707069
    outer loop
      vertex 94.511 6 2.04392
      vertex 93.9561 56 1.48896
      vertex 94.511 56 2.04392
    endloop
  endfacet
  facet normal 0.707145 0 -0.707069
    outer loop
      vertex 93.9561 56 1.48896
      vertex 94.511 6 2.04392
      vertex 93.9561 6 1.48896
    endloop
  endfacet
  facet normal 0.608734 0 -0.793375
    outer loop
      vertex 93.3334 6 1.01118
      vertex 93.9561 56 1.48896
      vertex 93.9561 6 1.48896
    endloop
  endfacet
  facet normal 0.608734 0 -0.793375
    outer loop
      vertex 93.9561 56 1.48896
      vertex 93.3334 6 1.01118
      vertex 93.3334 56 1.01118
    endloop
  endfacet
  facet normal 0.63486 -0.313099 -0.706344
    outer loop
      vertex 93.9067 3.74448 2.04392
      vertex 93.4261 4.02196 1.48896
      vertex 94.1677 4.2737 2.04392
    endloop
  endfacet
  facet normal 0.660181 -0.441062 -0.607968
    outer loop
      vertex 93.9579 2.963 2.66658
      vertex 93.5788 3.25385 2.04392
      vertex 94.3204 3.50559 2.66658
    endloop
  endfacet
  facet normal 0.864643 -0.0566983 -0.499177
    outer loop
      vertex 95.3812 6 3.34627
      vertex 94.9461 5.34883 2.66658
      vertex 94.9888 6 2.66658
    endloop
  endfacet
  facet normal 0.706355 -0.0463058 -0.706341
    outer loop
      vertex 94.4724 5.41119 2.04392
      vertex 93.9222 5.48363 1.48896
      vertex 94.511 6 2.04392
    endloop
  endfacet
  facet normal 0.922181 -0.0603943 -0.382013
    outer loop
      vertex 95.633 5.2584 4.07136
      vertex 95.3352 5.29761 3.34627
      vertex 95.3812 6 3.34627
    endloop
  endfacet
  facet normal 0.922165 -0.0604331 -0.382047
    outer loop
      vertex 95.633 5.2584 4.07136
      vertex 95.3812 6 3.34627
      vertex 95.6816 6 4.07136
    endloop
  endfacet
  facet normal -0.989358 0.064846 -0.130252
    outer loop
      vertex 0.115288 56 4.82946
      vertex 0.012846 56 5.60758
      vertex 0.165632 56.7681 4.82946
    endloop
  endfacet
  facet normal -0.875122 0.297083 -0.381973
    outer loop
      vertex 0.802124 57.3928 3.34627
      vertex 0.512014 57.4705 4.07136
      vertex 0.750903 58.1742 4.07136
    endloop
  endfacet
  facet normal -0.923879 0 -0.382685
    outer loop
      vertex 0.618763 6 3.34627
      vertex 0.318419 56 4.07136
      vertex 0.618763 56 3.34627
    endloop
  endfacet
  facet normal -0.923879 -0 -0.382685
    outer loop
      vertex 0.318419 56 4.07136
      vertex 0.618763 6 3.34627
      vertex 0.318419 6 4.07136
    endloop
  endfacet
  facet normal -0.820502 -0.278531 -0.499196
    outer loop
      vertex 1.02839 3.94069 3.34627
      vertex 0.802124 4.60723 3.34627
      vertex 1.18117 4.7088 2.66658
    endloop
  endfacet
  facet normal -0.866027 0 -0.499998
    outer loop
      vertex 1.01118 6 2.66658
      vertex 0.618763 56 3.34627
      vertex 1.01118 56 2.66658
    endloop
  endfacet
  facet normal -0.866027 -0 -0.499998
    outer loop
      vertex 0.618763 56 3.34627
      vertex 1.01118 6 2.66658
      vertex 0.618763 6 3.34627
    endloop
  endfacet
  facet normal -0.803254 -0.536713 -0.258308
    outer loop
      vertex 1.33134 2.41761 4.82946
      vertex 0.903689 3.05764 4.82946
      vertex 1.07961 3.15921 4.07136
    endloop
  endfacet
  facet normal -0.777131 -0.383248 -0.499188
    outer loop
      vertex 1.67956 3.50559 2.66658
      vertex 1.02839 3.94069 3.34627
      vertex 1.39093 4.09086 2.66658
    endloop
  endfacet
  facet normal -0.922189 -0.0604446 -0.381988
    outer loop
      vertex 0.664801 5.29761 3.34627
      vertex 0.367025 5.2584 4.07136
      vertex 0.618763 6 3.34627
    endloop
  endfacet
  facet normal -0.608274 -0.0398713 -0.792725
    outer loop
      vertex 2.6951 5.5649 1.01118
      vertex 2.04392 6 1.48896
      vertex 2.66658 6 1.01118
    endloop
  endfacet
  facet normal 0 -0.965926 -0.258818
    outer loop
      vertex 6 0.318419 4.07136
      vertex 90 0.115288 4.82946
      vertex 6 0.115288 4.82946
    endloop
  endfacet
  facet normal 0 -0.965926 -0.258818
    outer loop
      vertex 90 0.115288 4.82946
      vertex 6 0.318419 4.07136
      vertex 90 0.318419 4.07136
    endloop
  endfacet
  facet normal -0.193431 -0.972449 0.130107
    outer loop
      vertex 5.23189 0.165632 117.171
      vertex 4.45041 0.216853 116.392
      vertex 5.21852 0.0640669 116.392
    endloop
  endfacet
  facet normal -0.188469 -0.947502 -0.258299
    outer loop
      vertex 5.23189 0.165632 4.82946
      vertex 4.47692 0.315804 4.82946
      vertex 5.2584 0.367025 4.07136
    endloop
  endfacet
  facet normal -0.474224 -0.160979 -0.865562
    outer loop
      vertex 3.54827 4.98446 0.618763
      vertex 2.92032 4.72435 1.01118
      vertex 3.43669 5.31316 0.618763
    endloop
  endfacet
  facet normal -0.0169614 -0.25878 -0.965787
    outer loop
      vertex 6 4.07136 0.318419
      vertex 5.74826 4.08786 0.318419
      vertex 6 4.82946 0.115288
    endloop
  endfacet
  facet normal -0.330193 -0.376524 -0.865565
    outer loop
      vertex 3.97074 3.35542 1.01118
      vertex 3.64291 3.64291 1.01118
      vertex 4.12353 4.12353 0.618763
    endloop
  endfacet
  facet normal -0.376026 0.0747798 -0.923587
    outer loop
      vertex 4.08786 56.2517 0.318419
      vertex 3.43669 56.6868 0.618763
      vertex 4.13708 56.4992 0.318419
    endloop
  endfacet
  facet normal -0.245578 0.0833566 -0.965786
    outer loop
      vertex 4.86934 56.303 0.115288
      vertex 4.13708 56.4992 0.318419
      vertex 4.21817 56.7381 0.318419
    endloop
  endfacet
  facet normal 0 0 -1
    outer loop
      vertex 90 5.60758 0.012846
      vertex 90.3924 6 0.012846
      vertex 90.3891 5.94878 0.012846
    endloop
  endfacet
  facet normal 0 0 -1
    outer loop
      vertex 90.3924 6 0.012846
      vertex 79.5 31 0.012846
      vertex 90.3924 56 0.012846
    endloop
  endfacet
  facet normal 0 0 -1
    outer loop
      vertex 90 5.60758 0.012846
      vertex 90.3891 5.94878 0.012846
      vertex 90.379 5.89843 0.012846
    endloop
  endfacet
  facet normal 0 0 -1
    outer loop
      vertex 79.4358 31.9789 0.012846
      vertex 90.3924 56 0.012846
      vertex 79.5 31 0.012846
    endloop
  endfacet
  facet normal 0 0 -1
    outer loop
      vertex 90 5.60758 0.012846
      vertex 90.379 5.89843 0.012846
      vertex 90.3625 5.84983 0.012846
    endloop
  endfacet
  facet normal 0 0 -1
    outer loop
      vertex 79.2444 32.9411 0.012846
      vertex 90.3924 56 0.012846
      vertex 79.4358 31.9789 0.012846
    endloop
  endfacet
  facet normal 0 0 -1
    outer loop
      vertex 90 5.60758 0.012846
      vertex 90.3625 5.84983 0.012846
      vertex 90.3398 5.80379 0.012846
    endloop
  endfacet
  facet normal 0 0 -1
    outer loop
      vertex 78.9291 33.8701 0.012846
      vertex 90.3924 56 0.012846
      vertex 79.2444 32.9411 0.012846
    endloop
  endfacet
  facet normal 0 0 -1
    outer loop
      vertex 90 5.60758 0.012846
      vertex 90.3398 5.80379 0.012846
      vertex 90.3113 5.76111 0.012846
    endloop
  endfacet
  facet normal 0 0 -1
    outer loop
      vertex 78.4952 34.75 0.012846
      vertex 90.3924 56 0.012846
      vertex 78.9291 33.8701 0.012846
    endloop
  endfacet
  facet normal 0 0 -1
    outer loop
      vertex 90 5.60758 0.012846
      vertex 90.3113 5.76111 0.012846
      vertex 90.2775 5.72252 0.012846
    endloop
  endfacet
  facet normal 0 0 -1
    outer loop
      vertex 77.9501 35.5657 0.012846
      vertex 90.3924 56 0.012846
      vertex 78.4952 34.75 0.012846
    endloop
  endfacet
  facet normal 0 0 -1
    outer loop
      vertex 90 5.60758 0.012846
      vertex 90.2775 5.72252 0.012846
      vertex 90.2389 5.68867 0.012846
    endloop
  endfacet
  facet normal 0 0 -1
    outer loop
      vertex 77.3033 36.3033 0.012846
      vertex 90.3924 56 0.012846
      vertex 77.9501 35.5657 0.012846
    endloop
  endfacet
  facet normal 0 0 -1
    outer loop
      vertex 90 5.60758 0.012846
      vertex 90.2389 5.68867 0.012846
      vertex 90.1962 5.66016 0.012846
    endloop
  endfacet
  facet normal 0 0 -1
    outer loop
      vertex 76.5657 36.9501 0.012846
      vertex 90.3924 56 0.012846
      vertex 77.3033 36.3033 0.012846
    endloop
  endfacet
  facet normal 0 0 -1
    outer loop
      vertex 90 5.60758 0.012846
      vertex 90.1962 5.66016 0.012846
      vertex 90.1502 5.63745 0.012846
    endloop
  endfacet
  facet normal 0 0 -1
    outer loop
      vertex 75.75 37.4952 0.012846
      vertex 90.3924 56 0.012846
      vertex 76.5657 36.9501 0.012846
    endloop
  endfacet
  facet normal 0 0 -1
    outer loop
      vertex 90 5.60758 0.012846
      vertex 90.1502 5.63745 0.012846
      vertex 90.1016 5.62095 0.012846
    endloop
  endfacet
  facet normal 0 -0 -1
    outer loop
      vertex 90 56.3924 0.012846
      vertex 90.3924 56 0.012846
      vertex 75.75 37.4952 0.012846
    endloop
  endfacet
  facet normal 0 0 -1
    outer loop
      vertex 90 5.60758 0.012846
      vertex 90.1016 5.62095 0.012846
      vertex 90.0512 5.61094 0.012846
    endloop
  endfacet
  facet normal 0 0 -1
    outer loop
      vertex 90.3891 56.0512 0.012846
      vertex 90 56.3924 0.012846
      vertex 90.379 56.1016 0.012846
    endloop
  endfacet
  facet normal -0 0 -1
    outer loop
      vertex 90.3924 6 0.012846
      vertex 90 5.60758 0.012846
      vertex 75.75 24.5048 0.012846
    endloop
  endfacet
  facet normal 0 0 -1
    outer loop
      vertex 90.379 56.1016 0.012846
      vertex 90 56.3924 0.012846
      vertex 90.3625 56.1502 0.012846
    endloop
  endfacet
  facet normal 0 0 -1
    outer loop
      vertex 90.3398 56.1962 0.012846
      vertex 90 56.3924 0.012846
      vertex 90.3113 56.2389 0.012846
    endloop
  endfacet
  facet normal 0 0 -1
    outer loop
      vertex 90.3924 6 0.012846
      vertex 79.4358 30.0211 0.012846
      vertex 79.5 31 0.012846
    endloop
  endfacet
  facet normal 0 0 -1
    outer loop
      vertex 90.3924 6 0.012846
      vertex 79.2444 29.0589 0.012846
      vertex 79.4358 30.0211 0.012846
    endloop
  endfacet
  facet normal 0 0 -1
    outer loop
      vertex 90.3924 6 0.012846
      vertex 78.9291 28.1299 0.012846
      vertex 79.2444 29.0589 0.012846
    endloop
  endfacet
  facet normal 0 0 -1
    outer loop
      vertex 90.3924 6 0.012846
      vertex 78.4952 27.25 0.012846
      vertex 78.9291 28.1299 0.012846
    endloop
  endfacet
  facet normal 0 0 -1
    outer loop
      vertex 90.3924 6 0.012846
      vertex 77.9501 26.4343 0.012846
      vertex 78.4952 27.25 0.012846
    endloop
  endfacet
  facet normal 0 0 -1
    outer loop
      vertex 90.3924 6 0.012846
      vertex 77.3033 25.6967 0.012846
      vertex 77.9501 26.4343 0.012846
    endloop
  endfacet
  facet normal 0 0 -1
    outer loop
      vertex 90.3924 6 0.012846
      vertex 76.5657 25.0499 0.012846
      vertex 77.3033 25.6967 0.012846
    endloop
  endfacet
  facet normal 0 0 -1
    outer loop
      vertex 90.3924 6 0.012846
      vertex 75.75 24.5048 0.012846
      vertex 76.5657 25.0499 0.012846
    endloop
  endfacet
  facet normal 0 0 -1
    outer loop
      vertex 90 5.60758 0.012846
      vertex 74.8701 24.0709 0.012846
      vertex 75.75 24.5048 0.012846
    endloop
  endfacet
  facet normal 0 0 -1
    outer loop
      vertex 90 5.60758 0.012846
      vertex 73.9411 23.7556 0.012846
      vertex 74.8701 24.0709 0.012846
    endloop
  endfacet
  facet normal 0 0 -1
    outer loop
      vertex 90 5.60758 0.012846
      vertex 72.9789 23.5642 0.012846
      vertex 73.9411 23.7556 0.012846
    endloop
  endfacet
  facet normal 0 0 -1
    outer loop
      vertex 90 5.60758 0.012846
      vertex 72 23.5 0.012846
      vertex 72.9789 23.5642 0.012846
    endloop
  endfacet
  facet normal 0 0 -1
    outer loop
      vertex 90 5.60758 0.012846
      vertex 71.0211 23.5642 0.012846
      vertex 72 23.5 0.012846
    endloop
  endfacet
  facet normal 0 0 -1
    outer loop
      vertex 90 5.60758 0.012846
      vertex 70.0589 23.7556 0.012846
      vertex 71.0211 23.5642 0.012846
    endloop
  endfacet
  facet normal 0 0 -1
    outer loop
      vertex 90 5.60758 0.012846
      vertex 69.1299 24.0709 0.012846
      vertex 70.0589 23.7556 0.012846
    endloop
  endfacet
  facet normal 0 0 -1
    outer loop
      vertex 26.8701 24.0709 0.012846
      vertex 69.1299 24.0709 0.012846
      vertex 90 5.60758 0.012846
    endloop
  endfacet
  facet normal 0 0 -1
    outer loop
      vertex 69.1299 24.0709 0.012846
      vertex 26.8701 24.0709 0.012846
      vertex 68.25 24.5048 0.012846
    endloop
  endfacet
  facet normal 0 0 -1
    outer loop
      vertex 64.5642 30.0211 0.012846
      vertex 31.5 31 0.012846
      vertex 64.5 31 0.012846
    endloop
  endfacet
  facet normal 0 0 -1
    outer loop
      vertex 31.4358 30.0211 0.012846
      vertex 64.5642 30.0211 0.012846
      vertex 64.7556 29.0589 0.012846
    endloop
  endfacet
  facet normal 0 0 -1
    outer loop
      vertex 31.2444 29.0589 0.012846
      vertex 64.7556 29.0589 0.012846
      vertex 65.0709 28.1299 0.012846
    endloop
  endfacet
  facet normal 0 0 -1
    outer loop
      vertex 30.9291 28.1299 0.012846
      vertex 65.0709 28.1299 0.012846
      vertex 65.5048 27.25 0.012846
    endloop
  endfacet
  facet normal 0 0 -1
    outer loop
      vertex 30.4952 27.25 0.012846
      vertex 65.5048 27.25 0.012846
      vertex 66.0499 26.4343 0.012846
    endloop
  endfacet
  facet normal 0 0 -1
    outer loop
      vertex 29.9501 26.4343 0.012846
      vertex 66.0499 26.4343 0.012846
      vertex 66.6967 25.6967 0.012846
    endloop
  endfacet
  facet normal 0 0 -1
    outer loop
      vertex 29.3033 25.6967 0.012846
      vertex 66.6967 25.6967 0.012846
      vertex 67.4343 25.0499 0.012846
    endloop
  endfacet
  facet normal 0 -0 -1
    outer loop
      vertex 27.75 24.5048 0.012846
      vertex 68.25 24.5048 0.012846
      vertex 26.8701 24.0709 0.012846
    endloop
  endfacet
  facet normal 0 0 -1
    outer loop
      vertex 64.5642 30.0211 0.012846
      vertex 31.4358 30.0211 0.012846
      vertex 31.5 31 0.012846
    endloop
  endfacet
  facet normal 0 0 -1
    outer loop
      vertex 64.7556 29.0589 0.012846
      vertex 31.2444 29.0589 0.012846
      vertex 31.4358 30.0211 0.012846
    endloop
  endfacet
  facet normal 0 0 -1
    outer loop
      vertex 65.0709 28.1299 0.012846
      vertex 30.9291 28.1299 0.012846
      vertex 31.2444 29.0589 0.012846
    endloop
  endfacet
  facet normal 0 0 -1
    outer loop
      vertex 65.5048 27.25 0.012846
      vertex 30.4952 27.25 0.012846
      vertex 30.9291 28.1299 0.012846
    endloop
  endfacet
  facet normal 0 0 -1
    outer loop
      vertex 66.0499 26.4343 0.012846
      vertex 29.9501 26.4343 0.012846
      vertex 30.4952 27.25 0.012846
    endloop
  endfacet
  facet normal 0 0 -1
    outer loop
      vertex 66.6967 25.6967 0.012846
      vertex 29.3033 25.6967 0.012846
      vertex 29.9501 26.4343 0.012846
    endloop
  endfacet
  facet normal 0 0 -1
    outer loop
      vertex 67.4343 25.0499 0.012846
      vertex 28.5657 25.0499 0.012846
      vertex 29.3033 25.6967 0.012846
    endloop
  endfacet
  facet normal -0 0 -1
    outer loop
      vertex 67.4343 25.0499 0.012846
      vertex 27.75 24.5048 0.012846
      vertex 28.5657 25.0499 0.012846
    endloop
  endfacet
  facet normal 0 0 -1
    outer loop
      vertex 68.25 24.5048 0.012846
      vertex 27.75 24.5048 0.012846
      vertex 67.4343 25.0499 0.012846
    endloop
  endfacet
  facet normal 0 0 -1
    outer loop
      vertex 6 5.60758 0.012846
      vertex 26.8701 24.0709 0.012846
      vertex 90 5.60758 0.012846
    endloop
  endfacet
  facet normal 0 0 -1
    outer loop
      vertex 26.8701 24.0709 0.012846
      vertex 6 5.60758 0.012846
      vertex 25.9411 23.7556 0.012846
    endloop
  endfacet
  facet normal 0 0 -1
    outer loop
      vertex 25.9411 23.7556 0.012846
      vertex 6 5.60758 0.012846
      vertex 24.9789 23.5642 0.012846
    endloop
  endfacet
  facet normal 0 0 -1
    outer loop
      vertex 24.9789 23.5642 0.012846
      vertex 6 5.60758 0.012846
      vertex 24 23.5 0.012846
    endloop
  endfacet
  facet normal -0 0 -1
    outer loop
      vertex 24 23.5 0.012846
      vertex 6 5.60758 0.012846
      vertex 23.0211 23.5642 0.012846
    endloop
  endfacet
  facet normal -0 0 -1
    outer loop
      vertex 16.7556 29.0589 0.012846
      vertex 5.60758 6 0.012846
      vertex 16.5642 30.0211 0.012846
    endloop
  endfacet
  facet normal -0 0 -1
    outer loop
      vertex 17.0709 28.1299 0.012846
      vertex 5.60758 6 0.012846
      vertex 16.7556 29.0589 0.012846
    endloop
  endfacet
  facet normal -0 0 -1
    outer loop
      vertex 17.5048 27.25 0.012846
      vertex 5.60758 6 0.012846
      vertex 17.0709 28.1299 0.012846
    endloop
  endfacet
  facet normal -0 0 -1
    outer loop
      vertex 18.0499 26.4343 0.012846
      vertex 5.60758 6 0.012846
      vertex 17.5048 27.25 0.012846
    endloop
  endfacet
  facet normal -0 0 -1
    outer loop
      vertex 18.6967 25.6967 0.012846
      vertex 5.60758 6 0.012846
      vertex 18.0499 26.4343 0.012846
    endloop
  endfacet
  facet normal -0 0 -1
    outer loop
      vertex 19.4343 25.0499 0.012846
      vertex 5.60758 6 0.012846
      vertex 18.6967 25.6967 0.012846
    endloop
  endfacet
  facet normal -0 0 -1
    outer loop
      vertex 20.25 24.5048 0.012846
      vertex 5.60758 6 0.012846
      vertex 19.4343 25.0499 0.012846
    endloop
  endfacet
  facet normal 0 0 -1
    outer loop
      vertex 5.60758 6 0.012846
      vertex 20.25 24.5048 0.012846
      vertex 6 5.60758 0.012846
    endloop
  endfacet
  facet normal -0 0 -1
    outer loop
      vertex 21.1299 24.0709 0.012846
      vertex 6 5.60758 0.012846
      vertex 20.25 24.5048 0.012846
    endloop
  endfacet
  facet normal -0 0 -1
    outer loop
      vertex 22.0589 23.7556 0.012846
      vertex 6 5.60758 0.012846
      vertex 21.1299 24.0709 0.012846
    endloop
  endfacet
  facet normal -0 0 -1
    outer loop
      vertex 23.0211 23.5642 0.012846
      vertex 6 5.60758 0.012846
      vertex 22.0589 23.7556 0.012846
    endloop
  endfacet
  facet normal 0 0 -1
    outer loop
      vertex 90.3113 56.2389 0.012846
      vertex 90 56.3924 0.012846
      vertex 90.2775 56.2775 0.012846
    endloop
  endfacet
  facet normal 0 0 -1
    outer loop
      vertex 90.2775 56.2775 0.012846
      vertex 90 56.3924 0.012846
      vertex 90.2389 56.3113 0.012846
    endloop
  endfacet
  facet normal 0 0 -1
    outer loop
      vertex 90.1962 56.3398 0.012846
      vertex 90 56.3924 0.012846
      vertex 90.1502 56.3625 0.012846
    endloop
  endfacet
  facet normal 0 0 -1
    outer loop
      vertex 90.1502 56.3625 0.012846
      vertex 90 56.3924 0.012846
      vertex 90.1016 56.379 0.012846
    endloop
  endfacet
  facet normal 0 0 -1
    outer loop
      vertex 90.1016 56.379 0.012846
      vertex 90 56.3924 0.012846
      vertex 90.0512 56.3891 0.012846
    endloop
  endfacet
  facet normal 0 0 -1
    outer loop
      vertex 90.2389 56.3113 0.012846
      vertex 90 56.3924 0.012846
      vertex 90.1962 56.3398 0.012846
    endloop
  endfacet
  facet normal 0 0 -1
    outer loop
      vertex 90.3625 56.1502 0.012846
      vertex 90 56.3924 0.012846
      vertex 90.3398 56.1962 0.012846
    endloop
  endfacet
  facet normal 0 0 -1
    outer loop
      vertex 90.3924 56 0.012846
      vertex 90 56.3924 0.012846
      vertex 90.3891 56.0512 0.012846
    endloop
  endfacet
  facet normal 0 0 -1
    outer loop
      vertex 74.8701 37.9291 0.012846
      vertex 90 56.3924 0.012846
      vertex 75.75 37.4952 0.012846
    endloop
  endfacet
  facet normal 0 0 -1
    outer loop
      vertex 73.9411 38.2444 0.012846
      vertex 90 56.3924 0.012846
      vertex 74.8701 37.9291 0.012846
    endloop
  endfacet
  facet normal 0 0 -1
    outer loop
      vertex 72.9789 38.4358 0.012846
      vertex 90 56.3924 0.012846
      vertex 73.9411 38.2444 0.012846
    endloop
  endfacet
  facet normal 0 0 -1
    outer loop
      vertex 72 38.5 0.012846
      vertex 90 56.3924 0.012846
      vertex 72.9789 38.4358 0.012846
    endloop
  endfacet
  facet normal 0 0 -1
    outer loop
      vertex 71.0211 38.4358 0.012846
      vertex 90 56.3924 0.012846
      vertex 72 38.5 0.012846
    endloop
  endfacet
  facet normal 0 0 -1
    outer loop
      vertex 70.0589 38.2444 0.012846
      vertex 90 56.3924 0.012846
      vertex 71.0211 38.4358 0.012846
    endloop
  endfacet
  facet normal 0 0 -1
    outer loop
      vertex 69.1299 37.9291 0.012846
      vertex 90 56.3924 0.012846
      vertex 70.0589 38.2444 0.012846
    endloop
  endfacet
  facet normal 0 0 -1
    outer loop
      vertex 26.8701 37.9291 0.012846
      vertex 69.1299 37.9291 0.012846
      vertex 68.25 37.4952 0.012846
    endloop
  endfacet
  facet normal 0 0 -1
    outer loop
      vertex 27.75 37.4952 0.012846
      vertex 68.25 37.4952 0.012846
      vertex 67.4343 36.9501 0.012846
    endloop
  endfacet
  facet normal 0 0 -1
    outer loop
      vertex 31.5 31 0.012846
      vertex 64.5642 31.9789 0.012846
      vertex 64.5 31 0.012846
    endloop
  endfacet
  facet normal 0 0 -1
    outer loop
      vertex 31.4358 31.9789 0.012846
      vertex 64.5642 31.9789 0.012846
      vertex 31.5 31 0.012846
    endloop
  endfacet
  facet normal 0 0 -1
    outer loop
      vertex 64.5642 31.9789 0.012846
      vertex 31.4358 31.9789 0.012846
      vertex 64.7556 32.9411 0.012846
    endloop
  endfacet
  facet normal 0 0 -1
    outer loop
      vertex 31.2444 32.9411 0.012846
      vertex 64.7556 32.9411 0.012846
      vertex 31.4358 31.9789 0.012846
    endloop
  endfacet
  facet normal 0 0 -1
    outer loop
      vertex 64.7556 32.9411 0.012846
      vertex 31.2444 32.9411 0.012846
      vertex 65.0709 33.8701 0.012846
    endloop
  endfacet
  facet normal 0 0 -1
    outer loop
      vertex 30.9291 33.8701 0.012846
      vertex 65.0709 33.8701 0.012846
      vertex 31.2444 32.9411 0.012846
    endloop
  endfacet
  facet normal 0 0 -1
    outer loop
      vertex 65.0709 33.8701 0.012846
      vertex 30.9291 33.8701 0.012846
      vertex 65.5048 34.75 0.012846
    endloop
  endfacet
  facet normal 0 0 -1
    outer loop
      vertex 30.4952 34.75 0.012846
      vertex 65.5048 34.75 0.012846
      vertex 30.9291 33.8701 0.012846
    endloop
  endfacet
  facet normal 0 0 -1
    outer loop
      vertex 65.5048 34.75 0.012846
      vertex 30.4952 34.75 0.012846
      vertex 66.0499 35.5657 0.012846
    endloop
  endfacet
  facet normal 0 0 -1
    outer loop
      vertex 29.9501 35.5657 0.012846
      vertex 66.0499 35.5657 0.012846
      vertex 30.4952 34.75 0.012846
    endloop
  endfacet
  facet normal 0 0 -1
    outer loop
      vertex 66.0499 35.5657 0.012846
      vertex 29.9501 35.5657 0.012846
      vertex 66.6967 36.3033 0.012846
    endloop
  endfacet
  facet normal 0 0 -1
    outer loop
      vertex 29.3033 36.3033 0.012846
      vertex 66.6967 36.3033 0.012846
      vertex 29.9501 35.5657 0.012846
    endloop
  endfacet
  facet normal 0 0 -1
    outer loop
      vertex 66.6967 36.3033 0.012846
      vertex 29.3033 36.3033 0.012846
      vertex 67.4343 36.9501 0.012846
    endloop
  endfacet
  facet normal 0 0 -1
    outer loop
      vertex 28.5657 36.9501 0.012846
      vertex 67.4343 36.9501 0.012846
      vertex 29.3033 36.3033 0.012846
    endloop
  endfacet
  facet normal 0 0 -1
    outer loop
      vertex 27.75 37.4952 0.012846
      vertex 67.4343 36.9501 0.012846
      vertex 28.5657 36.9501 0.012846
    endloop
  endfacet
  facet normal 0 0 -1
    outer loop
      vertex 68.25 37.4952 0.012846
      vertex 27.75 37.4952 0.012846
      vertex 26.8701 37.9291 0.012846
    endloop
  endfacet
  facet normal 0 0 -1
    outer loop
      vertex 69.1299 37.9291 0.012846
      vertex 26.8701 37.9291 0.012846
      vertex 90 56.3924 0.012846
    endloop
  endfacet
  facet normal 0 0 -1
    outer loop
      vertex 6 56.3924 0.012846
      vertex 26.8701 37.9291 0.012846
      vertex 25.9411 38.2444 0.012846
    endloop
  endfacet
  facet normal 0 0 -1
    outer loop
      vertex 6 56.3924 0.012846
      vertex 25.9411 38.2444 0.012846
      vertex 24.9789 38.4358 0.012846
    endloop
  endfacet
  facet normal 0 0 -1
    outer loop
      vertex 6 56.3924 0.012846
      vertex 24.9789 38.4358 0.012846
      vertex 24 38.5 0.012846
    endloop
  endfacet
  facet normal 0 0 -1
    outer loop
      vertex 6 56.3924 0.012846
      vertex 24 38.5 0.012846
      vertex 23.0211 38.4358 0.012846
    endloop
  endfacet
  facet normal 0 0 -1
    outer loop
      vertex 6 56.3924 0.012846
      vertex 23.0211 38.4358 0.012846
      vertex 22.0589 38.2444 0.012846
    endloop
  endfacet
  facet normal -0 0 -1
    outer loop
      vertex 16.5642 30.0211 0.012846
      vertex 5.60758 6 0.012846
      vertex 16.5 31 0.012846
    endloop
  endfacet
  facet normal 0 0 -1
    outer loop
      vertex 5.60758 56 0.012846
      vertex 16.5 31 0.012846
      vertex 5.60758 6 0.012846
    endloop
  endfacet
  facet normal 0 0 -1
    outer loop
      vertex 16.5 31 0.012846
      vertex 5.60758 56 0.012846
      vertex 16.5642 31.9789 0.012846
    endloop
  endfacet
  facet normal 0 0 -1
    outer loop
      vertex 26.8701 37.9291 0.012846
      vertex 6 56.3924 0.012846
      vertex 90 56.3924 0.012846
    endloop
  endfacet
  facet normal 0 0 -1
    outer loop
      vertex 21.1299 37.9291 0.012846
      vertex 6 56.3924 0.012846
      vertex 22.0589 38.2444 0.012846
    endloop
  endfacet
  facet normal 0 0 -1
    outer loop
      vertex 20.25 37.4952 0.012846
      vertex 6 56.3924 0.012846
      vertex 21.1299 37.9291 0.012846
    endloop
  endfacet
  facet normal 0 0 -1
    outer loop
      vertex 5.60758 56 0.012846
      vertex 20.25 37.4952 0.012846
      vertex 19.4343 36.9501 0.012846
    endloop
  endfacet
  facet normal 0 0 -1
    outer loop
      vertex 5.60758 56 0.012846
      vertex 19.4343 36.9501 0.012846
      vertex 18.6967 36.3033 0.012846
    endloop
  endfacet
  facet normal 0 0 -1
    outer loop
      vertex 5.60758 56 0.012846
      vertex 18.6967 36.3033 0.012846
      vertex 18.0499 35.5657 0.012846
    endloop
  endfacet
  facet normal 0 0 -1
    outer loop
      vertex 5.60758 56 0.012846
      vertex 18.0499 35.5657 0.012846
      vertex 17.5048 34.75 0.012846
    endloop
  endfacet
  facet normal 0 0 -1
    outer loop
      vertex 5.60758 56 0.012846
      vertex 17.5048 34.75 0.012846
      vertex 17.0709 33.8701 0.012846
    endloop
  endfacet
  facet normal 0 0 -1
    outer loop
      vertex 16.5642 31.9789 0.012846
      vertex 5.60758 56 0.012846
      vertex 16.7556 32.9411 0.012846
    endloop
  endfacet
  facet normal 0 0 -1
    outer loop
      vertex 5.60758 6 0.012846
      vertex 6 5.60758 0.012846
      vertex 5.94878 5.61094 0.012846
    endloop
  endfacet
  facet normal 0 0 -1
    outer loop
      vertex 16.7556 32.9411 0.012846
      vertex 5.60758 56 0.012846
      vertex 17.0709 33.8701 0.012846
    endloop
  endfacet
  facet normal 0 0 -1
    outer loop
      vertex 5.60758 6 0.012846
      vertex 5.94878 5.61094 0.012846
      vertex 5.89843 5.62095 0.012846
    endloop
  endfacet
  facet normal 0 0 -1
    outer loop
      vertex 20.25 37.4952 0.012846
      vertex 5.60758 56 0.012846
      vertex 6 56.3924 0.012846
    endloop
  endfacet
  facet normal 0 0 -1
    outer loop
      vertex 5.60758 6 0.012846
      vertex 5.89843 5.62095 0.012846
      vertex 5.84983 5.63745 0.012846
    endloop
  endfacet
  facet normal 0 0 -1
    outer loop
      vertex 6 56.3924 0.012846
      vertex 5.60758 56 0.012846
      vertex 5.94878 56.3891 0.012846
    endloop
  endfacet
  facet normal 0 0 -1
    outer loop
      vertex 5.60758 6 0.012846
      vertex 5.84983 5.63745 0.012846
      vertex 5.80379 5.66016 0.012846
    endloop
  endfacet
  facet normal 0 0 -1
    outer loop
      vertex 5.94878 56.3891 0.012846
      vertex 5.60758 56 0.012846
      vertex 5.89843 56.379 0.012846
    endloop
  endfacet
  facet normal 0 0 -1
    outer loop
      vertex 5.60758 6 0.012846
      vertex 5.80379 5.66016 0.012846
      vertex 5.76111 5.68867 0.012846
    endloop
  endfacet
  facet normal 0 0 -1
    outer loop
      vertex 5.89843 56.379 0.012846
      vertex 5.60758 56 0.012846
      vertex 5.84983 56.3625 0.012846
    endloop
  endfacet
  facet normal 0 0 -1
    outer loop
      vertex 5.60758 6 0.012846
      vertex 5.76111 5.68867 0.012846
      vertex 5.72252 5.72252 0.012846
    endloop
  endfacet
  facet normal 0 0 -1
    outer loop
      vertex 5.84983 56.3625 0.012846
      vertex 5.60758 56 0.012846
      vertex 5.80379 56.3398 0.012846
    endloop
  endfacet
  facet normal 0 0 -1
    outer loop
      vertex 5.60758 6 0.012846
      vertex 5.72252 5.72252 0.012846
      vertex 5.68867 5.76111 0.012846
    endloop
  endfacet
  facet normal 0 0 -1
    outer loop
      vertex 5.80379 56.3398 0.012846
      vertex 5.60758 56 0.012846
      vertex 5.76111 56.3113 0.012846
    endloop
  endfacet
  facet normal 0 0 -1
    outer loop
      vertex 5.60758 6 0.012846
      vertex 5.68867 5.76111 0.012846
      vertex 5.66016 5.80379 0.012846
    endloop
  endfacet
  facet normal 0 0 -1
    outer loop
      vertex 5.76111 56.3113 0.012846
      vertex 5.60758 56 0.012846
      vertex 5.72252 56.2775 0.012846
    endloop
  endfacet
  facet normal 0 0 -1
    outer loop
      vertex 5.60758 6 0.012846
      vertex 5.66016 5.80379 0.012846
      vertex 5.63745 5.84983 0.012846
    endloop
  endfacet
  facet normal 0 0 -1
    outer loop
      vertex 5.72252 56.2775 0.012846
      vertex 5.60758 56 0.012846
      vertex 5.68867 56.2389 0.012846
    endloop
  endfacet
  facet normal 0 0 -1
    outer loop
      vertex 5.60758 6 0.012846
      vertex 5.63745 5.84983 0.012846
      vertex 5.62095 5.89843 0.012846
    endloop
  endfacet
  facet normal 0 0 -1
    outer loop
      vertex 5.68867 56.2389 0.012846
      vertex 5.60758 56 0.012846
      vertex 5.66016 56.1962 0.012846
    endloop
  endfacet
  facet normal 0 0 -1
    outer loop
      vertex 5.60758 6 0.012846
      vertex 5.62095 5.89843 0.012846
      vertex 5.61094 5.94878 0.012846
    endloop
  endfacet
  facet normal 0 0 -1
    outer loop
      vertex 5.66016 56.1962 0.012846
      vertex 5.60758 56 0.012846
      vertex 5.63745 56.1502 0.012846
    endloop
  endfacet
  facet normal 0 0 -1
    outer loop
      vertex 5.63745 56.1502 0.012846
      vertex 5.60758 56 0.012846
      vertex 5.62095 56.1016 0.012846
    endloop
  endfacet
  facet normal 0 0 -1
    outer loop
      vertex 5.62095 56.1016 0.012846
      vertex 5.60758 56 0.012846
      vertex 5.61094 56.0512 0.012846
    endloop
  endfacet
  facet normal 0.221518 0.449123 -0.865574
    outer loop
      vertex 91.6667 58.8868 1.01118
      vertex 91.0155 58.4517 0.618763
      vertex 91.2756 59.0797 1.01118
    endloop
  endfacet
  facet normal -0.0420468 -0.12386 -0.991409
    outer loop
      vertex 5.69704 4.86934 0.115288
      vertex 5.55205 4.91856 0.115288
      vertex 5.89843 5.62095 0.012846
    endloop
  endfacet
  facet normal -0.401921 -0.458317 -0.79272
    outer loop
      vertex 3.97074 3.35542 1.01118
      vertex 3.20263 3.20263 1.48896
      vertex 3.64291 3.64291 1.01118
    endloop
  endfacet
  facet normal -0.427285 -0.866432 -0.258308
    outer loop
      vertex 3.82575 0.750903 4.07136
      vertex 3.05764 0.903689 4.82946
      vertex 3.15921 1.07961 4.07136
    endloop
  endfacet
  facet normal -0.914796 -0.310529 -0.258303
    outer loop
      vertex 0.750903 3.82575 4.07136
      vertex 0.315804 4.47692 4.82946
      vertex 0.512014 4.5295 4.07136
    endloop
  endfacet
  facet normal -0.824387 -0.550837 -0.13025
    outer loop
      vertex 1.25007 2.35525 5.60758
      vertex 0.814973 3.00642 5.60758
      vertex 0.903689 3.05764 4.82946
    endloop
  endfacet
  facet normal -0.989358 -0.0648452 -0.130252
    outer loop
      vertex 0.165632 5.23189 4.82946
      vertex 0.012846 6 5.60758
      vertex 0.115288 6 4.82946
    endloop
  endfacet
  facet normal -0.706348 0.0463011 -0.706348
    outer loop
      vertex 2.04392 56 1.48896
      vertex 1.48896 56 2.04392
      vertex 2.07777 56.5164 1.48896
    endloop
  endfacet
  facet normal -0.169567 -0.343846 -0.923589
    outer loop
      vertex 5.26194 4.21817 0.318419
      vertex 4.67313 3.7018 0.618763
      vertex 5.03568 4.32975 0.318419
    endloop
  endfacet
  facet normal -0.49973 -0.0327563 -0.865562
    outer loop
      vertex 2.6951 5.5649 1.01118
      vertex 2.66658 6 1.01118
      vertex 3.34627 6 0.618763
    endloop
  endfacet
  facet normal -0.343817 0.169598 -0.923594
    outer loop
      vertex 4.21817 56.7381 0.318419
      vertex 3.7018 57.3269 0.618763
      vertex 4.32975 56.9643 0.318419
    endloop
  endfacet
  facet normal -0.343875 0.169541 -0.923583
    outer loop
      vertex 4.21817 56.7381 0.318419
      vertex 3.54827 57.0155 0.618763
      vertex 3.7018 57.3269 0.618763
    endloop
  endfacet
  facet normal -0.449187 0.221463 -0.865555
    outer loop
      vertex 3.54827 57.0155 0.618763
      vertex 3.11317 57.6667 1.01118
      vertex 3.7018 57.3269 0.618763
    endloop
  endfacet
  facet normal -0.449165 0.221482 -0.865561
    outer loop
      vertex 3.54827 57.0155 0.618763
      vertex 2.92032 57.2756 1.01118
      vertex 3.11317 57.6667 1.01118
    endloop
  endfacet
  facet normal -0.254358 0.0505839 -0.965786
    outer loop
      vertex 4.86934 56.303 0.115288
      vertex 4.08786 56.2517 0.318419
      vertex 4.13708 56.4992 0.318419
    endloop
  endfacet
  facet normal -0.258818 0 -0.965926
    outer loop
      vertex 4.07136 6 0.318419
      vertex 4.82946 56 0.115288
      vertex 4.82946 6 0.115288
    endloop
  endfacet
  facet normal -0.258818 0 -0.965926
    outer loop
      vertex 4.82946 56 0.115288
      vertex 4.07136 6 0.318419
      vertex 4.07136 56 0.318419
    endloop
  endfacet
  facet normal -0.253257 -0.288776 0.923293
    outer loop
      vertex 4.82592 4.46991 121.682
      vertex 4.12353 4.12353 121.381
      vertex 4.38451 3.89465 121.381
    endloop
  endfacet
  facet normal -0.706374 -0.0463055 0.706323
    outer loop
      vertex 2.04392 6 120.511
      vertex 1.48896 6 119.956
      vertex 2.07777 5.48363 120.511
    endloop
  endfacet
  facet normal -0.0749321 -0.376719 0.923292
    outer loop
      vertex 5.74826 4.08786 121.682
      vertex 5.31316 3.43669 121.381
      vertex 5.65362 3.36897 121.381
    endloop
  endfacet
  facet normal 0.144005 -0.215491 0.965829
    outer loop
      vertex 90.7126 5.07135 121.885
      vertex 90.5853 4.98628 121.885
      vertex 91.1741 4.46991 121.682
    endloop
  endfacet
  facet normal -0.49079 -0.0976186 0.865792
    outer loop
      vertex 3.43669 5.31316 121.381
      vertex 2.6951 5.5649 120.989
      vertex 2.78016 5.13725 120.989
    endloop
  endfacet
  facet normal -0.123334 -0.0418685 0.991482
    outer loop
      vertex 5.62095 5.89843 121.987
      vertex 4.86934 5.69704 121.885
      vertex 4.91856 5.55205 121.885
    endloop
  endfacet
  facet normal 0.118939 -0.598053 0.792582
    outer loop
      vertex 90.8628 2.78016 120.989
      vertex 90.4351 2.6951 120.989
      vertex 91.0239 2.17872 120.511
    endloop
  endfacet
  facet normal -0.441198 -0.660312 0.607727
    outer loop
      vertex 3.25385 2.42115 119.956
      vertex 2.963 2.0421 119.333
      vertex 3.50559 1.67956 119.333
    endloop
  endfacet
  facet normal 0 -0.793516 0.608549
    outer loop
      vertex 6 1.01118 119.333
      vertex 90 1.48896 119.956
      vertex 6 1.48896 119.956
    endloop
  endfacet
  facet normal 0 -0.793516 0.608549
    outer loop
      vertex 90 1.48896 119.956
      vertex 6 1.01118 119.333
      vertex 90 1.01118 119.333
    endloop
  endfacet
  facet normal -0.0631824 -0.963988 0.258332
    outer loop
      vertex 6 0.318419 117.929
      vertex 5.23189 0.165632 117.171
      vertex 6 0.115288 117.171
    endloop
  endfacet
  facet normal 0 -0.965918 0.258849
    outer loop
      vertex 6 0.115288 117.171
      vertex 90 0.318419 117.929
      vertex 6 0.318419 117.929
    endloop
  endfacet
  facet normal 0 -0.965918 0.258849
    outer loop
      vertex 90 0.318419 117.929
      vertex 6 0.115288 117.171
      vertex 90 0.115288 117.171
    endloop
  endfacet
  facet normal 0 -0.923862 0.382726
    outer loop
      vertex 6 0.318419 117.929
      vertex 90 0.618763 118.654
      vertex 6 0.618763 118.654
    endloop
  endfacet
  facet normal 0 -0.923862 0.382726
    outer loop
      vertex 90 0.618763 118.654
      vertex 6 0.318419 117.929
      vertex 90 0.318419 117.929
    endloop
  endfacet
  facet normal -0.989358 0.0648443 -0.130254
    outer loop
      vertex 0.165632 56.7681 4.82946
      vertex 0.012846 56 5.60758
      vertex 0.0640669 56.7815 5.60758
    endloop
  endfacet
  facet normal -0.972429 0.19343 -0.130259
    outer loop
      vertex 0.165632 56.7681 4.82946
      vertex 0.0640669 56.7815 5.60758
      vertex 0.216853 57.5496 5.60758
    endloop
  endfacet
  facet normal 0.310545 -0.914779 0.258342
    outer loop
      vertex 92.1742 0.750903 117.929
      vertex 91.4705 0.512014 117.929
      vertex 91.5231 0.315804 117.171
    endloop
  endfacet
  facet normal 0.297077 -0.875106 0.382014
    outer loop
      vertex 92.1742 0.750903 117.929
      vertex 91.3928 0.802124 118.654
      vertex 91.4705 0.512014 117.929
    endloop
  endfacet
  facet normal 0.0648443 -0.989358 -0.130254
    outer loop
      vertex 90.7815 0.0640669 5.60758
      vertex 90 0.012846 5.60758
      vertex 90.7681 0.165632 4.82946
    endloop
  endfacet
  facet normal 0.064846 -0.989358 -0.130252
    outer loop
      vertex 90.7681 0.165632 4.82946
      vertex 90 0.012846 5.60758
      vertex 90 0.115288 4.82946
    endloop
  endfacet
  facet normal 0.138101 -0.694266 -0.706344
    outer loop
      vertex 91.1675 1.64267 2.04392
      vertex 90.5164 2.07777 1.48896
      vertex 91.0239 2.17872 1.48896
    endloop
  endfacet
  facet normal 0.351188 -0.712091 -0.607942
    outer loop
      vertex 92.4944 1.67956 2.66658
      vertex 91.7263 1.83234 2.04392
      vertex 92.2555 2.09333 2.04392
    endloop
  endfacet
  facet normal 0.532264 -0.466709 -0.706313
    outer loop
      vertex 93.1898 2.81021 2.04392
      vertex 93.1386 3.59169 1.48896
      vertex 93.5788 3.25385 2.04392
    endloop
  endfacet
  facet normal 0.383235 -0.777131 -0.499197
    outer loop
      vertex 92.6906 1.33971 3.34627
      vertex 92.0593 1.02839 3.34627
      vertex 92.4944 1.67956 2.66658
    endloop
  endfacet
  facet normal 0.19342 -0.972432 -0.130248
    outer loop
      vertex 91.5496 0.216853 5.60758
      vertex 90.7681 0.165632 4.82946
      vertex 91.5231 0.315804 4.82946
    endloop
  endfacet
  facet normal 0.427252 -0.866444 -0.258323
    outer loop
      vertex 92.9424 0.903689 4.82946
      vertex 92.1742 0.750903 4.07136
      vertex 92.8408 1.07961 4.07136
    endloop
  endfacet
  facet normal 0.318704 -0.938862 -0.130251
    outer loop
      vertex 92.2912 0.468591 5.60758
      vertex 91.5231 0.315804 4.82946
      vertex 92.252 0.563235 4.82946
    endloop
  endfacet
  facet normal 0.310532 -0.914789 -0.258325
    outer loop
      vertex 92.252 0.563235 4.82946
      vertex 91.5231 0.315804 4.82946
      vertex 92.1742 0.750903 4.07136
    endloop
  endfacet
  facet normal 0.376551 -0.330121 -0.86558
    outer loop
      vertex 92.6446 3.97074 1.01118
      vertex 91.8765 4.12353 0.618763
      vertex 92.1053 4.38451 0.618763
    endloop
  endfacet
  facet normal 0.449112 -0.221536 -0.865575
    outer loop
      vertex 92.8868 4.33329 1.01118
      vertex 92.4517 4.98446 0.618763
      vertex 93.0797 4.72435 1.01118
    endloop
  endfacet
  facet normal 0.536723 -0.803231 0.258359
    outer loop
      vertex 93.5824 1.33134 117.171
      vertex 92.8408 1.07961 117.929
      vertex 92.9424 0.903689 117.171
    endloop
  endfacet
  facet normal 0.550866 -0.824397 0.130061
    outer loop
      vertex 93.5824 1.33134 117.171
      vertex 92.9424 0.903689 117.171
      vertex 93.6447 1.25007 116.392
    endloop
  endfacet
  facet normal 0.196007 -0.577391 0.792591
    outer loop
      vertex 91.2756 2.92032 120.989
      vertex 91.0239 2.17872 120.511
      vertex 91.5139 2.34506 120.511
    endloop
  endfacet
  facet normal 0.0519373 -0.792445 0.607728
    outer loop
      vertex 90 1.48896 119.956
      vertex 90 1.01118 119.333
      vertex 90.6512 1.05386 119.333
    endloop
  endfacet
  facet normal 0.609353 -0.694813 0.382
    outer loop
      vertex 93.8051 2.19489 118.654
      vertex 93.2759 1.73078 118.654
      vertex 93.4587 1.4925 117.929
    endloop
  endfacet
  facet normal 0.441183 -0.660302 0.607749
    outer loop
      vertex 92.7461 2.42115 119.956
      vertex 92.4944 1.67956 119.333
      vertex 93.037 2.0421 119.333
    endloop
  endfacet
  facet normal 0.0418735 -0.123336 0.991481
    outer loop
      vertex 90.1502 5.63745 121.987
      vertex 90.1016 5.62095 121.987
      vertex 90.4479 4.91856 121.885
    endloop
  endfacet
  facet normal 0.383131 -0.776935 0.499582
    outer loop
      vertex 92.4944 1.67956 119.333
      vertex 91.9091 1.39093 119.333
      vertex 92.0593 1.02839 118.654
    endloop
  endfacet
  facet normal 0.651199 -0.571096 0.499789
    outer loop
      vertex 93.6 2.4 119.156
      vertex 93.9579 2.963 119.333
      vertex 93.6 2.5549 119.333
    endloop
  endfacet
  facet normal 0.651397 -0.571129 0.499494
    outer loop
      vertex 93.9579 2.963 119.333
      vertex 93.6 2.4 119.156
      vertex 93.8051 2.19489 118.654
    endloop
  endfacet
  facet normal 0.597094 -0.523554 0.607759
    outer loop
      vertex 93.5788 3.25385 119.956
      vertex 93.1898 2.81021 119.956
      vertex 93.9579 2.963 119.333
    endloop
  endfacet
  facet normal 0.532283 -0.466726 0.706287
    outer loop
      vertex 93.5788 3.25385 119.956
      vertex 93.1386 3.59169 120.511
      vertex 93.1898 2.81021 119.956
    endloop
  endfacet
  facet normal 0.546882 -0.269763 0.792558
    outer loop
      vertex 93.0797 4.72435 120.989
      vertex 92.8868 4.33329 120.989
      vertex 93.6549 4.48608 120.511
    endloop
  endfacet
  facet normal 0.608464 -0.039946 0.792576
    outer loop
      vertex 93.9561 6 120.511
      vertex 93.3049 5.5649 120.989
      vertex 93.9222 5.48363 120.511
    endloop
  endfacet
  facet normal 0.499318 -0.0327228 0.8658
    outer loop
      vertex 92.6537 6 121.381
      vertex 92.631 5.65362 121.381
      vertex 93.3049 5.5649 120.989
    endloop
  endfacet
  facet normal -0.213347 0.319427 0.923282
    outer loop
      vertex 5.03568 57.6702 121.682
      vertex 4.38451 58.1053 121.381
      vertex 4.82592 57.5301 121.682
    endloop
  endfacet
  facet normal 0.00851424 -0.129968 0.991482
    outer loop
      vertex 90.0512 5.61094 121.987
      vertex 90 4.82946 121.885
      vertex 90.1528 4.83947 121.885
    endloop
  endfacet
  facet normal 0.0833217 0.245444 0.965823
    outer loop
      vertex 90.4992 57.8629 121.682
      vertex 90.303 57.1307 121.885
      vertex 90.7381 57.7818 121.682
    endloop
  endfacet
  facet normal 0.319309 0.213426 0.923304
    outer loop
      vertex 92.1053 57.6155 121.381
      vertex 91.6702 56.9643 121.682
      vertex 92.2982 57.3269 121.381
    endloop
  endfacet
  facet normal 0.660295 -0.441291 0.607679
    outer loop
      vertex 93.9067 3.74448 119.956
      vertex 93.5788 3.25385 119.956
      vertex 94.3204 3.50559 119.333
    endloop
  endfacet
  facet normal 0.660314 -0.441151 0.607759
    outer loop
      vertex 94.3204 3.50559 119.333
      vertex 93.5788 3.25385 119.956
      vertex 93.9579 2.963 119.333
    endloop
  endfacet
  facet normal 0.875083 -0.297103 0.382048
    outer loop
      vertex 95.1979 4.60723 118.654
      vertex 94.9716 3.94069 118.654
      vertex 95.2491 3.82575 117.929
    endloop
  endfacet
  facet normal 0.820256 -0.278489 0.499624
    outer loop
      vertex 95.1979 4.60723 118.654
      vertex 94.8188 4.7088 119.333
      vertex 94.9716 3.94069 118.654
    endloop
  endfacet
  facet normal 0.849599 -0.168983 0.499627
    outer loop
      vertex 94.9461 5.34883 119.333
      vertex 94.8188 4.7088 119.333
      vertex 95.1979 4.60723 118.654
    endloop
  endfacet
  facet normal 0.706381 -0.0463075 0.706316
    outer loop
      vertex 94.511 6 119.956
      vertex 93.9222 5.48363 120.511
      vertex 94.4724 5.41119 119.956
    endloop
  endfacet
  facet normal 0.991454 -0 0.130455
    outer loop
      vertex 95.8847 6 117.171
      vertex 95.9872 56 116.392
      vertex 95.8847 56 117.171
    endloop
  endfacet
  facet normal 0.991454 0 0.130455
    outer loop
      vertex 95.9872 56 116.392
      vertex 95.8847 6 117.171
      vertex 95.9872 6 116.392
    endloop
  endfacet
  facet normal 0.947493 -0.188485 0.258323
    outer loop
      vertex 95.633 5.2584 117.929
      vertex 95.488 4.5295 117.929
      vertex 95.6842 4.47692 117.171
    endloop
  endfacet
  facet normal 0.906396 -0.180309 0.382015
    outer loop
      vertex 95.633 5.2584 117.929
      vertex 95.1979 4.60723 118.654
      vertex 95.488 4.5295 117.929
    endloop
  endfacet
  facet normal 0.906388 -0.180259 0.382056
    outer loop
      vertex 95.3352 5.29761 118.654
      vertex 95.1979 4.60723 118.654
      vertex 95.633 5.2584 117.929
    endloop
  endfacet
  facet normal 0.922165 -0.0603932 0.382053
    outer loop
      vertex 95.3812 6 118.654
      vertex 95.3352 5.29761 118.654
      vertex 95.633 5.2584 117.929
    endloop
  endfacet
  facet normal 0.922165 0.0603924 0.382053
    outer loop
      vertex 95.633 56.7416 117.929
      vertex 95.3352 56.7024 118.654
      vertex 95.3812 56 118.654
    endloop
  endfacet
  facet normal 0.922148 0.060432 0.382087
    outer loop
      vertex 95.633 56.7416 117.929
      vertex 95.3812 56 118.654
      vertex 95.6816 56 117.929
    endloop
  endfacet
  facet normal 0.820464 -0.278559 -0.499244
    outer loop
      vertex 94.9716 3.94069 3.34627
      vertex 94.8188 4.7088 2.66658
      vertex 95.1979 4.60723 3.34627
    endloop
  endfacet
  facet normal 0.947494 -0.188502 -0.258307
    outer loop
      vertex 95.6842 4.47692 4.82946
      vertex 95.633 5.2584 4.07136
      vertex 95.8344 5.23189 4.82946
    endloop
  endfacet
  facet normal 0.513432 -0.768435 -0.381964
    outer loop
      vertex 93.4587 1.4925 4.07136
      vertex 92.6906 1.33971 3.34627
      vertex 93.2759 1.73078 3.34627
    endloop
  endfacet
  facet normal 0.80324 -0.536715 -0.258346
    outer loop
      vertex 94.6687 2.41761 4.82946
      vertex 94.5075 2.54127 4.07136
      vertex 94.9204 3.15921 4.07136
    endloop
  endfacet
  facet normal 0.720236 -0.48129 0.49962
    outer loop
      vertex 94.3204 3.50559 119.333
      vertex 94.2692 2.72411 118.654
      vertex 94.6603 3.30938 118.654
    endloop
  endfacet
  facet normal 0.720316 -0.481238 0.499554
    outer loop
      vertex 94.3204 3.50559 119.333
      vertex 93.9579 2.963 119.333
      vertex 94.2692 2.72411 118.654
    endloop
  endfacet
  facet normal 0.636944 -0.726346 0.258308
    outer loop
      vertex 94.0175 1.98252 117.929
      vertex 93.4587 1.4925 117.929
      vertex 94.1611 1.83888 117.171
    endloop
  endfacet
  facet normal 0.726332 -0.636962 0.258304
    outer loop
      vertex 94.5075 2.54127 117.929
      vertex 94.0175 1.98252 117.929
      vertex 94.1611 1.83888 117.171
    endloop
  endfacet
  facet normal 0.889233 -0.438576 0.130062
    outer loop
      vertex 95.4368 3.74802 117.171
      vertex 95.0963 3.05764 117.171
      vertex 95.5314 3.70881 116.392
    endloop
  endfacet
  facet normal 0.938898 -0.318677 0.130058
    outer loop
      vertex 95.6842 4.47692 117.171
      vertex 95.4368 3.74802 117.171
      vertex 95.5314 3.70881 116.392
    endloop
  endfacet
  facet normal 0.824403 -0.550851 0.130089
    outer loop
      vertex 95.0963 3.05764 117.171
      vertex 94.7499 2.35525 116.392
      vertex 95.185 3.00642 116.392
    endloop
  endfacet
  facet normal 0.824443 -0.550805 0.130029
    outer loop
      vertex 95.0963 3.05764 117.171
      vertex 94.6687 2.41761 117.171
      vertex 94.7499 2.35525 116.392
    endloop
  endfacet
  facet normal 0.193453 0.972454 0.130034
    outer loop
      vertex 90.7815 61.9359 116.392
      vertex 90.7681 61.8344 117.171
      vertex 91.5496 61.7831 116.392
    endloop
  endfacet
  facet normal 0.0649459 0.989381 0.130029
    outer loop
      vertex 90.7815 61.9359 116.392
      vertex 90 61.9872 116.392
      vertex 90.7681 61.8344 117.171
    endloop
  endfacet
  facet normal 0 0.965928 0.258813
    outer loop
      vertex 90 61.8847 117.171
      vertex 6 61.6816 117.929
      vertex 90 61.6816 117.929
    endloop
  endfacet
  facet normal 0 0.965928 0.258813
    outer loop
      vertex 6 61.6816 117.929
      vertex 90 61.8847 117.171
      vertex 6 61.8847 117.171
    endloop
  endfacet
  facet normal -0.188485 0.947493 0.258323
    outer loop
      vertex 5.2584 61.633 117.929
      vertex 4.47692 61.6842 117.171
      vertex 4.5295 61.488 117.929
    endloop
  endfacet
  facet normal 0.138093 0.694302 0.706311
    outer loop
      vertex 90.5888 60.4724 119.956
      vertex 90.5164 59.9222 120.511
      vertex 91.1675 60.3573 119.956
    endloop
  endfacet
  facet normal 0.0463735 0.70641 0.706282
    outer loop
      vertex 90 60.511 119.956
      vertex 90 59.9561 120.511
      vertex 90.5164 59.9222 120.511
    endloop
  endfacet
  facet normal 0.0251162 0.383271 0.923295
    outer loop
      vertex 90.3464 58.631 121.381
      vertex 90 58.6537 121.381
      vertex 90.2517 57.9121 121.682
    endloop
  endfacet
  facet normal 0.16983 0.344527 0.923287
    outer loop
      vertex 91.0155 58.4517 121.381
      vertex 90.7381 57.7818 121.682
      vertex 91.3269 58.2982 121.381
    endloop
  endfacet
  facet normal 0.253208 0.288843 0.923285
    outer loop
      vertex 91.6155 58.1053 121.381
      vertex 91.1741 57.5301 121.682
      vertex 91.8765 57.8765 121.381
    endloop
  endfacet
  facet normal 0.338692 0.50706 0.792577
    outer loop
      vertex 92.4083 59.1386 120.511
      vertex 91.6667 58.8868 120.989
      vertex 92.0293 58.6446 120.989
    endloop
  endfacet
  facet normal 0.0566092 0.864398 0.499611
    outer loop
      vertex 90.7024 61.3352 118.654
      vertex 90 61.3812 118.654
      vertex 90.6512 60.9461 119.333
    endloop
  endfacet
  facet normal 0.0566814 0.864424 0.499558
    outer loop
      vertex 90 61.3812 118.654
      vertex 90 60.9888 119.333
      vertex 90.6512 60.9461 119.333
    endloop
  endfacet
  facet normal 0.523499 0.597112 0.607787
    outer loop
      vertex 93.037 59.9579 119.333
      vertex 92.7461 59.5788 119.956
      vertex 93.1898 59.1898 119.956
    endloop
  endfacet
  facet normal 0.651199 0.571096 0.499789
    outer loop
      vertex 93.9579 59.037 119.333
      vertex 93.6 59.6 119.156
      vertex 93.6 59.4451 119.333
    endloop
  endfacet
  facet normal 0.651403 0.57113 0.499485
    outer loop
      vertex 93.6 59.6 119.156
      vertex 93.9579 59.037 119.333
      vertex 93.8051 59.8051 118.654
    endloop
  endfacet
  facet normal -0.039946 0.608464 0.792576
    outer loop
      vertex 6 59.9561 120.511
      vertex 5.48363 59.9222 120.511
      vertex 5.5649 59.3049 120.989
    endloop
  endfacet
  facet normal -0.138035 0.694336 0.706289
    outer loop
      vertex 5.48363 59.9222 120.511
      vertex 4.83246 60.3573 119.956
      vertex 4.97609 59.8213 120.511
    endloop
  endfacet
  facet normal -0.0418716 0.123331 0.991482
    outer loop
      vertex 5.89843 56.379 121.987
      vertex 5.55205 57.0814 121.885
      vertex 5.84983 56.3625 121.987
    endloop
  endfacet
  facet normal -0.169898 0.344454 0.923302
    outer loop
      vertex 5.26194 57.7818 121.682
      vertex 4.67313 58.2982 121.381
      vertex 5.03568 57.6702 121.682
    endloop
  endfacet
  facet normal -0.168967 0.84961 0.499614
    outer loop
      vertex 5.29761 61.3352 118.654
      vertex 4.60723 61.1979 118.654
      vertex 5.34883 60.9461 119.333
    endloop
  endfacet
  facet normal -0.168983 0.849599 0.499627
    outer loop
      vertex 5.34883 60.9461 119.333
      vertex 4.60723 61.1979 118.654
      vertex 4.7088 60.8188 119.333
    endloop
  endfacet
  facet normal 0.329951 -0.376214 0.865792
    outer loop
      vertex 92.3571 3.64291 120.989
      vertex 91.8765 4.12353 121.381
      vertex 92.0293 3.35542 120.989
    endloop
  endfacet
  facet normal -0.123336 0.0418735 0.991481
    outer loop
      vertex 5.63745 56.1502 121.987
      vertex 4.91856 56.4479 121.885
      vertex 5.62095 56.1016 121.987
    endloop
  endfacet
  facet normal 0.0169539 -0.258625 0.965829
    outer loop
      vertex 90 4.82946 121.885
      vertex 90 4.07136 121.682
      vertex 90.2517 4.08786 121.682
    endloop
  endfacet
  facet normal 0.129977 0 0.991517
    outer loop
      vertex 90.3924 56 121.987
      vertex 91.1705 6 121.885
      vertex 91.1705 56 121.885
    endloop
  endfacet
  facet normal 0.129977 0 0.991517
    outer loop
      vertex 91.1705 6 121.885
      vertex 90.3924 56 121.987
      vertex 90.3924 6 121.987
    endloop
  endfacet
  facet normal 0.194881 0.170842 0.965833
    outer loop
      vertex 91.3638 57.3638 121.682
      vertex 90.8277 56.8277 121.885
      vertex 91.5301 57.1741 121.682
    endloop
  endfacet
  facet normal 0.169929 0.344425 0.923307
    outer loop
      vertex 91.3269 58.2982 121.381
      vertex 90.7381 57.7818 121.682
      vertex 90.9643 57.6702 121.682
    endloop
  endfacet
  facet normal 0.215452 0.14403 0.965834
    outer loop
      vertex 91.5301 57.1741 121.682
      vertex 90.9286 56.7126 121.885
      vertex 91.0137 56.5853 121.885
    endloop
  endfacet
  facet normal 0.108324 0.0723003 0.991483
    outer loop
      vertex 91.0137 56.5853 121.885
      vertex 90.3113 56.2389 121.987
      vertex 90.3398 56.1962 121.987
    endloop
  endfacet
  facet normal 0.448765 0.221342 0.865805
    outer loop
      vertex 92.8868 57.6667 120.989
      vertex 92.4517 57.0155 121.381
      vertex 93.0797 57.2756 120.989
    endloop
  endfacet
  facet normal 0.344527 0.16983 0.923287
    outer loop
      vertex 92.2982 57.3269 121.381
      vertex 91.7818 56.7381 121.682
      vertex 92.4517 57.0155 121.381
    endloop
  endfacet
  facet normal 0.448862 0.22126 0.865776
    outer loop
      vertex 92.8868 57.6667 120.989
      vertex 92.2982 57.3269 121.381
      vertex 92.4517 57.0155 121.381
    endloop
  endfacet
  facet normal 0.213426 0.319309 0.923304
    outer loop
      vertex 91.3269 58.2982 121.381
      vertex 90.9643 57.6702 121.682
      vertex 91.6155 58.1053 121.381
    endloop
  endfacet
  facet normal -0.114653 0.23245 0.965827
    outer loop
      vertex 5.26194 57.7818 121.682
      vertex 5.03568 57.6702 121.682
      vertex 5.41473 57.0137 121.885
    endloop
  endfacet
  facet normal -0.828862 0.40872 0.382014
    outer loop
      vertex 1.07961 58.8408 117.929
      vertex 0.750903 58.1742 117.929
      vertex 1.02839 58.0593 118.654
    endloop
  endfacet
  facet normal -0.866436 0.427248 0.258355
    outer loop
      vertex 0.903689 58.9424 117.171
      vertex 0.750903 58.1742 117.929
      vertex 1.07961 58.8408 117.929
    endloop
  endfacet
  facet normal -0.980785 0.195092 0
    outer loop
      vertex 0.0640669 56.7815 5.60758
      vertex 0.216853 57.5496 116.392
      vertex 0.216853 57.5496 5.60758
    endloop
  endfacet
  facet normal -0.980785 0.195092 0
    outer loop
      vertex 0.216853 57.5496 116.392
      vertex 0.0640669 56.7815 5.60758
      vertex 0.0640669 56.7815 116.392
    endloop
  endfacet
  facet normal -0.523819 0.597291 0.607336
    outer loop
      vertex 2.963 59.9579 119.333
      vertex 2.5549 59.6 119.333
      vertex 2.86447 59.6 119.6
    endloop
  endfacet
  facet normal -0.519708 0.598155 0.610011
    outer loop
      vertex 2.86447 59.6 119.6
      vertex 2.81021 59.1898 119.956
      vertex 2.963 59.9579 119.333
    endloop
  endfacet
  facet normal -0.523446 0.596922 0.60802
    outer loop
      vertex 2.81021 59.1898 119.956
      vertex 2.86447 59.6 119.6
      vertex 2.61701 59.383 119.6
    endloop
  endfacet
  facet normal -0.59727 0.5238 0.607373
    outer loop
      vertex 2.4 59.4451 119.333
      vertex 2.0421 59.037 119.333
      vertex 2.4 59.1355 119.6
    endloop
  endfacet
  facet normal -0.596953 0.523413 0.608019
    outer loop
      vertex 2.4 59.1355 119.6
      vertex 2.81021 59.1898 119.956
      vertex 2.61701 59.383 119.6
    endloop
  endfacet
  facet normal -0.598053 0.520081 0.609794
    outer loop
      vertex 2.81021 59.1898 119.956
      vertex 2.4 59.1355 119.6
      vertex 2.0421 59.037 119.333
    endloop
  endfacet
  facet normal -0.922172 0.0604427 0.382028
    outer loop
      vertex 0.664801 56.7024 118.654
      vertex 0.367025 56.7416 117.929
      vertex 0.618763 56 118.654
    endloop
  endfacet
  facet normal -0.849629 0.168994 0.499571
    outer loop
      vertex 0.802124 57.3928 118.654
      vertex 0.664801 56.7024 118.654
      vertex 1.05386 56.6512 119.333
    endloop
  endfacet
  facet normal -0.0723187 0.108316 0.991483
    outer loop
      vertex 5.41473 57.0137 121.885
      vertex 5.28742 56.9287 121.885
      vertex 5.76111 56.3113 121.987
    endloop
  endfacet
  facet normal -0.32993 -0.376225 0.865795
    outer loop
      vertex 4.12353 4.12353 121.381
      vertex 3.64291 3.64291 120.989
      vertex 3.97074 3.35542 120.989
    endloop
  endfacet
  facet normal -0.712235 0.351259 0.607732
    outer loop
      vertex 2.09333 58.2555 119.956
      vertex 1.67956 58.4944 119.333
      vertex 1.83234 57.7263 119.956
    endloop
  endfacet
  facet normal -0.752002 -0.255267 0.607727
    outer loop
      vertex 1.83234 4.2737 119.956
      vertex 1.18117 4.7088 119.333
      vertex 1.39093 4.09086 119.333
    endloop
  endfacet
  facet normal 0.258818 0 -0.965926
    outer loop
      vertex 91.1705 6 0.115288
      vertex 91.9286 56 0.318419
      vertex 91.9286 6 0.318419
    endloop
  endfacet
  facet normal 0.258818 0 -0.965926
    outer loop
      vertex 91.9286 56 0.318419
      vertex 91.1705 6 0.115288
      vertex 91.1705 56 0.115288
    endloop
  endfacet
  facet normal 0.130534 0.00854279 -0.991407
    outer loop
      vertex 91.1705 56 0.115288
      vertex 90.3891 56.0512 0.012846
      vertex 91.1605 56.1528 0.115288
    endloop
  endfacet
  facet normal -0.123858 -0.0420505 -0.991409
    outer loop
      vertex 5.63745 5.84983 0.012846
      vertex 4.91856 5.55205 0.115288
      vertex 5.62095 5.89843 0.012846
    endloop
  endfacet
  facet normal 0.793343 0 -0.608774
    outer loop
      vertex 94.9888 6 2.66658
      vertex 94.511 56 2.04392
      vertex 94.9888 56 2.66658
    endloop
  endfacet
  facet normal 0.793343 0 -0.608774
    outer loop
      vertex 94.511 56 2.04392
      vertex 94.9888 6 2.66658
      vertex 94.511 6 2.04392
    endloop
  endfacet
  facet normal 0.670214 0.227599 -0.706407
    outer loop
      vertex 93.8213 57.0239 1.48896
      vertex 93.6549 57.5139 1.48896
      vertex 94.1677 57.7263 2.04392
    endloop
  endfacet
  facet normal 0.706384 -0.0463745 -0.706308
    outer loop
      vertex 94.511 6 2.04392
      vertex 93.9222 5.48363 1.48896
      vertex 93.9561 6 1.48896
    endloop
  endfacet
  facet normal 0.491186 -0.0977434 -0.865553
    outer loop
      vertex 93.2198 5.13725 1.01118
      vertex 92.5633 5.31316 0.618763
      vertex 93.3049 5.5649 1.01118
    endloop
  endfacet
  facet normal 0.401916 -0.458339 -0.79271
    outer loop
      vertex 92.4083 2.86143 1.48896
      vertex 92.0293 3.35542 1.01118
      vertex 92.7974 3.20263 1.48896
    endloop
  endfacet
  facet normal 0.338644 -0.506883 -0.79271
    outer loop
      vertex 92.4083 2.86143 1.48896
      vertex 91.6667 3.11317 1.01118
      vertex 92.0293 3.35542 1.01118
    endloop
  endfacet
  facet normal 0.288277 -0.252757 -0.923585
    outer loop
      vertex 91.8765 4.12353 0.618763
      vertex 91.3638 4.63625 0.318419
      vertex 91.5301 4.82592 0.318419
    endloop
  endfacet
  facet normal 0.330186 -0.376523 -0.865568
    outer loop
      vertex 92.0293 3.35542 1.01118
      vertex 91.6155 3.89465 0.618763
      vertex 91.8765 4.12353 0.618763
    endloop
  endfacet
  facet normal 0.0747798 -0.376026 -0.923587
    outer loop
      vertex 90.6868 3.43669 0.618763
      vertex 90.2517 4.08786 0.318419
      vertex 90.4992 4.13708 0.318419
    endloop
  endfacet
  facet normal -0.0169375 0.258788 -0.965786
    outer loop
      vertex 5.84721 57.1605 0.115288
      vertex 5.74826 57.9121 0.318419
      vertex 6 57.1705 0.115288
    endloop
  endfacet
  facet normal 0.12323 -0.363048 -0.923586
    outer loop
      vertex 90.6868 3.43669 0.618763
      vertex 90.4992 4.13708 0.318419
      vertex 90.7381 4.21817 0.318419
    endloop
  endfacet
  facet normal -0.0983311 -0.0862531 -0.991409
    outer loop
      vertex 5.72252 5.72252 0.012846
      vertex 5.1723 5.1723 0.115288
      vertex 5.68867 5.76111 0.012846
    endloop
  endfacet
  facet normal 0.221463 -0.449187 -0.865555
    outer loop
      vertex 91.6667 3.11317 1.01118
      vertex 91.0155 3.54827 0.618763
      vertex 91.3269 3.7018 0.618763
    endloop
  endfacet
  facet normal 0.221482 -0.449165 -0.865561
    outer loop
      vertex 91.2756 2.92032 1.01118
      vertex 91.0155 3.54827 0.618763
      vertex 91.6667 3.11317 1.01118
    endloop
  endfacet
  facet normal 0.0327563 -0.49973 -0.865562
    outer loop
      vertex 90.4351 2.6951 1.01118
      vertex 90 2.66658 1.01118
      vertex 90 3.34627 0.618763
    endloop
  endfacet
  facet normal 0.0977168 -0.491182 -0.865559
    outer loop
      vertex 90.4351 2.6951 1.01118
      vertex 90.3464 3.36897 0.618763
      vertex 90.6868 3.43669 0.618763
    endloop
  endfacet
  facet normal 0 -0.382685 -0.923879
    outer loop
      vertex 6 3.34627 0.618763
      vertex 90 4.07136 0.318419
      vertex 90 3.34627 0.618763
    endloop
  endfacet
  facet normal -0 -0.382685 -0.923879
    outer loop
      vertex 90 4.07136 0.318419
      vertex 6 3.34627 0.618763
      vertex 6 4.07136 0.318419
    endloop
  endfacet
  facet normal -0.03275 -0.499733 -0.86556
    outer loop
      vertex 6 3.34627 0.618763
      vertex 5.5649 2.6951 1.01118
      vertex 5.65362 3.36897 0.618763
    endloop
  endfacet
  facet normal 0.596944 -0.523515 -0.607939
    outer loop
      vertex 93.6 2.86447 2.4
      vertex 93.9579 2.963 2.66658
      vertex 93.6 2.5549 2.66658
    endloop
  endfacet
  facet normal 0.596911 -0.523671 -0.607837
    outer loop
      vertex 93.6 2.86447 2.4
      vertex 93.1898 2.81021 2.04392
      vertex 93.9579 2.963 2.66658
    endloop
  endfacet
  facet normal 0.596971 -0.52349 -0.607934
    outer loop
      vertex 93.1898 2.81021 2.04392
      vertex 93.6 2.86447 2.4
      vertex 93.383 2.61701 2.4
    endloop
  endfacet
  facet normal 0.660161 -0.441202 -0.607888
    outer loop
      vertex 94.3204 3.50559 2.66658
      vertex 93.5788 3.25385 2.04392
      vertex 93.9067 3.74448 2.04392
    endloop
  endfacet
  facet normal 0.712074 -0.351249 -0.607927
    outer loop
      vertex 94.3204 3.50559 2.66658
      vertex 94.1677 4.2737 2.04392
      vertex 94.6091 4.09086 2.66658
    endloop
  endfacet
  facet normal 0.751879 -0.255153 -0.607927
    outer loop
      vertex 94.6091 4.09086 2.66658
      vertex 94.1677 4.2737 2.04392
      vertex 94.8188 4.7088 2.66658
    endloop
  endfacet
  facet normal 0.997852 -0.0655037 0
    outer loop
      vertex 95.9359 5.21852 116.392
      vertex 95.9872 6 5.60758
      vertex 95.9872 6 116.392
    endloop
  endfacet
  facet normal 0.997852 -0.0655037 0
    outer loop
      vertex 95.9872 6 5.60758
      vertex 95.9359 5.21852 116.392
      vertex 95.9359 5.21852 5.60758
    endloop
  endfacet
  facet normal 0.972437 -0.193447 -0.130171
    outer loop
      vertex 95.9359 5.21852 5.60758
      vertex 95.7831 4.45041 5.60758
      vertex 95.8344 5.23189 4.82946
    endloop
  endfacet
  facet normal -0.513458 0.768375 0.382048
    outer loop
      vertex 3.30938 60.6603 118.654
      vertex 2.54127 60.5075 117.929
      vertex 2.72411 60.2692 118.654
    endloop
  endfacet
  facet normal -0.48129 0.720236 0.49962
    outer loop
      vertex 3.30938 60.6603 118.654
      vertex 2.72411 60.2692 118.654
      vertex 3.50559 60.3204 119.333
    endloop
  endfacet
  facet normal -0.0604331 0.922165 -0.382047
    outer loop
      vertex 6 61.3812 3.34627
      vertex 5.2584 61.633 4.07136
      vertex 6 61.6816 4.07136
    endloop
  endfacet
  facet normal 0 0.793343 -0.608774
    outer loop
      vertex 90 60.511 2.04392
      vertex 6 60.9888 2.66658
      vertex 90 60.9888 2.66658
    endloop
  endfacet
  facet normal 0 0.793343 -0.608774
    outer loop
      vertex 6 60.9888 2.66658
      vertex 90 60.511 2.04392
      vertex 6 60.511 2.04392
    endloop
  endfacet
  facet normal 0.312979 0.634849 -0.706407
    outer loop
      vertex 91.978 59.4261 1.48896
      vertex 91.5139 59.6549 1.48896
      vertex 91.7263 60.1677 2.04392
    endloop
  endfacet
  facet normal 0.39325 0.588576 -0.706351
    outer loop
      vertex 92.4083 59.1386 1.48896
      vertex 91.978 59.4261 1.48896
      vertex 92.2555 59.9067 2.04392
    endloop
  endfacet
  facet normal -0.221471 0.449189 -0.865552
    outer loop
      vertex 4.67313 58.2982 0.618763
      vertex 4.33329 58.8868 1.01118
      vertex 4.98446 58.4517 0.618763
    endloop
  endfacet
  facet normal -0.313099 0.63486 -0.706344
    outer loop
      vertex 4.02196 59.4261 1.48896
      vertex 3.74448 59.9067 2.04392
      vertex 4.2737 60.1677 2.04392
    endloop
  endfacet
  facet normal -0.0463745 0.706384 -0.706308
    outer loop
      vertex 6 59.9561 1.48896
      vertex 5.48363 59.9222 1.48896
      vertex 6 60.511 2.04392
    endloop
  endfacet
  facet normal -0.269522 0.546725 -0.792748
    outer loop
      vertex 4.33329 58.8868 1.01118
      vertex 4.02196 59.4261 1.48896
      vertex 4.48608 59.6549 1.48896
    endloop
  endfacet
  facet normal -0.441202 0.660161 -0.607888
    outer loop
      vertex 3.74448 59.9067 2.04392
      vertex 3.25385 59.5788 2.04392
      vertex 3.50559 60.3204 2.66658
    endloop
  endfacet
  facet normal -0.441062 0.660181 -0.607968
    outer loop
      vertex 3.25385 59.5788 2.04392
      vertex 2.963 59.9579 2.66658
      vertex 3.50559 60.3204 2.66658
    endloop
  endfacet
  facet normal -0.188486 0.947501 -0.258291
    outer loop
      vertex 4.5295 61.488 4.07136
      vertex 4.47692 61.6842 4.82946
      vertex 5.2584 61.633 4.07136
    endloop
  endfacet
  facet normal -0.188502 0.947494 -0.258307
    outer loop
      vertex 5.2584 61.633 4.07136
      vertex 4.47692 61.6842 4.82946
      vertex 5.23189 61.8344 4.82946
    endloop
  endfacet
  facet normal 0.408724 0.82887 -0.381993
    outer loop
      vertex 92.6906 60.6603 3.34627
      vertex 92.0593 60.9716 3.34627
      vertex 92.8408 60.9204 4.07136
    endloop
  endfacet
  facet normal 0.571324 0.651464 -0.499183
    outer loop
      vertex 93.8051 59.8051 3.34627
      vertex 93.037 59.9579 2.66658
      vertex 93.2759 60.2692 3.34627
    endloop
  endfacet
  facet normal 0.351216 0.71212 -0.607891
    outer loop
      vertex 92.2555 59.9067 2.04392
      vertex 91.7263 60.1677 2.04392
      vertex 92.4944 60.3204 2.66658
    endloop
  endfacet
  facet normal 0.351239 0.71209 -0.607913
    outer loop
      vertex 92.4944 60.3204 2.66658
      vertex 91.7263 60.1677 2.04392
      vertex 91.9091 60.6091 2.66658
    endloop
  endfacet
  facet normal 0.180313 0.906415 -0.381968
    outer loop
      vertex 91.3928 61.1979 3.34627
      vertex 90.7416 61.633 4.07136
      vertex 91.4705 61.488 4.07136
    endloop
  endfacet
  facet normal 0.188486 0.9475 -0.258296
    outer loop
      vertex 91.4705 61.488 4.07136
      vertex 90.7416 61.633 4.07136
      vertex 91.5231 61.6842 4.82946
    endloop
  endfacet
  facet normal 0 0.965936 -0.258781
    outer loop
      vertex 90 61.6816 4.07136
      vertex 6 61.8847 4.82946
      vertex 90 61.8847 4.82946
    endloop
  endfacet
  facet normal 0 0.965936 -0.258781
    outer loop
      vertex 6 61.8847 4.82946
      vertex 90 61.6816 4.07136
      vertex 6 61.6816 4.07136
    endloop
  endfacet
  facet normal 0.278573 0.820454 -0.499253
    outer loop
      vertex 92.0593 60.9716 3.34627
      vertex 91.2912 60.8188 2.66658
      vertex 91.3928 61.1979 3.34627
    endloop
  endfacet
  facet normal 0.278472 0.820544 -0.49916
    outer loop
      vertex 91.9091 60.6091 2.66658
      vertex 91.2912 60.8188 2.66658
      vertex 92.0593 60.9716 3.34627
    endloop
  endfacet
  facet normal 0.363717 0.123489 0.923288
    outer loop
      vertex 92.4517 57.0155 121.381
      vertex 91.7818 56.7381 121.682
      vertex 92.5633 56.6868 121.381
    endloop
  endfacet
  facet normal 0.245444 0.0833217 0.965823
    outer loop
      vertex 91.7818 56.7381 121.682
      vertex 91.1307 56.303 121.885
      vertex 91.8629 56.4992 121.682
    endloop
  endfacet
  facet normal 0.588597 0.393265 0.706326
    outer loop
      vertex 93.9067 58.2555 119.956
      vertex 93.1386 58.4083 120.511
      vertex 93.4261 57.978 120.511
    endloop
  endfacet
  facet normal 0.46673 0.532253 0.706308
    outer loop
      vertex 93.1898 59.1898 119.956
      vertex 92.4083 59.1386 120.511
      vertex 92.7974 58.7974 120.511
    endloop
  endfacet
  facet normal 0.473856 0.160822 0.865793
    outer loop
      vertex 93.0797 57.2756 120.989
      vertex 92.5633 56.6868 121.381
      vertex 93.2198 56.8628 120.989
    endloop
  endfacet
  facet normal 0.490788 0.0976527 0.865789
    outer loop
      vertex 93.2198 56.8628 120.989
      vertex 92.5633 56.6868 121.381
      vertex 93.3049 56.4351 120.989
    endloop
  endfacet
  facet normal 0.660304 0.441136 0.607781
    outer loop
      vertex 93.9579 59.037 119.333
      vertex 93.5788 58.7461 119.956
      vertex 94.3204 58.4944 119.333
    endloop
  endfacet
  facet normal 0.597112 0.523499 0.607787
    outer loop
      vertex 93.9579 59.037 119.333
      vertex 93.1898 59.1898 119.956
      vertex 93.5788 58.7461 119.956
    endloop
  endfacet
  facet normal 0.310559 0.914778 0.258331
    outer loop
      vertex 91.5231 61.6842 117.171
      vertex 91.4705 61.488 117.929
      vertex 92.1742 61.2491 117.929
    endloop
  endfacet
  facet normal 0.351287 0.712264 0.607682
    outer loop
      vertex 92.4944 60.3204 119.333
      vertex 91.7263 60.1677 119.956
      vertex 92.2555 59.9067 119.956
    endloop
  endfacet
  facet normal 0.651299 0.571179 0.499564
    outer loop
      vertex 94.2692 59.2759 118.654
      vertex 93.8051 59.8051 118.654
      vertex 93.9579 59.037 119.333
    endloop
  endfacet
  facet normal 0.694814 0.609341 0.382016
    outer loop
      vertex 94.5075 59.4587 117.929
      vertex 93.8051 59.8051 118.654
      vertex 94.2692 59.2759 118.654
    endloop
  endfacet
  facet normal 0.609341 0.694814 0.382016
    outer loop
      vertex 93.4587 60.5075 117.929
      vertex 93.2759 60.2692 118.654
      vertex 93.8051 59.8051 118.654
    endloop
  endfacet
  facet normal 0.636936 0.726367 0.258272
    outer loop
      vertex 94.1611 60.1611 117.171
      vertex 93.4587 60.5075 117.929
      vertex 94.0175 60.0175 117.929
    endloop
  endfacet
  facet normal 0.820336 0.278402 0.49954
    outer loop
      vertex 94.9716 58.0593 118.654
      vertex 94.6091 57.9091 119.333
      vertex 94.8188 57.2912 119.333
    endloop
  endfacet
  facet normal 0.776917 0.383215 0.499546
    outer loop
      vertex 94.9716 58.0593 118.654
      vertex 94.3204 58.4944 119.333
      vertex 94.6091 57.9091 119.333
    endloop
  endfacet
  facet normal 0.670386 0.227461 0.706289
    outer loop
      vertex 94.1677 57.7263 119.956
      vertex 93.8213 57.0239 120.511
      vertex 94.3573 57.1675 119.956
    endloop
  endfacet
  facet normal 0.694337 0.138047 0.706285
    outer loop
      vertex 94.3573 57.1675 119.956
      vertex 93.8213 57.0239 120.511
      vertex 93.9222 56.5164 120.511
    endloop
  endfacet
  facet normal 0.168963 0.849613 0.49961
    outer loop
      vertex 90.7024 61.3352 118.654
      vertex 90.6512 60.9461 119.333
      vertex 91.3928 61.1979 118.654
    endloop
  endfacet
  facet normal 0.16899 0.849594 0.499632
    outer loop
      vertex 91.3928 61.1979 118.654
      vertex 90.6512 60.9461 119.333
      vertex 91.2912 60.8188 119.333
    endloop
  endfacet
  facet normal 0.278502 0.820246 0.499633
    outer loop
      vertex 91.3928 61.1979 118.654
      vertex 91.2912 60.8188 119.333
      vertex 92.0593 60.9716 118.654
    endloop
  endfacet
  facet normal 0.408711 0.828861 0.382027
    outer loop
      vertex 92.1742 61.2491 117.929
      vertex 92.0593 60.9716 118.654
      vertex 92.8408 60.9204 117.929
    endloop
  endfacet
  facet normal -0.171041 0.194953 -0.965784
    outer loop
      vertex 5.1723 56.8277 0.115288
      vertex 4.82592 57.5301 0.318419
      vertex 5.28742 56.9287 0.115288
    endloop
  endfacet
  facet normal -0.0833747 0.24559 -0.965782
    outer loop
      vertex 5.69704 57.1307 0.115288
      vertex 5.26194 57.7818 0.318419
      vertex 5.50083 57.8629 0.318419
    endloop
  endfacet
  facet normal -0.074769 0.376018 -0.923591
    outer loop
      vertex 5.50083 57.8629 0.318419
      vertex 5.31316 58.5633 0.618763
      vertex 5.74826 57.9121 0.318419
    endloop
  endfacet
  facet normal -0.252757 0.288277 -0.923585
    outer loop
      vertex 4.63625 57.3638 0.318419
      vertex 4.12353 57.8765 0.618763
      vertex 4.82592 57.5301 0.318419
    endloop
  endfacet
  facet normal -0.330121 0.376551 -0.86558
    outer loop
      vertex 4.12353 57.8765 0.618763
      vertex 3.97074 58.6446 1.01118
      vertex 4.38451 58.1053 0.618763
    endloop
  endfacet
  facet normal -0.376514 0.330214 -0.865561
    outer loop
      vertex 4.12353 57.8765 0.618763
      vertex 3.35542 58.0293 1.01118
      vertex 3.64291 58.3571 1.01118
    endloop
  endfacet
  facet normal 0.849825 -0.16901 -0.499233
    outer loop
      vertex 95.1979 4.60723 3.34627
      vertex 94.9461 5.34883 2.66658
      vertex 95.3352 5.29761 3.34627
    endloop
  endfacet
  facet normal 0.849814 -0.169025 -0.499246
    outer loop
      vertex 95.1979 4.60723 3.34627
      vertex 94.8188 4.7088 2.66658
      vertex 94.9461 5.34883 2.66658
    endloop
  endfacet
  facet normal 0.906415 0.180313 -0.381968
    outer loop
      vertex 95.633 56.7416 4.07136
      vertex 95.1979 57.3928 3.34627
      vertex 95.488 57.4705 4.07136
    endloop
  endfacet
  facet normal 0.864617 0.0566236 -0.49923
    outer loop
      vertex 95.3812 56 3.34627
      vertex 94.9461 56.6512 2.66658
      vertex 95.3352 56.7024 3.34627
    endloop
  endfacet
  facet normal 0.777119 0.383205 -0.499239
    outer loop
      vertex 94.9716 58.0593 3.34627
      vertex 94.3204 58.4944 2.66658
      vertex 94.6603 58.6906 3.34627
    endloop
  endfacet
  facet normal 0.726373 0.636941 -0.25824
    outer loop
      vertex 94.5075 59.4587 4.07136
      vertex 94.0175 60.0175 4.07136
      vertex 94.1611 60.1611 4.82946
    endloop
  endfacet
  facet normal 0.376555 0.330099 -0.865587
    outer loop
      vertex 92.1053 57.6155 0.618763
      vertex 91.8765 57.8765 0.618763
      vertex 92.6446 58.0293 1.01118
    endloop
  endfacet
  facet normal 0.0254801 -0.128292 -0.991409
    outer loop
      vertex 90.1528 4.83947 0.115288
      vertex 90.0512 5.61094 0.012846
      vertex 90.1016 5.62095 0.012846
    endloop
  endfacet
  facet normal 0 0.13053 -0.991444
    outer loop
      vertex 6 56.3924 0.012846
      vertex 90 57.1705 0.115288
      vertex 90 56.3924 0.012846
    endloop
  endfacet
  facet normal 0 0.13053 -0.991444
    outer loop
      vertex 90 57.1705 0.115288
      vertex 6 56.3924 0.012846
      vertex 6 57.1705 0.115288
    endloop
  endfacet
  facet normal 0.195902 0.577218 -0.792743
    outer loop
      vertex 91.2756 59.0797 1.01118
      vertex 90.8628 59.2198 1.01118
      vertex 91.0239 59.8213 1.48896
    endloop
  endfacet
  facet normal 0.169613 0.343785 -0.923603
    outer loop
      vertex 90.9643 57.6702 0.318419
      vertex 90.7381 57.7818 0.318419
      vertex 91.3269 58.2982 0.618763
    endloop
  endfacet
  facet normal 0.338638 0.506838 -0.792741
    outer loop
      vertex 92.4083 59.1386 1.48896
      vertex 91.6667 58.8868 1.01118
      vertex 91.978 59.4261 1.48896
    endloop
  endfacet
  facet normal 0.499724 0.032733 -0.865566
    outer loop
      vertex 93.3334 56 1.01118
      vertex 92.6537 56 0.618763
      vertex 93.3049 56.4351 1.01118
    endloop
  endfacet
  facet normal 0.499717 0.0327471 -0.865569
    outer loop
      vertex 92.6537 56 0.618763
      vertex 92.631 56.3464 0.618763
      vertex 93.3049 56.4351 1.01118
    endloop
  endfacet
  facet normal 0.824361 0.550882 -0.130219
    outer loop
      vertex 95.0963 58.9424 4.82946
      vertex 94.7499 59.6447 5.60758
      vertex 95.185 58.9936 5.60758
    endloop
  endfacet
  facet normal 0.889228 0.438538 -0.130221
    outer loop
      vertex 95.5314 58.2912 5.60758
      vertex 95.0963 58.9424 4.82946
      vertex 95.185 58.9936 5.60758
    endloop
  endfacet
  facet normal 0.636941 0.726373 -0.25824
    outer loop
      vertex 94.0175 60.0175 4.07136
      vertex 93.4587 60.5075 4.07136
      vertex 94.1611 60.1611 4.82946
    endloop
  endfacet
  facet normal 0.803272 0.536686 -0.258307
    outer loop
      vertex 94.9204 58.8408 4.07136
      vertex 94.6687 59.5824 4.82946
      vertex 95.0963 58.9424 4.82946
    endloop
  endfacet
  facet normal 0.71209 0.351239 -0.607913
    outer loop
      vertex 94.6091 57.9091 2.66658
      vertex 94.1677 57.7263 2.04392
      vertex 94.3204 58.4944 2.66658
    endloop
  endfacet
  facet normal 0.777114 0.383312 -0.499165
    outer loop
      vertex 94.6091 57.9091 2.66658
      vertex 94.3204 58.4944 2.66658
      vertex 94.9716 58.0593 3.34627
    endloop
  endfacet
  facet normal 0.63485 0.313106 -0.70635
    outer loop
      vertex 94.1677 57.7263 2.04392
      vertex 93.4261 57.978 1.48896
      vertex 93.9067 58.2555 2.04392
    endloop
  endfacet
  facet normal 0.634849 0.312979 -0.706407
    outer loop
      vertex 93.6549 57.5139 1.48896
      vertex 93.4261 57.978 1.48896
      vertex 94.1677 57.7263 2.04392
    endloop
  endfacet
  facet normal 0.523394 0.596992 -0.607996
    outer loop
      vertex 93.1898 59.1898 2.04392
      vertex 92.7461 59.5788 2.04392
      vertex 93.037 59.9579 2.66658
    endloop
  endfacet
  facet normal 0.651464 0.571324 -0.499183
    outer loop
      vertex 93.9579 59.037 2.66658
      vertex 93.8051 59.8051 3.34627
      vertex 94.2692 59.2759 3.34627
    endloop
  endfacet
  facet normal 0.651466 0.571323 -0.499182
    outer loop
      vertex 93.9579 59.037 2.66658
      vertex 93.6 59.6 2.84386
      vertex 93.8051 59.8051 3.34627
    endloop
  endfacet
  facet normal 0.651456 0.571321 -0.499197
    outer loop
      vertex 93.6 59.6 2.84386
      vertex 93.9579 59.037 2.66658
      vertex 93.6 59.4451 2.66658
    endloop
  endfacet
  facet normal 0.523443 0.597014 -0.607932
    outer loop
      vertex 93.1898 59.1898 2.04392
      vertex 93.1355 59.6 2.4
      vertex 93.383 59.383 2.4
    endloop
  endfacet
  facet normal 0.52411 0.596793 -0.607575
    outer loop
      vertex 93.1355 59.6 2.4
      vertex 93.1898 59.1898 2.04392
      vertex 93.037 59.9579 2.66658
    endloop
  endfacet
  facet normal 0.523496 0.596923 -0.607976
    outer loop
      vertex 93.4451 59.6 2.66658
      vertex 93.1355 59.6 2.4
      vertex 93.037 59.9579 2.66658
    endloop
  endfacet
  facet normal 0.720501 0.481352 -0.499179
    outer loop
      vertex 94.3204 58.4944 2.66658
      vertex 93.9579 59.037 2.66658
      vertex 94.2692 59.2759 3.34627
    endloop
  endfacet
  facet normal 0.660171 0.441047 -0.60799
    outer loop
      vertex 94.3204 58.4944 2.66658
      vertex 93.5788 58.7461 2.04392
      vertex 93.9579 59.037 2.66658
    endloop
  endfacet
  facet normal 0.820454 0.278573 -0.499253
    outer loop
      vertex 95.1979 57.3928 3.34627
      vertex 94.8188 57.2912 2.66658
      vertex 94.9716 58.0593 3.34627
    endloop
  endfacet
  facet normal 0.670362 0.227453 -0.706314
    outer loop
      vertex 94.3573 57.1675 2.04392
      vertex 93.8213 57.0239 1.48896
      vertex 94.1677 57.7263 2.04392
    endloop
  endfacet
  facet normal 0.965936 0 -0.258781
    outer loop
      vertex 95.8847 6 4.82946
      vertex 95.6816 56 4.07136
      vertex 95.8847 56 4.82946
    endloop
  endfacet
  facet normal 0.965936 0 -0.258781
    outer loop
      vertex 95.6816 56 4.07136
      vertex 95.8847 6 4.82946
      vertex 95.6816 6 4.07136
    endloop
  endfacet
  facet normal 0.474259 -0.160919 -0.865554
    outer loop
      vertex 93.0797 4.72435 1.01118
      vertex 92.5633 5.31316 0.618763
      vertex 93.2198 5.13725 1.01118
    endloop
  endfacet
  facet normal 0.474189 -0.160996 -0.865578
    outer loop
      vertex 93.0797 4.72435 1.01118
      vertex 92.4517 4.98446 0.618763
      vertex 92.5633 5.31316 0.618763
    endloop
  endfacet
  facet normal 0.546725 -0.269522 -0.792748
    outer loop
      vertex 93.4261 4.02196 1.48896
      vertex 92.8868 4.33329 1.01118
      vertex 93.6549 4.48608 1.48896
    endloop
  endfacet
  facet normal 0.57724 -0.196022 -0.792697
    outer loop
      vertex 93.6549 4.48608 1.48896
      vertex 93.0797 4.72435 1.01118
      vertex 93.8213 4.97609 1.48896
    endloop
  endfacet
  facet normal -0.9475 0.188472 -0.258307
    outer loop
      vertex 0.367025 56.7416 4.07136
      vertex 0.315804 57.5231 4.82946
      vertex 0.512014 57.4705 4.07136
    endloop
  endfacet
  facet normal -0.849845 0.169037 -0.49919
    outer loop
      vertex 1.05386 56.6512 2.66658
      vertex 0.664801 56.7024 3.34627
      vertex 0.802124 57.3928 3.34627
    endloop
  endfacet
  facet normal -0.792285 -0.0519292 -0.607937
    outer loop
      vertex 1.05386 5.34883 2.66658
      vertex 1.01118 6 2.66658
      vertex 1.48896 6 2.04392
    endloop
  endfacet
  facet normal -0.694257 -0.1381 -0.706354
    outer loop
      vertex 1.64267 4.83246 2.04392
      vertex 1.52755 5.41119 2.04392
      vertex 2.07777 5.48363 1.48896
    endloop
  endfacet
  facet normal -0.824389 -0.550835 -0.130247
    outer loop
      vertex 1.25007 2.35525 5.60758
      vertex 0.903689 3.05764 4.82946
      vertex 1.33134 2.41761 4.82946
    endloop
  endfacet
  facet normal -0.963996 -0.0631823 -0.2583
    outer loop
      vertex 0.367025 5.2584 4.07136
      vertex 0.165632 5.23189 4.82946
      vertex 0.318419 6 4.07136
    endloop
  endfacet
  facet normal -0.474226 -0.160977 -0.865561
    outer loop
      vertex 2.92032 4.72435 1.01118
      vertex 2.78016 5.13725 1.01118
      vertex 3.43669 5.31316 0.618763
    endloop
  endfacet
  facet normal -0.382565 -0.0250748 -0.923588
    outer loop
      vertex 4.08786 5.74826 0.318419
      vertex 3.34627 6 0.618763
      vertex 4.07136 6 0.318419
    endloop
  endfacet
  facet normal -0.466725 -0.532201 -0.70635
    outer loop
      vertex 3.25385 2.42115 2.04392
      vertex 2.81021 2.81021 2.04392
      vertex 3.59169 2.86143 1.48896
    endloop
  endfacet
  facet normal -0.777132 -0.38323 -0.499201
    outer loop
      vertex 1.33971 3.30938 3.34627
      vertex 1.02839 3.94069 3.34627
      vertex 1.67956 3.50559 2.66658
    endloop
  endfacet
  facet normal -0.383248 -0.777131 -0.499188
    outer loop
      vertex 3.94069 1.02839 3.34627
      vertex 3.50559 1.67956 2.66658
      vertex 4.09086 1.39093 2.66658
    endloop
  endfacet
  facet normal -0.694265 -0.13809 -0.706348
    outer loop
      vertex 2.17872 4.97609 1.48896
      vertex 1.64267 4.83246 2.04392
      vertex 2.07777 5.48363 1.48896
    endloop
  endfacet
  facet normal -0.0631829 -0.963996 -0.2583
    outer loop
      vertex 6 0.115288 4.82946
      vertex 5.23189 0.165632 4.82946
      vertex 6 0.318419 4.07136
    endloop
  endfacet
  facet normal -0.0648452 -0.989358 -0.130252
    outer loop
      vertex 6 0.012846 5.60758
      vertex 5.23189 0.165632 4.82946
      vertex 6 0.115288 4.82946
    endloop
  endfacet
  facet normal -0.536713 -0.803254 -0.258308
    outer loop
      vertex 3.05764 0.903689 4.82946
      vertex 2.41761 1.33134 4.82946
      vertex 3.15921 1.07961 4.07136
    endloop
  endfacet
  facet normal -0.0631823 -0.963996 -0.2583
    outer loop
      vertex 6 0.318419 4.07136
      vertex 5.23189 0.165632 4.82946
      vertex 5.2584 0.367025 4.07136
    endloop
  endfacet
  facet normal -0.382685 0 -0.923879
    outer loop
      vertex 3.34627 6 0.618763
      vertex 4.07136 56 0.318419
      vertex 4.07136 6 0.318419
    endloop
  endfacet
  facet normal -0.382685 0 -0.923879
    outer loop
      vertex 4.07136 56 0.318419
      vertex 3.34627 6 0.618763
      vertex 3.34627 56 0.618763
    endloop
  endfacet
  facet normal -0.130522 0.00856551 -0.991408
    outer loop
      vertex 5.60758 56 0.012846
      vertex 4.82946 56 0.115288
      vertex 5.61094 56.0512 0.012846
    endloop
  endfacet
  facet normal -0.130522 -0.00856217 -0.991408
    outer loop
      vertex 5.61094 5.94878 0.012846
      vertex 4.82946 6 0.115288
      vertex 5.60758 6 0.012846
    endloop
  endfacet
  facet normal -0.254358 0.0505838 -0.965786
    outer loop
      vertex 4.83947 56.1528 0.115288
      vertex 4.08786 56.2517 0.318419
      vertex 4.86934 56.303 0.115288
    endloop
  endfacet
  facet normal -0.0254579 0.128289 -0.99141
    outer loop
      vertex 5.89843 56.379 0.012846
      vertex 5.69704 57.1307 0.115288
      vertex 5.84721 57.1605 0.115288
    endloop
  endfacet
  facet normal -0.0726724 -0.108757 -0.991408
    outer loop
      vertex 5.41473 4.98628 0.115288
      vertex 5.28742 5.07135 0.115288
      vertex 5.76111 5.68867 0.012846
    endloop
  endfacet
  facet normal 0.215582 0.144117 -0.965792
    outer loop
      vertex 91.0137 56.5853 0.115288
      vertex 90.9286 56.7126 0.115288
      vertex 91.5301 57.1741 0.318419
    endloop
  endfacet
  facet normal 0.254382 0.0505681 -0.965781
    outer loop
      vertex 91.9121 56.2517 0.318419
      vertex 91.1307 56.303 0.115288
      vertex 91.8629 56.4992 0.318419
    endloop
  endfacet
  facet normal -0.310529 -0.914796 -0.258303
    outer loop
      vertex 4.47692 0.315804 4.82946
      vertex 3.82575 0.750903 4.07136
      vertex 4.5295 0.512014 4.07136
    endloop
  endfacet
  facet normal -0.318704 -0.938862 -0.130255
    outer loop
      vertex 4.47692 0.315804 4.82946
      vertex 3.70881 0.468591 5.60758
      vertex 3.74802 0.563235 4.82946
    endloop
  endfacet
  facet normal -0.278531 -0.820502 -0.499196
    outer loop
      vertex 4.60723 0.802124 3.34627
      vertex 3.94069 1.02839 3.34627
      vertex 4.7088 1.18117 2.66658
    endloop
  endfacet
  facet normal 0.0604422 -0.92219 -0.381986
    outer loop
      vertex 90.7416 0.367025 4.07136
      vertex 90 0.318419 4.07136
      vertex 90 0.618763 3.34627
    endloop
  endfacet
  facet normal -0.745437 -0.653727 -0.130247
    outer loop
      vertex 1.76644 1.76644 5.60758
      vertex 1.25007 2.35525 5.60758
      vertex 1.33134 2.41761 4.82946
    endloop
  endfacet
  facet normal -0.906411 -0.180298 -0.381985
    outer loop
      vertex 0.512014 4.5295 4.07136
      vertex 0.367025 5.2584 4.07136
      vertex 0.802124 4.60723 3.34627
    endloop
  endfacet
  facet normal -0.653734 -0.74543 -0.130257
    outer loop
      vertex 2.41761 1.33134 4.82946
      vertex 1.76644 1.76644 5.60758
      vertex 1.83888 1.83888 4.82946
    endloop
  endfacet
  facet normal -0.653727 -0.745437 -0.130247
    outer loop
      vertex 2.35525 1.25007 5.60758
      vertex 1.76644 1.76644 5.60758
      vertex 2.41761 1.33134 4.82946
    endloop
  endfacet
  facet normal -0.609344 -0.694811 0.382018
    outer loop
      vertex 2.19489 2.19489 118.654
      vertex 1.98252 1.98252 117.929
      vertex 2.54127 1.4925 117.929
    endloop
  endfacet
  facet normal -0.24543 0.0833064 0.965828
    outer loop
      vertex 4.21817 56.7381 121.682
      vertex 4.13708 56.4992 121.682
      vertex 4.86934 56.303 121.885
    endloop
  endfacet
  facet normal -0.965926 0 -0.258818
    outer loop
      vertex 0.318419 6 4.07136
      vertex 0.115288 56 4.82946
      vertex 0.318419 56 4.07136
    endloop
  endfacet
  facet normal -0.965926 -0 -0.258818
    outer loop
      vertex 0.115288 56 4.82946
      vertex 0.318419 6 4.07136
      vertex 0.115288 6 4.82946
    endloop
  endfacet
  facet normal -0.889251 -0.438525 0.130111
    outer loop
      vertex 0.563235 3.74802 117.171
      vertex 0.468591 3.70881 116.392
      vertex 0.903689 3.05764 117.171
    endloop
  endfacet
  facet normal -0.989377 0.0648473 0.130108
    outer loop
      vertex 0.165632 56.7681 117.171
      vertex 0.012846 56 116.392
      vertex 0.115288 56 117.171
    endloop
  endfacet
  facet normal -0.577231 -0.195942 -0.792724
    outer loop
      vertex 2.92032 4.72435 1.01118
      vertex 2.17872 4.97609 1.48896
      vertex 2.78016 5.13725 1.01118
    endloop
  endfacet
  facet normal -0.59787 -0.118917 -0.792723
    outer loop
      vertex 2.17872 4.97609 1.48896
      vertex 2.07777 5.48363 1.48896
      vertex 2.6951 5.5649 1.01118
    endloop
  endfacet
  facet normal -0.416404 0.278252 -0.865554
    outer loop
      vertex 3.7018 57.3269 0.618763
      vertex 3.11317 57.6667 1.01118
      vertex 3.89465 57.6155 0.618763
    endloop
  endfacet
  facet normal -0.318755 0.213 -0.923594
    outer loop
      vertex 4.32975 56.9643 0.318419
      vertex 3.7018 57.3269 0.618763
      vertex 3.89465 57.6155 0.618763
    endloop
  endfacet
  facet normal -0.393274 0.58857 -0.706343
    outer loop
      vertex 4.02196 59.4261 1.48896
      vertex 3.59169 59.1386 1.48896
      vertex 3.74448 59.9067 2.04392
    endloop
  endfacet
  facet normal -0.227466 0.670352 -0.70632
    outer loop
      vertex 4.97609 59.8213 1.48896
      vertex 4.2737 60.1677 2.04392
      vertex 4.83246 60.3573 2.04392
    endloop
  endfacet
  facet normal -0.65374 -0.745451 0.130103
    outer loop
      vertex 2.41761 1.33134 117.171
      vertex 1.76644 1.76644 116.392
      vertex 2.35525 1.25007 116.392
    endloop
  endfacet
  facet normal -0.0976219 -0.490791 0.865791
    outer loop
      vertex 5.65362 3.36897 121.381
      vertex 5.31316 3.43669 121.381
      vertex 5.5649 2.6951 120.989
    endloop
  endfacet
  facet normal -0.53222 -0.466742 0.706324
    outer loop
      vertex 2.86143 3.59169 120.511
      vertex 2.42115 3.25385 119.956
      vertex 2.81021 2.81021 119.956
    endloop
  endfacet
  facet normal -0.278452 -0.820302 0.499569
    outer loop
      vertex 4.09086 1.39093 119.333
      vertex 3.94069 1.02839 118.654
      vertex 4.7088 1.18117 119.333
    endloop
  endfacet
  facet normal -0.0749381 -0.376715 0.923293
    outer loop
      vertex 5.50083 4.13708 121.682
      vertex 5.31316 3.43669 121.381
      vertex 5.74826 4.08786 121.682
    endloop
  endfacet
  facet normal -0.376219 -0.329945 0.865792
    outer loop
      vertex 3.89465 4.38451 121.381
      vertex 3.35542 3.97074 120.989
      vertex 4.12353 4.12353 121.381
    endloop
  endfacet
  facet normal 0.127729 0.0255965 0.991479
    outer loop
      vertex 91.1605 56.1528 121.885
      vertex 90.379 56.1016 121.987
      vertex 90.3891 56.0512 121.987
    endloop
  endfacet
  facet normal 0.0749439 -0.376712 0.923294
    outer loop
      vertex 90.6868 3.43669 121.381
      vertex 90.2517 4.08786 121.682
      vertex 90.3464 3.36897 121.381
    endloop
  endfacet
  facet normal -0.129969 0.00852918 0.991481
    outer loop
      vertex 5.61094 56.0512 121.987
      vertex 4.82946 56 121.885
      vertex 5.60758 56 121.987
    endloop
  endfacet
  facet normal -0.344486 -0.169883 0.923293
    outer loop
      vertex 4.21817 5.26194 121.682
      vertex 3.7018 4.67313 121.381
      vertex 4.32975 5.03568 121.682
    endloop
  endfacet
  facet normal 0 -0.129973 0.991518
    outer loop
      vertex 6 5.60758 121.987
      vertex 90 4.82946 121.885
      vertex 90 5.60758 121.987
    endloop
  endfacet
  facet normal 0 -0.129973 0.991518
    outer loop
      vertex 90 4.82946 121.885
      vertex 6 5.60758 121.987
      vertex 6 4.82946 121.885
    endloop
  endfacet
  facet normal -0.0251215 -0.383278 0.923292
    outer loop
      vertex 6 4.07136 121.682
      vertex 5.74826 4.08786 121.682
      vertex 6 3.34627 121.381
    endloop
  endfacet
  facet normal -0.194862 -0.170893 0.965828
    outer loop
      vertex 5.1723 5.1723 121.885
      vertex 4.46991 4.82592 121.682
      vertex 4.63625 4.63625 121.682
    endloop
  endfacet
  facet normal -0.319362 -0.213395 0.923293
    outer loop
      vertex 4.32975 5.03568 121.682
      vertex 3.89465 4.38451 121.381
      vertex 4.46991 4.82592 121.682
    endloop
  endfacet
  facet normal 0 -0.499599 0.866257
    outer loop
      vertex 6 3.34627 121.381
      vertex 90 2.66658 120.989
      vertex 90 3.34627 121.381
    endloop
  endfacet
  facet normal 0 -0.499599 0.866257
    outer loop
      vertex 90 2.66658 120.989
      vertex 6 3.34627 121.381
      vertex 6 2.66658 120.989
    endloop
  endfacet
  facet normal -0.232463 0.114574 0.965833
    outer loop
      vertex 4.98628 56.5853 121.885
      vertex 4.21817 56.7381 121.682
      vertex 4.91856 56.4479 121.885
    endloop
  endfacet
  facet normal -0.0858746 -0.0979285 0.991482
    outer loop
      vertex 5.76111 5.68867 121.987
      vertex 5.1723 5.1723 121.885
      vertex 5.28742 5.07135 121.885
    endloop
  endfacet
  facet normal 0.0255965 0.127729 0.991479
    outer loop
      vertex 90.1528 57.1605 121.885
      vertex 90.0512 56.3891 121.987
      vertex 90.1016 56.379 121.987
    endloop
  endfacet
  facet normal -0.0504478 0.25422 0.96583
    outer loop
      vertex 5.74826 57.9121 121.682
      vertex 5.69704 57.1307 121.885
      vertex 5.84721 57.1605 121.885
    endloop
  endfacet
  facet normal 0.0979499 -0.0858508 0.991481
    outer loop
      vertex 90.9286 5.28742 121.885
      vertex 90.3113 5.76111 121.987
      vertex 90.8277 5.1723 121.885
    endloop
  endfacet
  facet normal -0.0834326 0.245373 0.965832
    outer loop
      vertex 5.69704 57.1307 121.885
      vertex 5.26194 57.7818 121.682
      vertex 5.55205 57.0814 121.885
    endloop
  endfacet
  facet normal 0 -0.608935 0.79322
    outer loop
      vertex 6 2.66658 120.989
      vertex 90 2.04392 120.511
      vertex 90 2.66658 120.989
    endloop
  endfacet
  facet normal 0 -0.608935 0.79322
    outer loop
      vertex 90 2.04392 120.511
      vertex 6 2.66658 120.989
      vertex 6 2.04392 120.511
    endloop
  endfacet
  facet normal -0.0604411 -0.922173 0.382026
    outer loop
      vertex 6 0.618763 118.654
      vertex 5.2584 0.367025 117.929
      vertex 6 0.318419 117.929
    endloop
  endfacet
  facet normal -0.0631818 -0.963988 0.258332
    outer loop
      vertex 5.2584 0.367025 117.929
      vertex 5.23189 0.165632 117.171
      vertex 6 0.318419 117.929
    endloop
  endfacet
  facet normal -0.906412 0.180288 -0.381987
    outer loop
      vertex 0.664801 56.7024 3.34627
      vertex 0.367025 56.7416 4.07136
      vertex 0.802124 57.3928 3.34627
    endloop
  endfacet
  facet normal -0.922189 0.0604438 -0.381987
    outer loop
      vertex 0.618763 56 3.34627
      vertex 0.367025 56.7416 4.07136
      vertex 0.664801 56.7024 3.34627
    endloop
  endfacet
  facet normal 0 -0.923879 -0.382685
    outer loop
      vertex 6 0.618763 3.34627
      vertex 90 0.318419 4.07136
      vertex 6 0.318419 4.07136
    endloop
  endfacet
  facet normal 0 -0.923879 -0.382685
    outer loop
      vertex 90 0.318419 4.07136
      vertex 6 0.618763 3.34627
      vertex 90 0.618763 3.34627
    endloop
  endfacet
  facet normal 0.188472 -0.9475 -0.258307
    outer loop
      vertex 91.5231 0.315804 4.82946
      vertex 90.7416 0.367025 4.07136
      vertex 91.4705 0.512014 4.07136
    endloop
  endfacet
  facet normal 0.154905 -0.778723 -0.607944
    outer loop
      vertex 91.2912 1.18117 2.66658
      vertex 90.6512 1.05386 2.66658
      vertex 91.1675 1.64267 2.04392
    endloop
  endfacet
  facet normal 0.278544 -0.820492 -0.499205
    outer loop
      vertex 91.3928 0.802124 3.34627
      vertex 91.2912 1.18117 2.66658
      vertex 92.0593 1.02839 3.34627
    endloop
  endfacet
  facet normal 0.351168 -0.712117 -0.607923
    outer loop
      vertex 91.9091 1.39093 2.66658
      vertex 91.7263 1.83234 2.04392
      vertex 92.4944 1.67956 2.66658
    endloop
  endfacet
  facet normal 0.383228 -0.777132 -0.499202
    outer loop
      vertex 92.0593 1.02839 3.34627
      vertex 91.9091 1.39093 2.66658
      vertex 92.4944 1.67956 2.66658
    endloop
  endfacet
  facet normal 0.609319 -0.694844 -0.381998
    outer loop
      vertex 94.0175 1.98252 4.07136
      vertex 93.4587 1.4925 4.07136
      vertex 93.8051 2.19489 3.34627
    endloop
  endfacet
  facet normal 0.408745 -0.82886 -0.381994
    outer loop
      vertex 92.8408 1.07961 4.07136
      vertex 92.0593 1.02839 3.34627
      vertex 92.6906 1.33971 3.34627
    endloop
  endfacet
  facet normal 0.427262 -0.866436 -0.258334
    outer loop
      vertex 92.252 0.563235 4.82946
      vertex 92.1742 0.750903 4.07136
      vertex 92.9424 0.903689 4.82946
    endloop
  endfacet
  facet normal 0.438507 -0.889239 -0.130251
    outer loop
      vertex 92.2912 0.468591 5.60758
      vertex 92.252 0.563235 4.82946
      vertex 92.9424 0.903689 4.82946
    endloop
  endfacet
  facet normal 0.546724 -0.269685 -0.792694
    outer loop
      vertex 93.6549 4.48608 1.48896
      vertex 92.8868 4.33329 1.01118
      vertex 93.0797 4.72435 1.01118
    endloop
  endfacet
  facet normal 0.458301 -0.401923 -0.792728
    outer loop
      vertex 92.7974 3.20263 1.48896
      vertex 92.6446 3.97074 1.01118
      vertex 93.1386 3.59169 1.48896
    endloop
  endfacet
  facet normal 0.481261 -0.720286 0.499576
    outer loop
      vertex 93.2759 1.73078 118.654
      vertex 92.4944 1.67956 119.333
      vertex 92.6906 1.33971 118.654
    endloop
  endfacet
  facet normal 0.571096 -0.651199 0.499789
    outer loop
      vertex 93.037 2.0421 119.333
      vertex 93.6 2.4 119.156
      vertex 93.4451 2.4 119.333
    endloop
  endfacet
  facet normal 0.571128 -0.651396 0.499495
    outer loop
      vertex 93.6 2.4 119.156
      vertex 93.037 2.0421 119.333
      vertex 93.8051 2.19489 118.654
    endloop
  endfacet
  facet normal 0.0566572 -0.864417 0.499573
    outer loop
      vertex 90.6512 1.05386 119.333
      vertex 90 0.618763 118.654
      vertex 90.7024 0.664801 118.654
    endloop
  endfacet
  facet normal 0.168994 -0.849629 0.499571
    outer loop
      vertex 91.3928 0.802124 118.654
      vertex 90.6512 1.05386 119.333
      vertex 90.7024 0.664801 118.654
    endloop
  endfacet
  facet normal 0.0253721 -0.127748 0.991482
    outer loop
      vertex 90.1016 5.62095 121.987
      vertex 90.0512 5.61094 121.987
      vertex 90.1528 4.83947 121.885
    endloop
  endfacet
  facet normal 0.00852918 -0.129969 0.991481
    outer loop
      vertex 90 5.60758 121.987
      vertex 90 4.82946 121.885
      vertex 90.0512 5.61094 121.987
    endloop
  endfacet
  facet normal 0 -0.383399 0.923583
    outer loop
      vertex 6 4.07136 121.682
      vertex 90 3.34627 121.381
      vertex 90 4.07136 121.682
    endloop
  endfacet
  facet normal 0 -0.383399 0.923583
    outer loop
      vertex 90 3.34627 121.381
      vertex 6 4.07136 121.682
      vertex 6 3.34627 121.381
    endloop
  endfacet
  facet normal 0.21337 -0.319385 0.923291
    outer loop
      vertex 91.1741 4.46991 121.682
      vertex 90.9643 4.32975 121.682
      vertex 91.6155 3.89465 121.381
    endloop
  endfacet
  facet normal 0.108312 -0.0723267 0.991482
    outer loop
      vertex 90.3398 5.80379 121.987
      vertex 90.3113 5.76111 121.987
      vertex 91.0137 5.41473 121.885
    endloop
  endfacet
  facet normal 0.0576341 0.116792 0.991483
    outer loop
      vertex 90.5853 57.0137 121.885
      vertex 90.1502 56.3625 121.987
      vertex 90.1962 56.3398 121.987
    endloop
  endfacet
  facet normal 0.129972 -0.00837383 0.991482
    outer loop
      vertex 90.3924 6 121.987
      vertex 90.3891 5.94878 121.987
      vertex 91.1705 6 121.885
    endloop
  endfacet
  facet normal 0.04195 0.123297 0.991483
    outer loop
      vertex 90.303 57.1307 121.885
      vertex 90.1016 56.379 121.987
      vertex 90.4479 57.0814 121.885
    endloop
  endfacet
  facet normal 0.154942 -0.778881 0.607731
    outer loop
      vertex 91.1675 1.64267 119.956
      vertex 90.5888 1.52755 119.956
      vertex 90.6512 1.05386 119.333
    endloop
  endfacet
  facet normal 0.416072 -0.277955 0.865809
    outer loop
      vertex 92.8868 4.33329 120.989
      vertex 92.1053 4.38451 121.381
      vertex 92.6446 3.97074 120.989
    endloop
  endfacet
  facet normal 0.0398828 -0.60845 0.792589
    outer loop
      vertex 90 2.66658 120.989
      vertex 90 2.04392 120.511
      vertex 90.4351 2.6951 120.989
    endloop
  endfacet
  facet normal 0.269704 -0.54688 0.792579
    outer loop
      vertex 91.6667 3.11317 120.989
      vertex 91.5139 2.34506 120.511
      vertex 91.978 2.57394 120.511
    endloop
  endfacet
  facet normal 0.596922 -0.523446 0.60802
    outer loop
      vertex 93.6 2.86447 119.6
      vertex 93.1898 2.81021 119.956
      vertex 93.383 2.61701 119.6
    endloop
  endfacet
  facet normal 0.598155 -0.519708 0.610011
    outer loop
      vertex 93.1898 2.81021 119.956
      vertex 93.6 2.86447 119.6
      vertex 93.9579 2.963 119.333
    endloop
  endfacet
  facet normal 0.597291 -0.523819 0.607336
    outer loop
      vertex 93.9579 2.963 119.333
      vertex 93.6 2.86447 119.6
      vertex 93.6 2.5549 119.333
    endloop
  endfacet
  facet normal 0.57118 -0.651287 0.499578
    outer loop
      vertex 93.8051 2.19489 118.654
      vertex 93.037 2.0421 119.333
      vertex 93.2759 1.73078 118.654
    endloop
  endfacet
  facet normal 0.712272 -0.351277 0.607678
    outer loop
      vertex 94.1677 4.2737 119.956
      vertex 93.9067 3.74448 119.956
      vertex 94.3204 3.50559 119.333
    endloop
  endfacet
  facet normal 0.588591 -0.393288 0.706318
    outer loop
      vertex 93.4261 4.02196 120.511
      vertex 93.1386 3.59169 120.511
      vertex 93.9067 3.74448 119.956
    endloop
  endfacet
  facet normal 0.473881 -0.160791 0.865785
    outer loop
      vertex 93.2198 5.13725 120.989
      vertex 92.5633 5.31316 121.381
      vertex 93.0797 4.72435 120.989
    endloop
  endfacet
  facet normal 0.546883 -0.2696 0.792612
    outer loop
      vertex 93.6549 4.48608 120.511
      vertex 92.8868 4.33329 120.989
      vertex 93.4261 4.02196 120.511
    endloop
  endfacet
  facet normal 0.448755 -0.221359 0.865806
    outer loop
      vertex 93.0797 4.72435 120.989
      vertex 92.4517 4.98446 121.381
      vertex 92.8868 4.33329 120.989
    endloop
  endfacet
  facet normal 0.232461 -0.114605 0.96583
    outer loop
      vertex 91.0814 5.55205 121.885
      vertex 91.0137 5.41473 121.885
      vertex 91.7818 5.26194 121.682
    endloop
  endfacet
  facet normal 0.123304 -0.0419263 0.991483
    outer loop
      vertex 91.1307 5.69704 121.885
      vertex 90.379 5.89843 121.987
      vertex 91.0814 5.55205 121.885
    endloop
  endfacet
  facet normal 0.258625 0.0169539 0.965829
    outer loop
      vertex 91.9121 56.2517 121.682
      vertex 91.1705 56 121.885
      vertex 91.9286 56 121.682
    endloop
  endfacet
  facet normal 0.258662 0 0.965968
    outer loop
      vertex 91.1705 56 121.885
      vertex 91.9286 6 121.682
      vertex 91.9286 56 121.682
    endloop
  endfacet
  facet normal 0.258662 0 0.965968
    outer loop
      vertex 91.9286 6 121.682
      vertex 91.1705 56 121.885
      vertex 91.1705 6 121.885
    endloop
  endfacet
  facet normal -0.118998 0.597994 0.792618
    outer loop
      vertex 5.5649 59.3049 120.989
      vertex 4.97609 59.8213 120.511
      vertex 5.13725 59.2198 120.989
    endloop
  endfacet
  facet normal -0.0749097 0.376717 0.923294
    outer loop
      vertex 5.65362 58.631 121.381
      vertex 5.31316 58.5633 121.381
      vertex 5.74826 57.9121 121.682
    endloop
  endfacet
  facet normal 0.0504386 0.254224 0.965829
    outer loop
      vertex 90.2517 57.9121 121.682
      vertex 90.1528 57.1605 121.885
      vertex 90.303 57.1307 121.885
    endloop
  endfacet
  facet normal 0.0169263 0.258633 0.965827
    outer loop
      vertex 90.2517 57.9121 121.682
      vertex 90 57.1705 121.885
      vertex 90.1528 57.1605 121.885
    endloop
  endfacet
  facet normal 0.170956 0.194822 0.965825
    outer loop
      vertex 91.1741 57.5301 121.682
      vertex 90.7126 56.9287 121.885
      vertex 90.8277 56.8277 121.885
    endloop
  endfacet
  facet normal 0.0834751 0.245346 0.965835
    outer loop
      vertex 90.7381 57.7818 121.682
      vertex 90.303 57.1307 121.885
      vertex 90.4479 57.0814 121.885
    endloop
  endfacet
  facet normal -0.0254094 -0.127744 0.991482
    outer loop
      vertex 5.89843 5.62095 121.987
      vertex 5.69704 4.86934 121.885
      vertex 5.84721 4.83947 121.885
    endloop
  endfacet
  facet normal 0.245373 -0.0834326 0.965832
    outer loop
      vertex 91.1307 5.69704 121.885
      vertex 91.0814 5.55205 121.885
      vertex 91.7818 5.26194 121.682
    endloop
  endfacet
  facet normal 0.752031 -0.255204 0.607717
    outer loop
      vertex 94.8188 4.7088 119.333
      vertex 94.1677 4.2737 119.956
      vertex 94.6091 4.09086 119.333
    endloop
  endfacet
  facet normal 0.670376 -0.227474 0.706295
    outer loop
      vertex 94.3573 4.83246 119.956
      vertex 93.8213 4.97609 120.511
      vertex 94.1677 4.2737 119.956
    endloop
  endfacet
  facet normal 0.778886 -0.154908 0.607734
    outer loop
      vertex 94.4724 5.41119 119.956
      vertex 94.3573 4.83246 119.956
      vertex 94.9461 5.34883 119.333
    endloop
  endfacet
  facet normal 0.79244 -0.0519491 0.607734
    outer loop
      vertex 94.511 6 119.956
      vertex 94.4724 5.41119 119.956
      vertex 94.9461 5.34883 119.333
    endloop
  endfacet
  facet normal 0.989381 0.0649459 0.130029
    outer loop
      vertex 95.9359 56.7815 116.392
      vertex 95.8344 56.7681 117.171
      vertex 95.9872 56 116.392
    endloop
  endfacet
  facet normal 0.972452 0.19346 0.130041
    outer loop
      vertex 95.7831 57.5496 116.392
      vertex 95.6842 57.5231 117.171
      vertex 95.8344 56.7681 117.171
    endloop
  endfacet
  facet normal 0.875108 -0.29707 0.382014
    outer loop
      vertex 95.488 4.5295 117.929
      vertex 95.1979 4.60723 118.654
      vertex 95.2491 3.82575 117.929
    endloop
  endfacet
  facet normal 0.914786 -0.31054 0.258324
    outer loop
      vertex 95.488 4.5295 117.929
      vertex 95.2491 3.82575 117.929
      vertex 95.6842 4.47692 117.171
    endloop
  endfacet
  facet normal 0.803288 -0.536671 -0.258288
    outer loop
      vertex 95.0963 3.05764 4.82946
      vertex 94.6687 2.41761 4.82946
      vertex 94.9204 3.15921 4.07136
    endloop
  endfacet
  facet normal 0.726276 -0.637011 -0.258341
    outer loop
      vertex 94.6687 2.41761 4.82946
      vertex 94.1611 1.83888 4.82946
      vertex 94.5075 2.54127 4.07136
    endloop
  endfacet
  facet normal 0.63695 -0.726353 -0.258276
    outer loop
      vertex 94.1611 1.83888 4.82946
      vertex 93.4587 1.4925 4.07136
      vertex 94.0175 1.98252 4.07136
    endloop
  endfacet
  facet normal 0.694829 -0.609331 -0.382005
    outer loop
      vertex 94.5075 2.54127 4.07136
      vertex 93.8051 2.19489 3.34627
      vertex 94.2692 2.72411 3.34627
    endloop
  endfacet
  facet normal 0.636988 -0.726297 -0.258337
    outer loop
      vertex 93.5824 1.33134 4.82946
      vertex 93.4587 1.4925 4.07136
      vertex 94.1611 1.83888 4.82946
    endloop
  endfacet
  facet normal 0.536732 -0.803233 -0.258334
    outer loop
      vertex 93.5824 1.33134 4.82946
      vertex 92.8408 1.07961 4.07136
      vertex 93.4587 1.4925 4.07136
    endloop
  endfacet
  facet normal 0.180254 0.90639 0.382054
    outer loop
      vertex 90.7416 61.633 117.929
      vertex 90.7024 61.3352 118.654
      vertex 91.3928 61.1979 118.654
    endloop
  endfacet
  facet normal 0.18031 0.906398 0.382009
    outer loop
      vertex 91.4705 61.488 117.929
      vertex 90.7416 61.633 117.929
      vertex 91.3928 61.1979 118.654
    endloop
  endfacet
  facet normal -0.188501 0.947485 0.258339
    outer loop
      vertex 5.23189 61.8344 117.171
      vertex 4.47692 61.6842 117.171
      vertex 5.2584 61.633 117.929
    endloop
  endfacet
  facet normal -0.0631739 0.963986 0.25834
    outer loop
      vertex 6 61.6816 117.929
      vertex 5.23189 61.8344 117.171
      vertex 5.2584 61.633 117.929
    endloop
  endfacet
  facet normal 0.138047 0.694337 0.706285
    outer loop
      vertex 91.1675 60.3573 119.956
      vertex 90.5164 59.9222 120.511
      vertex 91.0239 59.8213 120.511
    endloop
  endfacet
  facet normal 0.0399436 0.608463 0.792576
    outer loop
      vertex 90.5164 59.9222 120.511
      vertex 90 59.9561 120.511
      vertex 90.4351 59.3049 120.989
    endloop
  endfacet
  facet normal 0.160822 0.473856 0.865793
    outer loop
      vertex 90.8628 59.2198 120.989
      vertex 90.6868 58.5633 121.381
      vertex 91.2756 59.0797 120.989
    endloop
  endfacet
  facet normal 0.227607 0.670238 0.706382
    outer loop
      vertex 91.7263 60.1677 119.956
      vertex 91.0239 59.8213 120.511
      vertex 91.5139 59.6549 120.511
    endloop
  endfacet
  facet normal 0.0749215 0.37671 0.923296
    outer loop
      vertex 90.3464 58.631 121.381
      vertex 90.2517 57.9121 121.682
      vertex 90.6868 58.5633 121.381
    endloop
  endfacet
  facet normal 0.0748893 0.37673 0.923291
    outer loop
      vertex 90.6868 58.5633 121.381
      vertex 90.2517 57.9121 121.682
      vertex 90.4992 57.8629 121.682
    endloop
  endfacet
  facet normal 0.154915 0.77888 0.60774
    outer loop
      vertex 90.6512 60.9461 119.333
      vertex 90.5888 60.4724 119.956
      vertex 91.1675 60.3573 119.956
    endloop
  endfacet
  facet normal 0.0519499 0.792438 0.607736
    outer loop
      vertex 90.6512 60.9461 119.333
      vertex 90 60.511 119.956
      vertex 90.5888 60.4724 119.956
    endloop
  endfacet
  facet normal -0.0327228 0.499318 0.8658
    outer loop
      vertex 6 58.6537 121.381
      vertex 5.5649 59.3049 120.989
      vertex 5.65362 58.631 121.381
    endloop
  endfacet
  facet normal -0.0463762 0.70641 0.706282
    outer loop
      vertex 6 60.511 119.956
      vertex 5.48363 59.9222 120.511
      vertex 6 59.9561 120.511
    endloop
  endfacet
  facet normal -0.338747 0.506966 0.792613
    outer loop
      vertex 4.02196 59.4261 120.511
      vertex 3.59169 59.1386 120.511
      vertex 4.33329 58.8868 120.989
    endloop
  endfacet
  facet normal -0.532245 0.466724 0.706317
    outer loop
      vertex 3.20263 58.7974 120.511
      vertex 2.81021 59.1898 119.956
      vertex 2.86143 58.4083 120.511
    endloop
  endfacet
  facet normal -0.0975907 0.490779 0.865801
    outer loop
      vertex 5.5649 59.3049 120.989
      vertex 5.31316 58.5633 121.381
      vertex 5.65362 58.631 121.381
    endloop
  endfacet
  facet normal -0.160791 0.473881 0.865785
    outer loop
      vertex 5.13725 59.2198 120.989
      vertex 4.72435 59.0797 120.989
      vertex 5.31316 58.5633 121.381
    endloop
  endfacet
  facet normal -0.221294 0.448831 0.865782
    outer loop
      vertex 4.98446 58.4517 121.381
      vertex 4.33329 58.8868 120.989
      vertex 4.67313 58.2982 121.381
    endloop
  endfacet
  facet normal -0.169854 0.344499 0.923293
    outer loop
      vertex 4.98446 58.4517 121.381
      vertex 4.67313 58.2982 121.381
      vertex 5.26194 57.7818 121.682
    endloop
  endfacet
  facet normal 0.258633 0.0169263 0.965827
    outer loop
      vertex 91.9121 56.2517 121.682
      vertex 91.1605 56.1528 121.885
      vertex 91.1705 56 121.885
    endloop
  endfacet
  facet normal 0.254224 0.0504386 0.965829
    outer loop
      vertex 91.9121 56.2517 121.682
      vertex 91.1307 56.303 121.885
      vertex 91.1605 56.1528 121.885
    endloop
  endfacet
  facet normal 0.108281 0.0723859 0.991481
    outer loop
      vertex 90.9286 56.7126 121.885
      vertex 90.3113 56.2389 121.987
      vertex 91.0137 56.5853 121.885
    endloop
  endfacet
  facet normal 0.215551 0.14394 0.965826
    outer loop
      vertex 91.5301 57.1741 121.682
      vertex 91.0137 56.5853 121.885
      vertex 91.6702 56.9643 121.682
    endloop
  endfacet
  facet normal 0.232472 0.114544 0.965834
    outer loop
      vertex 91.7818 56.7381 121.682
      vertex 91.0137 56.5853 121.885
      vertex 91.0814 56.4479 121.885
    endloop
  endfacet
  facet normal 0.254229 0.0505377 0.965823
    outer loop
      vertex 91.8629 56.4992 121.682
      vertex 91.1307 56.303 121.885
      vertex 91.9121 56.2517 121.682
    endloop
  endfacet
  facet normal 0.363717 0.123472 0.92329
    outer loop
      vertex 92.5633 56.6868 121.381
      vertex 91.7818 56.7381 121.682
      vertex 91.8629 56.4992 121.682
    endloop
  endfacet
  facet normal -0.0575928 0.116819 0.991482
    outer loop
      vertex 5.55205 57.0814 121.885
      vertex 5.41473 57.0137 121.885
      vertex 5.84983 56.3625 121.987
    endloop
  endfacet
  facet normal -0.914779 0.310545 0.258342
    outer loop
      vertex 0.750903 58.1742 117.929
      vertex 0.315804 57.5231 117.171
      vertex 0.512014 57.4705 117.929
    endloop
  endfacet
  facet normal -0.947491 0.18847 0.258339
    outer loop
      vertex 0.512014 57.4705 117.929
      vertex 0.315804 57.5231 117.171
      vertex 0.367025 56.7416 117.929
    endloop
  endfacet
  facet normal -1 0 0
    outer loop
      vertex 0.012846 36.5433 86.7039
      vertex 0.012846 56 116.392
      vertex 0.012846 56 5.60758
    endloop
  endfacet
  facet normal -1 0 0
    outer loop
      vertex 0.012846 56 116.392
      vertex 0.012846 36.9487 88.2168
      vertex 0.012846 37 89
    endloop
  endfacet
  facet normal -1 0 0
    outer loop
      vertex 0.012846 56 116.392
      vertex 0.012846 36.7956 87.4471
      vertex 0.012846 36.9487 88.2168
    endloop
  endfacet
  facet normal -1 0 0
    outer loop
      vertex 0.012846 56 116.392
      vertex 0.012846 36.5433 86.7039
      vertex 0.012846 36.7956 87.4471
    endloop
  endfacet
  facet normal -1 0 0
    outer loop
      vertex 0.012846 56 5.60758
      vertex 0.012846 36.1962 86
      vertex 0.012846 36.5433 86.7039
    endloop
  endfacet
  facet normal -1 0 0
    outer loop
      vertex 0.012846 56 5.60758
      vertex 0.012846 35.7601 85.3474
      vertex 0.012846 36.1962 86
    endloop
  endfacet
  facet normal -1 0 0
    outer loop
      vertex 0.012846 56 5.60758
      vertex 0.012846 35.2426 84.7574
      vertex 0.012846 35.7601 85.3474
    endloop
  endfacet
  facet normal -1 0 0
    outer loop
      vertex 0.012846 56 5.60758
      vertex 0.012846 34.6526 84.2399
      vertex 0.012846 35.2426 84.7574
    endloop
  endfacet
  facet normal -1 0 0
    outer loop
      vertex 0.012846 56 5.60758
      vertex 0.012846 34 83.8038
      vertex 0.012846 34.6526 84.2399
    endloop
  endfacet
  facet normal -1 0 0
    outer loop
      vertex 0.012846 56 5.60758
      vertex 0.012846 33.2961 83.4567
      vertex 0.012846 34 83.8038
    endloop
  endfacet
  facet normal -1 0 0
    outer loop
      vertex 0.012846 56 5.60758
      vertex 0.012846 32.5529 83.2044
      vertex 0.012846 33.2961 83.4567
    endloop
  endfacet
  facet normal -1 0 0
    outer loop
      vertex 0.012846 56 5.60758
      vertex 0.012846 31.7832 83.0513
      vertex 0.012846 32.5529 83.2044
    endloop
  endfacet
  facet normal -1 0 0
    outer loop
      vertex 0.012846 56 5.60758
      vertex 0.012846 31 83
      vertex 0.012846 31.7832 83.0513
    endloop
  endfacet
  facet normal -1 0 0
    outer loop
      vertex 0.012846 6 5.60758
      vertex 0.012846 31 83
      vertex 0.012846 56 5.60758
    endloop
  endfacet
  facet normal -1 -0 0
    outer loop
      vertex 0.012846 31 83
      vertex 0.012846 6 5.60758
      vertex 0.012846 30.2168 83.0513
    endloop
  endfacet
  facet normal -1 -0 0
    outer loop
      vertex 0.012846 30.2168 83.0513
      vertex 0.012846 6 5.60758
      vertex 0.012846 29.4471 83.2044
    endloop
  endfacet
  facet normal -1 -0 0
    outer loop
      vertex 0.012846 29.4471 83.2044
      vertex 0.012846 6 5.60758
      vertex 0.012846 28.7039 83.4567
    endloop
  endfacet
  facet normal -1 -0 0
    outer loop
      vertex 0.012846 28.7039 83.4567
      vertex 0.012846 6 5.60758
      vertex 0.012846 28 83.8038
    endloop
  endfacet
  facet normal -1 -0 0
    outer loop
      vertex 0.012846 28 83.8038
      vertex 0.012846 6 5.60758
      vertex 0.012846 27.3474 84.2399
    endloop
  endfacet
  facet normal -1 -0 0
    outer loop
      vertex 0.012846 27.3474 84.2399
      vertex 0.012846 6 5.60758
      vertex 0.012846 26.7574 84.7574
    endloop
  endfacet
  facet normal -1 -0 0
    outer loop
      vertex 0.012846 26.7574 84.7574
      vertex 0.012846 6 5.60758
      vertex 0.012846 26.2399 85.3474
    endloop
  endfacet
  facet normal -1 -0 0
    outer loop
      vertex 0.012846 26.2399 85.3474
      vertex 0.012846 6 5.60758
      vertex 0.012846 25.8038 86
    endloop
  endfacet
  facet normal -1 0 0
    outer loop
      vertex 0.012846 25.2044 87.4471
      vertex 0.012846 6 116.392
      vertex 0.012846 25.0513 88.2168
    endloop
  endfacet
  facet normal -1 0 0
    outer loop
      vertex 0.012846 25.4567 86.7039
      vertex 0.012846 6 116.392
      vertex 0.012846 25.2044 87.4471
    endloop
  endfacet
  facet normal -1 0 0
    outer loop
      vertex 0.012846 6 116.392
      vertex 0.012846 25.4567 86.7039
      vertex 0.012846 6 5.60758
    endloop
  endfacet
  facet normal -1 -0 0
    outer loop
      vertex 0.012846 25.8038 86
      vertex 0.012846 6 5.60758
      vertex 0.012846 25.4567 86.7039
    endloop
  endfacet
  facet normal -1 0 0
    outer loop
      vertex 0.012846 36.9487 89.7832
      vertex 0.012846 56 116.392
      vertex 0.012846 37 89
    endloop
  endfacet
  facet normal -1 0 0
    outer loop
      vertex 0.012846 36.7956 90.5529
      vertex 0.012846 56 116.392
      vertex 0.012846 36.9487 89.7832
    endloop
  endfacet
  facet normal -1 0 0
    outer loop
      vertex 0.012846 36.5433 91.2961
      vertex 0.012846 56 116.392
      vertex 0.012846 36.7956 90.5529
    endloop
  endfacet
  facet normal -1 0 0
    outer loop
      vertex 0.012846 36.1962 92
      vertex 0.012846 56 116.392
      vertex 0.012846 36.5433 91.2961
    endloop
  endfacet
  facet normal -1 0 0
    outer loop
      vertex 0.012846 35.7601 92.6526
      vertex 0.012846 56 116.392
      vertex 0.012846 36.1962 92
    endloop
  endfacet
  facet normal -1 0 0
    outer loop
      vertex 0.012846 35.2426 93.2426
      vertex 0.012846 56 116.392
      vertex 0.012846 35.7601 92.6526
    endloop
  endfacet
  facet normal -1 0 0
    outer loop
      vertex 0.012846 34.6526 93.7601
      vertex 0.012846 56 116.392
      vertex 0.012846 35.2426 93.2426
    endloop
  endfacet
  facet normal -1 0 0
    outer loop
      vertex 0.012846 34 94.1962
      vertex 0.012846 56 116.392
      vertex 0.012846 34.6526 93.7601
    endloop
  endfacet
  facet normal -1 0 0
    outer loop
      vertex 0.012846 33.2961 94.5433
      vertex 0.012846 56 116.392
      vertex 0.012846 34 94.1962
    endloop
  endfacet
  facet normal -1 0 0
    outer loop
      vertex 0.012846 32.5529 94.7956
      vertex 0.012846 56 116.392
      vertex 0.012846 33.2961 94.5433
    endloop
  endfacet
  facet normal -1 0 0
    outer loop
      vertex 0.012846 31.7832 94.9487
      vertex 0.012846 56 116.392
      vertex 0.012846 32.5529 94.7956
    endloop
  endfacet
  facet normal -1 0 0
    outer loop
      vertex 0.012846 31 95
      vertex 0.012846 56 116.392
      vertex 0.012846 31.7832 94.9487
    endloop
  endfacet
  facet normal -1 0 0
    outer loop
      vertex 0.012846 6 116.392
      vertex 0.012846 31 95
      vertex 0.012846 30.2168 94.9487
    endloop
  endfacet
  facet normal -1 0 0
    outer loop
      vertex 0.012846 6 116.392
      vertex 0.012846 30.2168 94.9487
      vertex 0.012846 29.4471 94.7956
    endloop
  endfacet
  facet normal -1 0 0
    outer loop
      vertex 0.012846 6 116.392
      vertex 0.012846 29.4471 94.7956
      vertex 0.012846 28.7039 94.5433
    endloop
  endfacet
  facet normal -1 0 0
    outer loop
      vertex 0.012846 6 116.392
      vertex 0.012846 28.7039 94.5433
      vertex 0.012846 28 94.1962
    endloop
  endfacet
  facet normal -1 0 0
    outer loop
      vertex 0.012846 6 116.392
      vertex 0.012846 28 94.1962
      vertex 0.012846 27.3474 93.7601
    endloop
  endfacet
  facet normal -1 0 0
    outer loop
      vertex 0.012846 25.0513 88.2168
      vertex 0.012846 6 116.392
      vertex 0.012846 25 89
    endloop
  endfacet
  facet normal -1 0 0
    outer loop
      vertex 0.012846 25 89
      vertex 0.012846 6 116.392
      vertex 0.012846 25.0513 89.7832
    endloop
  endfacet
  facet normal -1 0 0
    outer loop
      vertex 0.012846 31 95
      vertex 0.012846 6 116.392
      vertex 0.012846 56 116.392
    endloop
  endfacet
  facet normal -1 0 0
    outer loop
      vertex 0.012846 26.7574 93.2426
      vertex 0.012846 6 116.392
      vertex 0.012846 27.3474 93.7601
    endloop
  endfacet
  facet normal -1 0 0
    outer loop
      vertex 0.012846 26.2399 92.6526
      vertex 0.012846 6 116.392
      vertex 0.012846 26.7574 93.2426
    endloop
  endfacet
  facet normal -1 0 0
    outer loop
      vertex 0.012846 25.8038 92
      vertex 0.012846 6 116.392
      vertex 0.012846 26.2399 92.6526
    endloop
  endfacet
  facet normal -1 0 0
    outer loop
      vertex 0.012846 25.4567 91.2961
      vertex 0.012846 6 116.392
      vertex 0.012846 25.8038 92
    endloop
  endfacet
  facet normal -1 0 0
    outer loop
      vertex 0.012846 25.2044 90.5529
      vertex 0.012846 6 116.392
      vertex 0.012846 25.4567 91.2961
    endloop
  endfacet
  facet normal -1 0 0
    outer loop
      vertex 0.012846 25.0513 89.7832
      vertex 0.012846 6 116.392
      vertex 0.012846 25.2044 90.5529
    endloop
  endfacet
  facet normal -0.963988 -0.0631824 0.258332
    outer loop
      vertex 0.318419 6 117.929
      vertex 0.115288 6 117.171
      vertex 0.165632 5.23189 117.171
    endloop
  endfacet
  facet normal -0.416082 0.277981 0.865796
    outer loop
      vertex 3.35542 58.0293 120.989
      vertex 3.11317 57.6667 120.989
      vertex 3.89465 57.6155 121.381
    endloop
  endfacet
  facet normal -0.466751 0.532222 0.706317
    outer loop
      vertex 3.59169 59.1386 120.511
      vertex 2.81021 59.1898 119.956
      vertex 3.20263 58.7974 120.511
    endloop
  endfacet
  facet normal -0.864417 0.0566572 0.499573
    outer loop
      vertex 0.664801 56.7024 118.654
      vertex 0.618763 56 118.654
      vertex 1.05386 56.6512 119.333
    endloop
  endfacet
  facet normal -0.820285 0.278473 0.499585
    outer loop
      vertex 1.02839 58.0593 118.654
      vertex 0.802124 57.3928 118.654
      vertex 1.18117 57.2912 119.333
    endloop
  endfacet
  facet normal -0.634873 0.313106 0.70633
    outer loop
      vertex 2.09333 58.2555 119.956
      vertex 1.83234 57.7263 119.956
      vertex 2.57394 57.978 120.511
    endloop
  endfacet
  facet normal -0.608935 0 0.79322
    outer loop
      vertex 2.04392 56 120.511
      vertex 2.66658 6 120.989
      vertex 2.66658 56 120.989
    endloop
  endfacet
  facet normal -0.608935 0 0.79322
    outer loop
      vertex 2.66658 6 120.989
      vertex 2.04392 56 120.511
      vertex 2.04392 6 120.511
    endloop
  endfacet
  facet normal -0.820291 0.278466 0.499579
    outer loop
      vertex 1.39093 57.9091 119.333
      vertex 1.02839 58.0593 118.654
      vertex 1.18117 57.2912 119.333
    endloop
  endfacet
  facet normal -0.752004 0.255284 0.607717
    outer loop
      vertex 1.39093 57.9091 119.333
      vertex 1.18117 57.2912 119.333
      vertex 1.83234 57.7263 119.956
    endloop
  endfacet
  facet normal -0.588599 0.393252 0.706331
    outer loop
      vertex 2.86143 58.4083 120.511
      vertex 2.09333 58.2555 119.956
      vertex 2.57394 57.978 120.511
    endloop
  endfacet
  facet normal -0.588593 0.393299 0.70631
    outer loop
      vertex 2.42115 58.7461 119.956
      vertex 2.09333 58.2555 119.956
      vertex 2.86143 58.4083 120.511
    endloop
  endfacet
  facet normal 0.00856551 -0.130522 -0.991408
    outer loop
      vertex 90.0512 5.61094 0.012846
      vertex 90 4.82946 0.115288
      vertex 90 5.60758 0.012846
    endloop
  endfacet
  facet normal -0.0578381 0.117317 -0.991409
    outer loop
      vertex 5.84983 56.3625 0.012846
      vertex 5.41473 57.0137 0.115288
      vertex 5.55205 57.0814 0.115288
    endloop
  endfacet
  facet normal 0.0578128 0.117333 -0.991408
    outer loop
      vertex 90.5853 57.0137 0.115288
      vertex 90.1502 56.3625 0.012846
      vertex 90.4479 57.0814 0.115288
    endloop
  endfacet
  facet normal 0.694273 -0.13808 -0.706342
    outer loop
      vertex 94.3573 4.83246 2.04392
      vertex 93.9222 5.48363 1.48896
      vertex 94.4724 5.41119 2.04392
    endloop
  endfacet
  facet normal 0.694311 -0.13803 -0.706314
    outer loop
      vertex 94.3573 4.83246 2.04392
      vertex 93.8213 4.97609 1.48896
      vertex 93.9222 5.48363 1.48896
    endloop
  endfacet
  facet normal 0.382558 0.0250695 -0.923591
    outer loop
      vertex 92.6537 56 0.618763
      vertex 91.9121 56.2517 0.318419
      vertex 92.631 56.3464 0.618763
    endloop
  endfacet
  facet normal 0.330214 -0.376514 -0.865561
    outer loop
      vertex 92.0293 3.35542 1.01118
      vertex 91.8765 4.12353 0.618763
      vertex 92.3571 3.64291 1.01118
    endloop
  endfacet
  facet normal 0.401935 -0.458292 -0.792727
    outer loop
      vertex 92.7974 3.20263 1.48896
      vertex 92.0293 3.35542 1.01118
      vertex 92.3571 3.64291 1.01118
    endloop
  endfacet
  facet normal 0.252768 -0.288265 -0.923586
    outer loop
      vertex 91.8765 4.12353 0.618763
      vertex 91.1741 4.46991 0.318419
      vertex 91.3638 4.63625 0.318419
    endloop
  endfacet
  facet normal 0.0250698 -0.382563 -0.923589
    outer loop
      vertex 90.3464 3.36897 0.618763
      vertex 90 3.34627 0.618763
      vertex 90.2517 4.08786 0.318419
    endloop
  endfacet
  facet normal -0.025505 -0.128289 -0.991409
    outer loop
      vertex 5.94878 5.61094 0.012846
      vertex 5.84721 4.83947 0.115288
      vertex 5.89843 5.62095 0.012846
    endloop
  endfacet
  facet normal -0.123236 -0.363038 -0.923589
    outer loop
      vertex 5.31316 3.43669 0.618763
      vertex 4.98446 3.54827 0.618763
      vertex 5.26194 4.21817 0.318419
    endloop
  endfacet
  facet normal -0.363038 -0.123236 -0.923589
    outer loop
      vertex 3.54827 4.98446 0.618763
      vertex 3.43669 5.31316 0.618763
      vertex 4.21817 5.26194 0.318419
    endloop
  endfacet
  facet normal 0.144092 -0.215621 -0.965787
    outer loop
      vertex 91.1741 4.46991 0.318419
      vertex 90.5853 4.98628 0.115288
      vertex 90.7126 5.07135 0.115288
    endloop
  endfacet
  facet normal 0.144067 -0.215648 -0.965785
    outer loop
      vertex 90.9643 4.32975 0.318419
      vertex 90.5853 4.98628 0.115288
      vertex 91.1741 4.46991 0.318419
    endloop
  endfacet
  facet normal 0.278252 -0.416404 -0.865554
    outer loop
      vertex 91.6667 3.11317 1.01118
      vertex 91.3269 3.7018 0.618763
      vertex 91.6155 3.89465 0.618763
    endloop
  endfacet
  facet normal 0.213 -0.318755 -0.923594
    outer loop
      vertex 91.3269 3.7018 0.618763
      vertex 90.9643 4.32975 0.318419
      vertex 91.6155 3.89465 0.618763
    endloop
  endfacet
  facet normal 0.12324 -0.363049 -0.923584
    outer loop
      vertex 91.0155 3.54827 0.618763
      vertex 90.6868 3.43669 0.618763
      vertex 90.7381 4.21817 0.318419
    endloop
  endfacet
  facet normal 0.169541 -0.343875 -0.923583
    outer loop
      vertex 91.0155 3.54827 0.618763
      vertex 90.7381 4.21817 0.318419
      vertex 91.3269 3.7018 0.618763
    endloop
  endfacet
  facet normal 0.0566716 -0.864636 -0.499192
    outer loop
      vertex 90.7024 0.664801 3.34627
      vertex 90 0.618763 3.34627
      vertex 90.6512 1.05386 2.66658
    endloop
  endfacet
  facet normal 0.0976836 -0.491174 -0.865567
    outer loop
      vertex 90.8628 2.78016 1.01118
      vertex 90.4351 2.6951 1.01118
      vertex 90.6868 3.43669 0.618763
    endloop
  endfacet
  facet normal -0.0566723 -0.864635 -0.499194
    outer loop
      vertex 6 0.618763 3.34627
      vertex 5.29761 0.664801 3.34627
      vertex 5.34883 1.05386 2.66658
    endloop
  endfacet
  facet normal -0.481398 -0.720454 -0.4992
    outer loop
      vertex 3.30938 1.33971 3.34627
      vertex 2.72411 1.73078 3.34627
      vertex 3.50559 1.67956 2.66658
    endloop
  endfacet
  facet normal 0.0505838 -0.254358 -0.965786
    outer loop
      vertex 90.2517 4.08786 0.318419
      vertex 90.1528 4.83947 0.115288
      vertex 90.303 4.86934 0.115288
    endloop
  endfacet
  facet normal 0.0505839 -0.254358 -0.965786
    outer loop
      vertex 90.4992 4.13708 0.318419
      vertex 90.2517 4.08786 0.318419
      vertex 90.303 4.86934 0.115288
    endloop
  endfacet
  facet normal -0.160979 -0.474224 -0.865562
    outer loop
      vertex 5.31316 3.43669 0.618763
      vertex 4.72435 2.92032 1.01118
      vertex 4.98446 3.54827 0.618763
    endloop
  endfacet
  facet normal -0.114702 -0.232592 -0.965787
    outer loop
      vertex 5.26194 4.21817 0.318419
      vertex 5.03568 4.32975 0.318419
      vertex 5.41473 4.98628 0.115288
    endloop
  endfacet
  facet normal 0.571325 -0.651452 -0.499197
    outer loop
      vertex 93.2759 1.73078 3.34627
      vertex 93.037 2.0421 2.66658
      vertex 93.8051 2.19489 3.34627
    endloop
  endfacet
  facet normal 0.481383 -0.720468 -0.499196
    outer loop
      vertex 93.2759 1.73078 3.34627
      vertex 92.4944 1.67956 2.66658
      vertex 93.037 2.0421 2.66658
    endloop
  endfacet
  facet normal 0.441094 -0.660169 -0.607958
    outer loop
      vertex 93.037 2.0421 2.66658
      vertex 92.4944 1.67956 2.66658
      vertex 92.7461 2.42115 2.04392
    endloop
  endfacet
  facet normal 0.596973 -0.523448 -0.607968
    outer loop
      vertex 93.9579 2.963 2.66658
      vertex 93.1898 2.81021 2.04392
      vertex 93.5788 3.25385 2.04392
    endloop
  endfacet
  facet normal 0.914794 -0.310543 -0.258292
    outer loop
      vertex 95.6842 4.47692 4.82946
      vertex 95.2491 3.82575 4.07136
      vertex 95.488 4.5295 4.07136
    endloop
  endfacet
  facet normal 0.77712 -0.383199 -0.499243
    outer loop
      vertex 94.6603 3.30938 3.34627
      vertex 94.3204 3.50559 2.66658
      vertex 94.9716 3.94069 3.34627
    endloop
  endfacet
  facet normal 0.866409 -0.427319 -0.258331
    outer loop
      vertex 95.4368 3.74802 4.82946
      vertex 95.0963 3.05764 4.82946
      vertex 95.2491 3.82575 4.07136
    endloop
  endfacet
  facet normal 0.93888 -0.318671 -0.130202
    outer loop
      vertex 95.5314 3.70881 5.60758
      vertex 95.4368 3.74802 4.82946
      vertex 95.6842 4.47692 4.82946
    endloop
  endfacet
  facet normal 0.946945 -0.321394 0
    outer loop
      vertex 95.5314 3.70881 116.392
      vertex 95.7831 4.45041 5.60758
      vertex 95.7831 4.45041 116.392
    endloop
  endfacet
  facet normal 0.946945 -0.321394 0
    outer loop
      vertex 95.7831 4.45041 5.60758
      vertex 95.5314 3.70881 116.392
      vertex 95.5314 3.70881 5.60758
    endloop
  endfacet
  facet normal -0.60932 0.694817 0.382045
    outer loop
      vertex 2.54127 60.5075 117.929
      vertex 2.19489 59.8051 118.654
      vertex 2.72411 60.2692 118.654
    endloop
  endfacet
  facet normal -0.571169 0.651312 0.499558
    outer loop
      vertex 2.72411 60.2692 118.654
      vertex 2.19489 59.8051 118.654
      vertex 2.963 59.9579 119.333
    endloop
  endfacet
  facet normal -0.0603943 0.922181 -0.382013
    outer loop
      vertex 5.29761 61.3352 3.34627
      vertex 5.2584 61.633 4.07136
      vertex 6 61.3812 3.34627
    endloop
  endfacet
  facet normal -0.0566243 0.864617 -0.499231
    outer loop
      vertex 5.34883 60.9461 2.66658
      vertex 5.29761 61.3352 3.34627
      vertex 6 61.3812 3.34627
    endloop
  endfacet
  facet normal 0.138088 0.694277 -0.706337
    outer loop
      vertex 91.1675 60.3573 2.04392
      vertex 90.5164 59.9222 1.48896
      vertex 90.5888 60.4724 2.04392
    endloop
  endfacet
  facet normal 0.0463719 0.706384 -0.706308
    outer loop
      vertex 90.5164 59.9222 1.48896
      vertex 90 59.9561 1.48896
      vertex 90 60.511 2.04392
    endloop
  endfacet
  facet normal 0.138042 0.694312 -0.706311
    outer loop
      vertex 91.0239 59.8213 1.48896
      vertex 90.5164 59.9222 1.48896
      vertex 91.1675 60.3573 2.04392
    endloop
  endfacet
  facet normal 0.0399321 0.608287 -0.792712
    outer loop
      vertex 90.4351 59.3049 1.01118
      vertex 90 59.9561 1.48896
      vertex 90.5164 59.9222 1.48896
    endloop
  endfacet
  facet normal 0.196024 0.577233 -0.792702
    outer loop
      vertex 91.2756 59.0797 1.01118
      vertex 91.0239 59.8213 1.48896
      vertex 91.5139 59.6549 1.48896
    endloop
  endfacet
  facet normal 0.227599 0.670214 -0.706407
    outer loop
      vertex 91.5139 59.6549 1.48896
      vertex 91.0239 59.8213 1.48896
      vertex 91.7263 60.1677 2.04392
    endloop
  endfacet
  facet normal 0 0.608734 -0.793375
    outer loop
      vertex 6 59.3334 1.01118
      vertex 90 59.9561 1.48896
      vertex 90 59.3334 1.01118
    endloop
  endfacet
  facet normal 0 0.608734 -0.793375
    outer loop
      vertex 90 59.9561 1.48896
      vertex 6 59.3334 1.01118
      vertex 6 59.9561 1.48896
    endloop
  endfacet
  facet normal -0.032733 0.499724 -0.865566
    outer loop
      vertex 6 58.6537 0.618763
      vertex 5.5649 59.3049 1.01118
      vertex 6 59.3334 1.01118
    endloop
  endfacet
  facet normal -0.0398417 0.60825 -0.792745
    outer loop
      vertex 6 59.3334 1.01118
      vertex 5.5649 59.3049 1.01118
      vertex 6 59.9561 1.48896
    endloop
  endfacet
  facet normal -0.118863 0.597897 -0.792711
    outer loop
      vertex 5.5649 59.3049 1.01118
      vertex 4.97609 59.8213 1.48896
      vertex 5.48363 59.9222 1.48896
    endloop
  endfacet
  facet normal 0.441047 0.660171 -0.60799
    outer loop
      vertex 92.7461 59.5788 2.04392
      vertex 92.4944 60.3204 2.66658
      vertex 93.037 59.9579 2.66658
    endloop
  endfacet
  facet normal 0.481352 0.720501 -0.499179
    outer loop
      vertex 93.037 59.9579 2.66658
      vertex 92.4944 60.3204 2.66658
      vertex 93.2759 60.2692 3.34627
    endloop
  endfacet
  facet normal 0.466713 0.532233 -0.706333
    outer loop
      vertex 92.7974 58.7974 1.48896
      vertex 92.4083 59.1386 1.48896
      vertex 93.1898 59.1898 2.04392
    endloop
  endfacet
  facet normal 0.313106 0.63485 -0.70635
    outer loop
      vertex 91.978 59.4261 1.48896
      vertex 91.7263 60.1677 2.04392
      vertex 92.2555 59.9067 2.04392
    endloop
  endfacet
  facet normal 0.0631744 0.963995 -0.258307
    outer loop
      vertex 90.7416 61.633 4.07136
      vertex 90 61.6816 4.07136
      vertex 90.7681 61.8344 4.82946
    endloop
  endfacet
  facet normal 0.188495 0.947496 -0.258305
    outer loop
      vertex 91.5231 61.6842 4.82946
      vertex 90.7416 61.633 4.07136
      vertex 90.7681 61.8344 4.82946
    endloop
  endfacet
  facet normal 0.37673 0.0748893 0.923291
    outer loop
      vertex 92.5633 56.6868 121.381
      vertex 91.8629 56.4992 121.682
      vertex 91.9121 56.2517 121.682
    endloop
  endfacet
  facet normal 0.37671 0.0749215 0.923296
    outer loop
      vertex 92.5633 56.6868 121.381
      vertex 91.9121 56.2517 121.682
      vertex 92.631 56.3464 121.381
    endloop
  endfacet
  facet normal 0.532253 0.46673 0.706308
    outer loop
      vertex 93.1898 59.1898 119.956
      vertex 92.7974 58.7974 120.511
      vertex 93.1386 58.4083 120.511
    endloop
  endfacet
  facet normal 0.416083 0.277924 0.865813
    outer loop
      vertex 92.6446 58.0293 120.989
      vertex 92.1053 57.6155 121.381
      vertex 92.8868 57.6667 120.989
    endloop
  endfacet
  facet normal 0.634873 0.313118 0.706324
    outer loop
      vertex 93.9067 58.2555 119.956
      vertex 93.4261 57.978 120.511
      vertex 94.1677 57.7263 119.956
    endloop
  endfacet
  facet normal 0.712264 0.351287 0.607682
    outer loop
      vertex 94.3204 58.4944 119.333
      vertex 93.9067 58.2555 119.956
      vertex 94.1677 57.7263 119.956
    endloop
  endfacet
  facet normal 0.48123 0.720318 0.499559
    outer loop
      vertex 93.2759 60.2692 118.654
      vertex 92.4944 60.3204 119.333
      vertex 93.037 59.9579 119.333
    endloop
  endfacet
  facet normal 0.481274 0.72025 0.499615
    outer loop
      vertex 92.6906 60.6603 118.654
      vertex 92.4944 60.3204 119.333
      vertex 93.2759 60.2692 118.654
    endloop
  endfacet
  facet normal 0.441308 0.66028 0.607682
    outer loop
      vertex 92.4944 60.3204 119.333
      vertex 92.2555 59.9067 119.956
      vertex 92.7461 59.5788 119.956
    endloop
  endfacet
  facet normal 0.393388 0.588582 0.70627
    outer loop
      vertex 92.7461 59.5788 119.956
      vertex 92.2555 59.9067 119.956
      vertex 92.4083 59.1386 120.511
    endloop
  endfacet
  facet normal 0.571096 0.651199 0.499789
    outer loop
      vertex 93.6 59.6 119.156
      vertex 93.037 59.9579 119.333
      vertex 93.4451 59.6 119.333
    endloop
  endfacet
  facet normal 0.57113 0.651403 0.499485
    outer loop
      vertex 93.037 59.9579 119.333
      vertex 93.6 59.6 119.156
      vertex 93.8051 59.8051 118.654
    endloop
  endfacet
  facet normal 0.5238 0.59727 0.607373
    outer loop
      vertex 93.4451 59.6 119.333
      vertex 93.037 59.9579 119.333
      vertex 93.1355 59.6 119.6
    endloop
  endfacet
  facet normal 0.5234 0.596965 0.608018
    outer loop
      vertex 93.1355 59.6 119.6
      vertex 93.1898 59.1898 119.956
      vertex 93.383 59.383 119.6
    endloop
  endfacet
  facet normal 0.520146 0.598039 0.609752
    outer loop
      vertex 93.1898 59.1898 119.956
      vertex 93.1355 59.6 119.6
      vertex 93.037 59.9579 119.333
    endloop
  endfacet
  facet normal 0.609287 0.694836 0.382063
    outer loop
      vertex 94.0175 60.0175 117.929
      vertex 93.4587 60.5075 117.929
      vertex 93.8051 59.8051 118.654
    endloop
  endfacet
  facet normal 0.694836 0.609287 0.382063
    outer loop
      vertex 94.0175 60.0175 117.929
      vertex 93.8051 59.8051 118.654
      vertex 94.5075 59.4587 117.929
    endloop
  endfacet
  facet normal 0.77888 0.154915 0.60774
    outer loop
      vertex 94.9461 56.6512 119.333
      vertex 94.3573 57.1675 119.956
      vertex 94.4724 56.5888 119.956
    endloop
  endfacet
  facet normal 0.694302 0.138093 0.706311
    outer loop
      vertex 94.3573 57.1675 119.956
      vertex 93.9222 56.5164 120.511
      vertex 94.4724 56.5888 119.956
    endloop
  endfacet
  facet normal 0.427244 0.866445 0.258332
    outer loop
      vertex 92.9424 61.0963 117.171
      vertex 92.1742 61.2491 117.929
      vertex 92.8408 60.9204 117.929
    endloop
  endfacet
  facet normal 0.297121 0.875082 0.382034
    outer loop
      vertex 92.1742 61.2491 117.929
      vertex 91.3928 61.1979 118.654
      vertex 92.0593 60.9716 118.654
    endloop
  endfacet
  facet normal 0.4273 0.866397 0.258399
    outer loop
      vertex 92.252 61.4368 117.171
      vertex 92.1742 61.2491 117.929
      vertex 92.9424 61.0963 117.171
    endloop
  endfacet
  facet normal 0.438566 0.889239 0.130056
    outer loop
      vertex 92.2912 61.5314 116.392
      vertex 92.252 61.4368 117.171
      vertex 92.9424 61.0963 117.171
    endloop
  endfacet
  facet normal 0.383215 0.776917 0.499546
    outer loop
      vertex 92.0593 60.9716 118.654
      vertex 91.9091 60.6091 119.333
      vertex 92.4944 60.3204 119.333
    endloop
  endfacet
  facet normal 0.383108 0.776923 0.49962
    outer loop
      vertex 92.6906 60.6603 118.654
      vertex 92.0593 60.9716 118.654
      vertex 92.4944 60.3204 119.333
    endloop
  endfacet
  facet normal -0.025071 0.38256 -0.923591
    outer loop
      vertex 5.74826 57.9121 0.318419
      vertex 5.65362 58.631 0.618763
      vertex 6 58.6537 0.618763
    endloop
  endfacet
  facet normal -0.0747705 0.376017 -0.923591
    outer loop
      vertex 5.74826 57.9121 0.318419
      vertex 5.31316 58.5633 0.618763
      vertex 5.65362 58.631 0.618763
    endloop
  endfacet
  facet normal -0.170966 0.194992 -0.965789
    outer loop
      vertex 5.1723 56.8277 0.115288
      vertex 4.63625 57.3638 0.318419
      vertex 4.82592 57.5301 0.318419
    endloop
  endfacet
  facet normal -0.194986 0.170975 -0.965789
    outer loop
      vertex 5.1723 56.8277 0.115288
      vertex 4.46991 57.1741 0.318419
      vertex 4.63625 57.3638 0.318419
    endloop
  endfacet
  facet normal -0.278177 0.416404 -0.865578
    outer loop
      vertex 4.38451 58.1053 0.618763
      vertex 3.97074 58.6446 1.01118
      vertex 4.33329 58.8868 1.01118
    endloop
  endfacet
  facet normal -0.0399345 0.608288 -0.792711
    outer loop
      vertex 5.5649 59.3049 1.01118
      vertex 5.48363 59.9222 1.48896
      vertex 6 59.9561 1.48896
    endloop
  endfacet
  facet normal -0.213026 0.318733 -0.923596
    outer loop
      vertex 5.03568 57.6702 0.318419
      vertex 4.38451 58.1053 0.618763
      vertex 4.67313 58.2982 0.618763
    endloop
  endfacet
  facet normal -0.169582 0.343814 -0.923598
    outer loop
      vertex 5.03568 57.6702 0.318419
      vertex 4.67313 58.2982 0.618763
      vertex 5.26194 57.7818 0.318419
    endloop
  endfacet
  facet normal 0.792278 0.0519394 -0.607945
    outer loop
      vertex 94.511 56 2.04392
      vertex 94.4724 56.5888 2.04392
      vertex 94.9461 56.6512 2.66658
    endloop
  endfacet
  facet normal 0.706357 0.0463067 -0.70634
    outer loop
      vertex 94.511 56 2.04392
      vertex 93.9222 56.5164 1.48896
      vertex 94.4724 56.5888 2.04392
    endloop
  endfacet
  facet normal 0.245592 0.0833718 -0.965781
    outer loop
      vertex 91.8629 56.4992 0.318419
      vertex 91.1307 56.303 0.115288
      vertex 91.7818 56.7381 0.318419
    endloop
  endfacet
  facet normal 0.597832 0.118951 -0.792747
    outer loop
      vertex 93.3049 56.4351 1.01118
      vertex 93.2198 56.8628 1.01118
      vertex 93.8213 57.0239 1.48896
    endloop
  endfacet
  facet normal 0.12386 0.0420513 -0.991408
    outer loop
      vertex 90.379 56.1016 0.012846
      vertex 90.3625 56.1502 0.012846
      vertex 91.0814 56.4479 0.115288
    endloop
  endfacet
  facet normal 0 0.258818 -0.965926
    outer loop
      vertex 6 57.1705 0.115288
      vertex 90 57.9286 0.318419
      vertex 90 57.1705 0.115288
    endloop
  endfacet
  facet normal 0 0.258818 -0.965926
    outer loop
      vertex 90 57.9286 0.318419
      vertex 6 57.1705 0.115288
      vertex 6 57.9286 0.318419
    endloop
  endfacet
  facet normal 0.258789 0.0169365 -0.965785
    outer loop
      vertex 91.1705 56 0.115288
      vertex 91.1605 56.1528 0.115288
      vertex 91.9121 56.2517 0.318419
    endloop
  endfacet
  facet normal 0.128273 0.0257055 -0.991406
    outer loop
      vertex 90.3891 56.0512 0.012846
      vertex 90.379 56.1016 0.012846
      vertex 91.1605 56.1528 0.115288
    endloop
  endfacet
  facet normal 0 -0.130527 -0.991445
    outer loop
      vertex 6 4.82946 0.115288
      vertex 90 5.60758 0.012846
      vertex 90 4.82946 0.115288
    endloop
  endfacet
  facet normal -0 -0.130527 -0.991445
    outer loop
      vertex 90 5.60758 0.012846
      vertex 6 4.82946 0.115288
      vertex 6 5.60758 0.012846
    endloop
  endfacet
  facet normal 0 0.499992 -0.86603
    outer loop
      vertex 6 58.6537 0.618763
      vertex 90 59.3334 1.01118
      vertex 90 58.6537 0.618763
    endloop
  endfacet
  facet normal 0 0.499992 -0.86603
    outer loop
      vertex 90 59.3334 1.01118
      vertex 6 58.6537 0.618763
      vertex 6 59.3334 1.01118
    endloop
  endfacet
  facet normal 0.338594 0.506913 -0.792713
    outer loop
      vertex 92.0293 58.6446 1.01118
      vertex 91.6667 58.8868 1.01118
      vertex 92.4083 59.1386 1.48896
    endloop
  endfacet
  facet normal 0.382681 0 -0.923881
    outer loop
      vertex 91.9286 6 0.318419
      vertex 92.6537 56 0.618763
      vertex 92.6537 6 0.618763
    endloop
  endfacet
  facet normal 0.382681 0 -0.923881
    outer loop
      vertex 92.6537 56 0.618763
      vertex 91.9286 6 0.318419
      vertex 91.9286 56 0.318419
    endloop
  endfacet
  facet normal 0.866405 0.427304 -0.258368
    outer loop
      vertex 95.2491 58.1742 4.07136
      vertex 95.0963 58.9424 4.82946
      vertex 95.4368 58.252 4.82946
    endloop
  endfacet
  facet normal 0.889222 0.438557 -0.130201
    outer loop
      vertex 95.4368 58.252 4.82946
      vertex 95.0963 58.9424 4.82946
      vertex 95.5314 58.2912 5.60758
    endloop
  endfacet
  facet normal 0.694827 0.609352 -0.381976
    outer loop
      vertex 94.2692 59.2759 3.34627
      vertex 93.8051 59.8051 3.34627
      vertex 94.5075 59.4587 4.07136
    endloop
  endfacet
  facet normal 0.914786 0.310562 -0.258299
    outer loop
      vertex 95.488 57.4705 4.07136
      vertex 95.2491 58.1742 4.07136
      vertex 95.6842 57.5231 4.82946
    endloop
  endfacet
  facet normal 0.536735 0.803218 -0.258373
    outer loop
      vertex 93.4587 60.5075 4.07136
      vertex 92.8408 60.9204 4.07136
      vertex 93.5824 60.6687 4.82946
    endloop
  endfacet
  facet normal 0.536686 0.803272 -0.258307
    outer loop
      vertex 93.5824 60.6687 4.82946
      vertex 92.8408 60.9204 4.07136
      vertex 92.9424 61.0963 4.82946
    endloop
  endfacet
  facet normal 0.513466 0.768395 -0.381997
    outer loop
      vertex 93.4587 60.5075 4.07136
      vertex 92.6906 60.6603 3.34627
      vertex 92.8408 60.9204 4.07136
    endloop
  endfacet
  facet normal 0.637025 0.726253 -0.258372
    outer loop
      vertex 94.1611 60.1611 4.82946
      vertex 93.4587 60.5075 4.07136
      vertex 93.5824 60.6687 4.82946
    endloop
  endfacet
  facet normal 0.778725 0.154893 -0.607943
    outer loop
      vertex 94.9461 56.6512 2.66658
      vertex 94.3573 57.1675 2.04392
      vertex 94.8188 57.2912 2.66658
    endloop
  endfacet
  facet normal 0.751874 0.25511 -0.607951
    outer loop
      vertex 94.3573 57.1675 2.04392
      vertex 94.1677 57.7263 2.04392
      vertex 94.8188 57.2912 2.66658
    endloop
  endfacet
  facet normal 0.506838 0.338638 -0.792741
    outer loop
      vertex 93.4261 57.978 1.48896
      vertex 92.8868 57.6667 1.01118
      vertex 93.1386 58.4083 1.48896
    endloop
  endfacet
  facet normal 0.588576 0.39325 -0.706351
    outer loop
      vertex 93.4261 57.978 1.48896
      vertex 93.1386 58.4083 1.48896
      vertex 93.9067 58.2555 2.04392
    endloop
  endfacet
  facet normal 0.597892 0.118871 -0.792714
    outer loop
      vertex 93.9222 56.5164 1.48896
      vertex 93.3049 56.4351 1.01118
      vertex 93.8213 57.0239 1.48896
    endloop
  endfacet
  facet normal 0.608287 0.0399321 -0.792712
    outer loop
      vertex 93.9561 56 1.48896
      vertex 93.3049 56.4351 1.01118
      vertex 93.9222 56.5164 1.48896
    endloop
  endfacet
  facet normal 0.989352 -0.0647881 -0.130325
    outer loop
      vertex 95.9872 6 5.60758
      vertex 95.8344 5.23189 4.82946
      vertex 95.8847 6 4.82946
    endloop
  endfacet
  facet normal 0.964009 -0.0631286 -0.258265
    outer loop
      vertex 95.8344 5.23189 4.82946
      vertex 95.6816 6 4.07136
      vertex 95.8847 6 4.82946
    endloop
  endfacet
  facet normal 0.60825 -0.0398417 -0.792745
    outer loop
      vertex 93.9561 6 1.48896
      vertex 93.3049 5.5649 1.01118
      vertex 93.3334 6 1.01118
    endloop
  endfacet
  facet normal 0.49117 -0.0976685 -0.865571
    outer loop
      vertex 93.3049 5.5649 1.01118
      vertex 92.5633 5.31316 0.618763
      vertex 92.631 5.65362 0.618763
    endloop
  endfacet
  facet normal -0.875118 -0.29707 -0.381993
    outer loop
      vertex 1.02839 3.94069 3.34627
      vertex 0.750903 3.82575 4.07136
      vertex 0.802124 4.60723 3.34627
    endloop
  endfacet
  facet normal -0.778729 -0.154899 -0.607937
    outer loop
      vertex 1.18117 4.7088 2.66658
      vertex 1.05386 5.34883 2.66658
      vertex 1.64267 4.83246 2.04392
    endloop
  endfacet
  facet normal -0.792287 -0.0519257 -0.607935
    outer loop
      vertex 1.52755 5.41119 2.04392
      vertex 1.05386 5.34883 2.66658
      vertex 1.48896 6 2.04392
    endloop
  endfacet
  facet normal -0.706344 -0.046293 -0.706354
    outer loop
      vertex 1.52755 5.41119 2.04392
      vertex 1.48896 6 2.04392
      vertex 2.07777 5.48363 1.48896
    endloop
  endfacet
  facet normal -0.864635 -0.0566723 -0.499194
    outer loop
      vertex 0.664801 5.29761 3.34627
      vertex 0.618763 6 3.34627
      vertex 1.05386 5.34883 2.66658
    endloop
  endfacet
  facet normal -0.947501 -0.188472 -0.258302
    outer loop
      vertex 0.512014 4.5295 4.07136
      vertex 0.315804 4.47692 4.82946
      vertex 0.367025 5.2584 4.07136
    endloop
  endfacet
  facet normal -0.90641 -0.180293 -0.381989
    outer loop
      vertex 0.802124 4.60723 3.34627
      vertex 0.367025 5.2584 4.07136
      vertex 0.664801 5.29761 3.34627
    endloop
  endfacet
  facet normal -0.828856 -0.408754 -0.381992
    outer loop
      vertex 1.07961 3.15921 4.07136
      vertex 0.750903 3.82575 4.07136
      vertex 1.02839 3.94069 3.34627
    endloop
  endfacet
  facet normal -0.441106 -0.66018 -0.607938
    outer loop
      vertex 3.50559 1.67956 2.66658
      vertex 3.25385 2.42115 2.04392
      vertex 3.74448 2.09333 2.04392
    endloop
  endfacet
  facet normal -0.596952 -0.52351 -0.607936
    outer loop
      vertex 2.81021 2.81021 2.04392
      vertex 2.0421 2.963 2.66658
      vertex 2.42115 3.25385 2.04392
    endloop
  endfacet
  facet normal -0.720454 -0.481398 -0.4992
    outer loop
      vertex 1.73078 2.72411 3.34627
      vertex 1.33971 3.30938 3.34627
      vertex 1.67956 3.50559 2.66658
    endloop
  endfacet
  facet normal -0.720466 -0.481391 -0.499191
    outer loop
      vertex 1.73078 2.72411 3.34627
      vertex 1.67956 3.50559 2.66658
      vertex 2.0421 2.963 2.66658
    endloop
  endfacet
  facet normal -0.3187 -0.938864 -0.13025
    outer loop
      vertex 4.45041 0.216853 5.60758
      vertex 3.70881 0.468591 5.60758
      vertex 4.47692 0.315804 4.82946
    endloop
  endfacet
  facet normal -0.438517 -0.889234 -0.130256
    outer loop
      vertex 3.70881 0.468591 5.60758
      vertex 3.05764 0.903689 4.82946
      vertex 3.74802 0.563235 4.82946
    endloop
  endfacet
  facet normal -0.064846 -0.989358 -0.130251
    outer loop
      vertex 6 0.012846 5.60758
      vertex 5.21852 0.0640669 5.60758
      vertex 5.23189 0.165632 4.82946
    endloop
  endfacet
  facet normal -0.0648472 -0.989377 0.130107
    outer loop
      vertex 5.23189 0.165632 117.171
      vertex 5.21852 0.0640669 116.392
      vertex 6 0.012846 116.392
    endloop
  endfacet
  facet normal -0.188467 -0.947494 0.258331
    outer loop
      vertex 5.2584 0.367025 117.929
      vertex 4.47692 0.315804 117.171
      vertex 5.23189 0.165632 117.171
    endloop
  endfacet
  facet normal -0.321438 -0.946931 0
    outer loop
      vertex 3.70881 0.468591 5.60758
      vertex 4.45041 0.216853 116.392
      vertex 3.70881 0.468591 116.392
    endloop
  endfacet
  facet normal -0.321438 -0.946931 -0
    outer loop
      vertex 4.45041 0.216853 116.392
      vertex 3.70881 0.468591 5.60758
      vertex 4.45041 0.216853 5.60758
    endloop
  endfacet
  facet normal -0.25878 0.0169641 -0.965787
    outer loop
      vertex 4.82946 56 0.115288
      vertex 4.07136 56 0.318419
      vertex 4.08786 56.2517 0.318419
    endloop
  endfacet
  facet normal -0.382565 0.0250788 -0.923588
    outer loop
      vertex 4.07136 56 0.318419
      vertex 3.34627 56 0.618763
      vertex 4.08786 56.2517 0.318419
    endloop
  endfacet
  facet normal -0.108757 -0.0726724 -0.991408
    outer loop
      vertex 5.07135 5.28742 0.115288
      vertex 4.98628 5.41473 0.115288
      vertex 5.68867 5.76111 0.012846
    endloop
  endfacet
  facet normal -0.382564 -0.0250713 -0.923589
    outer loop
      vertex 3.36897 5.65362 0.618763
      vertex 3.34627 6 0.618763
      vertex 4.08786 5.74826 0.318419
    endloop
  endfacet
  facet normal -0.0084095 0.130526 -0.991409
    outer loop
      vertex 6 56.3924 0.012846
      vertex 5.94878 56.3891 0.012846
      vertex 6 57.1705 0.115288
    endloop
  endfacet
  facet normal -0.108753 0.0726757 -0.991409
    outer loop
      vertex 5.68867 56.2389 0.012846
      vertex 4.98628 56.5853 0.115288
      vertex 5.07135 56.7126 0.115288
    endloop
  endfacet
  facet normal -0.232584 0.114729 -0.965786
    outer loop
      vertex 4.98628 56.5853 0.115288
      vertex 4.21817 56.7381 0.318419
      vertex 4.32975 56.9643 0.318419
    endloop
  endfacet
  facet normal -0.215648 0.144067 -0.965785
    outer loop
      vertex 4.98628 56.5853 0.115288
      vertex 4.32975 56.9643 0.318419
      vertex 4.46991 57.1741 0.318419
    endloop
  endfacet
  facet normal -0.114674 0.232601 -0.965788
    outer loop
      vertex 5.41473 57.0137 0.115288
      vertex 5.26194 57.7818 0.318419
      vertex 5.55205 57.0814 0.115288
    endloop
  endfacet
  facet normal 0.0420706 -0.123853 -0.991408
    outer loop
      vertex 90.303 4.86934 0.115288
      vertex 90.1016 5.62095 0.012846
      vertex 90.4479 4.91856 0.115288
    endloop
  endfacet
  facet normal -0.0505815 0.254378 -0.965781
    outer loop
      vertex 5.69704 57.1307 0.115288
      vertex 5.50083 57.8629 0.318419
      vertex 5.74826 57.9121 0.318419
    endloop
  endfacet
  facet normal -0.123244 0.36303 -0.923591
    outer loop
      vertex 5.50083 57.8629 0.318419
      vertex 5.26194 57.7818 0.318419
      vertex 5.31316 58.5633 0.618763
    endloop
  endfacet
  facet normal -0.0578417 0.117314 -0.991409
    outer loop
      vertex 5.80379 56.3398 0.012846
      vertex 5.41473 57.0137 0.115288
      vertex 5.84983 56.3625 0.012846
    endloop
  endfacet
  facet normal -0.0504782 0.254373 -0.965788
    outer loop
      vertex 5.84721 57.1605 0.115288
      vertex 5.69704 57.1307 0.115288
      vertex 5.74826 57.9121 0.318419
    endloop
  endfacet
  facet normal -0.636975 -0.72632 -0.258306
    outer loop
      vertex 2.41761 1.33134 4.82946
      vertex 1.83888 1.83888 4.82946
      vertex 2.54127 1.4925 4.07136
    endloop
  endfacet
  facet normal -0.458304 -0.401926 -0.792725
    outer loop
      vertex 3.20263 3.20263 1.48896
      vertex 2.86143 3.59169 1.48896
      vertex 3.35542 3.97074 1.01118
    endloop
  endfacet
  facet normal -0.0519257 -0.792287 -0.607935
    outer loop
      vertex 6 1.48896 2.04392
      vertex 5.34883 1.05386 2.66658
      vertex 5.41119 1.52755 2.04392
    endloop
  endfacet
  facet normal -0.0604446 -0.922189 -0.381988
    outer loop
      vertex 6 0.618763 3.34627
      vertex 5.2584 0.367025 4.07136
      vertex 5.29761 0.664801 3.34627
    endloop
  endfacet
  facet normal -0.169044 -0.84984 -0.499196
    outer loop
      vertex 5.34883 1.05386 2.66658
      vertex 4.60723 0.802124 3.34627
      vertex 4.7088 1.18117 2.66658
    endloop
  endfacet
  facet normal -0.118917 -0.59787 -0.792723
    outer loop
      vertex 5.5649 2.6951 1.01118
      vertex 4.97609 2.17872 1.48896
      vertex 5.13725 2.78016 1.01118
    endloop
  endfacet
  facet normal -0.989377 -0.0648464 0.130108
    outer loop
      vertex 0.115288 6 117.171
      vertex 0.012846 6 116.392
      vertex 0.165632 5.23189 117.171
    endloop
  endfacet
  facet normal -0.997859 -0.0654031 0
    outer loop
      vertex 0.0640669 5.21852 5.60758
      vertex 0.012846 6 116.392
      vertex 0.012846 6 5.60758
    endloop
  endfacet
  facet normal -0.997859 -0.0654031 0
    outer loop
      vertex 0.012846 6 116.392
      vertex 0.0640669 5.21852 5.60758
      vertex 0.0640669 5.21852 116.392
    endloop
  endfacet
  facet normal -0.889232 -0.438523 -0.13025
    outer loop
      vertex 0.814973 3.00642 5.60758
      vertex 0.468591 3.70881 5.60758
      vertex 0.903689 3.05764 4.82946
    endloop
  endfacet
  facet normal -0.866425 -0.427281 0.258339
    outer loop
      vertex 1.07961 3.15921 117.929
      vertex 0.750903 3.82575 117.929
      vertex 0.903689 3.05764 117.171
    endloop
  endfacet
  facet normal -0.376015 -0.0747988 -0.92359
    outer loop
      vertex 4.13708 5.50083 0.318419
      vertex 3.43669 5.31316 0.618763
      vertex 4.08786 5.74826 0.318419
    endloop
  endfacet
  facet normal -0.252786 -0.288239 -0.92359
    outer loop
      vertex 4.38451 3.89465 0.618763
      vertex 4.12353 4.12353 0.618763
      vertex 4.82592 4.46991 0.318419
    endloop
  endfacet
  facet normal -0.376523 0.330186 -0.865568
    outer loop
      vertex 3.89465 57.6155 0.618763
      vertex 3.35542 58.0293 1.01118
      vertex 4.12353 57.8765 0.618763
    endloop
  endfacet
  facet normal -0.28825 0.252777 -0.923589
    outer loop
      vertex 4.46991 57.1741 0.318419
      vertex 3.89465 57.6155 0.618763
      vertex 4.12353 57.8765 0.618763
    endloop
  endfacet
  facet normal -0.546722 0.269626 -0.792715
    outer loop
      vertex 3.11317 57.6667 1.01118
      vertex 2.34506 57.5139 1.48896
      vertex 2.57394 57.978 1.48896
    endloop
  endfacet
  facet normal -0.506873 0.33865 -0.792714
    outer loop
      vertex 3.11317 57.6667 1.01118
      vertex 2.57394 57.978 1.48896
      vertex 2.86143 58.4083 1.48896
    endloop
  endfacet
  facet normal -0.212951 0.318833 -0.923579
    outer loop
      vertex 4.82592 57.5301 0.318419
      vertex 4.38451 58.1053 0.618763
      vertex 5.03568 57.6702 0.318419
    endloop
  endfacet
  facet normal -0.252747 0.288295 -0.923583
    outer loop
      vertex 4.82592 57.5301 0.318419
      vertex 4.12353 57.8765 0.618763
      vertex 4.38451 58.1053 0.618763
    endloop
  endfacet
  facet normal -0.401922 0.458303 -0.792727
    outer loop
      vertex 3.64291 58.3571 1.01118
      vertex 3.20263 58.7974 1.48896
      vertex 3.97074 58.6446 1.01118
    endloop
  endfacet
  facet normal -0.330204 0.376525 -0.86556
    outer loop
      vertex 4.12353 57.8765 0.618763
      vertex 3.64291 58.3571 1.01118
      vertex 3.97074 58.6446 1.01118
    endloop
  endfacet
  facet normal -0.466709 0.532264 -0.706313
    outer loop
      vertex 3.59169 59.1386 1.48896
      vertex 2.81021 59.1898 2.04392
      vertex 3.25385 59.5788 2.04392
    endloop
  endfacet
  facet normal -0.393349 0.58856 -0.706309
    outer loop
      vertex 3.59169 59.1386 1.48896
      vertex 3.25385 59.5788 2.04392
      vertex 3.74448 59.9067 2.04392
    endloop
  endfacet
  facet normal -0.694282 -0.138105 0.706328
    outer loop
      vertex 2.07777 5.48363 120.511
      vertex 1.52755 5.41119 119.956
      vertex 1.64267 4.83246 119.956
    endloop
  endfacet
  facet normal -0.778881 0.154942 0.607731
    outer loop
      vertex 1.64267 57.1675 119.956
      vertex 1.05386 56.6512 119.333
      vertex 1.52755 56.5888 119.956
    endloop
  endfacet
  facet normal -0.849626 -0.168999 0.499574
    outer loop
      vertex 1.05386 5.34883 119.333
      vertex 0.664801 5.29761 118.654
      vertex 0.802124 4.60723 118.654
    endloop
  endfacet
  facet normal -0.69429 -0.138095 0.706322
    outer loop
      vertex 2.07777 5.48363 120.511
      vertex 1.64267 4.83246 119.956
      vertex 2.17872 4.97609 120.511
    endloop
  endfacet
  facet normal -0.947493 -0.18847 0.258334
    outer loop
      vertex 0.367025 5.2584 117.929
      vertex 0.315804 4.47692 117.171
      vertex 0.512014 4.5295 117.929
    endloop
  endfacet
  facet normal -0.15493 -0.778886 0.607728
    outer loop
      vertex 4.83246 1.64267 119.956
      vertex 4.7088 1.18117 119.333
      vertex 5.34883 1.05386 119.333
    endloop
  endfacet
  facet normal -0.168999 -0.849626 0.499574
    outer loop
      vertex 5.34883 1.05386 119.333
      vertex 4.60723 0.802124 118.654
      vertex 5.29761 0.664801 118.654
    endloop
  endfacet
  facet normal -0.712243 -0.35125 0.607728
    outer loop
      vertex 1.83234 4.2737 119.956
      vertex 1.67956 3.50559 119.333
      vertex 2.09333 3.74448 119.956
    endloop
  endfacet
  facet normal -0.752001 -0.255265 0.607728
    outer loop
      vertex 1.64267 4.83246 119.956
      vertex 1.18117 4.7088 119.333
      vertex 1.83234 4.2737 119.956
    endloop
  endfacet
  facet normal -0.123461 -0.363714 0.923293
    outer loop
      vertex 5.50083 4.13708 121.682
      vertex 5.26194 4.21817 121.682
      vertex 5.31316 3.43669 121.381
    endloop
  endfacet
  facet normal -0.025118 -0.383277 0.923292
    outer loop
      vertex 5.74826 4.08786 121.682
      vertex 5.65362 3.36897 121.381
      vertex 6 3.34627 121.381
    endloop
  endfacet
  facet normal -0.0418721 -0.123332 0.991482
    outer loop
      vertex 5.84983 5.63745 121.987
      vertex 5.55205 4.91856 121.885
      vertex 5.89843 5.62095 121.987
    endloop
  endfacet
  facet normal -0.0979275 0.0858768 0.991481
    outer loop
      vertex 5.72252 56.2775 121.987
      vertex 5.1723 56.8277 121.885
      vertex 5.68867 56.2389 121.987
    endloop
  endfacet
  facet normal -0.114634 -0.232451 0.965829
    outer loop
      vertex 5.41473 4.98628 121.885
      vertex 5.26194 4.21817 121.682
      vertex 5.55205 4.91856 121.885
    endloop
  endfacet
  facet normal -0.0576076 -0.116814 0.991482
    outer loop
      vertex 5.84983 5.63745 121.987
      vertex 5.41473 4.98628 121.885
      vertex 5.55205 4.91856 121.885
    endloop
  endfacet
  facet normal -0.108315 0.0723201 0.991483
    outer loop
      vertex 5.68867 56.2389 121.987
      vertex 4.98628 56.5853 121.885
      vertex 5.66016 56.1962 121.987
    endloop
  endfacet
  facet normal -0.254201 -0.0505626 0.965829
    outer loop
      vertex 4.83947 5.84721 121.885
      vertex 4.08786 5.74826 121.682
      vertex 4.86934 5.69704 121.885
    endloop
  endfacet
  facet normal -0.393275 -0.588593 0.706324
    outer loop
      vertex 3.59169 2.86143 120.511
      vertex 3.25385 2.42115 119.956
      vertex 3.74448 2.09333 119.956
    endloop
  endfacet
  facet normal -0.660313 -0.441195 0.607728
    outer loop
      vertex 2.09333 3.74448 119.956
      vertex 1.67956 3.50559 119.333
      vertex 2.42115 3.25385 119.956
    endloop
  endfacet
  facet normal -0.253256 -0.288777 0.923293
    outer loop
      vertex 4.63625 4.63625 121.682
      vertex 4.12353 4.12353 121.381
      vertex 4.82592 4.46991 121.682
    endloop
  endfacet
  facet normal -0.170893 -0.194862 0.965828
    outer loop
      vertex 5.1723 5.1723 121.885
      vertex 4.63625 4.63625 121.682
      vertex 4.82592 4.46991 121.682
    endloop
  endfacet
  facet normal 0.0833064 -0.24543 0.965828
    outer loop
      vertex 90.7381 4.21817 121.682
      vertex 90.303 4.86934 121.885
      vertex 90.4992 4.13708 121.682
    endloop
  endfacet
  facet normal 0.097639 -0.49079 0.865789
    outer loop
      vertex 90.6868 3.43669 121.381
      vertex 90.3464 3.36897 121.381
      vertex 90.4351 2.6951 120.989
    endloop
  endfacet
  facet normal -0.416073 0.27803 0.865784
    outer loop
      vertex 3.89465 57.6155 121.381
      vertex 3.11317 57.6667 120.989
      vertex 3.7018 57.3269 121.381
    endloop
  endfacet
  facet normal -0.213422 0.319326 0.923299
    outer loop
      vertex 4.67313 58.2982 121.381
      vertex 4.38451 58.1053 121.381
      vertex 5.03568 57.6702 121.682
    endloop
  endfacet
  facet normal -0.458472 0.402032 0.792574
    outer loop
      vertex 3.20263 58.7974 120.511
      vertex 2.86143 58.4083 120.511
      vertex 3.35542 58.0293 120.989
    endloop
  endfacet
  facet normal -0.254205 0.0505534 0.965828
    outer loop
      vertex 4.86934 56.303 121.885
      vertex 4.08786 56.2517 121.682
      vertex 4.83947 56.1528 121.885
    endloop
  endfacet
  facet normal -0.194854 0.1709 0.965829
    outer loop
      vertex 5.1723 56.8277 121.885
      vertex 4.46991 57.1741 121.682
      vertex 5.07135 56.7126 121.885
    endloop
  endfacet
  facet normal -0.0858212 0.0979834 0.991481
    outer loop
      vertex 5.76111 56.3113 121.987
      vertex 5.1723 56.8277 121.885
      vertex 5.72252 56.2775 121.987
    endloop
  endfacet
  facet normal -0.473848 -0.160849 0.865792
    outer loop
      vertex 3.43669 5.31316 121.381
      vertex 2.78016 5.13725 120.989
      vertex 2.92032 4.72435 120.989
    endloop
  endfacet
  facet normal 0.00850656 0.12998 0.99148
    outer loop
      vertex 90.1528 57.1605 121.885
      vertex 90 57.1705 121.885
      vertex 90.0512 56.3891 121.987
    endloop
  endfacet
  facet normal -0.114605 0.232461 0.96583
    outer loop
      vertex 5.55205 57.0814 121.885
      vertex 5.26194 57.7818 121.682
      vertex 5.41473 57.0137 121.885
    endloop
  endfacet
  facet normal 0.123335 0.041873 0.991481
    outer loop
      vertex 91.0814 56.4479 121.885
      vertex 90.3625 56.1502 121.987
      vertex 90.379 56.1016 121.987
    endloop
  endfacet
  facet normal -0.0979208 0.0858827 0.991482
    outer loop
      vertex 5.1723 56.8277 121.885
      vertex 5.07135 56.7126 121.885
      vertex 5.68867 56.2389 121.987
    endloop
  endfacet
  facet normal -0.481269 -0.720284 0.499571
    outer loop
      vertex 2.963 2.0421 119.333
      vertex 2.72411 1.73078 118.654
      vertex 3.50559 1.67956 119.333
    endloop
  endfacet
  facet normal -0.169881 -0.344488 0.923292
    outer loop
      vertex 5.26194 4.21817 121.682
      vertex 4.67313 3.7018 121.381
      vertex 4.98446 3.54827 121.381
    endloop
  endfacet
  facet normal 0.297083 -0.875122 -0.381973
    outer loop
      vertex 91.4705 0.512014 4.07136
      vertex 91.3928 0.802124 3.34627
      vertex 92.1742 0.750903 4.07136
    endloop
  endfacet
  facet normal 0.310548 -0.914787 -0.258311
    outer loop
      vertex 91.5231 0.315804 4.82946
      vertex 91.4705 0.512014 4.07136
      vertex 92.1742 0.750903 4.07136
    endloop
  endfacet
  facet normal 0.506876 -0.338616 -0.792727
    outer loop
      vertex 93.1386 3.59169 1.48896
      vertex 92.6446 3.97074 1.01118
      vertex 92.8868 4.33329 1.01118
    endloop
  endfacet
  facet normal 0.416404 -0.278177 -0.865578
    outer loop
      vertex 92.6446 3.97074 1.01118
      vertex 92.1053 4.38451 0.618763
      vertex 92.8868 4.33329 1.01118
    endloop
  endfacet
  facet normal 0.58856 -0.393349 -0.706309
    outer loop
      vertex 93.5788 3.25385 2.04392
      vertex 93.1386 3.59169 1.48896
      vertex 93.9067 3.74448 2.04392
    endloop
  endfacet
  facet normal 0.523496 -0.596923 -0.607976
    outer loop
      vertex 93.4451 2.4 2.66658
      vertex 93.037 2.0421 2.66658
      vertex 93.1355 2.4 2.4
    endloop
  endfacet
  facet normal 0.523456 -0.597002 -0.607932
    outer loop
      vertex 93.1355 2.4 2.4
      vertex 93.1898 2.81021 2.04392
      vertex 93.383 2.61701 2.4
    endloop
  endfacet
  facet normal 0.524045 -0.596807 -0.607617
    outer loop
      vertex 93.1898 2.81021 2.04392
      vertex 93.1355 2.4 2.4
      vertex 93.037 2.0421 2.66658
    endloop
  endfacet
  facet normal 0.255246 -0.751999 0.607739
    outer loop
      vertex 91.7263 1.83234 119.956
      vertex 91.1675 1.64267 119.956
      vertex 91.2912 1.18117 119.333
    endloop
  endfacet
  facet normal 0.441212 -0.660298 0.607732
    outer loop
      vertex 92.7461 2.42115 119.956
      vertex 92.2555 2.09333 119.956
      vertex 92.4944 1.67956 119.333
    endloop
  endfacet
  facet normal 0.0505535 -0.254205 0.965828
    outer loop
      vertex 90.303 4.86934 121.885
      vertex 90.2517 4.08786 121.682
      vertex 90.4992 4.13708 121.682
    endloop
  endfacet
  facet normal 0.169914 -0.344457 0.923298
    outer loop
      vertex 90.9643 4.32975 121.682
      vertex 90.7381 4.21817 121.682
      vertex 91.3269 3.7018 121.381
    endloop
  endfacet
  facet normal 0.114574 -0.232463 0.965833
    outer loop
      vertex 90.5853 4.98628 121.885
      vertex 90.4479 4.91856 121.885
      vertex 90.7381 4.21817 121.682
    endloop
  endfacet
  facet normal 0.338748 -0.50702 0.792579
    outer loop
      vertex 92.4083 2.86143 120.511
      vertex 91.6667 3.11317 120.989
      vertex 91.978 2.57394 120.511
    endloop
  endfacet
  facet normal 0.169857 -0.344515 0.923286
    outer loop
      vertex 91.3269 3.7018 121.381
      vertex 90.7381 4.21817 121.682
      vertex 91.0155 3.54827 121.381
    endloop
  endfacet
  facet normal -0.0858934 0.0979015 0.991483
    outer loop
      vertex 5.28742 56.9287 121.885
      vertex 5.1723 56.8277 121.885
      vertex 5.76111 56.3113 121.987
    endloop
  endfacet
  facet normal 0.0723003 0.108324 0.991483
    outer loop
      vertex 90.5853 57.0137 121.885
      vertex 90.1962 56.3398 121.987
      vertex 90.2389 56.3113 121.987
    endloop
  endfacet
  facet normal 0.402032 -0.458472 0.792574
    outer loop
      vertex 92.7974 3.20263 120.511
      vertex 92.0293 3.35542 120.989
      vertex 92.4083 2.86143 120.511
    endloop
  endfacet
  facet normal 0.532222 -0.466751 0.706317
    outer loop
      vertex 93.1386 3.59169 120.511
      vertex 92.7974 3.20263 120.511
      vertex 93.1898 2.81021 119.956
    endloop
  endfacet
  facet normal 0.154936 -0.77888 0.607734
    outer loop
      vertex 91.1675 1.64267 119.956
      vertex 90.6512 1.05386 119.333
      vertex 91.2912 1.18117 119.333
    endloop
  endfacet
  facet normal 0.138113 -0.694286 0.706323
    outer loop
      vertex 91.1675 1.64267 119.956
      vertex 90.5164 2.07777 120.511
      vertex 90.5888 1.52755 119.956
    endloop
  endfacet
  facet normal 0.196046 -0.577396 0.792578
    outer loop
      vertex 91.2756 2.92032 120.989
      vertex 90.8628 2.78016 120.989
      vertex 91.0239 2.17872 120.511
    endloop
  endfacet
  facet normal 0.0463028 -0.706374 0.706323
    outer loop
      vertex 90 2.04392 120.511
      vertex 90 1.48896 119.956
      vertex 90.5164 2.07777 120.511
    endloop
  endfacet
  facet normal 0.523413 -0.596953 0.608019
    outer loop
      vertex 93.1898 2.81021 119.956
      vertex 93.1355 2.4 119.6
      vertex 93.383 2.61701 119.6
    endloop
  endfacet
  facet normal 0.520081 -0.598053 0.609794
    outer loop
      vertex 93.1355 2.4 119.6
      vertex 93.1898 2.81021 119.956
      vertex 93.037 2.0421 119.333
    endloop
  endfacet
  facet normal 0.5238 -0.59727 0.607373
    outer loop
      vertex 93.4451 2.4 119.333
      vertex 93.1355 2.4 119.6
      vertex 93.037 2.0421 119.333
    endloop
  endfacet
  facet normal 0.523561 -0.597091 0.607755
    outer loop
      vertex 93.1898 2.81021 119.956
      vertex 92.7461 2.42115 119.956
      vertex 93.037 2.0421 119.333
    endloop
  endfacet
  facet normal 0.253239 -0.288802 0.923289
    outer loop
      vertex 91.3638 4.63625 121.682
      vertex 91.1741 4.46991 121.682
      vertex 91.8765 4.12353 121.381
    endloop
  endfacet
  facet normal 0.253247 -0.288787 0.923292
    outer loop
      vertex 91.8765 4.12353 121.381
      vertex 91.1741 4.46991 121.682
      vertex 91.6155 3.89465 121.381
    endloop
  endfacet
  facet normal 0.597994 -0.118998 0.792618
    outer loop
      vertex 93.3049 5.5649 120.989
      vertex 93.2198 5.13725 120.989
      vertex 93.8213 4.97609 120.511
    endloop
  endfacet
  facet normal 0.376717 -0.0749097 0.923294
    outer loop
      vertex 92.631 5.65362 121.381
      vertex 91.9121 5.74826 121.682
      vertex 92.5633 5.31316 121.381
    endloop
  endfacet
  facet normal 0.170872 -0.194868 0.965831
    outer loop
      vertex 91.3638 4.63625 121.682
      vertex 90.8277 5.1723 121.885
      vertex 91.1741 4.46991 121.682
    endloop
  endfacet
  facet normal 0.383272 -0.0251177 0.923294
    outer loop
      vertex 92.6537 6 121.381
      vertex 91.9121 5.74826 121.682
      vertex 92.631 5.65362 121.381
    endloop
  endfacet
  facet normal 0.448831 -0.221294 0.865782
    outer loop
      vertex 92.4517 4.98446 121.381
      vertex 92.2982 4.67313 121.381
      vertex 92.8868 4.33329 120.989
    endloop
  endfacet
  facet normal 0.344454 -0.169898 0.923302
    outer loop
      vertex 91.7818 5.26194 121.682
      vertex 91.6702 5.03568 121.682
      vertex 92.2982 4.67313 121.381
    endloop
  endfacet
  facet normal 0.383273 -0.0251212 0.923293
    outer loop
      vertex 91.9286 6 121.682
      vertex 91.9121 5.74826 121.682
      vertex 92.6537 6 121.381
    endloop
  endfacet
  facet normal 0.258625 -0.0169512 0.965829
    outer loop
      vertex 91.9286 6 121.682
      vertex 91.1705 6 121.885
      vertex 91.9121 5.74826 121.682
    endloop
  endfacet
  facet normal 0.269737 0.546884 0.792565
    outer loop
      vertex 91.5139 59.6549 120.511
      vertex 91.2756 59.0797 120.989
      vertex 91.6667 58.8868 120.989
    endloop
  endfacet
  facet normal 0.123472 0.363717 0.92329
    outer loop
      vertex 90.6868 58.5633 121.381
      vertex 90.4992 57.8629 121.682
      vertex 90.7381 57.7818 121.682
    endloop
  endfacet
  facet normal 0.143932 0.21556 0.965825
    outer loop
      vertex 91.1741 57.5301 121.682
      vertex 90.5853 57.0137 121.885
      vertex 90.7126 56.9287 121.885
    endloop
  endfacet
  facet normal 0.072322 0.108313 0.991483
    outer loop
      vertex 90.5853 57.0137 121.885
      vertex 90.2389 56.3113 121.987
      vertex 90.7126 56.9287 121.885
    endloop
  endfacet
  facet normal -0.127745 0.0254045 0.991482
    outer loop
      vertex 4.86934 56.303 121.885
      vertex 4.83947 56.1528 121.885
      vertex 5.62095 56.1016 121.987
    endloop
  endfacet
  facet normal -0.0723466 -0.108304 0.991482
    outer loop
      vertex 5.76111 5.68867 121.987
      vertex 5.41473 4.98628 121.885
      vertex 5.80379 5.66016 121.987
    endloop
  endfacet
  facet normal 0.634882 -0.312982 0.706376
    outer loop
      vertex 93.6549 4.48608 120.511
      vertex 93.4261 4.02196 120.511
      vertex 94.1677 4.2737 119.956
    endloop
  endfacet
  facet normal 0.670244 -0.227605 0.706378
    outer loop
      vertex 93.8213 4.97609 120.511
      vertex 93.6549 4.48608 120.511
      vertex 94.1677 4.2737 119.956
    endloop
  endfacet
  facet normal 0.694298 -0.138085 0.706316
    outer loop
      vertex 94.4724 5.41119 119.956
      vertex 93.9222 5.48363 120.511
      vertex 94.3573 4.83246 119.956
    endloop
  endfacet
  facet normal 0.694336 -0.138035 0.706289
    outer loop
      vertex 93.9222 5.48363 120.511
      vertex 93.8213 4.97609 120.511
      vertex 94.3573 4.83246 119.956
    endloop
  endfacet
  facet normal 0.947487 0.188494 0.258336
    outer loop
      vertex 95.6842 57.5231 117.171
      vertex 95.633 56.7416 117.929
      vertex 95.8344 56.7681 117.171
    endloop
  endfacet
  facet normal 0.963987 0.0631739 0.258339
    outer loop
      vertex 95.8344 56.7681 117.171
      vertex 95.633 56.7416 117.929
      vertex 95.6816 56 117.929
    endloop
  endfacet
  facet normal 0.694828 -0.609335 -0.382002
    outer loop
      vertex 94.0175 1.98252 4.07136
      vertex 93.8051 2.19489 3.34627
      vertex 94.5075 2.54127 4.07136
    endloop
  endfacet
  facet normal 0.726338 -0.636968 -0.258272
    outer loop
      vertex 94.1611 1.83888 4.82946
      vertex 94.0175 1.98252 4.07136
      vertex 94.5075 2.54127 4.07136
    endloop
  endfacet
  facet normal 0.160869 0.473813 0.865807
    outer loop
      vertex 91.2756 59.0797 120.989
      vertex 90.6868 58.5633 121.381
      vertex 91.0155 58.4517 121.381
    endloop
  endfacet
  facet normal 0.269613 0.546886 0.792606
    outer loop
      vertex 91.978 59.4261 120.511
      vertex 91.5139 59.6549 120.511
      vertex 91.6667 58.8868 120.989
    endloop
  endfacet
  facet normal -0.393363 0.588582 0.706284
    outer loop
      vertex 3.74448 59.9067 119.956
      vertex 3.25385 59.5788 119.956
      vertex 3.59169 59.1386 120.511
    endloop
  endfacet
  facet normal -0.466726 0.532283 0.706287
    outer loop
      vertex 3.25385 59.5788 119.956
      vertex 2.81021 59.1898 119.956
      vertex 3.59169 59.1386 120.511
    endloop
  endfacet
  facet normal -0.227474 0.670376 0.706295
    outer loop
      vertex 4.83246 60.3573 119.956
      vertex 4.2737 60.1677 119.956
      vertex 4.97609 59.8213 120.511
    endloop
  endfacet
  facet normal -0.25518 0.752028 0.607731
    outer loop
      vertex 4.7088 60.8188 119.333
      vertex 4.2737 60.1677 119.956
      vertex 4.83246 60.3573 119.956
    endloop
  endfacet
  facet normal -0.441291 0.660295 0.607679
    outer loop
      vertex 3.50559 60.3204 119.333
      vertex 3.25385 59.5788 119.956
      vertex 3.74448 59.9067 119.956
    endloop
  endfacet
  facet normal -0.441151 0.660314 0.607759
    outer loop
      vertex 3.50559 60.3204 119.333
      vertex 2.963 59.9579 119.333
      vertex 3.25385 59.5788 119.956
    endloop
  endfacet
  facet normal -0.032707 0.499326 0.865796
    outer loop
      vertex 6 59.3334 120.989
      vertex 5.5649 59.3049 120.989
      vertex 6 58.6537 121.381
    endloop
  endfacet
  facet normal -0.0398533 0.608426 0.792609
    outer loop
      vertex 6 59.9561 120.511
      vertex 5.5649 59.3049 120.989
      vertex 6 59.3334 120.989
    endloop
  endfacet
  facet normal -0.269763 0.546882 0.792558
    outer loop
      vertex 4.48608 59.6549 120.511
      vertex 4.33329 58.8868 120.989
      vertex 4.72435 59.0797 120.989
    endloop
  endfacet
  facet normal -0.196079 0.577407 0.792562
    outer loop
      vertex 4.97609 59.8213 120.511
      vertex 4.48608 59.6549 120.511
      vertex 4.72435 59.0797 120.989
    endloop
  endfacet
  facet normal 0.116836 0.0575676 0.991481
    outer loop
      vertex 91.0137 56.5853 121.885
      vertex 90.3625 56.1502 121.987
      vertex 91.0814 56.4479 121.885
    endloop
  endfacet
  facet normal 0.116792 0.0576341 0.991483
    outer loop
      vertex 91.0137 56.5853 121.885
      vertex 90.3398 56.1962 121.987
      vertex 90.3625 56.1502 121.987
    endloop
  endfacet
  facet normal 0.288843 0.253208 0.923285
    outer loop
      vertex 91.8765 57.8765 121.381
      vertex 91.5301 57.1741 121.682
      vertex 92.1053 57.6155 121.381
    endloop
  endfacet
  facet normal 0.319449 0.213321 0.92328
    outer loop
      vertex 92.1053 57.6155 121.381
      vertex 91.5301 57.1741 121.682
      vertex 91.6702 56.9643 121.682
    endloop
  endfacet
  facet normal 0.194882 0.17084 0.965834
    outer loop
      vertex 91.5301 57.1741 121.682
      vertex 90.8277 56.8277 121.885
      vertex 90.9286 56.7126 121.885
    endloop
  endfacet
  facet normal 0.0979422 0.085859 0.991481
    outer loop
      vertex 90.8277 56.8277 121.885
      vertex 90.3113 56.2389 121.987
      vertex 90.9286 56.7126 121.885
    endloop
  endfacet
  facet normal -0.0576174 -0.116808 0.991482
    outer loop
      vertex 5.80379 5.66016 121.987
      vertex 5.41473 4.98628 121.885
      vertex 5.84983 5.63745 121.987
    endloop
  endfacet
  facet normal -0.972447 0.193434 0.130114
    outer loop
      vertex 0.216853 57.5496 116.392
      vertex 0.0640669 56.7815 116.392
      vertex 0.165632 56.7681 117.171
    endloop
  endfacet
  facet normal -0.170863 0.194875 0.965831
    outer loop
      vertex 4.82592 57.5301 121.682
      vertex 4.63625 57.3638 121.682
      vertex 5.1723 56.8277 121.885
    endloop
  endfacet
  facet normal -0.329858 0.376252 0.865811
    outer loop
      vertex 4.38451 58.1053 121.381
      vertex 3.97074 58.6446 120.989
      vertex 4.12353 57.8765 121.381
    endloop
  endfacet
  facet normal -0.670311 0.22755 0.706331
    outer loop
      vertex 2.34506 57.5139 120.511
      vertex 1.83234 57.7263 119.956
      vertex 2.17872 57.0239 120.511
    endloop
  endfacet
  facet normal -0.577391 0.196007 0.792591
    outer loop
      vertex 2.34506 57.5139 120.511
      vertex 2.17872 57.0239 120.511
      vertex 2.92032 57.2756 120.989
    endloop
  endfacet
  facet normal -0.634873 0.3131 0.706332
    outer loop
      vertex 2.57394 57.978 120.511
      vertex 1.83234 57.7263 119.956
      vertex 2.34506 57.5139 120.511
    endloop
  endfacet
  facet normal -0.50702 0.338748 0.792579
    outer loop
      vertex 2.86143 58.4083 120.511
      vertex 2.57394 57.978 120.511
      vertex 3.11317 57.6667 120.989
    endloop
  endfacet
  facet normal -0.875106 0.297077 0.382014
    outer loop
      vertex 0.750903 58.1742 117.929
      vertex 0.512014 57.4705 117.929
      vertex 0.802124 57.3928 118.654
    endloop
  endfacet
  facet normal -0.906397 0.180296 0.382019
    outer loop
      vertex 0.512014 57.4705 117.929
      vertex 0.367025 56.7416 117.929
      vertex 0.802124 57.3928 118.654
    endloop
  endfacet
  facet normal -0.751999 0.255246 0.607739
    outer loop
      vertex 1.83234 57.7263 119.956
      vertex 1.18117 57.2912 119.333
      vertex 1.64267 57.1675 119.956
    endloop
  endfacet
  facet normal -0.84962 0.169008 0.499582
    outer loop
      vertex 1.18117 57.2912 119.333
      vertex 0.802124 57.3928 118.654
      vertex 1.05386 56.6512 119.333
    endloop
  endfacet
  facet normal -0.712261 0.351239 0.607714
    outer loop
      vertex 1.67956 58.4944 119.333
      vertex 1.39093 57.9091 119.333
      vertex 1.83234 57.7263 119.956
    endloop
  endfacet
  facet normal -0.776935 0.383131 0.499582
    outer loop
      vertex 1.67956 58.4944 119.333
      vertex 1.02839 58.0593 118.654
      vertex 1.39093 57.9091 119.333
    endloop
  endfacet
  facet normal 0.608288 -0.0399345 -0.792711
    outer loop
      vertex 93.9222 5.48363 1.48896
      vertex 93.3049 5.5649 1.01118
      vertex 93.9561 6 1.48896
    endloop
  endfacet
  facet normal 0.597897 -0.118863 -0.792711
    outer loop
      vertex 93.8213 4.97609 1.48896
      vertex 93.3049 5.5649 1.01118
      vertex 93.9222 5.48363 1.48896
    endloop
  endfacet
  facet normal 0.343814 -0.169582 -0.923598
    outer loop
      vertex 92.2982 4.67313 0.618763
      vertex 91.6702 5.03568 0.318419
      vertex 91.7818 5.26194 0.318419
    endloop
  endfacet
  facet normal 0.258788 -0.0169375 -0.965786
    outer loop
      vertex 91.9121 5.74826 0.318419
      vertex 91.1605 5.84721 0.115288
      vertex 91.1705 6 0.115288
    endloop
  endfacet
  facet normal 0.449189 -0.221471 -0.865552
    outer loop
      vertex 92.8868 4.33329 1.01118
      vertex 92.2982 4.67313 0.618763
      vertex 92.4517 4.98446 0.618763
    endloop
  endfacet
  facet normal 0.416383 -0.278291 -0.865552
    outer loop
      vertex 92.8868 4.33329 1.01118
      vertex 92.1053 4.38451 0.618763
      vertex 92.2982 4.67313 0.618763
    endloop
  endfacet
  facet normal 0.23259 -0.114722 -0.965785
    outer loop
      vertex 91.6702 5.03568 0.318419
      vertex 91.0137 5.41473 0.115288
      vertex 91.7818 5.26194 0.318419
    endloop
  endfacet
  facet normal 0.318833 -0.212951 -0.923579
    outer loop
      vertex 92.1053 4.38451 0.618763
      vertex 91.5301 4.82592 0.318419
      vertex 91.6702 5.03568 0.318419
    endloop
  endfacet
  facet normal 0.0862485 -0.0983379 -0.991409
    outer loop
      vertex 90.7126 5.07135 0.115288
      vertex 90.2389 5.68867 0.012846
      vertex 90.8277 5.1723 0.115288
    endloop
  endfacet
  facet normal 0.215588 -0.144109 -0.965792
    outer loop
      vertex 91.5301 4.82592 0.318419
      vertex 90.9286 5.28742 0.115288
      vertex 91.0137 5.41473 0.115288
    endloop
  endfacet
  facet normal 0.0748046 -0.376011 -0.923591
    outer loop
      vertex 90.3464 3.36897 0.618763
      vertex 90.2517 4.08786 0.318419
      vertex 90.6868 3.43669 0.618763
    endloop
  endfacet
  facet normal 0.0861763 0.0984143 -0.991407
    outer loop
      vertex 90.2775 56.2775 0.012846
      vertex 90.2389 56.3113 0.012846
      vertex 90.8277 56.8277 0.115288
    endloop
  endfacet
  facet normal -0.144084 -0.215627 -0.965787
    outer loop
      vertex 5.41473 4.98628 0.115288
      vertex 4.82592 4.46991 0.318419
      vertex 5.28742 5.07135 0.115288
    endloop
  endfacet
  facet normal -0.0833648 -0.245572 -0.965787
    outer loop
      vertex 5.69704 4.86934 0.115288
      vertex 5.26194 4.21817 0.318419
      vertex 5.55205 4.91856 0.115288
    endloop
  endfacet
  facet normal -0.221499 -0.449155 -0.865562
    outer loop
      vertex 4.72435 2.92032 1.01118
      vertex 4.33329 3.11317 1.01118
      vertex 4.98446 3.54827 0.618763
    endloop
  endfacet
  facet normal -0.0862403 -0.0983456 -0.991408
    outer loop
      vertex 5.28742 5.07135 0.115288
      vertex 5.1723 5.1723 0.115288
      vertex 5.76111 5.68867 0.012846
    endloop
  endfacet
  facet normal -0.194985 -0.170985 -0.965787
    outer loop
      vertex 5.1723 5.1723 0.115288
      vertex 4.46991 4.82592 0.318419
      vertex 5.07135 5.28742 0.115288
    endloop
  endfacet
  facet normal 0.0578276 -0.117329 -0.991408
    outer loop
      vertex 90.4479 4.91856 0.115288
      vertex 90.1502 5.63745 0.012846
      vertex 90.5853 4.98628 0.115288
    endloop
  endfacet
  facet normal 0.0834073 -0.245545 -0.96579
    outer loop
      vertex 90.7381 4.21817 0.318419
      vertex 90.303 4.86934 0.115288
      vertex 90.4479 4.91856 0.115288
    endloop
  endfacet
  facet normal 0.114643 -0.232603 -0.965791
    outer loop
      vertex 90.7381 4.21817 0.318419
      vertex 90.4479 4.91856 0.115288
      vertex 90.5853 4.98628 0.115288
    endloop
  endfacet
  facet normal 0.114729 -0.232584 -0.965786
    outer loop
      vertex 90.7381 4.21817 0.318419
      vertex 90.5853 4.98628 0.115288
      vertex 90.9643 4.32975 0.318419
    endloop
  endfacet
  facet normal 0.19595 -0.577224 -0.792727
    outer loop
      vertex 91.5139 2.34506 1.48896
      vertex 91.0239 2.17872 1.48896
      vertex 91.2756 2.92032 1.01118
    endloop
  endfacet
  facet normal 0.227542 -0.670287 -0.706357
    outer loop
      vertex 91.7263 1.83234 2.04392
      vertex 91.0239 2.17872 1.48896
      vertex 91.5139 2.34506 1.48896
    endloop
  endfacet
  facet normal 0.0566686 -0.864635 -0.499194
    outer loop
      vertex 90.6512 1.05386 2.66658
      vertex 90 0.618763 3.34627
      vertex 90 1.01118 2.66658
    endloop
  endfacet
  facet normal 0.0519268 -0.792285 -0.607937
    outer loop
      vertex 90.6512 1.05386 2.66658
      vertex 90 1.01118 2.66658
      vertex 90 1.48896 2.04392
    endloop
  endfacet
  facet normal -0.0250713 -0.382564 -0.923589
    outer loop
      vertex 6 3.34627 0.618763
      vertex 5.65362 3.36897 0.618763
      vertex 5.74826 4.08786 0.318419
    endloop
  endfacet
  facet normal -0.0398713 -0.608274 -0.792725
    outer loop
      vertex 6 2.04392 1.48896
      vertex 5.5649 2.6951 1.01118
      vertex 6 2.66658 1.01118
    endloop
  endfacet
  facet normal 0.0250788 -0.382565 -0.923588
    outer loop
      vertex 90.2517 4.08786 0.318419
      vertex 90 3.34627 0.618763
      vertex 90 4.07136 0.318419
    endloop
  endfacet
  facet normal 0.0169641 -0.25878 -0.965787
    outer loop
      vertex 90.2517 4.08786 0.318419
      vertex 90 4.07136 0.318419
      vertex 90 4.82946 0.115288
    endloop
  endfacet
  facet normal -0.0327563 -0.49973 -0.865562
    outer loop
      vertex 6 2.66658 1.01118
      vertex 5.5649 2.6951 1.01118
      vertex 6 3.34627 0.618763
    endloop
  endfacet
  facet normal -0.169566 -0.343847 -0.923589
    outer loop
      vertex 4.98446 3.54827 0.618763
      vertex 4.67313 3.7018 0.618763
      vertex 5.26194 4.21817 0.318419
    endloop
  endfacet
  facet normal -0.114703 -0.232591 -0.965787
    outer loop
      vertex 5.55205 4.91856 0.115288
      vertex 5.26194 4.21817 0.318419
      vertex 5.41473 4.98628 0.115288
    endloop
  endfacet
  facet normal 0.441123 -0.660165 -0.607941
    outer loop
      vertex 92.4944 1.67956 2.66658
      vertex 92.2555 2.09333 2.04392
      vertex 92.7461 2.42115 2.04392
    endloop
  endfacet
  facet normal 0.466707 -0.532226 -0.706343
    outer loop
      vertex 93.1898 2.81021 2.04392
      vertex 92.4083 2.86143 1.48896
      vertex 92.7974 3.20263 1.48896
    endloop
  endfacet
  facet normal 0.768417 -0.513447 -0.381979
    outer loop
      vertex 94.9204 3.15921 4.07136
      vertex 94.5075 2.54127 4.07136
      vertex 94.6603 3.30938 3.34627
    endloop
  endfacet
  facet normal 0.768389 -0.513467 -0.382007
    outer loop
      vertex 94.5075 2.54127 4.07136
      vertex 94.2692 2.72411 3.34627
      vertex 94.6603 3.30938 3.34627
    endloop
  endfacet
  facet normal 0.828855 -0.408744 -0.382005
    outer loop
      vertex 95.2491 3.82575 4.07136
      vertex 94.9204 3.15921 4.07136
      vertex 94.9716 3.94069 3.34627
    endloop
  endfacet
  facet normal 0.875098 -0.297109 -0.382007
    outer loop
      vertex 95.2491 3.82575 4.07136
      vertex 94.9716 3.94069 3.34627
      vertex 95.1979 4.60723 3.34627
    endloop
  endfacet
  facet normal 0.118951 0.597832 -0.792747
    outer loop
      vertex 90.8628 59.2198 1.01118
      vertex 90.4351 59.3049 1.01118
      vertex 91.0239 59.8213 1.48896
    endloop
  endfacet
  facet normal 0.16095 0.474233 -0.865562
    outer loop
      vertex 91.2756 59.0797 1.01118
      vertex 90.6868 58.5633 0.618763
      vertex 90.8628 59.2198 1.01118
    endloop
  endfacet
  facet normal 0 0.707145 -0.707069
    outer loop
      vertex 6 59.9561 1.48896
      vertex 90 60.511 2.04392
      vertex 90 59.9561 1.48896
    endloop
  endfacet
  facet normal 0 0.707145 -0.707069
    outer loop
      vertex 90 60.511 2.04392
      vertex 6 59.9561 1.48896
      vertex 6 60.511 2.04392
    endloop
  endfacet
  facet normal 0.0603935 0.922182 -0.382012
    outer loop
      vertex 90.7024 61.3352 3.34627
      vertex 90 61.3812 3.34627
      vertex 90.7416 61.633 4.07136
    endloop
  endfacet
  facet normal 0.0604331 0.922165 -0.382047
    outer loop
      vertex 90.7416 61.633 4.07136
      vertex 90 61.3812 3.34627
      vertex 90 61.6816 4.07136
    endloop
  endfacet
  facet normal 0.598005 0.118986 0.792612
    outer loop
      vertex 93.8213 57.0239 120.511
      vertex 93.2198 56.8628 120.989
      vertex 93.3049 56.4351 120.989
    endloop
  endfacet
  facet normal 0.473813 0.160869 0.865807
    outer loop
      vertex 93.0797 57.2756 120.989
      vertex 92.4517 57.0155 121.381
      vertex 92.5633 56.6868 121.381
    endloop
  endfacet
  facet normal 0.458468 0.402029 0.792578
    outer loop
      vertex 92.7974 58.7974 120.511
      vertex 92.6446 58.0293 120.989
      vertex 93.1386 58.4083 120.511
    endloop
  endfacet
  facet normal 0.458411 0.402053 0.792599
    outer loop
      vertex 92.7974 58.7974 120.511
      vertex 92.3571 58.3571 120.989
      vertex 92.6446 58.0293 120.989
    endloop
  endfacet
  facet normal -0.0327489 0.499716 -0.86557
    outer loop
      vertex 5.65362 58.631 0.618763
      vertex 5.5649 59.3049 1.01118
      vertex 6 58.6537 0.618763
    endloop
  endfacet
  facet normal -0.0976685 0.49117 -0.865571
    outer loop
      vertex 5.65362 58.631 0.618763
      vertex 5.31316 58.5633 0.618763
      vertex 5.5649 59.3049 1.01118
    endloop
  endfacet
  facet normal -0.196022 0.57724 -0.792697
    outer loop
      vertex 4.72435 59.0797 1.01118
      vertex 4.48608 59.6549 1.48896
      vertex 4.97609 59.8213 1.48896
    endloop
  endfacet
  facet normal -0.221536 0.449112 -0.865575
    outer loop
      vertex 4.98446 58.4517 0.618763
      vertex 4.33329 58.8868 1.01118
      vertex 4.72435 59.0797 1.01118
    endloop
  endfacet
  facet normal 0.778723 0.154883 -0.607949
    outer loop
      vertex 94.4724 56.5888 2.04392
      vertex 94.3573 57.1675 2.04392
      vertex 94.9461 56.6512 2.66658
    endloop
  endfacet
  facet normal 0.694277 0.138088 -0.706337
    outer loop
      vertex 94.4724 56.5888 2.04392
      vertex 93.9222 56.5164 1.48896
      vertex 94.3573 57.1675 2.04392
    endloop
  endfacet
  facet normal 0.232612 0.114613 -0.965793
    outer loop
      vertex 91.0814 56.4479 0.115288
      vertex 91.0137 56.5853 0.115288
      vertex 91.7818 56.7381 0.318419
    endloop
  endfacet
  facet normal 0.232583 0.114749 -0.965784
    outer loop
      vertex 91.7818 56.7381 0.318419
      vertex 91.0137 56.5853 0.115288
      vertex 91.6702 56.9643 0.318419
    endloop
  endfacet
  facet normal 0.577233 0.196024 -0.792702
    outer loop
      vertex 93.8213 57.0239 1.48896
      vertex 93.0797 57.2756 1.01118
      vertex 93.6549 57.5139 1.48896
    endloop
  endfacet
  facet normal 0.474191 0.160997 -0.865577
    outer loop
      vertex 92.5633 56.6868 0.618763
      vertex 92.4517 57.0155 0.618763
      vertex 93.0797 57.2756 1.01118
    endloop
  endfacet
  facet normal 0.288303 0.25274 -0.923582
    outer loop
      vertex 91.5301 57.1741 0.318419
      vertex 91.3638 57.3638 0.318419
      vertex 91.8765 57.8765 0.618763
    endloop
  endfacet
  facet normal 0.0169641 0.25878 -0.965787
    outer loop
      vertex 90.2517 57.9121 0.318419
      vertex 90 57.1705 0.115288
      vertex 90 57.9286 0.318419
    endloop
  endfacet
  facet normal 0.0833718 0.245592 -0.965781
    outer loop
      vertex 90.7381 57.7818 0.318419
      vertex 90.303 57.1307 0.115288
      vertex 90.4992 57.8629 0.318419
    endloop
  endfacet
  facet normal 0.144027 0.215681 -0.965784
    outer loop
      vertex 91.1741 57.5301 0.318419
      vertex 90.5853 57.0137 0.115288
      vertex 90.9643 57.6702 0.318419
    endloop
  endfacet
  facet normal 0.171059 0.19494 -0.965783
    outer loop
      vertex 90.8277 56.8277 0.115288
      vertex 90.7126 56.9287 0.115288
      vertex 91.1741 57.5301 0.318419
    endloop
  endfacet
  facet normal 0.330099 0.376555 -0.865587
    outer loop
      vertex 91.8765 57.8765 0.618763
      vertex 91.6155 58.1053 0.618763
      vertex 92.0293 58.6446 1.01118
    endloop
  endfacet
  facet normal -0.04205 0.123856 -0.991409
    outer loop
      vertex 5.84983 56.3625 0.012846
      vertex 5.55205 57.0814 0.115288
      vertex 5.89843 56.379 0.012846
    endloop
  endfacet
  facet normal -0.12386 -0.0420468 -0.991409
    outer loop
      vertex 4.91856 5.55205 0.115288
      vertex 4.86934 5.69704 0.115288
      vertex 5.62095 5.89843 0.012846
    endloop
  endfacet
  facet normal 0.401912 0.458336 -0.792714
    outer loop
      vertex 92.7974 58.7974 1.48896
      vertex 92.0293 58.6446 1.01118
      vertex 92.4083 59.1386 1.48896
    endloop
  endfacet
  facet normal 0.170945 0.194998 -0.965792
    outer loop
      vertex 91.3638 57.3638 0.318419
      vertex 90.8277 56.8277 0.115288
      vertex 91.1741 57.5301 0.318419
    endloop
  endfacet
  facet normal 0.458278 0.401937 -0.792734
    outer loop
      vertex 92.6446 58.0293 1.01118
      vertex 92.3571 58.3571 1.01118
      vertex 92.7974 58.7974 1.48896
    endloop
  endfacet
  facet normal 0.25274 0.288303 -0.923582
    outer loop
      vertex 91.3638 57.3638 0.318419
      vertex 91.1741 57.5301 0.318419
      vertex 91.8765 57.8765 0.618763
    endloop
  endfacet
  facet normal 0.875122 0.297096 -0.381963
    outer loop
      vertex 95.488 57.4705 4.07136
      vertex 95.1979 57.3928 3.34627
      vertex 95.2491 58.1742 4.07136
    endloop
  endfacet
  facet normal 0.875098 0.297126 -0.381993
    outer loop
      vertex 95.1979 57.3928 3.34627
      vertex 94.9716 58.0593 3.34627
      vertex 95.2491 58.1742 4.07136
    endloop
  endfacet
  facet normal 0.803218 0.536735 -0.258373
    outer loop
      vertex 94.9204 58.8408 4.07136
      vertex 94.5075 59.4587 4.07136
      vertex 94.6687 59.5824 4.82946
    endloop
  endfacet
  facet normal 0.768395 0.513466 -0.381997
    outer loop
      vertex 94.6603 58.6906 3.34627
      vertex 94.5075 59.4587 4.07136
      vertex 94.9204 58.8408 4.07136
    endloop
  endfacet
  facet normal 0.550815 0.82442 -0.130132
    outer loop
      vertex 93.5824 60.6687 4.82946
      vertex 92.9424 61.0963 4.82946
      vertex 93.6447 60.7499 5.60758
    endloop
  endfacet
  facet normal 0.653631 0.745542 -0.130133
    outer loop
      vertex 94.2336 60.2336 5.60758
      vertex 93.5824 60.6687 4.82946
      vertex 93.6447 60.7499 5.60758
    endloop
  endfacet
  facet normal 0.532233 0.466713 -0.706333
    outer loop
      vertex 93.1386 58.4083 1.48896
      vertex 92.7974 58.7974 1.48896
      vertex 93.1898 59.1898 2.04392
    endloop
  endfacet
  facet normal 0.532307 0.466683 -0.706298
    outer loop
      vertex 93.5788 58.7461 2.04392
      vertex 93.1386 58.4083 1.48896
      vertex 93.1898 59.1898 2.04392
    endloop
  endfacet
  facet normal -0.82051 -0.278522 -0.499188
    outer loop
      vertex 1.39093 4.09086 2.66658
      vertex 1.02839 3.94069 3.34627
      vertex 1.18117 4.7088 2.66658
    endloop
  endfacet
  facet normal -0.506855 -0.338661 -0.792721
    outer loop
      vertex 2.86143 3.59169 1.48896
      vertex 2.57394 4.02196 1.48896
      vertex 3.11317 4.33329 1.01118
    endloop
  endfacet
  facet normal -0.849842 -0.169041 -0.499194
    outer loop
      vertex 0.802124 4.60723 3.34627
      vertex 0.664801 5.29761 3.34627
      vertex 1.05386 5.34883 2.66658
    endloop
  endfacet
  facet normal -0.84984 -0.169044 -0.499196
    outer loop
      vertex 1.18117 4.7088 2.66658
      vertex 0.802124 4.60723 3.34627
      vertex 1.05386 5.34883 2.66658
    endloop
  endfacet
  facet normal -0.824403 -0.550847 0.130105
    outer loop
      vertex 0.903689 3.05764 117.171
      vertex 0.814973 3.00642 116.392
      vertex 1.25007 2.35525 116.392
    endloop
  endfacet
  facet normal -0.866432 -0.427285 -0.258308
    outer loop
      vertex 0.903689 3.05764 4.82946
      vertex 0.750903 3.82575 4.07136
      vertex 1.07961 3.15921 4.07136
    endloop
  endfacet
  facet normal -0.63486 -0.31308 -0.706352
    outer loop
      vertex 2.57394 4.02196 1.48896
      vertex 1.83234 4.2737 2.04392
      vertex 2.34506 4.48608 1.48896
    endloop
  endfacet
  facet normal -0.712101 -0.351178 -0.607936
    outer loop
      vertex 1.67956 3.50559 2.66658
      vertex 1.39093 4.09086 2.66658
      vertex 1.83234 4.2737 2.04392
    endloop
  endfacet
  facet normal -0.19509 -0.980785 0
    outer loop
      vertex 4.45041 0.216853 5.60758
      vertex 5.21852 0.0640669 116.392
      vertex 4.45041 0.216853 116.392
    endloop
  endfacet
  facet normal -0.19509 -0.980785 -0
    outer loop
      vertex 5.21852 0.0640669 116.392
      vertex 4.45041 0.216853 5.60758
      vertex 5.21852 0.0640669 5.60758
    endloop
  endfacet
  facet normal -0.193427 -0.97243 -0.130251
    outer loop
      vertex 5.23189 0.165632 4.82946
      vertex 4.45041 0.216853 5.60758
      vertex 4.47692 0.315804 4.82946
    endloop
  endfacet
  facet normal -0.438523 -0.889232 -0.13025
    outer loop
      vertex 3.70881 0.468591 5.60758
      vertex 3.00642 0.814973 5.60758
      vertex 3.05764 0.903689 4.82946
    endloop
  endfacet
  facet normal -0.550837 -0.824387 -0.13025
    outer loop
      vertex 3.00642 0.814973 5.60758
      vertex 2.35525 1.25007 5.60758
      vertex 3.05764 0.903689 4.82946
    endloop
  endfacet
  facet normal -0.258783 -0.0169541 -0.965787
    outer loop
      vertex 4.83947 5.84721 0.115288
      vertex 4.08786 5.74826 0.318419
      vertex 4.82946 6 0.115288
    endloop
  endfacet
  facet normal -0.00855108 -0.130521 -0.991409
    outer loop
      vertex 6 4.82946 0.115288
      vertex 5.84721 4.83947 0.115288
      vertex 5.94878 5.61094 0.012846
    endloop
  endfacet
  facet normal 0.0726082 0.108785 -0.99141
    outer loop
      vertex 90.2389 56.3113 0.012846
      vertex 90.1962 56.3398 0.012846
      vertex 90.5853 57.0137 0.115288
    endloop
  endfacet
  facet normal -0.130521 0.0085505 -0.991409
    outer loop
      vertex 5.61094 56.0512 0.012846
      vertex 4.82946 56 0.115288
      vertex 4.83947 56.1528 0.115288
    endloop
  endfacet
  facet normal -0.258784 0.0169531 -0.965786
    outer loop
      vertex 4.82946 56 0.115288
      vertex 4.08786 56.2517 0.318419
      vertex 4.83947 56.1528 0.115288
    endloop
  endfacet
  facet normal 0.00854279 0.130534 -0.991407
    outer loop
      vertex 90.0512 56.3891 0.012846
      vertex 90 57.1705 0.115288
      vertex 90.1528 57.1605 0.115288
    endloop
  endfacet
  facet normal -0.215621 0.144092 -0.965787
    outer loop
      vertex 4.98628 56.5853 0.115288
      vertex 4.46991 57.1741 0.318419
      vertex 5.07135 56.7126 0.115288
    endloop
  endfacet
  facet normal -0.245545 0.0834073 -0.96579
    outer loop
      vertex 4.86934 56.303 0.115288
      vertex 4.21817 56.7381 0.318419
      vertex 4.91856 56.4479 0.115288
    endloop
  endfacet
  facet normal -0.144011 0.215695 -0.965783
    outer loop
      vertex 5.28742 56.9287 0.115288
      vertex 4.82592 57.5301 0.318419
      vertex 5.41473 57.0137 0.115288
    endloop
  endfacet
  facet normal -0.128289 -0.025505 -0.991409
    outer loop
      vertex 5.62095 5.89843 0.012846
      vertex 4.83947 5.84721 0.115288
      vertex 5.61094 5.94878 0.012846
    endloop
  endfacet
  facet normal -0.0421049 0.123829 -0.99141
    outer loop
      vertex 5.89843 56.379 0.012846
      vertex 5.55205 57.0814 0.115288
      vertex 5.69704 57.1307 0.115288
    endloop
  endfacet
  facet normal -0.0834828 0.245521 -0.96579
    outer loop
      vertex 5.55205 57.0814 0.115288
      vertex 5.26194 57.7818 0.318419
      vertex 5.69704 57.1307 0.115288
    endloop
  endfacet
  facet normal -0.117329 0.0578276 -0.991408
    outer loop
      vertex 5.63745 56.1502 0.012846
      vertex 4.91856 56.4479 0.115288
      vertex 4.98628 56.5853 0.115288
    endloop
  endfacet
  facet normal -0.72632 -0.636975 -0.258306
    outer loop
      vertex 1.83888 1.83888 4.82946
      vertex 1.33134 2.41761 4.82946
      vertex 1.4925 2.54127 4.07136
    endloop
  endfacet
  facet normal -0.803255 -0.536712 -0.258307
    outer loop
      vertex 1.33134 2.41761 4.82946
      vertex 1.07961 3.15921 4.07136
      vertex 1.4925 2.54127 4.07136
    endloop
  endfacet
  facet normal -0.408742 -0.828868 -0.381979
    outer loop
      vertex 3.94069 1.02839 3.34627
      vertex 3.15921 1.07961 4.07136
      vertex 3.30938 1.33971 3.34627
    endloop
  endfacet
  facet normal -0.513438 -0.768422 -0.38198
    outer loop
      vertex 3.15921 1.07961 4.07136
      vertex 2.54127 1.4925 4.07136
      vertex 3.30938 1.33971 3.34627
    endloop
  endfacet
  facet normal -0.180293 -0.90641 -0.381989
    outer loop
      vertex 5.2584 0.367025 4.07136
      vertex 4.60723 0.802124 3.34627
      vertex 5.29761 0.664801 3.34627
    endloop
  endfacet
  facet normal -0.180298 -0.906411 -0.381985
    outer loop
      vertex 5.2584 0.367025 4.07136
      vertex 4.5295 0.512014 4.07136
      vertex 4.60723 0.802124 3.34627
    endloop
  endfacet
  facet normal -0.35125 -0.712243 0.607728
    outer loop
      vertex 3.74448 2.09333 119.956
      vertex 3.50559 1.67956 119.333
      vertex 4.2737 1.83234 119.956
    endloop
  endfacet
  facet normal -0.965918 0 0.258849
    outer loop
      vertex 0.115288 6 117.171
      vertex 0.318419 56 117.929
      vertex 0.115288 56 117.171
    endloop
  endfacet
  facet normal -0.965918 0 0.258849
    outer loop
      vertex 0.318419 56 117.929
      vertex 0.115288 6 117.171
      vertex 0.318419 6 117.929
    endloop
  endfacet
  facet normal -0.963988 0.0631832 0.258332
    outer loop
      vertex 0.165632 56.7681 117.171
      vertex 0.115288 56 117.171
      vertex 0.318419 56 117.929
    endloop
  endfacet
  facet normal -0.906394 -0.180295 0.382025
    outer loop
      vertex 0.802124 4.60723 118.654
      vertex 0.367025 5.2584 117.929
      vertex 0.512014 4.5295 117.929
    endloop
  endfacet
  facet normal -0.963988 -0.0631818 0.258332
    outer loop
      vertex 0.318419 6 117.929
      vertex 0.165632 5.23189 117.171
      vertex 0.367025 5.2584 117.929
    endloop
  endfacet
  facet normal -0.93888 -0.31871 0.13011
    outer loop
      vertex 0.563235 3.74802 117.171
      vertex 0.315804 4.47692 117.171
      vertex 0.468591 3.70881 116.392
    endloop
  endfacet
  facet normal -0.828841 -0.408746 0.382033
    outer loop
      vertex 1.02839 3.94069 118.654
      vertex 0.750903 3.82575 117.929
      vertex 1.07961 3.15921 117.929
    endloop
  endfacet
  facet normal -0.59787 -0.118917 -0.792723
    outer loop
      vertex 2.78016 5.13725 1.01118
      vertex 2.17872 4.97609 1.48896
      vertex 2.6951 5.5649 1.01118
    endloop
  endfacet
  facet normal -0.491181 -0.0976964 -0.865561
    outer loop
      vertex 2.78016 5.13725 1.01118
      vertex 2.6951 5.5649 1.01118
      vertex 3.43669 5.31316 0.618763
    endloop
  endfacet
  facet normal -0.491182 -0.0976997 -0.865561
    outer loop
      vertex 3.43669 5.31316 0.618763
      vertex 2.6951 5.5649 1.01118
      vertex 3.36897 5.65362 0.618763
    endloop
  endfacet
  facet normal -0.499733 -0.03275 -0.86556
    outer loop
      vertex 3.36897 5.65362 0.618763
      vertex 2.6951 5.5649 1.01118
      vertex 3.34627 6 0.618763
    endloop
  endfacet
  facet normal -0.506992 -0.338764 0.792589
    outer loop
      vertex 3.11317 4.33329 120.989
      vertex 2.86143 3.59169 120.511
      vertex 3.35542 3.97074 120.989
    endloop
  endfacet
  facet normal -0.499332 -0.0327303 0.865793
    outer loop
      vertex 3.34627 6 121.381
      vertex 2.66658 6 120.989
      vertex 2.6951 5.5649 120.989
    endloop
  endfacet
  facet normal -0.707132 0 0.707081
    outer loop
      vertex 1.48896 56 119.956
      vertex 2.04392 6 120.511
      vertex 2.04392 56 120.511
    endloop
  endfacet
  facet normal -0.707132 0 0.707081
    outer loop
      vertex 2.04392 6 120.511
      vertex 1.48896 56 119.956
      vertex 1.48896 6 119.956
    endloop
  endfacet
  facet normal -0.922173 -0.0604411 0.382026
    outer loop
      vertex 0.618763 6 118.654
      vertex 0.318419 6 117.929
      vertex 0.367025 5.2584 117.929
    endloop
  endfacet
  facet normal -0.922172 -0.0604436 0.382028
    outer loop
      vertex 0.618763 6 118.654
      vertex 0.367025 5.2584 117.929
      vertex 0.664801 5.29761 118.654
    endloop
  endfacet
  facet normal -0.793516 0 0.608549
    outer loop
      vertex 1.01118 6 119.333
      vertex 1.48896 56 119.956
      vertex 1.01118 56 119.333
    endloop
  endfacet
  facet normal -0.793516 0 0.608549
    outer loop
      vertex 1.48896 56 119.956
      vertex 1.01118 6 119.333
      vertex 1.48896 6 119.956
    endloop
  endfacet
  facet normal -0.792445 0.0519369 0.607728
    outer loop
      vertex 1.52755 56.5888 119.956
      vertex 1.05386 56.6512 119.333
      vertex 1.48896 56 119.956
    endloop
  endfacet
  facet normal -0.57117 -0.6513 0.499572
    outer loop
      vertex 2.963 2.0421 119.333
      vertex 2.19489 2.19489 118.654
      vertex 2.72411 1.73078 118.654
    endloop
  endfacet
  facet normal -0.83147 -0.555569 0
    outer loop
      vertex 1.25007 2.35525 5.60758
      vertex 0.814973 3.00642 116.392
      vertex 0.814973 3.00642 5.60758
    endloop
  endfacet
  facet normal -0.83147 -0.555569 0
    outer loop
      vertex 0.814973 3.00642 116.392
      vertex 1.25007 2.35525 5.60758
      vertex 1.25007 2.35525 116.392
    endloop
  endfacet
  facet normal -0.227547 -0.670317 0.706327
    outer loop
      vertex 4.48608 2.34506 120.511
      vertex 4.2737 1.83234 119.956
      vertex 4.97609 2.17872 120.511
    endloop
  endfacet
  facet normal -0.169001 -0.849625 0.499576
    outer loop
      vertex 4.7088 1.18117 119.333
      vertex 4.60723 0.802124 118.654
      vertex 5.34883 1.05386 119.333
    endloop
  endfacet
  facet normal -0.18847 -0.947493 0.258334
    outer loop
      vertex 4.5295 0.512014 117.929
      vertex 4.47692 0.315804 117.171
      vertex 5.2584 0.367025 117.929
    endloop
  endfacet
  facet normal -0.18029 -0.906393 0.382029
    outer loop
      vertex 5.29761 0.664801 118.654
      vertex 4.60723 0.802124 118.654
      vertex 5.2584 0.367025 117.929
    endloop
  endfacet
  facet normal -0.914787 -0.310532 0.25833
    outer loop
      vertex 0.750903 3.82575 117.929
      vertex 0.315804 4.47692 117.171
      vertex 0.563235 3.74802 117.171
    endloop
  endfacet
  facet normal -0.768408 -0.513429 0.38202
    outer loop
      vertex 1.33971 3.30938 118.654
      vertex 1.07961 3.15921 117.929
      vertex 1.4925 2.54127 117.929
    endloop
  endfacet
  facet normal -0.0833093 -0.245428 0.965828
    outer loop
      vertex 5.69704 4.86934 121.885
      vertex 5.26194 4.21817 121.682
      vertex 5.50083 4.13708 121.682
    endloop
  endfacet
  facet normal -0.123466 -0.363714 0.923292
    outer loop
      vertex 5.26194 4.21817 121.682
      vertex 4.98446 3.54827 121.381
      vertex 5.31316 3.43669 121.381
    endloop
  endfacet
  facet normal -0.00852585 -0.129969 0.991481
    outer loop
      vertex 6 5.60758 121.987
      vertex 5.94878 5.61094 121.987
      vertex 6 4.82946 121.885
    endloop
  endfacet
  facet normal -0.116783 0.0576552 0.991483
    outer loop
      vertex 5.66016 56.1962 121.987
      vertex 4.98628 56.5853 121.885
      vertex 5.63745 56.1502 121.987
    endloop
  endfacet
  facet normal -0.127748 0.0253721 0.991482
    outer loop
      vertex 5.62095 56.1016 121.987
      vertex 4.83947 56.1528 121.885
      vertex 5.61094 56.0512 121.987
    endloop
  endfacet
  facet normal -0.127744 -0.0254094 0.991482
    outer loop
      vertex 5.62095 5.89843 121.987
      vertex 4.83947 5.84721 121.885
      vertex 4.86934 5.69704 121.885
    endloop
  endfacet
  facet normal -0.383399 0 0.923583
    outer loop
      vertex 3.34627 56 121.381
      vertex 4.07136 6 121.682
      vertex 4.07136 56 121.682
    endloop
  endfacet
  facet normal -0.383399 0 0.923583
    outer loop
      vertex 4.07136 6 121.682
      vertex 3.34627 56 121.381
      vertex 3.34627 6 121.381
    endloop
  endfacet
  facet normal -0.258662 0 0.965968
    outer loop
      vertex 4.07136 56 121.682
      vertex 4.82946 6 121.885
      vertex 4.82946 56 121.885
    endloop
  endfacet
  facet normal -0.258662 0 0.965968
    outer loop
      vertex 4.82946 6 121.885
      vertex 4.07136 56 121.682
      vertex 4.07136 6 121.682
    endloop
  endfacet
  facet normal -0.129968 0.00851424 0.991482
    outer loop
      vertex 4.83947 56.1528 121.885
      vertex 4.82946 56 121.885
      vertex 5.61094 56.0512 121.987
    endloop
  endfacet
  facet normal -0.60845 -0.0398828 0.792589
    outer loop
      vertex 2.66658 6 120.989
      vertex 2.04392 6 120.511
      vertex 2.6951 5.5649 120.989
    endloop
  endfacet
  facet normal -0.706369 -0.0462947 0.706328
    outer loop
      vertex 2.07777 5.48363 120.511
      vertex 1.48896 6 119.956
      vertex 1.52755 5.41119 119.956
    endloop
  endfacet
  facet normal -0.866432 -0.427272 0.258329
    outer loop
      vertex 0.750903 3.82575 117.929
      vertex 0.563235 3.74802 117.171
      vertex 0.903689 3.05764 117.171
    endloop
  endfacet
  facet normal -0.523616 -0.597072 0.607727
    outer loop
      vertex 3.25385 2.42115 119.956
      vertex 2.81021 2.81021 119.956
      vertex 2.963 2.0421 119.333
    endloop
  endfacet
  facet normal -0.319365 -0.213393 0.923293
    outer loop
      vertex 4.32975 5.03568 121.682
      vertex 3.7018 4.67313 121.381
      vertex 3.89465 4.38451 121.381
    endloop
  endfacet
  facet normal -0.598043 -0.118951 0.792588
    outer loop
      vertex 2.6951 5.5649 120.989
      vertex 2.17872 4.97609 120.511
      vertex 2.78016 5.13725 120.989
    endloop
  endfacet
  facet normal -0.288776 -0.253257 0.923293
    outer loop
      vertex 4.46991 4.82592 121.682
      vertex 3.89465 4.38451 121.381
      vertex 4.12353 4.12353 121.381
    endloop
  endfacet
  facet normal -0.288777 -0.253256 0.923293
    outer loop
      vertex 4.46991 4.82592 121.682
      vertex 4.12353 4.12353 121.381
      vertex 4.63625 4.63625 121.682
    endloop
  endfacet
  facet normal -0.254205 0.0505535 0.965828
    outer loop
      vertex 4.13708 56.4992 121.682
      vertex 4.08786 56.2517 121.682
      vertex 4.86934 56.303 121.885
    endloop
  endfacet
  facet normal -0.258628 0.0169429 0.965828
    outer loop
      vertex 4.83947 56.1528 121.885
      vertex 4.08786 56.2517 121.682
      vertex 4.82946 56 121.885
    endloop
  endfacet
  facet normal 0.041873 0.123335 0.991481
    outer loop
      vertex 90.4479 57.0814 121.885
      vertex 90.1016 56.379 121.987
      vertex 90.1502 56.3625 121.987
    endloop
  endfacet
  facet normal 0.0575676 0.116836 0.991481
    outer loop
      vertex 90.4479 57.0814 121.885
      vertex 90.1502 56.3625 121.987
      vertex 90.5853 57.0137 121.885
    endloop
  endfacet
  facet normal -0.278069 0.416051 0.865782
    outer loop
      vertex 4.67313 58.2982 121.381
      vertex 4.33329 58.8868 120.989
      vertex 4.38451 58.1053 121.381
    endloop
  endfacet
  facet normal -0.245397 0.0833571 0.965832
    outer loop
      vertex 4.91856 56.4479 121.885
      vertex 4.21817 56.7381 121.682
      vertex 4.86934 56.303 121.885
    endloop
  endfacet
  facet normal -0.54688 0.269704 0.792579
    outer loop
      vertex 2.57394 57.978 120.511
      vertex 2.34506 57.5139 120.511
      vertex 3.11317 57.6667 120.989
    endloop
  endfacet
  facet normal -0.215518 0.14398 0.965827
    outer loop
      vertex 4.46991 57.1741 121.682
      vertex 4.32975 56.9643 121.682
      vertex 4.98628 56.5853 121.885
    endloop
  endfacet
  facet normal -0.194868 0.170872 0.965831
    outer loop
      vertex 4.63625 57.3638 121.682
      vertex 4.46991 57.1741 121.682
      vertex 5.1723 56.8277 121.885
    endloop
  endfacet
  facet normal -0.215491 0.144005 0.965829
    outer loop
      vertex 5.07135 56.7126 121.885
      vertex 4.46991 57.1741 121.682
      vertex 4.98628 56.5853 121.885
    endloop
  endfacet
  facet normal -0.215497 -0.143997 0.965829
    outer loop
      vertex 4.98628 5.41473 121.885
      vertex 4.46991 4.82592 121.682
      vertex 5.07135 5.28742 121.885
    endloop
  endfacet
  facet normal -0.0169273 0.258632 0.965828
    outer loop
      vertex 6 57.1705 121.885
      vertex 5.74826 57.9121 121.682
      vertex 5.84721 57.1605 121.885
    endloop
  endfacet
  facet normal -0.108295 -0.0723642 0.991481
    outer loop
      vertex 5.68867 5.76111 121.987
      vertex 4.98628 5.41473 121.885
      vertex 5.07135 5.28742 121.885
    endloop
  endfacet
  facet normal -0.0979285 -0.0858746 0.991482
    outer loop
      vertex 5.68867 5.76111 121.987
      vertex 5.07135 5.28742 121.885
      vertex 5.1723 5.1723 121.885
    endloop
  endfacet
  facet normal -0.118951 -0.598043 0.792588
    outer loop
      vertex 5.13725 2.78016 120.989
      vertex 4.97609 2.17872 120.511
      vertex 5.5649 2.6951 120.989
    endloop
  endfacet
  facet normal -0.0327239 -0.499335 0.865791
    outer loop
      vertex 5.65362 3.36897 121.381
      vertex 5.5649 2.6951 120.989
      vertex 6 3.34627 121.381
    endloop
  endfacet
  facet normal -0.154935 -0.778887 0.607725
    outer loop
      vertex 5.41119 1.52755 119.956
      vertex 4.83246 1.64267 119.956
      vertex 5.34883 1.05386 119.333
    endloop
  endfacet
  facet normal -0.213393 -0.319365 0.923293
    outer loop
      vertex 5.03568 4.32975 121.682
      vertex 4.38451 3.89465 121.381
      vertex 4.67313 3.7018 121.381
    endloop
  endfacet
  facet normal -0.313099 -0.634883 0.706324
    outer loop
      vertex 4.02196 2.57394 120.511
      vertex 3.74448 2.09333 119.956
      vertex 4.2737 1.83234 119.956
    endloop
  endfacet
  facet normal -0.255267 -0.752002 0.607727
    outer loop
      vertex 4.2737 1.83234 119.956
      vertex 4.09086 1.39093 119.333
      vertex 4.7088 1.18117 119.333
    endloop
  endfacet
  facet normal 0.278466 -0.820291 0.499579
    outer loop
      vertex 91.9091 1.39093 119.333
      vertex 91.2912 1.18117 119.333
      vertex 92.0593 1.02839 118.654
    endloop
  endfacet
  facet normal 0.351259 -0.712235 0.607732
    outer loop
      vertex 92.2555 2.09333 119.956
      vertex 91.7263 1.83234 119.956
      vertex 92.4944 1.67956 119.333
    endloop
  endfacet
  facet normal 0.0251255 -0.383278 0.923291
    outer loop
      vertex 90 4.07136 121.682
      vertex 90 3.34627 121.381
      vertex 90.2517 4.08786 121.682
    endloop
  endfacet
  facet normal 0.0251165 -0.383275 0.923293
    outer loop
      vertex 90.2517 4.08786 121.682
      vertex 90 3.34627 121.381
      vertex 90.3464 3.36897 121.381
    endloop
  endfacet
  facet normal 0.0723675 -0.108292 0.991482
    outer loop
      vertex 90.7126 5.07135 121.885
      vertex 90.2389 5.68867 121.987
      vertex 90.5853 4.98628 121.885
    endloop
  endfacet
  facet normal 0.0723201 -0.108315 0.991483
    outer loop
      vertex 90.2389 5.68867 121.987
      vertex 90.1962 5.66016 121.987
      vertex 90.5853 4.98628 121.885
    endloop
  endfacet
  facet normal 0.0505534 -0.254205 0.965828
    outer loop
      vertex 90.303 4.86934 121.885
      vertex 90.1528 4.83947 121.885
      vertex 90.2517 4.08786 121.682
    endloop
  endfacet
  facet normal 0.0254045 -0.127745 0.991482
    outer loop
      vertex 90.303 4.86934 121.885
      vertex 90.1016 5.62095 121.987
      vertex 90.1528 4.83947 121.885
    endloop
  endfacet
  facet normal 0.27803 -0.416073 0.865784
    outer loop
      vertex 91.6155 3.89465 121.381
      vertex 91.3269 3.7018 121.381
      vertex 91.6667 3.11317 120.989
    endloop
  endfacet
  facet normal 0.221287 -0.448829 0.865785
    outer loop
      vertex 91.3269 3.7018 121.381
      vertex 91.0155 3.54827 121.381
      vertex 91.6667 3.11317 120.989
    endloop
  endfacet
  facet normal 0.160852 -0.473848 0.865792
    outer loop
      vertex 91.0155 3.54827 121.381
      vertex 90.6868 3.43669 121.381
      vertex 91.2756 2.92032 120.989
    endloop
  endfacet
  facet normal 0.0398839 -0.608451 0.792589
    outer loop
      vertex 90.4351 2.6951 120.989
      vertex 90 2.04392 120.511
      vertex 90.5164 2.07777 120.511
    endloop
  endfacet
  facet normal 0.393252 -0.588599 0.706331
    outer loop
      vertex 92.4083 2.86143 120.511
      vertex 91.978 2.57394 120.511
      vertex 92.2555 2.09333 119.956
    endloop
  endfacet
  facet normal 0.393299 -0.588593 0.70631
    outer loop
      vertex 92.4083 2.86143 120.511
      vertex 92.2555 2.09333 119.956
      vertex 92.7461 2.42115 119.956
    endloop
  endfacet
  facet normal 0.227527 -0.670334 0.706317
    outer loop
      vertex 91.7263 1.83234 119.956
      vertex 91.0239 2.17872 120.511
      vertex 91.1675 1.64267 119.956
    endloop
  endfacet
  facet normal 0.0462956 -0.706371 0.706326
    outer loop
      vertex 90.5164 2.07777 120.511
      vertex 90 1.48896 119.956
      vertex 90.5888 1.52755 119.956
    endloop
  endfacet
  facet normal 0.138106 -0.694291 0.706319
    outer loop
      vertex 91.0239 2.17872 120.511
      vertex 90.5164 2.07777 120.511
      vertex 91.1675 1.64267 119.956
    endloop
  endfacet
  facet normal 0.118959 -0.598038 0.79259
    outer loop
      vertex 91.0239 2.17872 120.511
      vertex 90.4351 2.6951 120.989
      vertex 90.5164 2.07777 120.511
    endloop
  endfacet
  facet normal 0.416051 -0.278069 0.865782
    outer loop
      vertex 92.2982 4.67313 121.381
      vertex 92.1053 4.38451 121.381
      vertex 92.8868 4.33329 120.989
    endloop
  endfacet
  facet normal 0.577387 -0.195912 0.792618
    outer loop
      vertex 93.2198 5.13725 120.989
      vertex 93.0797 4.72435 120.989
      vertex 93.8213 4.97609 120.511
    endloop
  endfacet
  facet normal 0.376718 -0.0749082 0.923294
    outer loop
      vertex 91.9121 5.74826 121.682
      vertex 91.8629 5.50083 121.682
      vertex 92.5633 5.31316 121.381
    endloop
  endfacet
  facet normal 0.127745 -0.02535 0.991483
    outer loop
      vertex 91.1605 5.84721 121.885
      vertex 90.379 5.89843 121.987
      vertex 91.1307 5.69704 121.885
    endloop
  endfacet
  facet normal 0.376225 -0.329941 0.865791
    outer loop
      vertex 92.6446 3.97074 120.989
      vertex 91.8765 4.12353 121.381
      vertex 92.3571 3.64291 120.989
    endloop
  endfacet
  facet normal 0.108285 -0.0723826 0.991481
    outer loop
      vertex 91.0137 5.41473 121.885
      vertex 90.3113 5.76111 121.987
      vertex 90.9286 5.28742 121.885
    endloop
  endfacet
  facet normal 0.402052 -0.458425 0.792591
    outer loop
      vertex 92.3571 3.64291 120.989
      vertex 92.0293 3.35542 120.989
      vertex 92.7974 3.20263 120.511
    endloop
  endfacet
  facet normal 0.329923 -0.376223 0.865798
    outer loop
      vertex 91.8765 4.12353 121.381
      vertex 91.6155 3.89465 121.381
      vertex 92.0293 3.35542 120.989
    endloop
  endfacet
  facet normal 0.473811 -0.160868 0.865808
    outer loop
      vertex 92.5633 5.31316 121.381
      vertex 92.4517 4.98446 121.381
      vertex 93.0797 4.72435 120.989
    endloop
  endfacet
  facet normal 0.254225 -0.0505511 0.965823
    outer loop
      vertex 91.9121 5.74826 121.682
      vertex 91.1307 5.69704 121.885
      vertex 91.8629 5.50083 121.682
    endloop
  endfacet
  facet normal -0.123332 -0.0418721 0.991482
    outer loop
      vertex 5.62095 5.89843 121.987
      vertex 4.91856 5.55205 121.885
      vertex 5.63745 5.84983 121.987
    endloop
  endfacet
  facet normal 0.114544 0.232472 0.965834
    outer loop
      vertex 90.7381 57.7818 121.682
      vertex 90.4479 57.0814 121.885
      vertex 90.5853 57.0137 121.885
    endloop
  endfacet
  facet normal 0.14394 0.215551 0.965826
    outer loop
      vertex 90.9643 57.6702 121.682
      vertex 90.5853 57.0137 121.885
      vertex 91.1741 57.5301 121.682
    endloop
  endfacet
  facet normal 0.329836 0.376255 0.865818
    outer loop
      vertex 92.0293 58.6446 120.989
      vertex 91.6155 58.1053 121.381
      vertex 91.8765 57.8765 121.381
    endloop
  endfacet
  facet normal 0.22126 0.448862 0.865776
    outer loop
      vertex 91.6667 58.8868 120.989
      vertex 91.0155 58.4517 121.381
      vertex 91.3269 58.2982 121.381
    endloop
  endfacet
  facet normal 0.221342 0.448765 0.865805
    outer loop
      vertex 91.2756 59.0797 120.989
      vertex 91.0155 58.4517 121.381
      vertex 91.6667 58.8868 120.989
    endloop
  endfacet
  facet normal 0.19608 0.5774 0.792566
    outer loop
      vertex 91.5139 59.6549 120.511
      vertex 91.0239 59.8213 120.511
      vertex 91.2756 59.0797 120.989
    endloop
  endfacet
  facet normal 0.195959 0.577385 0.792607
    outer loop
      vertex 91.0239 59.8213 120.511
      vertex 90.8628 59.2198 120.989
      vertex 91.2756 59.0797 120.989
    endloop
  endfacet
  facet normal -0.40204 0.458433 0.792593
    outer loop
      vertex 3.59169 59.1386 120.511
      vertex 3.20263 58.7974 120.511
      vertex 3.97074 58.6446 120.989
    endloop
  endfacet
  facet normal -0.338714 0.507022 0.792591
    outer loop
      vertex 4.33329 58.8868 120.989
      vertex 3.59169 59.1386 120.511
      vertex 3.97074 58.6446 120.989
    endloop
  endfacet
  facet normal -0.312982 0.634882 0.706376
    outer loop
      vertex 4.2737 60.1677 119.956
      vertex 4.02196 59.4261 120.511
      vertex 4.48608 59.6549 120.511
    endloop
  endfacet
  facet normal -0.2696 0.546883 0.792612
    outer loop
      vertex 4.48608 59.6549 120.511
      vertex 4.02196 59.4261 120.511
      vertex 4.33329 58.8868 120.989
    endloop
  endfacet
  facet normal 0.376255 0.329836 0.865818
    outer loop
      vertex 92.6446 58.0293 120.989
      vertex 91.8765 57.8765 121.381
      vertex 92.1053 57.6155 121.381
    endloop
  endfacet
  facet normal 0.376214 0.329962 0.865787
    outer loop
      vertex 92.3571 58.3571 120.989
      vertex 91.8765 57.8765 121.381
      vertex 92.6446 58.0293 120.989
    endloop
  endfacet
  facet normal 0.376018 -0.074769 -0.923591
    outer loop
      vertex 92.5633 5.31316 0.618763
      vertex 91.8629 5.50083 0.318419
      vertex 91.9121 5.74826 0.318419
    endloop
  endfacet
  facet normal 0.24559 -0.0833747 -0.965782
    outer loop
      vertex 91.7818 5.26194 0.318419
      vertex 91.1307 5.69704 0.115288
      vertex 91.8629 5.50083 0.318419
    endloop
  endfacet
  facet normal 0.36303 -0.123244 -0.923591
    outer loop
      vertex 92.5633 5.31316 0.618763
      vertex 91.7818 5.26194 0.318419
      vertex 91.8629 5.50083 0.318419
    endloop
  endfacet
  facet normal 0.36303 -0.123256 -0.923589
    outer loop
      vertex 92.4517 4.98446 0.618763
      vertex 91.7818 5.26194 0.318419
      vertex 92.5633 5.31316 0.618763
    endloop
  endfacet
  facet normal 0.0726757 -0.108753 -0.991409
    outer loop
      vertex 90.5853 4.98628 0.115288
      vertex 90.2389 5.68867 0.012846
      vertex 90.7126 5.07135 0.115288
    endloop
  endfacet
  facet normal 0.170975 -0.194986 -0.965789
    outer loop
      vertex 91.1741 4.46991 0.318419
      vertex 90.8277 5.1723 0.115288
      vertex 91.3638 4.63625 0.318419
    endloop
  endfacet
  facet normal 0.245521 -0.0834828 -0.96579
    outer loop
      vertex 91.7818 5.26194 0.318419
      vertex 91.0814 5.55205 0.115288
      vertex 91.1307 5.69704 0.115288
    endloop
  endfacet
  facet normal 0.194992 -0.170966 -0.965789
    outer loop
      vertex 91.3638 4.63625 0.318419
      vertex 90.8277 5.1723 0.115288
      vertex 91.5301 4.82592 0.318419
    endloop
  endfacet
  facet normal 0.171002 -0.194972 -0.965787
    outer loop
      vertex 91.1741 4.46991 0.318419
      vertex 90.7126 5.07135 0.115288
      vertex 90.8277 5.1723 0.115288
    endloop
  endfacet
  facet normal -0.252785 -0.28824 -0.923589
    outer loop
      vertex 4.82592 4.46991 0.318419
      vertex 4.12353 4.12353 0.618763
      vertex 4.63625 4.63625 0.318419
    endloop
  endfacet
  facet normal -0.0420505 -0.123858 -0.991409
    outer loop
      vertex 5.89843 5.62095 0.012846
      vertex 5.55205 4.91856 0.115288
      vertex 5.84983 5.63745 0.012846
    endloop
  endfacet
  facet normal 0.0983594 0.0862247 -0.991408
    outer loop
      vertex 90.9286 56.7126 0.115288
      vertex 90.3113 56.2389 0.012846
      vertex 90.8277 56.8277 0.115288
    endloop
  endfacet
  facet normal 0.0984143 0.0861763 -0.991407
    outer loop
      vertex 90.3113 56.2389 0.012846
      vertex 90.2775 56.2775 0.012846
      vertex 90.8277 56.8277 0.115288
    endloop
  endfacet
  facet normal -0.0169541 -0.258783 -0.965787
    outer loop
      vertex 6 4.82946 0.115288
      vertex 5.74826 4.08786 0.318419
      vertex 5.84721 4.83947 0.115288
    endloop
  endfacet
  facet normal -0.050593 -0.254354 -0.965787
    outer loop
      vertex 5.74826 4.08786 0.318419
      vertex 5.69704 4.86934 0.115288
      vertex 5.84721 4.83947 0.115288
    endloop
  endfacet
  facet normal -0.123231 -0.363037 -0.92359
    outer loop
      vertex 5.31316 3.43669 0.618763
      vertex 5.26194 4.21817 0.318419
      vertex 5.50083 4.13708 0.318419
    endloop
  endfacet
  facet normal -0.0833594 -0.245576 -0.965787
    outer loop
      vertex 5.50083 4.13708 0.318419
      vertex 5.26194 4.21817 0.318419
      vertex 5.69704 4.86934 0.115288
    endloop
  endfacet
  facet normal -0.363037 -0.123231 -0.92359
    outer loop
      vertex 4.21817 5.26194 0.318419
      vertex 3.43669 5.31316 0.618763
      vertex 4.13708 5.50083 0.318419
    endloop
  endfacet
  facet normal -0.376018 -0.0747928 -0.923589
    outer loop
      vertex 3.43669 5.31316 0.618763
      vertex 3.36897 5.65362 0.618763
      vertex 4.08786 5.74826 0.318419
    endloop
  endfacet
  facet normal -0.0398748 -0.608276 -0.792724
    outer loop
      vertex 6 2.04392 1.48896
      vertex 5.48363 2.07777 1.48896
      vertex 5.5649 2.6951 1.01118
    endloop
  endfacet
  facet normal 0.227519 -0.67031 -0.706342
    outer loop
      vertex 91.1675 1.64267 2.04392
      vertex 91.0239 2.17872 1.48896
      vertex 91.7263 1.83234 2.04392
    endloop
  endfacet
  facet normal -0.0604422 -0.92219 -0.381986
    outer loop
      vertex 6 0.318419 4.07136
      vertex 5.2584 0.367025 4.07136
      vertex 6 0.618763 3.34627
    endloop
  endfacet
  facet normal 0 -0.793356 -0.608758
    outer loop
      vertex 6 1.48896 2.04392
      vertex 90 1.01118 2.66658
      vertex 6 1.01118 2.66658
    endloop
  endfacet
  facet normal 0 -0.793356 -0.608758
    outer loop
      vertex 90 1.01118 2.66658
      vertex 6 1.48896 2.04392
      vertex 90 1.48896 2.04392
    endloop
  endfacet
  facet normal -0.169041 -0.849842 -0.499194
    outer loop
      vertex 5.29761 0.664801 3.34627
      vertex 4.60723 0.802124 3.34627
      vertex 5.34883 1.05386 2.66658
    endloop
  endfacet
  facet normal 0.0519265 -0.792286 -0.607937
    outer loop
      vertex 90.6512 1.05386 2.66658
      vertex 90 1.48896 2.04392
      vertex 90.5888 1.52755 2.04392
    endloop
  endfacet
  facet normal 0 -0.499998 -0.866027
    outer loop
      vertex 6 2.66658 1.01118
      vertex 90 3.34627 0.618763
      vertex 90 2.66658 1.01118
    endloop
  endfacet
  facet normal -0 -0.499998 -0.866027
    outer loop
      vertex 90 3.34627 0.618763
      vertex 6 2.66658 1.01118
      vertex 6 3.34627 0.618763
    endloop
  endfacet
  facet normal -0.278233 -0.416402 -0.865561
    outer loop
      vertex 4.33329 3.11317 1.01118
      vertex 3.97074 3.35542 1.01118
      vertex 4.38451 3.89465 0.618763
    endloop
  endfacet
  facet normal -0.212997 -0.318772 -0.923589
    outer loop
      vertex 4.67313 3.7018 0.618763
      vertex 4.38451 3.89465 0.618763
      vertex 5.03568 4.32975 0.318419
    endloop
  endfacet
  facet normal 0.651456 -0.571321 -0.499197
    outer loop
      vertex 93.9579 2.963 2.66658
      vertex 93.6 2.4 2.84386
      vertex 93.6 2.5549 2.66658
    endloop
  endfacet
  facet normal 0.65146 -0.571322 -0.49919
    outer loop
      vertex 93.6 2.4 2.84386
      vertex 93.9579 2.963 2.66658
      vertex 93.8051 2.19489 3.34627
    endloop
  endfacet
  facet normal 0.571322 -0.651459 -0.499192
    outer loop
      vertex 93.037 2.0421 2.66658
      vertex 93.6 2.4 2.84386
      vertex 93.8051 2.19489 3.34627
    endloop
  endfacet
  facet normal 0.571321 -0.651456 -0.499197
    outer loop
      vertex 93.6 2.4 2.84386
      vertex 93.037 2.0421 2.66658
      vertex 93.4451 2.4 2.66658
    endloop
  endfacet
  facet normal 0.4667 -0.532243 -0.706334
    outer loop
      vertex 92.7461 2.42115 2.04392
      vertex 92.4083 2.86143 1.48896
      vertex 93.1898 2.81021 2.04392
    endloop
  endfacet
  facet normal 0.523456 -0.59697 -0.607964
    outer loop
      vertex 93.037 2.0421 2.66658
      vertex 92.7461 2.42115 2.04392
      vertex 93.1898 2.81021 2.04392
    endloop
  endfacet
  facet normal 0.160997 0.474191 -0.865577
    outer loop
      vertex 91.0155 58.4517 0.618763
      vertex 90.6868 58.5633 0.618763
      vertex 91.2756 59.0797 1.01118
    endloop
  endfacet
  facet normal 0.0977306 0.491179 -0.865558
    outer loop
      vertex 90.6868 58.5633 0.618763
      vertex 90.4351 59.3049 1.01118
      vertex 90.8628 59.2198 1.01118
    endloop
  endfacet
  facet normal 0.577385 0.195959 0.792607
    outer loop
      vertex 93.8213 57.0239 120.511
      vertex 93.0797 57.2756 120.989
      vertex 93.2198 56.8628 120.989
    endloop
  endfacet
  facet normal 0.5774 0.19608 0.792566
    outer loop
      vertex 93.6549 57.5139 120.511
      vertex 93.0797 57.2756 120.989
      vertex 93.8213 57.0239 120.511
    endloop
  endfacet
  facet normal -0.160919 0.474259 -0.865554
    outer loop
      vertex 5.31316 58.5633 0.618763
      vertex 4.72435 59.0797 1.01118
      vertex 5.13725 59.2198 1.01118
    endloop
  endfacet
  facet normal -0.195855 0.57722 -0.792753
    outer loop
      vertex 5.13725 59.2198 1.01118
      vertex 4.72435 59.0797 1.01118
      vertex 4.97609 59.8213 1.48896
    endloop
  endfacet
  facet normal 0.751881 0.25517 -0.607917
    outer loop
      vertex 94.8188 57.2912 2.66658
      vertex 94.1677 57.7263 2.04392
      vertex 94.6091 57.9091 2.66658
    endloop
  endfacet
  facet normal 0.820544 0.278472 -0.49916
    outer loop
      vertex 94.8188 57.2912 2.66658
      vertex 94.6091 57.9091 2.66658
      vertex 94.9716 58.0593 3.34627
    endloop
  endfacet
  facet normal 0.117333 0.0578128 -0.991408
    outer loop
      vertex 91.0814 56.4479 0.115288
      vertex 90.3625 56.1502 0.012846
      vertex 91.0137 56.5853 0.115288
    endloop
  endfacet
  facet normal 0.117289 0.0578796 -0.99141
    outer loop
      vertex 90.3625 56.1502 0.012846
      vertex 90.3398 56.1962 0.012846
      vertex 91.0137 56.5853 0.115288
    endloop
  endfacet
  facet normal 0.49117 0.0976856 -0.865569
    outer loop
      vertex 92.631 56.3464 0.618763
      vertex 92.5633 56.6868 0.618763
      vertex 93.3049 56.4351 1.01118
    endloop
  endfacet
  facet normal 0.376029 0.0747501 -0.923588
    outer loop
      vertex 91.9121 56.2517 0.318419
      vertex 91.8629 56.4992 0.318419
      vertex 92.5633 56.6868 0.618763
    endloop
  endfacet
  facet normal 0.12829 0.0254531 -0.99141
    outer loop
      vertex 91.1605 56.1528 0.115288
      vertex 90.379 56.1016 0.012846
      vertex 91.1307 56.303 0.115288
    endloop
  endfacet
  facet normal 0.254377 0.050469 -0.965787
    outer loop
      vertex 91.1605 56.1528 0.115288
      vertex 91.1307 56.303 0.115288
      vertex 91.9121 56.2517 0.318419
    endloop
  endfacet
  facet normal 0.577218 0.195902 -0.792743
    outer loop
      vertex 93.2198 56.8628 1.01118
      vertex 93.0797 57.2756 1.01118
      vertex 93.8213 57.0239 1.48896
    endloop
  endfacet
  facet normal 0.449123 0.221518 -0.865574
    outer loop
      vertex 93.0797 57.2756 1.01118
      vertex 92.4517 57.0155 0.618763
      vertex 92.8868 57.6667 1.01118
    endloop
  endfacet
  facet normal 0.269659 0.546726 -0.792701
    outer loop
      vertex 91.6667 58.8868 1.01118
      vertex 91.2756 59.0797 1.01118
      vertex 91.5139 59.6549 1.48896
    endloop
  endfacet
  facet normal 0.269535 0.546727 -0.792742
    outer loop
      vertex 91.6667 58.8868 1.01118
      vertex 91.5139 59.6549 1.48896
      vertex 91.978 59.4261 1.48896
    endloop
  endfacet
  facet normal 0.330225 0.376514 -0.865557
    outer loop
      vertex 92.3571 58.3571 1.01118
      vertex 91.8765 57.8765 0.618763
      vertex 92.0293 58.6446 1.01118
    endloop
  endfacet
  facet normal 0.169514 0.343887 -0.923584
    outer loop
      vertex 91.3269 58.2982 0.618763
      vertex 90.7381 57.7818 0.318419
      vertex 91.0155 58.4517 0.618763
    endloop
  endfacet
  facet normal 0.123242 0.36304 -0.923587
    outer loop
      vertex 90.7381 57.7818 0.318419
      vertex 90.4992 57.8629 0.318419
      vertex 90.6868 58.5633 0.618763
    endloop
  endfacet
  facet normal 0.144019 0.21569 -0.965783
    outer loop
      vertex 90.7126 56.9287 0.115288
      vertex 90.5853 57.0137 0.115288
      vertex 91.1741 57.5301 0.318419
    endloop
  endfacet
  facet normal -0.123853 0.0420706 -0.991408
    outer loop
      vertex 5.62095 56.1016 0.012846
      vertex 4.86934 56.303 0.115288
      vertex 4.91856 56.4479 0.115288
    endloop
  endfacet
  facet normal 0.215681 0.144027 -0.965784
    outer loop
      vertex 91.6702 56.9643 0.318419
      vertex 91.0137 56.5853 0.115288
      vertex 91.5301 57.1741 0.318419
    endloop
  endfacet
  facet normal 0.288306 0.252738 -0.923582
    outer loop
      vertex 92.1053 57.6155 0.618763
      vertex 91.5301 57.1741 0.318419
      vertex 91.8765 57.8765 0.618763
    endloop
  endfacet
  facet normal 0.108742 0.0726942 -0.991408
    outer loop
      vertex 91.0137 56.5853 0.115288
      vertex 90.3113 56.2389 0.012846
      vertex 90.9286 56.7126 0.115288
    endloop
  endfacet
  facet normal 0.108785 0.0726082 -0.99141
    outer loop
      vertex 90.3398 56.1962 0.012846
      vertex 90.3113 56.2389 0.012846
      vertex 91.0137 56.5853 0.115288
    endloop
  endfacet
  facet normal 0.194998 0.170945 -0.965792
    outer loop
      vertex 91.5301 57.1741 0.318419
      vertex 90.8277 56.8277 0.115288
      vertex 91.3638 57.3638 0.318419
    endloop
  endfacet
  facet normal 0.195 0.170942 -0.965792
    outer loop
      vertex 90.9286 56.7126 0.115288
      vertex 90.8277 56.8277 0.115288
      vertex 91.5301 57.1741 0.318419
    endloop
  endfacet
  facet normal 0.376514 0.330225 -0.865557
    outer loop
      vertex 92.6446 58.0293 1.01118
      vertex 91.8765 57.8765 0.618763
      vertex 92.3571 58.3571 1.01118
    endloop
  endfacet
  facet normal 0.318855 0.212925 -0.923577
    outer loop
      vertex 91.6702 56.9643 0.318419
      vertex 91.5301 57.1741 0.318419
      vertex 92.1053 57.6155 0.618763
    endloop
  endfacet
  facet normal 0.866453 0.427247 -0.2583
    outer loop
      vertex 95.2491 58.1742 4.07136
      vertex 94.9204 58.8408 4.07136
      vertex 95.0963 58.9424 4.82946
    endloop
  endfacet
  facet normal 0.828876 0.408718 -0.381987
    outer loop
      vertex 94.9716 58.0593 3.34627
      vertex 94.9204 58.8408 4.07136
      vertex 95.2491 58.1742 4.07136
    endloop
  endfacet
  facet normal -0.75185 -0.255216 -0.607936
    outer loop
      vertex 1.39093 4.09086 2.66658
      vertex 1.18117 4.7088 2.66658
      vertex 1.83234 4.2737 2.04392
    endloop
  endfacet
  facet normal -0.75185 -0.255214 -0.607937
    outer loop
      vertex 1.83234 4.2737 2.04392
      vertex 1.18117 4.7088 2.66658
      vertex 1.64267 4.83246 2.04392
    endloop
  endfacet
  facet normal -0.875124 -0.297062 -0.381984
    outer loop
      vertex 0.750903 3.82575 4.07136
      vertex 0.512014 4.5295 4.07136
      vertex 0.802124 4.60723 3.34627
    endloop
  endfacet
  facet normal -0.980785 -0.19509 0
    outer loop
      vertex 0.216853 4.45041 5.60758
      vertex 0.0640669 5.21852 116.392
      vertex 0.0640669 5.21852 5.60758
    endloop
  endfacet
  facet normal -0.980785 -0.19509 0
    outer loop
      vertex 0.0640669 5.21852 116.392
      vertex 0.216853 4.45041 5.60758
      vertex 0.216853 4.45041 116.392
    endloop
  endfacet
  facet normal -0.946931 -0.321438 0
    outer loop
      vertex 0.468591 3.70881 5.60758
      vertex 0.216853 4.45041 116.392
      vertex 0.216853 4.45041 5.60758
    endloop
  endfacet
  facet normal -0.946931 -0.321438 0
    outer loop
      vertex 0.216853 4.45041 116.392
      vertex 0.468591 3.70881 5.60758
      vertex 0.468591 3.70881 116.392
    endloop
  endfacet
  facet normal -0.376524 -0.330193 -0.865565
    outer loop
      vertex 3.64291 3.64291 1.01118
      vertex 3.35542 3.97074 1.01118
      vertex 4.12353 4.12353 0.618763
    endloop
  endfacet
  facet normal -0.458317 -0.401921 -0.79272
    outer loop
      vertex 3.64291 3.64291 1.01118
      vertex 3.20263 3.20263 1.48896
      vertex 3.35542 3.97074 1.01118
    endloop
  endfacet
  facet normal -0.154899 -0.778729 -0.607937
    outer loop
      vertex 5.34883 1.05386 2.66658
      vertex 4.7088 1.18117 2.66658
      vertex 4.83246 1.64267 2.04392
    endloop
  endfacet
  facet normal -0.52351 -0.596952 -0.607936
    outer loop
      vertex 2.963 2.0421 2.66658
      vertex 2.81021 2.81021 2.04392
      vertex 3.25385 2.42115 2.04392
    endloop
  endfacet
  facet normal -0.0654031 -0.997859 0
    outer loop
      vertex 5.21852 0.0640669 5.60758
      vertex 6 0.012846 116.392
      vertex 5.21852 0.0640669 116.392
    endloop
  endfacet
  facet normal -0.0654031 -0.997859 -0
    outer loop
      vertex 6 0.012846 116.392
      vertex 5.21852 0.0640669 5.60758
      vertex 6 0.012846 5.60758
    endloop
  endfacet
  facet normal -0.427276 -0.86644 -0.258297
    outer loop
      vertex 3.74802 0.563235 4.82946
      vertex 3.05764 0.903689 4.82946
      vertex 3.82575 0.750903 4.07136
    endloop
  endfacet
  facet normal -0.310535 -0.914795 -0.258298
    outer loop
      vertex 4.47692 0.315804 4.82946
      vertex 3.74802 0.563235 4.82946
      vertex 3.82575 0.750903 4.07136
    endloop
  endfacet
  facet normal -0.130521 -0.00855108 -0.991409
    outer loop
      vertex 4.83947 5.84721 0.115288
      vertex 4.82946 6 0.115288
      vertex 5.61094 5.94878 0.012846
    endloop
  endfacet
  facet normal -0.0578629 -0.117305 -0.991409
    outer loop
      vertex 5.84983 5.63745 0.012846
      vertex 5.41473 4.98628 0.115288
      vertex 5.80379 5.66016 0.012846
    endloop
  endfacet
  facet normal -0.00854336 0.130534 -0.991407
    outer loop
      vertex 5.94878 56.3891 0.012846
      vertex 5.84721 57.1605 0.115288
      vertex 6 57.1705 0.115288
    endloop
  endfacet
  facet normal -0.0257306 0.128271 -0.991405
    outer loop
      vertex 5.89843 56.379 0.012846
      vertex 5.84721 57.1605 0.115288
      vertex 5.94878 56.3891 0.012846
    endloop
  endfacet
  facet normal -0.726318 -0.636976 -0.258308
    outer loop
      vertex 1.83888 1.83888 4.82946
      vertex 1.4925 2.54127 4.07136
      vertex 1.98252 1.98252 4.07136
    endloop
  endfacet
  facet normal -0.31308 -0.63486 -0.706352
    outer loop
      vertex 4.2737 1.83234 2.04392
      vertex 4.02196 2.57394 1.48896
      vertex 4.48608 2.34506 1.48896
    endloop
  endfacet
  facet normal -0.441195 -0.660313 0.607728
    outer loop
      vertex 3.74448 2.09333 119.956
      vertex 3.25385 2.42115 119.956
      vertex 3.50559 1.67956 119.333
    endloop
  endfacet
  facet normal -0.44229 -0.896872 0
    outer loop
      vertex 3.00642 0.814973 5.60758
      vertex 3.70881 0.468591 116.392
      vertex 3.00642 0.814973 116.392
    endloop
  endfacet
  facet normal -0.44229 -0.896872 -0
    outer loop
      vertex 3.70881 0.468591 116.392
      vertex 3.00642 0.814973 5.60758
      vertex 3.70881 0.468591 5.60758
    endloop
  endfacet
  facet normal -0.865807 0 0.500379
    outer loop
      vertex 0.618763 6 118.654
      vertex 1.01118 56 119.333
      vertex 0.618763 56 118.654
    endloop
  endfacet
  facet normal -0.865807 0 0.500379
    outer loop
      vertex 1.01118 56 119.333
      vertex 0.618763 6 118.654
      vertex 1.01118 6 119.333
    endloop
  endfacet
  facet normal -0.922173 0.0604411 0.382026
    outer loop
      vertex 0.367025 56.7416 117.929
      vertex 0.318419 56 117.929
      vertex 0.618763 56 118.654
    endloop
  endfacet
  facet normal -0.972449 -0.193431 0.130107
    outer loop
      vertex 0.165632 5.23189 117.171
      vertex 0.0640669 5.21852 116.392
      vertex 0.216853 4.45041 116.392
    endloop
  endfacet
  facet normal -0.97243 -0.193428 -0.130251
    outer loop
      vertex 0.216853 4.45041 5.60758
      vertex 0.0640669 5.21852 5.60758
      vertex 0.165632 5.23189 4.82946
    endloop
  endfacet
  facet normal -0.906393 -0.18029 0.382029
    outer loop
      vertex 0.664801 5.29761 118.654
      vertex 0.367025 5.2584 117.929
      vertex 0.802124 4.60723 118.654
    endloop
  endfacet
  facet normal -0.383277 -0.025118 0.923292
    outer loop
      vertex 4.08786 5.74826 121.682
      vertex 3.34627 6 121.381
      vertex 3.36897 5.65362 121.381
    endloop
  endfacet
  facet normal -0.363714 -0.123466 0.923292
    outer loop
      vertex 4.21817 5.26194 121.682
      vertex 3.43669 5.31316 121.381
      vertex 3.54827 4.98446 121.381
    endloop
  endfacet
  facet normal -0.473823 0.160879 0.8658
    outer loop
      vertex 2.92032 57.2756 120.989
      vertex 2.78016 56.8628 120.989
      vertex 3.43669 56.6868 121.381
    endloop
  endfacet
  facet normal -0.7684 -0.513435 0.382029
    outer loop
      vertex 1.73078 2.72411 118.654
      vertex 1.33971 3.30938 118.654
      vertex 1.4925 2.54127 117.929
    endloop
  endfacet
  facet normal -0.636969 -0.726314 0.258338
    outer loop
      vertex 2.54127 1.4925 117.929
      vertex 1.83888 1.83888 117.171
      vertex 2.41761 1.33134 117.171
    endloop
  endfacet
  facet normal -0.923862 0 0.382726
    outer loop
      vertex 0.318419 6 117.929
      vertex 0.618763 56 118.654
      vertex 0.318419 56 117.929
    endloop
  endfacet
  facet normal -0.923862 0 0.382726
    outer loop
      vertex 0.618763 56 118.654
      vertex 0.318419 6 117.929
      vertex 0.618763 6 118.654
    endloop
  endfacet
  facet normal -0.864416 0.0566543 0.499575
    outer loop
      vertex 1.05386 56.6512 119.333
      vertex 0.618763 56 118.654
      vertex 1.01118 56 119.333
    endloop
  endfacet
  facet normal -0.792445 0.0519373 0.607728
    outer loop
      vertex 1.05386 56.6512 119.333
      vertex 1.01118 56 119.333
      vertex 1.48896 56 119.956
    endloop
  endfacet
  facet normal -0.706374 0.0463028 0.706323
    outer loop
      vertex 2.07777 56.5164 120.511
      vertex 1.48896 56 119.956
      vertex 2.04392 56 120.511
    endloop
  endfacet
  facet normal -0.706371 0.0462956 0.706326
    outer loop
      vertex 1.52755 56.5888 119.956
      vertex 1.48896 56 119.956
      vertex 2.07777 56.5164 120.511
    endloop
  endfacet
  facet normal -0.310526 -0.914788 0.258335
    outer loop
      vertex 4.5295 0.512014 117.929
      vertex 3.82575 0.750903 117.929
      vertex 4.47692 0.315804 117.171
    endloop
  endfacet
  facet normal -0.27846 -0.820295 0.499577
    outer loop
      vertex 4.7088 1.18117 119.333
      vertex 3.94069 1.02839 118.654
      vertex 4.60723 0.802124 118.654
    endloop
  endfacet
  facet normal -0.745451 -0.65374 0.130103
    outer loop
      vertex 1.33134 2.41761 117.171
      vertex 1.25007 2.35525 116.392
      vertex 1.76644 1.76644 116.392
    endloop
  endfacet
  facet normal -0.609332 -0.694815 0.382029
    outer loop
      vertex 2.72411 1.73078 118.654
      vertex 2.19489 2.19489 118.654
      vertex 2.54127 1.4925 117.929
    endloop
  endfacet
  facet normal -0.651199 -0.571096 0.499789
    outer loop
      vertex 2.0421 2.963 119.333
      vertex 2.4 2.4 119.156
      vertex 2.4 2.5549 119.333
    endloop
  endfacet
  facet normal -0.651391 -0.571128 0.499503
    outer loop
      vertex 2.4 2.4 119.156
      vertex 2.0421 2.963 119.333
      vertex 2.19489 2.19489 118.654
    endloop
  endfacet
  facet normal -0.571096 -0.651199 0.499789
    outer loop
      vertex 2.4 2.4 119.156
      vertex 2.963 2.0421 119.333
      vertex 2.5549 2.4 119.333
    endloop
  endfacet
  facet normal -0.571128 -0.651391 0.499503
    outer loop
      vertex 2.963 2.0421 119.333
      vertex 2.4 2.4 119.156
      vertex 2.19489 2.19489 118.654
    endloop
  endfacet
  facet normal -0.050567 -0.254201 0.965828
    outer loop
      vertex 5.69704 4.86934 121.885
      vertex 5.50083 4.13708 121.682
      vertex 5.74826 4.08786 121.682
    endloop
  endfacet
  facet normal -0.0505626 -0.254201 0.965829
    outer loop
      vertex 5.84721 4.83947 121.885
      vertex 5.69704 4.86934 121.885
      vertex 5.74826 4.08786 121.682
    endloop
  endfacet
  facet normal -0.0418685 -0.123334 0.991482
    outer loop
      vertex 5.89843 5.62095 121.987
      vertex 5.55205 4.91856 121.885
      vertex 5.69704 4.86934 121.885
    endloop
  endfacet
  facet normal -0.0833147 -0.245424 0.965829
    outer loop
      vertex 5.55205 4.91856 121.885
      vertex 5.26194 4.21817 121.682
      vertex 5.69704 4.86934 121.885
    endloop
  endfacet
  facet normal -0.170882 -0.194868 0.965829
    outer loop
      vertex 5.1723 5.1723 121.885
      vertex 4.82592 4.46991 121.682
      vertex 5.28742 5.07135 121.885
    endloop
  endfacet
  facet normal -0.143997 -0.215497 0.965829
    outer loop
      vertex 5.28742 5.07135 121.885
      vertex 4.82592 4.46991 121.682
      vertex 5.41473 4.98628 121.885
    endloop
  endfacet
  facet normal -0.507029 0.338742 0.792575
    outer loop
      vertex 3.35542 58.0293 120.989
      vertex 2.86143 58.4083 120.511
      vertex 3.11317 57.6667 120.989
    endloop
  endfacet
  facet normal -0.499336 0.0327221 0.86579
    outer loop
      vertex 3.36897 56.3464 121.381
      vertex 2.6951 56.4351 120.989
      vertex 3.34627 56 121.381
    endloop
  endfacet
  facet normal -0.00837383 0.129972 0.991482
    outer loop
      vertex 6 57.1705 121.885
      vertex 5.94878 56.3891 121.987
      vertex 6 56.3924 121.987
    endloop
  endfacet
  facet normal -0.598043 -0.118951 0.792588
    outer loop
      vertex 2.6951 5.5649 120.989
      vertex 2.07777 5.48363 120.511
      vertex 2.17872 4.97609 120.511
    endloop
  endfacet
  facet normal -0.448797 -0.221323 0.865793
    outer loop
      vertex 3.54827 4.98446 121.381
      vertex 2.92032 4.72435 120.989
      vertex 3.11317 4.33329 120.989
    endloop
  endfacet
  facet normal -0.864416 -0.0566569 0.499575
    outer loop
      vertex 1.01118 6 119.333
      vertex 0.618763 6 118.654
      vertex 1.05386 5.34883 119.333
    endloop
  endfacet
  facet normal -0.864416 -0.056658 0.499574
    outer loop
      vertex 1.05386 5.34883 119.333
      vertex 0.618763 6 118.654
      vertex 0.664801 5.29761 118.654
    endloop
  endfacet
  facet normal -0.608452 -0.0398863 0.792588
    outer loop
      vertex 2.6951 5.5649 120.989
      vertex 2.04392 6 120.511
      vertex 2.07777 5.48363 120.511
    endloop
  endfacet
  facet normal -0.507001 -0.338759 0.792586
    outer loop
      vertex 3.11317 4.33329 120.989
      vertex 2.57394 4.02196 120.511
      vertex 2.86143 3.59169 120.511
    endloop
  endfacet
  facet normal -0.532214 -0.466744 0.706327
    outer loop
      vertex 2.86143 3.59169 120.511
      vertex 2.81021 2.81021 119.956
      vertex 3.20263 3.20263 120.511
    endloop
  endfacet
  facet normal -0.466742 -0.53222 0.706324
    outer loop
      vertex 3.59169 2.86143 120.511
      vertex 2.81021 2.81021 119.956
      vertex 3.25385 2.42115 119.956
    endloop
  endfacet
  facet normal -0.232451 -0.114634 0.965829
    outer loop
      vertex 4.91856 5.55205 121.885
      vertex 4.21817 5.26194 121.682
      vertex 4.98628 5.41473 121.885
    endloop
  endfacet
  facet normal -0.416071 -0.27801 0.865792
    outer loop
      vertex 3.7018 4.67313 121.381
      vertex 3.11317 4.33329 120.989
      vertex 3.89465 4.38451 121.381
    endloop
  endfacet
  facet normal -0.41607 -0.278011 0.865792
    outer loop
      vertex 3.89465 4.38451 121.381
      vertex 3.11317 4.33329 120.989
      vertex 3.35542 3.97074 120.989
    endloop
  endfacet
  facet normal -0.116814 -0.0576076 0.991482
    outer loop
      vertex 5.63745 5.84983 121.987
      vertex 4.91856 5.55205 121.885
      vertex 4.98628 5.41473 121.885
    endloop
  endfacet
  facet normal -0.277955 0.416072 0.865809
    outer loop
      vertex 4.33329 58.8868 120.989
      vertex 3.97074 58.6446 120.989
      vertex 4.38451 58.1053 121.381
    endloop
  endfacet
  facet normal -0.253218 0.288832 0.923286
    outer loop
      vertex 4.38451 58.1053 121.381
      vertex 4.12353 57.8765 121.381
      vertex 4.82592 57.5301 121.682
    endloop
  endfacet
  facet normal -0.319348 0.213397 0.923298
    outer loop
      vertex 3.89465 57.6155 121.381
      vertex 3.7018 57.3269 121.381
      vertex 4.32975 56.9643 121.682
    endloop
  endfacet
  facet normal -0.376214 0.329951 0.865792
    outer loop
      vertex 3.64291 58.3571 120.989
      vertex 3.35542 58.0293 120.989
      vertex 4.12353 57.8765 121.381
    endloop
  endfacet
  facet normal -0.670334 0.227527 0.706317
    outer loop
      vertex 1.83234 57.7263 119.956
      vertex 1.64267 57.1675 119.956
      vertex 2.17872 57.0239 120.511
    endloop
  endfacet
  facet normal -0.694291 0.138106 0.706319
    outer loop
      vertex 2.17872 57.0239 120.511
      vertex 1.64267 57.1675 119.956
      vertex 2.07777 56.5164 120.511
    endloop
  endfacet
  facet normal -0.00850713 0.12998 0.99148
    outer loop
      vertex 6 57.1705 121.885
      vertex 5.84721 57.1605 121.885
      vertex 5.94878 56.3891 121.987
    endloop
  endfacet
  facet normal -0.0256215 0.127727 0.991478
    outer loop
      vertex 5.94878 56.3891 121.987
      vertex 5.84721 57.1605 121.885
      vertex 5.89843 56.379 121.987
    endloop
  endfacet
  facet normal -0.170939 0.194836 0.965826
    outer loop
      vertex 5.28742 56.9287 121.885
      vertex 4.82592 57.5301 121.682
      vertex 5.1723 56.8277 121.885
    endloop
  endfacet
  facet normal -0.143925 0.215566 0.965825
    outer loop
      vertex 5.41473 57.0137 121.885
      vertex 4.82592 57.5301 121.682
      vertex 5.28742 56.9287 121.885
    endloop
  endfacet
  facet normal -0.123327 0.0418921 0.991481
    outer loop
      vertex 4.91856 56.4479 121.885
      vertex 4.86934 56.303 121.885
      vertex 5.62095 56.1016 121.987
    endloop
  endfacet
  facet normal -0.196005 -0.577398 0.792586
    outer loop
      vertex 4.72435 2.92032 120.989
      vertex 4.48608 2.34506 120.511
      vertex 4.97609 2.17872 120.511
    endloop
  endfacet
  facet normal -0.0398828 -0.60845 0.792589
    outer loop
      vertex 6 2.66658 120.989
      vertex 5.5649 2.6951 120.989
      vertex 6 2.04392 120.511
    endloop
  endfacet
  facet normal -0.27801 -0.416071 0.865792
    outer loop
      vertex 4.38451 3.89465 121.381
      vertex 4.33329 3.11317 120.989
      vertex 4.67313 3.7018 121.381
    endloop
  endfacet
  facet normal -0.0976186 -0.49079 0.865792
    outer loop
      vertex 5.31316 3.43669 121.381
      vertex 5.13725 2.78016 120.989
      vertex 5.5649 2.6951 120.989
    endloop
  endfacet
  facet normal -0.269691 -0.546877 0.792586
    outer loop
      vertex 4.72435 2.92032 120.989
      vertex 4.33329 3.11317 120.989
      vertex 4.48608 2.34506 120.511
    endloop
  endfacet
  facet normal -0.221322 -0.448799 0.865792
    outer loop
      vertex 4.67313 3.7018 121.381
      vertex 4.33329 3.11317 120.989
      vertex 4.98446 3.54827 121.381
    endloop
  endfacet
  facet normal -0.0519362 -0.792447 0.607726
    outer loop
      vertex 5.41119 1.52755 119.956
      vertex 5.34883 1.05386 119.333
      vertex 6 1.48896 119.956
    endloop
  endfacet
  facet normal -0.0462947 -0.706369 0.706328
    outer loop
      vertex 5.48363 2.07777 120.511
      vertex 5.41119 1.52755 119.956
      vertex 6 1.48896 119.956
    endloop
  endfacet
  facet normal -0.138105 -0.694282 0.706328
    outer loop
      vertex 5.48363 2.07777 120.511
      vertex 4.83246 1.64267 119.956
      vertex 5.41119 1.52755 119.956
    endloop
  endfacet
  facet normal -0.138095 -0.69429 0.706322
    outer loop
      vertex 4.97609 2.17872 120.511
      vertex 4.83246 1.64267 119.956
      vertex 5.48363 2.07777 120.511
    endloop
  endfacet
  facet normal -0.255265 -0.752001 0.607728
    outer loop
      vertex 4.83246 1.64267 119.956
      vertex 4.2737 1.83234 119.956
      vertex 4.7088 1.18117 119.333
    endloop
  endfacet
  facet normal -0.22754 -0.670324 0.706322
    outer loop
      vertex 4.97609 2.17872 120.511
      vertex 4.2737 1.83234 119.956
      vertex 4.83246 1.64267 119.956
    endloop
  endfacet
  facet normal 0.22755 -0.670311 0.706331
    outer loop
      vertex 91.5139 2.34506 120.511
      vertex 91.0239 2.17872 120.511
      vertex 91.7263 1.83234 119.956
    endloop
  endfacet
  facet normal 0.3131 -0.634873 0.706332
    outer loop
      vertex 91.978 2.57394 120.511
      vertex 91.5139 2.34506 120.511
      vertex 91.7263 1.83234 119.956
    endloop
  endfacet
  facet normal 0.351239 -0.712261 0.607714
    outer loop
      vertex 92.4944 1.67956 119.333
      vertex 91.7263 1.83234 119.956
      vertex 91.9091 1.39093 119.333
    endloop
  endfacet
  facet normal 0.255284 -0.752004 0.607717
    outer loop
      vertex 91.7263 1.83234 119.956
      vertex 91.2912 1.18117 119.333
      vertex 91.9091 1.39093 119.333
    endloop
  endfacet
  facet normal 0.213397 -0.319348 0.923298
    outer loop
      vertex 91.6155 3.89465 121.381
      vertex 90.9643 4.32975 121.682
      vertex 91.3269 3.7018 121.381
    endloop
  endfacet
  facet normal 0.0575823 -0.116831 0.991481
    outer loop
      vertex 90.5853 4.98628 121.885
      vertex 90.1502 5.63745 121.987
      vertex 90.4479 4.91856 121.885
    endloop
  endfacet
  facet normal 0.0418921 -0.123327 0.991481
    outer loop
      vertex 90.4479 4.91856 121.885
      vertex 90.1016 5.62095 121.987
      vertex 90.303 4.86934 121.885
    endloop
  endfacet
  facet normal 0.0833571 -0.245397 0.965832
    outer loop
      vertex 90.4479 4.91856 121.885
      vertex 90.303 4.86934 121.885
      vertex 90.7381 4.21817 121.682
    endloop
  endfacet
  facet normal 0.0327221 -0.499336 0.86579
    outer loop
      vertex 90.3464 3.36897 121.381
      vertex 90 3.34627 121.381
      vertex 90.4351 2.6951 120.989
    endloop
  endfacet
  facet normal 0.0327303 -0.499332 0.865793
    outer loop
      vertex 90 3.34627 121.381
      vertex 90 2.66658 120.989
      vertex 90.4351 2.6951 120.989
    endloop
  endfacet
  facet normal 0.221305 -0.448808 0.865792
    outer loop
      vertex 91.6667 3.11317 120.989
      vertex 91.0155 3.54827 121.381
      vertex 91.2756 2.92032 120.989
    endloop
  endfacet
  facet normal 0.269665 -0.54688 0.792593
    outer loop
      vertex 91.6667 3.11317 120.989
      vertex 91.2756 2.92032 120.989
      vertex 91.5139 2.34506 120.511
    endloop
  endfacet
  facet normal 0.490795 -0.0976655 0.865784
    outer loop
      vertex 93.3049 5.5649 120.989
      vertex 92.5633 5.31316 121.381
      vertex 93.2198 5.13725 120.989
    endloop
  endfacet
  facet normal 0.490779 -0.0975907 0.865801
    outer loop
      vertex 92.631 5.65362 121.381
      vertex 92.5633 5.31316 121.381
      vertex 93.3049 5.5649 120.989
    endloop
  endfacet
  facet normal 0.25422 -0.0504478 0.96583
    outer loop
      vertex 91.1605 5.84721 121.885
      vertex 91.1307 5.69704 121.885
      vertex 91.9121 5.74826 121.682
    endloop
  endfacet
  facet normal 0.258632 -0.0169273 0.965828
    outer loop
      vertex 91.1705 6 121.885
      vertex 91.1605 5.84721 121.885
      vertex 91.9121 5.74826 121.682
    endloop
  endfacet
  facet normal 0.123331 -0.0418716 0.991482
    outer loop
      vertex 90.379 5.89843 121.987
      vertex 90.3625 5.84983 121.987
      vertex 91.0814 5.55205 121.885
    endloop
  endfacet
  facet normal 0.116819 -0.0575928 0.991482
    outer loop
      vertex 91.0814 5.55205 121.885
      vertex 90.3625 5.84983 121.987
      vertex 91.0137 5.41473 121.885
    endloop
  endfacet
  facet normal 0.245443 -0.0833245 0.965823
    outer loop
      vertex 91.8629 5.50083 121.682
      vertex 91.1307 5.69704 121.885
      vertex 91.7818 5.26194 121.682
    endloop
  endfacet
  facet normal 0.363706 -0.123473 0.923294
    outer loop
      vertex 91.8629 5.50083 121.682
      vertex 91.7818 5.26194 121.682
      vertex 92.5633 5.31316 121.381
    endloop
  endfacet
  facet normal 0.0979834 -0.0858212 0.991481
    outer loop
      vertex 90.3113 5.76111 121.987
      vertex 90.2775 5.72252 121.987
      vertex 90.8277 5.1723 121.885
    endloop
  endfacet
  facet normal 0.0858768 -0.0979275 0.991481
    outer loop
      vertex 90.2775 5.72252 121.987
      vertex 90.2389 5.68867 121.987
      vertex 90.8277 5.1723 121.885
    endloop
  endfacet
  facet normal 0.215458 -0.144022 0.965834
    outer loop
      vertex 91.0137 5.41473 121.885
      vertex 90.9286 5.28742 121.885
      vertex 91.5301 4.82592 121.682
    endloop
  endfacet
  facet normal 0.194896 -0.170822 0.965834
    outer loop
      vertex 90.9286 5.28742 121.885
      vertex 90.8277 5.1723 121.885
      vertex 91.5301 4.82592 121.682
    endloop
  endfacet
  facet normal 0.458436 -0.402039 0.792592
    outer loop
      vertex 92.6446 3.97074 120.989
      vertex 92.3571 3.64291 120.989
      vertex 92.7974 3.20263 120.511
    endloop
  endfacet
  facet normal 0.458433 -0.40204 0.792593
    outer loop
      vertex 93.1386 3.59169 120.511
      vertex 92.6446 3.97074 120.989
      vertex 92.7974 3.20263 120.511
    endloop
  endfacet
  facet normal 0.376252 -0.329858 0.865811
    outer loop
      vertex 92.1053 4.38451 121.381
      vertex 91.8765 4.12353 121.381
      vertex 92.6446 3.97074 120.989
    endloop
  endfacet
  facet normal 0.288832 -0.253218 0.923286
    outer loop
      vertex 92.1053 4.38451 121.381
      vertex 91.5301 4.82592 121.682
      vertex 91.8765 4.12353 121.381
    endloop
  endfacet
  facet normal 0.344499 -0.169854 0.923293
    outer loop
      vertex 92.4517 4.98446 121.381
      vertex 91.7818 5.26194 121.682
      vertex 92.2982 4.67313 121.381
    endloop
  endfacet
  facet normal 0.319326 -0.213422 0.923299
    outer loop
      vertex 92.2982 4.67313 121.381
      vertex 91.6702 5.03568 121.682
      vertex 92.1053 4.38451 121.381
    endloop
  endfacet
  facet normal -0.0723642 -0.108295 0.991481
    outer loop
      vertex 5.76111 5.68867 121.987
      vertex 5.28742 5.07135 121.885
      vertex 5.41473 4.98628 121.885
    endloop
  endfacet
  facet normal 0.277924 0.416083 0.865813
    outer loop
      vertex 91.6667 58.8868 120.989
      vertex 91.6155 58.1053 121.381
      vertex 92.0293 58.6446 120.989
    endloop
  endfacet
  facet normal 0.27809 0.416053 0.865775
    outer loop
      vertex 91.6667 58.8868 120.989
      vertex 91.3269 58.2982 121.381
      vertex 91.6155 58.1053 121.381
    endloop
  endfacet
  facet normal 0.288839 0.25321 0.923286
    outer loop
      vertex 91.8765 57.8765 121.381
      vertex 91.3638 57.3638 121.682
      vertex 91.5301 57.1741 121.682
    endloop
  endfacet
  facet normal 0.25321 0.288839 0.923286
    outer loop
      vertex 91.8765 57.8765 121.381
      vertex 91.1741 57.5301 121.682
      vertex 91.3638 57.3638 121.682
    endloop
  endfacet
  facet normal -0.128288 -0.0255176 -0.991409
    outer loop
      vertex 4.86934 5.69704 0.115288
      vertex 4.83947 5.84721 0.115288
      vertex 5.62095 5.89843 0.012846
    endloop
  endfacet
  facet normal -0.128289 0.0255127 -0.991409
    outer loop
      vertex 5.62095 56.1016 0.012846
      vertex 4.83947 56.1528 0.115288
      vertex 4.86934 56.303 0.115288
    endloop
  endfacet
  facet normal 0.254373 -0.0504782 -0.965788
    outer loop
      vertex 91.9121 5.74826 0.318419
      vertex 91.1307 5.69704 0.115288
      vertex 91.1605 5.84721 0.115288
    endloop
  endfacet
  facet normal 0.232601 -0.114674 -0.965788
    outer loop
      vertex 91.7818 5.26194 0.318419
      vertex 91.0137 5.41473 0.115288
      vertex 91.0814 5.55205 0.115288
    endloop
  endfacet
  facet normal 0.108746 -0.0726909 -0.991408
    outer loop
      vertex 90.9286 5.28742 0.115288
      vertex 90.3113 5.76111 0.012846
      vertex 91.0137 5.41473 0.115288
    endloop
  endfacet
  facet normal 0.0983671 -0.0862164 -0.991408
    outer loop
      vertex 90.8277 5.1723 0.115288
      vertex 90.3113 5.76111 0.012846
      vertex 90.9286 5.28742 0.115288
    endloop
  endfacet
  facet normal -0.144082 -0.215629 -0.965787
    outer loop
      vertex 5.03568 4.32975 0.318419
      vertex 4.82592 4.46991 0.318419
      vertex 5.41473 4.98628 0.115288
    endloop
  endfacet
  facet normal -0.318769 -0.212999 -0.92359
    outer loop
      vertex 4.46991 4.82592 0.318419
      vertex 3.89465 4.38451 0.618763
      vertex 4.32975 5.03568 0.318419
    endloop
  endfacet
  facet normal -0.212999 -0.318769 -0.92359
    outer loop
      vertex 5.03568 4.32975 0.318419
      vertex 4.38451 3.89465 0.618763
      vertex 4.82592 4.46991 0.318419
    endloop
  endfacet
  facet normal -0.0983446 0.0862426 -0.991408
    outer loop
      vertex 5.68867 56.2389 0.012846
      vertex 5.1723 56.8277 0.115288
      vertex 5.72252 56.2775 0.012846
    endloop
  endfacet
  facet normal -0.0255176 -0.128288 -0.991409
    outer loop
      vertex 5.84721 4.83947 0.115288
      vertex 5.69704 4.86934 0.115288
      vertex 5.89843 5.62095 0.012846
    endloop
  endfacet
  facet normal -0.117312 -0.057853 -0.991409
    outer loop
      vertex 4.98628 5.41473 0.115288
      vertex 4.91856 5.55205 0.115288
      vertex 5.63745 5.84983 0.012846
    endloop
  endfacet
  facet normal -0.0726268 0.108778 -0.991409
    outer loop
      vertex 5.76111 56.3113 0.012846
      vertex 5.28742 56.9287 0.115288
      vertex 5.41473 57.0137 0.115288
    endloop
  endfacet
  facet normal -0.057853 -0.117312 -0.991409
    outer loop
      vertex 5.55205 4.91856 0.115288
      vertex 5.41473 4.98628 0.115288
      vertex 5.84983 5.63745 0.012846
    endloop
  endfacet
  facet normal 0.0578796 0.117289 -0.99141
    outer loop
      vertex 90.1962 56.3398 0.012846
      vertex 90.1502 56.3625 0.012846
      vertex 90.5853 57.0137 0.115288
    endloop
  endfacet
  facet normal -0.128292 0.0254801 -0.991409
    outer loop
      vertex 5.61094 56.0512 0.012846
      vertex 4.83947 56.1528 0.115288
      vertex 5.62095 56.1016 0.012846
    endloop
  endfacet
  facet normal -0.0505974 -0.254354 -0.965787
    outer loop
      vertex 5.74826 4.08786 0.318419
      vertex 5.50083 4.13708 0.318419
      vertex 5.69704 4.86934 0.115288
    endloop
  endfacet
  facet normal -0.0747988 -0.376015 -0.92359
    outer loop
      vertex 5.74826 4.08786 0.318419
      vertex 5.31316 3.43669 0.618763
      vertex 5.50083 4.13708 0.318419
    endloop
  endfacet
  facet normal -0.376519 -0.330208 -0.865561
    outer loop
      vertex 4.12353 4.12353 0.618763
      vertex 3.35542 3.97074 1.01118
      vertex 3.89465 4.38451 0.618763
    endloop
  endfacet
  facet normal -0.194979 -0.170996 -0.965786
    outer loop
      vertex 4.63625 4.63625 0.318419
      vertex 4.46991 4.82592 0.318419
      vertex 5.1723 5.1723 0.115288
    endloop
  endfacet
  facet normal -0.449155 -0.221499 -0.865562
    outer loop
      vertex 3.11317 4.33329 1.01118
      vertex 2.92032 4.72435 1.01118
      vertex 3.54827 4.98446 0.618763
    endloop
  endfacet
  facet normal -0.330208 -0.376519 -0.865561
    outer loop
      vertex 4.38451 3.89465 0.618763
      vertex 3.97074 3.35542 1.01118
      vertex 4.12353 4.12353 0.618763
    endloop
  endfacet
  facet normal -0.25878 -0.0169614 -0.965787
    outer loop
      vertex 4.08786 5.74826 0.318419
      vertex 4.07136 6 0.318419
      vertex 4.82946 6 0.115288
    endloop
  endfacet
  facet normal -0.343847 -0.169566 -0.923589
    outer loop
      vertex 3.7018 4.67313 0.618763
      vertex 3.54827 4.98446 0.618763
      vertex 4.21817 5.26194 0.318419
    endloop
  endfacet
  facet normal 0.169051 -0.849835 -0.499201
    outer loop
      vertex 91.3928 0.802124 3.34627
      vertex 90.6512 1.05386 2.66658
      vertex 91.2912 1.18117 2.66658
    endloop
  endfacet
  facet normal 0.169037 -0.849845 -0.49919
    outer loop
      vertex 90.7024 0.664801 3.34627
      vertex 90.6512 1.05386 2.66658
      vertex 91.3928 0.802124 3.34627
    endloop
  endfacet
  facet normal 0 -0.866027 -0.499998
    outer loop
      vertex 6 1.01118 2.66658
      vertex 90 0.618763 3.34627
      vertex 6 0.618763 3.34627
    endloop
  endfacet
  facet normal 0 -0.866027 -0.499998
    outer loop
      vertex 90 0.618763 3.34627
      vertex 6 1.01118 2.66658
      vertex 90 1.01118 2.66658
    endloop
  endfacet
  facet normal -0.269614 -0.546719 -0.792721
    outer loop
      vertex 4.48608 2.34506 1.48896
      vertex 4.02196 2.57394 1.48896
      vertex 4.33329 3.11317 1.01118
    endloop
  endfacet
  facet normal -0.0463038 -0.706348 -0.706348
    outer loop
      vertex 6 1.48896 2.04392
      vertex 5.48363 2.07777 1.48896
      vertex 6 2.04392 1.48896
    endloop
  endfacet
  facet normal -0.0519292 -0.792285 -0.607937
    outer loop
      vertex 6 1.01118 2.66658
      vertex 5.34883 1.05386 2.66658
      vertex 6 1.48896 2.04392
    endloop
  endfacet
  facet normal -0.0566712 -0.864635 -0.499194
    outer loop
      vertex 6 0.618763 3.34627
      vertex 5.34883 1.05386 2.66658
      vertex 6 1.01118 2.66658
    endloop
  endfacet
  facet normal -0.313087 -0.63486 -0.706349
    outer loop
      vertex 4.2737 1.83234 2.04392
      vertex 3.74448 2.09333 2.04392
      vertex 4.02196 2.57394 1.48896
    endloop
  endfacet
  facet normal -0.195942 -0.577231 -0.792724
    outer loop
      vertex 4.97609 2.17872 1.48896
      vertex 4.72435 2.92032 1.01118
      vertex 5.13725 2.78016 1.01118
    endloop
  endfacet
  facet normal 0 0.382681 -0.923881
    outer loop
      vertex 6 57.9286 0.318419
      vertex 90 58.6537 0.618763
      vertex 90 57.9286 0.318419
    endloop
  endfacet
  facet normal 0 0.382681 -0.923881
    outer loop
      vertex 90 58.6537 0.618763
      vertex 6 57.9286 0.318419
      vertex 6 58.6537 0.618763
    endloop
  endfacet
  facet normal 0.0250785 0.382561 -0.92359
    outer loop
      vertex 90.2517 57.9121 0.318419
      vertex 90 57.9286 0.318419
      vertex 90 58.6537 0.618763
    endloop
  endfacet
  facet normal -0.31297 0.634859 -0.706401
    outer loop
      vertex 4.48608 59.6549 1.48896
      vertex 4.02196 59.4261 1.48896
      vertex 4.2737 60.1677 2.04392
    endloop
  endfacet
  facet normal -0.227596 0.67022 -0.706403
    outer loop
      vertex 4.48608 59.6549 1.48896
      vertex 4.2737 60.1677 2.04392
      vertex 4.97609 59.8213 1.48896
    endloop
  endfacet
  facet normal -0.118963 0.597821 -0.792753
    outer loop
      vertex 5.13725 59.2198 1.01118
      vertex 4.97609 59.8213 1.48896
      vertex 5.5649 59.3049 1.01118
    endloop
  endfacet
  facet normal -0.0977434 0.491186 -0.865553
    outer loop
      vertex 5.31316 58.5633 0.618763
      vertex 5.13725 59.2198 1.01118
      vertex 5.5649 59.3049 1.01118
    endloop
  endfacet
  facet normal 0.245493 0.0835253 -0.965793
    outer loop
      vertex 91.1307 56.303 0.115288
      vertex 91.0814 56.4479 0.115288
      vertex 91.7818 56.7381 0.318419
    endloop
  endfacet
  facet normal 0.123822 0.0421287 -0.99141
    outer loop
      vertex 91.1307 56.303 0.115288
      vertex 90.379 56.1016 0.012846
      vertex 91.0814 56.4479 0.115288
    endloop
  endfacet
  facet normal 0.37601 0.0747823 -0.923593
    outer loop
      vertex 92.631 56.3464 0.618763
      vertex 91.9121 56.2517 0.318419
      vertex 92.5633 56.6868 0.618763
    endloop
  endfacet
  facet normal 0.343887 0.169514 -0.923584
    outer loop
      vertex 92.4517 57.0155 0.618763
      vertex 91.7818 56.7381 0.318419
      vertex 92.2982 57.3269 0.618763
    endloop
  endfacet
  facet normal 0.491179 0.0977306 -0.865558
    outer loop
      vertex 93.3049 56.4351 1.01118
      vertex 92.5633 56.6868 0.618763
      vertex 93.2198 56.8628 1.01118
    endloop
  endfacet
  facet normal 0.474233 0.16095 -0.865562
    outer loop
      vertex 93.2198 56.8628 1.01118
      vertex 92.5633 56.6868 0.618763
      vertex 93.0797 57.2756 1.01118
    endloop
  endfacet
  facet normal 0.07263 0.108774 -0.99141
    outer loop
      vertex 90.7126 56.9287 0.115288
      vertex 90.2389 56.3113 0.012846
      vertex 90.5853 57.0137 0.115288
    endloop
  endfacet
  facet normal 0.278146 0.416415 -0.865583
    outer loop
      vertex 92.0293 58.6446 1.01118
      vertex 91.6155 58.1053 0.618763
      vertex 91.6667 58.8868 1.01118
    endloop
  endfacet
  facet normal 0.050469 0.254377 -0.965787
    outer loop
      vertex 90.303 57.1307 0.115288
      vertex 90.1528 57.1605 0.115288
      vertex 90.2517 57.9121 0.318419
    endloop
  endfacet
  facet normal 0.0421287 0.123822 -0.99141
    outer loop
      vertex 90.4479 57.0814 0.115288
      vertex 90.1016 56.379 0.012846
      vertex 90.303 57.1307 0.115288
    endloop
  endfacet
  facet normal 0.0726281 -0.108777 -0.99141
    outer loop
      vertex 90.5853 4.98628 0.115288
      vertex 90.1962 5.66016 0.012846
      vertex 90.2389 5.68867 0.012846
    endloop
  endfacet
  facet normal 0.114749 0.232583 -0.965784
    outer loop
      vertex 90.9643 57.6702 0.318419
      vertex 90.5853 57.0137 0.115288
      vertex 90.7381 57.7818 0.318419
    endloop
  endfacet
  facet normal -0.0726547 -0.108765 -0.991409
    outer loop
      vertex 5.80379 5.66016 0.012846
      vertex 5.41473 4.98628 0.115288
      vertex 5.76111 5.68867 0.012846
    endloop
  endfacet
  facet normal 0.416415 0.278146 -0.865583
    outer loop
      vertex 92.8868 57.6667 1.01118
      vertex 92.1053 57.6155 0.618763
      vertex 92.6446 58.0293 1.01118
    endloop
  endfacet
  facet normal 0.416385 0.278311 -0.865544
    outer loop
      vertex 92.2982 57.3269 0.618763
      vertex 92.1053 57.6155 0.618763
      vertex 92.8868 57.6667 1.01118
    endloop
  endfacet
  facet normal -0.670293 -0.227539 -0.706352
    outer loop
      vertex 2.34506 4.48608 1.48896
      vertex 1.83234 4.2737 2.04392
      vertex 2.17872 4.97609 1.48896
    endloop
  endfacet
  facet normal -0.577231 -0.195948 -0.792722
    outer loop
      vertex 2.34506 4.48608 1.48896
      vertex 2.17872 4.97609 1.48896
      vertex 2.92032 4.72435 1.01118
    endloop
  endfacet
  facet normal -0.947502 -0.188469 -0.258299
    outer loop
      vertex 0.315804 4.47692 4.82946
      vertex 0.165632 5.23189 4.82946
      vertex 0.367025 5.2584 4.07136
    endloop
  endfacet
  facet normal -0.751841 -0.659344 0
    outer loop
      vertex 1.76644 1.76644 5.60758
      vertex 1.25007 2.35525 116.392
      vertex 1.25007 2.35525 5.60758
    endloop
  endfacet
  facet normal -0.751841 -0.659344 0
    outer loop
      vertex 1.25007 2.35525 116.392
      vertex 1.76644 1.76644 5.60758
      vertex 1.76644 1.76644 116.392
    endloop
  endfacet
  facet normal -0.221498 -0.449157 -0.865562
    outer loop
      vertex 4.98446 3.54827 0.618763
      vertex 4.33329 3.11317 1.01118
      vertex 4.67313 3.7018 0.618763
    endloop
  endfacet
  facet normal -0.227532 -0.6703 -0.706348
    outer loop
      vertex 4.83246 1.64267 2.04392
      vertex 4.2737 1.83234 2.04392
      vertex 4.97609 2.17872 1.48896
    endloop
  endfacet
  facet normal -0.227539 -0.670293 -0.706352
    outer loop
      vertex 4.97609 2.17872 1.48896
      vertex 4.2737 1.83234 2.04392
      vertex 4.48608 2.34506 1.48896
    endloop
  endfacet
  facet normal -0.278522 -0.82051 -0.499188
    outer loop
      vertex 4.7088 1.18117 2.66658
      vertex 3.94069 1.02839 3.34627
      vertex 4.09086 1.39093 2.66658
    endloop
  endfacet
  facet normal -0.118917 -0.59787 -0.792723
    outer loop
      vertex 5.48363 2.07777 1.48896
      vertex 4.97609 2.17872 1.48896
      vertex 5.5649 2.6951 1.01118
    endloop
  endfacet
  facet normal -0.441109 -0.660179 -0.607936
    outer loop
      vertex 3.50559 1.67956 2.66658
      vertex 2.963 2.0421 2.66658
      vertex 3.25385 2.42115 2.04392
    endloop
  endfacet
  facet normal -0.29707 -0.875118 -0.381993
    outer loop
      vertex 4.60723 0.802124 3.34627
      vertex 3.82575 0.750903 4.07136
      vertex 3.94069 1.02839 3.34627
    endloop
  endfacet
  facet normal -0.297062 -0.875124 -0.381984
    outer loop
      vertex 4.5295 0.512014 4.07136
      vertex 3.82575 0.750903 4.07136
      vertex 4.60723 0.802124 3.34627
    endloop
  endfacet
  facet normal -0.0983456 -0.0862403 -0.991408
    outer loop
      vertex 5.1723 5.1723 0.115288
      vertex 5.07135 5.28742 0.115288
      vertex 5.68867 5.76111 0.012846
    endloop
  endfacet
  facet normal -0.123862 0.0420518 -0.991408
    outer loop
      vertex 5.62095 56.1016 0.012846
      vertex 4.91856 56.4479 0.115288
      vertex 5.63745 56.1502 0.012846
    endloop
  endfacet
  facet normal 0.0579007 -0.11728 -0.99141
    outer loop
      vertex 90.5853 4.98628 0.115288
      vertex 90.1502 5.63745 0.012846
      vertex 90.1962 5.66016 0.012846
    endloop
  endfacet
  facet normal -0.108777 0.0726281 -0.99141
    outer loop
      vertex 5.66016 56.1962 0.012846
      vertex 4.98628 56.5853 0.115288
      vertex 5.68867 56.2389 0.012846
    endloop
  endfacet
  facet normal -0.694828 -0.609343 -0.381988
    outer loop
      vertex 2.19489 2.19489 3.34627
      vertex 1.4925 2.54127 4.07136
      vertex 1.73078 2.72411 3.34627
    endloop
  endfacet
  facet normal -0.768414 -0.513444 -0.381988
    outer loop
      vertex 1.4925 2.54127 4.07136
      vertex 1.33971 3.30938 3.34627
      vertex 1.73078 2.72411 3.34627
    endloop
  endfacet
  facet normal -0.660179 -0.441109 -0.607936
    outer loop
      vertex 2.0421 2.963 2.66658
      vertex 1.67956 3.50559 2.66658
      vertex 2.42115 3.25385 2.04392
    endloop
  endfacet
  facet normal -0.532195 -0.466728 -0.706352
    outer loop
      vertex 3.20263 3.20263 1.48896
      vertex 2.81021 2.81021 2.04392
      vertex 2.86143 3.59169 1.48896
    endloop
  endfacet
  facet normal -0.609355 -0.694823 -0.381978
    outer loop
      vertex 2.54127 1.4925 4.07136
      vertex 1.98252 1.98252 4.07136
      vertex 2.19489 2.19489 3.34627
    endloop
  endfacet
  facet normal -0.636976 -0.726318 -0.258308
    outer loop
      vertex 2.54127 1.4925 4.07136
      vertex 1.83888 1.83888 4.82946
      vertex 1.98252 1.98252 4.07136
    endloop
  endfacet
  facet normal -0.318706 -0.938882 0.130106
    outer loop
      vertex 4.47692 0.315804 117.171
      vertex 3.70881 0.468591 116.392
      vertex 4.45041 0.216853 116.392
    endloop
  endfacet
  facet normal -0.193431 -0.972449 0.130106
    outer loop
      vertex 4.47692 0.315804 117.171
      vertex 4.45041 0.216853 116.392
      vertex 5.23189 0.165632 117.171
    endloop
  endfacet
  facet normal -0.972449 -0.193431 0.130106
    outer loop
      vertex 0.315804 4.47692 117.171
      vertex 0.165632 5.23189 117.171
      vertex 0.216853 4.45041 116.392
    endloop
  endfacet
  facet normal -0.938882 -0.318706 0.130106
    outer loop
      vertex 0.315804 4.47692 117.171
      vertex 0.216853 4.45041 116.392
      vertex 0.468591 3.70881 116.392
    endloop
  endfacet
  facet normal -0.634883 -0.313091 0.706327
    outer loop
      vertex 2.34506 4.48608 120.511
      vertex 1.83234 4.2737 119.956
      vertex 2.57394 4.02196 120.511
    endloop
  endfacet
  facet normal -0.499335 -0.0327239 0.865791
    outer loop
      vertex 3.34627 6 121.381
      vertex 2.6951 5.5649 120.989
      vertex 3.36897 5.65362 121.381
    endloop
  endfacet
  facet normal -0.258625 -0.0169512 0.965829
    outer loop
      vertex 4.82946 6 121.885
      vertex 4.07136 6 121.682
      vertex 4.08786 5.74826 121.682
    endloop
  endfacet
  facet normal -0.383278 -0.0251215 0.923292
    outer loop
      vertex 4.07136 6 121.682
      vertex 3.34627 6 121.381
      vertex 4.08786 5.74826 121.682
    endloop
  endfacet
  facet normal -0.38315 -0.776934 0.499569
    outer loop
      vertex 4.09086 1.39093 119.333
      vertex 3.50559 1.67956 119.333
      vertex 3.94069 1.02839 118.654
    endloop
  endfacet
  facet normal -0.351248 -0.712244 0.607727
    outer loop
      vertex 4.2737 1.83234 119.956
      vertex 3.50559 1.67956 119.333
      vertex 4.09086 1.39093 119.333
    endloop
  endfacet
  facet normal -0.408735 -0.828853 0.38202
    outer loop
      vertex 3.30938 1.33971 118.654
      vertex 3.15921 1.07961 117.929
      vertex 3.94069 1.02839 118.654
    endloop
  endfacet
  facet normal -0.297057 -0.875108 0.382025
    outer loop
      vertex 4.60723 0.802124 118.654
      vertex 3.82575 0.750903 117.929
      vertex 4.5295 0.512014 117.929
    endloop
  endfacet
  facet normal -0.875102 -0.297065 0.382033
    outer loop
      vertex 0.802124 4.60723 118.654
      vertex 0.750903 3.82575 117.929
      vertex 1.02839 3.94069 118.654
    endloop
  endfacet
  facet normal -0.597072 -0.523616 0.607727
    outer loop
      vertex 2.42115 3.25385 119.956
      vertex 2.0421 2.963 119.333
      vertex 2.81021 2.81021 119.956
    endloop
  endfacet
  facet normal -0.694811 -0.609344 0.382018
    outer loop
      vertex 2.19489 2.19489 118.654
      vertex 1.4925 2.54127 117.929
      vertex 1.98252 1.98252 117.929
    endloop
  endfacet
  facet normal -0.636971 -0.726312 0.25834
    outer loop
      vertex 1.98252 1.98252 117.929
      vertex 1.83888 1.83888 117.171
      vertex 2.54127 1.4925 117.929
    endloop
  endfacet
  facet normal -0.660312 -0.441198 0.607727
    outer loop
      vertex 2.42115 3.25385 119.956
      vertex 1.67956 3.50559 119.333
      vertex 2.0421 2.963 119.333
    endloop
  endfacet
  facet normal -0.720284 -0.481269 0.499571
    outer loop
      vertex 2.0421 2.963 119.333
      vertex 1.67956 3.50559 119.333
      vertex 1.73078 2.72411 118.654
    endloop
  endfacet
  facet normal -0.00851481 -0.129968 0.991482
    outer loop
      vertex 5.94878 5.61094 121.987
      vertex 5.84721 4.83947 121.885
      vertex 6 4.82946 121.885
    endloop
  endfacet
  facet normal -0.0253968 -0.127745 0.991482
    outer loop
      vertex 5.89843 5.62095 121.987
      vertex 5.84721 4.83947 121.885
      vertex 5.94878 5.61094 121.987
    endloop
  endfacet
  facet normal -0.213395 -0.319362 0.923293
    outer loop
      vertex 4.82592 4.46991 121.682
      vertex 4.38451 3.89465 121.381
      vertex 5.03568 4.32975 121.682
    endloop
  endfacet
  facet normal -0.169883 -0.344486 0.923293
    outer loop
      vertex 5.03568 4.32975 121.682
      vertex 4.67313 3.7018 121.381
      vertex 5.26194 4.21817 121.682
    endloop
  endfacet
  facet normal -0.383275 0.0251165 0.923293
    outer loop
      vertex 3.36897 56.3464 121.381
      vertex 3.34627 56 121.381
      vertex 4.08786 56.2517 121.682
    endloop
  endfacet
  facet normal -0.258625 0.0169539 0.965829
    outer loop
      vertex 4.08786 56.2517 121.682
      vertex 4.07136 56 121.682
      vertex 4.82946 56 121.885
    endloop
  endfacet
  facet normal -0.127745 -0.0253968 0.991482
    outer loop
      vertex 5.61094 5.94878 121.987
      vertex 4.83947 5.84721 121.885
      vertex 5.62095 5.89843 121.987
    endloop
  endfacet
  facet normal 0 0 1
    outer loop
      vertex 90 56.3924 121.987
      vertex 90.3924 56 121.987
      vertex 90.3891 56.0512 121.987
    endloop
  endfacet
  facet normal 0 0 1
    outer loop
      vertex 90.3924 56 121.987
      vertex 58 31 121.987
      vertex 90.3924 6 121.987
    endloop
  endfacet
  facet normal 0 0 1
    outer loop
      vertex 90 56.3924 121.987
      vertex 90.3891 56.0512 121.987
      vertex 90.379 56.1016 121.987
    endloop
  endfacet
  facet normal -0 0 1
    outer loop
      vertex 57.9144 29.6947 121.987
      vertex 90.3924 6 121.987
      vertex 58 31 121.987
    endloop
  endfacet
  facet normal 0 0 1
    outer loop
      vertex 90 56.3924 121.987
      vertex 90.379 56.1016 121.987
      vertex 90.3625 56.1502 121.987
    endloop
  endfacet
  facet normal -0 0 1
    outer loop
      vertex 57.6593 28.4118 121.987
      vertex 90.3924 6 121.987
      vertex 57.9144 29.6947 121.987
    endloop
  endfacet
  facet normal 0 0 1
    outer loop
      vertex 90 56.3924 121.987
      vertex 90.3625 56.1502 121.987
      vertex 90.3398 56.1962 121.987
    endloop
  endfacet
  facet normal -0 0 1
    outer loop
      vertex 57.2388 27.1732 121.987
      vertex 90.3924 6 121.987
      vertex 57.6593 28.4118 121.987
    endloop
  endfacet
  facet normal 0 0 1
    outer loop
      vertex 90 56.3924 121.987
      vertex 90.3398 56.1962 121.987
      vertex 90.3113 56.2389 121.987
    endloop
  endfacet
  facet normal 0 0 1
    outer loop
      vertex 90.3924 6 121.987
      vertex 90 5.60758 121.987
      vertex 90.3891 5.94878 121.987
    endloop
  endfacet
  facet normal 0 0 1
    outer loop
      vertex 90 56.3924 121.987
      vertex 90.3113 56.2389 121.987
      vertex 90.2775 56.2775 121.987
    endloop
  endfacet
  facet normal 0 0 1
    outer loop
      vertex 90.3891 5.94878 121.987
      vertex 90 5.60758 121.987
      vertex 90.379 5.89843 121.987
    endloop
  endfacet
  facet normal 0 0 1
    outer loop
      vertex 90 56.3924 121.987
      vertex 90.2775 56.2775 121.987
      vertex 90.2389 56.3113 121.987
    endloop
  endfacet
  facet normal 0 0 1
    outer loop
      vertex 90.3625 5.84983 121.987
      vertex 90 5.60758 121.987
      vertex 90.3398 5.80379 121.987
    endloop
  endfacet
  facet normal 0 0 1
    outer loop
      vertex 90 56.3924 121.987
      vertex 90.2389 56.3113 121.987
      vertex 90.1962 56.3398 121.987
    endloop
  endfacet
  facet normal 0 0 1
    outer loop
      vertex 90.3398 5.80379 121.987
      vertex 90 5.60758 121.987
      vertex 90.3113 5.76111 121.987
    endloop
  endfacet
  facet normal 0 0 1
    outer loop
      vertex 90 56.3924 121.987
      vertex 90.1962 56.3398 121.987
      vertex 90.1502 56.3625 121.987
    endloop
  endfacet
  facet normal 0 0 1
    outer loop
      vertex 57.2388 34.8268 121.987
      vertex 90.3924 56 121.987
      vertex 90 56.3924 121.987
    endloop
  endfacet
  facet normal 0 0 1
    outer loop
      vertex 90 56.3924 121.987
      vertex 90.1502 56.3625 121.987
      vertex 90.1016 56.379 121.987
    endloop
  endfacet
  facet normal 0 0 1
    outer loop
      vertex 90.2775 5.72252 121.987
      vertex 90 5.60758 121.987
      vertex 90.2389 5.68867 121.987
    endloop
  endfacet
  facet normal 0 0 1
    outer loop
      vertex 90 56.3924 121.987
      vertex 90.1016 56.379 121.987
      vertex 90.0512 56.3891 121.987
    endloop
  endfacet
  facet normal 0 0 1
    outer loop
      vertex 90.1962 5.66016 121.987
      vertex 90 5.60758 121.987
      vertex 90.1502 5.63745 121.987
    endloop
  endfacet
  facet normal 0 0 1
    outer loop
      vertex 90.1502 5.63745 121.987
      vertex 90 5.60758 121.987
      vertex 90.1016 5.62095 121.987
    endloop
  endfacet
  facet normal 0 0 1
    outer loop
      vertex 90.1016 5.62095 121.987
      vertex 90 5.60758 121.987
      vertex 90.0512 5.61094 121.987
    endloop
  endfacet
  facet normal 0 0 1
    outer loop
      vertex 90.2389 5.68867 121.987
      vertex 90 5.60758 121.987
      vertex 90.1962 5.66016 121.987
    endloop
  endfacet
  facet normal 0 0 1
    outer loop
      vertex 90.3924 56 121.987
      vertex 57.9144 32.3053 121.987
      vertex 58 31 121.987
    endloop
  endfacet
  facet normal 0 0 1
    outer loop
      vertex 90.3924 56 121.987
      vertex 57.6593 33.5882 121.987
      vertex 57.9144 32.3053 121.987
    endloop
  endfacet
  facet normal 0 0 1
    outer loop
      vertex 90.3924 56 121.987
      vertex 57.2388 34.8268 121.987
      vertex 57.6593 33.5882 121.987
    endloop
  endfacet
  facet normal 0 0 1
    outer loop
      vertex 90 56.3924 121.987
      vertex 56.6603 36 121.987
      vertex 57.2388 34.8268 121.987
    endloop
  endfacet
  facet normal 0 0 1
    outer loop
      vertex 90 56.3924 121.987
      vertex 55.9335 37.0876 121.987
      vertex 56.6603 36 121.987
    endloop
  endfacet
  facet normal 0 0 1
    outer loop
      vertex 90 56.3924 121.987
      vertex 55.0711 38.0711 121.987
      vertex 55.9335 37.0876 121.987
    endloop
  endfacet
  facet normal 0 0 1
    outer loop
      vertex 90 56.3924 121.987
      vertex 54.0876 38.9335 121.987
      vertex 55.0711 38.0711 121.987
    endloop
  endfacet
  facet normal 0 0 1
    outer loop
      vertex 90 56.3924 121.987
      vertex 53 39.6603 121.987
      vertex 54.0876 38.9335 121.987
    endloop
  endfacet
  facet normal 0 0 1
    outer loop
      vertex 90 56.3924 121.987
      vertex 51.8268 40.2388 121.987
      vertex 53 39.6603 121.987
    endloop
  endfacet
  facet normal 0 0 1
    outer loop
      vertex 90 56.3924 121.987
      vertex 50.5882 40.6593 121.987
      vertex 51.8268 40.2388 121.987
    endloop
  endfacet
  facet normal 0 0 1
    outer loop
      vertex 90 56.3924 121.987
      vertex 49.3053 40.9144 121.987
      vertex 50.5882 40.6593 121.987
    endloop
  endfacet
  facet normal 0 0 1
    outer loop
      vertex 90 56.3924 121.987
      vertex 48 41 121.987
      vertex 49.3053 40.9144 121.987
    endloop
  endfacet
  facet normal -0 0 1
    outer loop
      vertex 6 56.3924 121.987
      vertex 48 41 121.987
      vertex 90 56.3924 121.987
    endloop
  endfacet
  facet normal 0 0 1
    outer loop
      vertex 48 41 121.987
      vertex 6 56.3924 121.987
      vertex 46.6947 40.9144 121.987
    endloop
  endfacet
  facet normal 0 0 1
    outer loop
      vertex 46.6947 40.9144 121.987
      vertex 6 56.3924 121.987
      vertex 45.4118 40.6593 121.987
    endloop
  endfacet
  facet normal 0 0 1
    outer loop
      vertex 38.3407 33.5882 121.987
      vertex 5.60758 56 121.987
      vertex 38.0856 32.3053 121.987
    endloop
  endfacet
  facet normal 0 0 1
    outer loop
      vertex 38.7612 34.8268 121.987
      vertex 5.60758 56 121.987
      vertex 38.3407 33.5882 121.987
    endloop
  endfacet
  facet normal -0 0 1
    outer loop
      vertex 5.60758 56 121.987
      vertex 38.7612 34.8268 121.987
      vertex 6 56.3924 121.987
    endloop
  endfacet
  facet normal 0 0 1
    outer loop
      vertex 39.3397 36 121.987
      vertex 6 56.3924 121.987
      vertex 38.7612 34.8268 121.987
    endloop
  endfacet
  facet normal 0 0 1
    outer loop
      vertex 40.0665 37.0876 121.987
      vertex 6 56.3924 121.987
      vertex 39.3397 36 121.987
    endloop
  endfacet
  facet normal 0 0 1
    outer loop
      vertex 40.9289 38.0711 121.987
      vertex 6 56.3924 121.987
      vertex 40.0665 37.0876 121.987
    endloop
  endfacet
  facet normal 0 0 1
    outer loop
      vertex 41.9124 38.9335 121.987
      vertex 6 56.3924 121.987
      vertex 40.9289 38.0711 121.987
    endloop
  endfacet
  facet normal 0 0 1
    outer loop
      vertex 43 39.6603 121.987
      vertex 6 56.3924 121.987
      vertex 41.9124 38.9335 121.987
    endloop
  endfacet
  facet normal 0 0 1
    outer loop
      vertex 44.1732 40.2388 121.987
      vertex 6 56.3924 121.987
      vertex 43 39.6603 121.987
    endloop
  endfacet
  facet normal 0 0 1
    outer loop
      vertex 45.4118 40.6593 121.987
      vertex 6 56.3924 121.987
      vertex 44.1732 40.2388 121.987
    endloop
  endfacet
  facet normal 0 0 1
    outer loop
      vertex 90.3113 5.76111 121.987
      vertex 90 5.60758 121.987
      vertex 90.2775 5.72252 121.987
    endloop
  endfacet
  facet normal 0 0 1
    outer loop
      vertex 90.379 5.89843 121.987
      vertex 90 5.60758 121.987
      vertex 90.3625 5.84983 121.987
    endloop
  endfacet
  facet normal 0 0 1
    outer loop
      vertex 90.3924 6 121.987
      vertex 57.2388 27.1732 121.987
      vertex 90 5.60758 121.987
    endloop
  endfacet
  facet normal -0 0 1
    outer loop
      vertex 56.6603 26 121.987
      vertex 90 5.60758 121.987
      vertex 57.2388 27.1732 121.987
    endloop
  endfacet
  facet normal -0 0 1
    outer loop
      vertex 55.9335 24.9124 121.987
      vertex 90 5.60758 121.987
      vertex 56.6603 26 121.987
    endloop
  endfacet
  facet normal -0 0 1
    outer loop
      vertex 55.0711 23.9289 121.987
      vertex 90 5.60758 121.987
      vertex 55.9335 24.9124 121.987
    endloop
  endfacet
  facet normal -0 0 1
    outer loop
      vertex 54.0876 23.0665 121.987
      vertex 90 5.60758 121.987
      vertex 55.0711 23.9289 121.987
    endloop
  endfacet
  facet normal -0 0 1
    outer loop
      vertex 53 22.3397 121.987
      vertex 90 5.60758 121.987
      vertex 54.0876 23.0665 121.987
    endloop
  endfacet
  facet normal -0 0 1
    outer loop
      vertex 51.8268 21.7612 121.987
      vertex 90 5.60758 121.987
      vertex 53 22.3397 121.987
    endloop
  endfacet
  facet normal -0 0 1
    outer loop
      vertex 50.5882 21.3407 121.987
      vertex 90 5.60758 121.987
      vertex 51.8268 21.7612 121.987
    endloop
  endfacet
  facet normal -0 0 1
    outer loop
      vertex 49.3053 21.0856 121.987
      vertex 90 5.60758 121.987
      vertex 50.5882 21.3407 121.987
    endloop
  endfacet
  facet normal -0 0 1
    outer loop
      vertex 48 21 121.987
      vertex 90 5.60758 121.987
      vertex 49.3053 21.0856 121.987
    endloop
  endfacet
  facet normal 0 0 1
    outer loop
      vertex 6 5.60758 121.987
      vertex 48 21 121.987
      vertex 46.6947 21.0856 121.987
    endloop
  endfacet
  facet normal 0 0 1
    outer loop
      vertex 6 5.60758 121.987
      vertex 46.6947 21.0856 121.987
      vertex 45.4118 21.3407 121.987
    endloop
  endfacet
  facet normal 0 0 1
    outer loop
      vertex 6 5.60758 121.987
      vertex 45.4118 21.3407 121.987
      vertex 44.1732 21.7612 121.987
    endloop
  endfacet
  facet normal 0 0 1
    outer loop
      vertex 38.0856 32.3053 121.987
      vertex 5.60758 56 121.987
      vertex 38 31 121.987
    endloop
  endfacet
  facet normal 0 0 1
    outer loop
      vertex 5.60758 6 121.987
      vertex 38 31 121.987
      vertex 5.60758 56 121.987
    endloop
  endfacet
  facet normal 0 0 1
    outer loop
      vertex 38 31 121.987
      vertex 5.60758 6 121.987
      vertex 38.0856 29.6947 121.987
    endloop
  endfacet
  facet normal 0 0 1
    outer loop
      vertex 38.0856 29.6947 121.987
      vertex 5.60758 6 121.987
      vertex 38.3407 28.4118 121.987
    endloop
  endfacet
  facet normal 0 0 1
    outer loop
      vertex 38.3407 28.4118 121.987
      vertex 5.60758 6 121.987
      vertex 38.7612 27.1732 121.987
    endloop
  endfacet
  facet normal 0 -0 1
    outer loop
      vertex 6 5.60758 121.987
      vertex 38.7612 27.1732 121.987
      vertex 5.60758 6 121.987
    endloop
  endfacet
  facet normal 0 0 1
    outer loop
      vertex 48 21 121.987
      vertex 6 5.60758 121.987
      vertex 90 5.60758 121.987
    endloop
  endfacet
  facet normal 0 0 1
    outer loop
      vertex 43 22.3397 121.987
      vertex 6 5.60758 121.987
      vertex 44.1732 21.7612 121.987
    endloop
  endfacet
  facet normal 0 0 1
    outer loop
      vertex 41.9124 23.0665 121.987
      vertex 6 5.60758 121.987
      vertex 43 22.3397 121.987
    endloop
  endfacet
  facet normal 0 0 1
    outer loop
      vertex 40.9289 23.9289 121.987
      vertex 6 5.60758 121.987
      vertex 41.9124 23.0665 121.987
    endloop
  endfacet
  facet normal 0 0 1
    outer loop
      vertex 38.7612 27.1732 121.987
      vertex 6 5.60758 121.987
      vertex 39.3397 26 121.987
    endloop
  endfacet
  facet normal 0 0 1
    outer loop
      vertex 5.60758 56 121.987
      vertex 6 56.3924 121.987
      vertex 5.94878 56.3891 121.987
    endloop
  endfacet
  facet normal 0 0 1
    outer loop
      vertex 39.3397 26 121.987
      vertex 6 5.60758 121.987
      vertex 40.0665 24.9124 121.987
    endloop
  endfacet
  facet normal 0 0 1
    outer loop
      vertex 5.60758 56 121.987
      vertex 5.94878 56.3891 121.987
      vertex 5.89843 56.379 121.987
    endloop
  endfacet
  facet normal 0 0 1
    outer loop
      vertex 40.0665 24.9124 121.987
      vertex 6 5.60758 121.987
      vertex 40.9289 23.9289 121.987
    endloop
  endfacet
  facet normal 0 0 1
    outer loop
      vertex 5.60758 56 121.987
      vertex 5.89843 56.379 121.987
      vertex 5.84983 56.3625 121.987
    endloop
  endfacet
  facet normal 0 0 1
    outer loop
      vertex 6 5.60758 121.987
      vertex 5.60758 6 121.987
      vertex 5.94878 5.61094 121.987
    endloop
  endfacet
  facet normal 0 0 1
    outer loop
      vertex 5.60758 56 121.987
      vertex 5.84983 56.3625 121.987
      vertex 5.80379 56.3398 121.987
    endloop
  endfacet
  facet normal 0 0 1
    outer loop
      vertex 5.94878 5.61094 121.987
      vertex 5.60758 6 121.987
      vertex 5.89843 5.62095 121.987
    endloop
  endfacet
  facet normal 0 0 1
    outer loop
      vertex 5.60758 56 121.987
      vertex 5.80379 56.3398 121.987
      vertex 5.76111 56.3113 121.987
    endloop
  endfacet
  facet normal 0 0 1
    outer loop
      vertex 5.89843 5.62095 121.987
      vertex 5.60758 6 121.987
      vertex 5.84983 5.63745 121.987
    endloop
  endfacet
  facet normal 0 0 1
    outer loop
      vertex 5.60758 56 121.987
      vertex 5.76111 56.3113 121.987
      vertex 5.72252 56.2775 121.987
    endloop
  endfacet
  facet normal 0 0 1
    outer loop
      vertex 5.84983 5.63745 121.987
      vertex 5.60758 6 121.987
      vertex 5.80379 5.66016 121.987
    endloop
  endfacet
  facet normal 0 0 1
    outer loop
      vertex 5.60758 56 121.987
      vertex 5.72252 56.2775 121.987
      vertex 5.68867 56.2389 121.987
    endloop
  endfacet
  facet normal 0 0 1
    outer loop
      vertex 5.80379 5.66016 121.987
      vertex 5.60758 6 121.987
      vertex 5.76111 5.68867 121.987
    endloop
  endfacet
  facet normal 0 0 1
    outer loop
      vertex 5.60758 56 121.987
      vertex 5.68867 56.2389 121.987
      vertex 5.66016 56.1962 121.987
    endloop
  endfacet
  facet normal 0 0 1
    outer loop
      vertex 5.76111 5.68867 121.987
      vertex 5.60758 6 121.987
      vertex 5.72252 5.72252 121.987
    endloop
  endfacet
  facet normal 0 0 1
    outer loop
      vertex 5.60758 56 121.987
      vertex 5.66016 56.1962 121.987
      vertex 5.63745 56.1502 121.987
    endloop
  endfacet
  facet normal 0 0 1
    outer loop
      vertex 5.72252 5.72252 121.987
      vertex 5.60758 6 121.987
      vertex 5.68867 5.76111 121.987
    endloop
  endfacet
  facet normal 0 0 1
    outer loop
      vertex 5.60758 56 121.987
      vertex 5.63745 56.1502 121.987
      vertex 5.62095 56.1016 121.987
    endloop
  endfacet
  facet normal 0 0 1
    outer loop
      vertex 5.68867 5.76111 121.987
      vertex 5.60758 6 121.987
      vertex 5.66016 5.80379 121.987
    endloop
  endfacet
  facet normal 0 0 1
    outer loop
      vertex 5.60758 56 121.987
      vertex 5.62095 56.1016 121.987
      vertex 5.61094 56.0512 121.987
    endloop
  endfacet
  facet normal 0 0 1
    outer loop
      vertex 5.66016 5.80379 121.987
      vertex 5.60758 6 121.987
      vertex 5.63745 5.84983 121.987
    endloop
  endfacet
  facet normal 0 0 1
    outer loop
      vertex 5.63745 5.84983 121.987
      vertex 5.60758 6 121.987
      vertex 5.62095 5.89843 121.987
    endloop
  endfacet
  facet normal 0 0 1
    outer loop
      vertex 5.62095 5.89843 121.987
      vertex 5.60758 6 121.987
      vertex 5.61094 5.94878 121.987
    endloop
  endfacet
  facet normal -0.670324 -0.22754 0.706322
    outer loop
      vertex 2.17872 4.97609 120.511
      vertex 1.64267 4.83246 119.956
      vertex 1.83234 4.2737 119.956
    endloop
  endfacet
  facet normal -0.778886 -0.15493 0.607728
    outer loop
      vertex 1.64267 4.83246 119.956
      vertex 1.05386 5.34883 119.333
      vertex 1.18117 4.7088 119.333
    endloop
  endfacet
  facet normal -0.792447 -0.0519362 0.607726
    outer loop
      vertex 1.48896 6 119.956
      vertex 1.05386 5.34883 119.333
      vertex 1.52755 5.41119 119.956
    endloop
  endfacet
  facet normal -0.792445 -0.0519397 0.607728
    outer loop
      vertex 1.48896 6 119.956
      vertex 1.01118 6 119.333
      vertex 1.05386 5.34883 119.333
    endloop
  endfacet
  facet normal -0.448799 -0.221322 0.865792
    outer loop
      vertex 3.54827 4.98446 121.381
      vertex 3.11317 4.33329 120.989
      vertex 3.7018 4.67313 121.381
    endloop
  endfacet
  facet normal -0.577398 -0.195999 0.792588
    outer loop
      vertex 2.78016 5.13725 120.989
      vertex 2.17872 4.97609 120.511
      vertex 2.92032 4.72435 120.989
    endloop
  endfacet
  facet normal -0.338759 -0.507001 0.792586
    outer loop
      vertex 4.33329 3.11317 120.989
      vertex 3.59169 2.86143 120.511
      vertex 4.02196 2.57394 120.511
    endloop
  endfacet
  facet normal -0.393275 -0.588593 0.706324
    outer loop
      vertex 4.02196 2.57394 120.511
      vertex 3.59169 2.86143 120.511
      vertex 3.74448 2.09333 119.956
    endloop
  endfacet
  facet normal -0.2155 -0.143995 0.965829
    outer loop
      vertex 4.98628 5.41473 121.885
      vertex 4.32975 5.03568 121.682
      vertex 4.46991 4.82592 121.682
    endloop
  endfacet
  facet normal -0.232452 -0.114633 0.965829
    outer loop
      vertex 4.98628 5.41473 121.885
      vertex 4.21817 5.26194 121.682
      vertex 4.32975 5.03568 121.682
    endloop
  endfacet
  facet normal -0.194868 -0.170882 0.965829
    outer loop
      vertex 5.07135 5.28742 121.885
      vertex 4.46991 4.82592 121.682
      vertex 5.1723 5.1723 121.885
    endloop
  endfacet
  facet normal -0.0858873 -0.097914 0.991482
    outer loop
      vertex 5.72252 5.72252 121.987
      vertex 5.1723 5.1723 121.885
      vertex 5.76111 5.68867 121.987
    endloop
  endfacet
  facet normal -0.097914 -0.0858873 0.991482
    outer loop
      vertex 5.68867 5.76111 121.987
      vertex 5.1723 5.1723 121.885
      vertex 5.72252 5.72252 121.987
    endloop
  endfacet
  facet normal -0.598038 0.118959 0.79259
    outer loop
      vertex 2.17872 57.0239 120.511
      vertex 2.07777 56.5164 120.511
      vertex 2.6951 56.4351 120.989
    endloop
  endfacet
  facet normal -0.608451 0.0398839 0.792589
    outer loop
      vertex 2.07777 56.5164 120.511
      vertex 2.04392 56 120.511
      vertex 2.6951 56.4351 120.989
    endloop
  endfacet
  facet normal -0.288787 0.253247 0.923292
    outer loop
      vertex 4.12353 57.8765 121.381
      vertex 3.89465 57.6155 121.381
      vertex 4.46991 57.1741 121.682
    endloop
  endfacet
  facet normal -0.319385 0.21337 0.923291
    outer loop
      vertex 4.46991 57.1741 121.682
      vertex 3.89465 57.6155 121.381
      vertex 4.32975 56.9643 121.682
    endloop
  endfacet
  facet normal -0.54688 0.269665 0.792593
    outer loop
      vertex 3.11317 57.6667 120.989
      vertex 2.34506 57.5139 120.511
      vertex 2.92032 57.2756 120.989
    endloop
  endfacet
  facet normal -0.473848 0.160852 0.865792
    outer loop
      vertex 3.54827 57.0155 121.381
      vertex 2.92032 57.2756 120.989
      vertex 3.43669 56.6868 121.381
    endloop
  endfacet
  facet normal -0.60845 0.0398828 0.792589
    outer loop
      vertex 2.6951 56.4351 120.989
      vertex 2.04392 56 120.511
      vertex 2.66658 56 120.989
    endloop
  endfacet
  facet normal -0.448808 0.221305 0.865792
    outer loop
      vertex 3.11317 57.6667 120.989
      vertex 2.92032 57.2756 120.989
      vertex 3.54827 57.0155 121.381
    endloop
  endfacet
  facet normal -0.329941 0.376225 0.865791
    outer loop
      vertex 3.97074 58.6446 120.989
      vertex 3.64291 58.3571 120.989
      vertex 4.12353 57.8765 121.381
    endloop
  endfacet
  facet normal -0.376223 0.329923 0.865798
    outer loop
      vertex 4.12353 57.8765 121.381
      vertex 3.35542 58.0293 120.989
      vertex 3.89465 57.6155 121.381
    endloop
  endfacet
  facet normal -0.0575964 0.116817 0.991482
    outer loop
      vertex 5.84983 56.3625 121.987
      vertex 5.41473 57.0137 121.885
      vertex 5.80379 56.3398 121.987
    endloop
  endfacet
  facet normal -0.0723267 0.108312 0.991482
    outer loop
      vertex 5.80379 56.3398 121.987
      vertex 5.41473 57.0137 121.885
      vertex 5.76111 56.3113 121.987
    endloop
  endfacet
  facet normal -0.160851 -0.473846 0.865793
    outer loop
      vertex 4.98446 3.54827 121.381
      vertex 4.72435 2.92032 120.989
      vertex 5.31316 3.43669 121.381
    endloop
  endfacet
  facet normal -0.221323 -0.448797 0.865793
    outer loop
      vertex 4.98446 3.54827 121.381
      vertex 4.33329 3.11317 120.989
      vertex 4.72435 2.92032 120.989
    endloop
  endfacet
  facet normal -0.402043 -0.458437 0.792589
    outer loop
      vertex 3.97074 3.35542 120.989
      vertex 3.20263 3.20263 120.511
      vertex 3.59169 2.86143 120.511
    endloop
  endfacet
  facet normal -0.338764 -0.506992 0.792589
    outer loop
      vertex 3.97074 3.35542 120.989
      vertex 3.59169 2.86143 120.511
      vertex 4.33329 3.11317 120.989
    endloop
  endfacet
  facet normal -0.0463055 -0.706374 0.706323
    outer loop
      vertex 6 2.04392 120.511
      vertex 5.48363 2.07777 120.511
      vertex 6 1.48896 119.956
    endloop
  endfacet
  facet normal -0.0398863 -0.608452 0.792588
    outer loop
      vertex 5.5649 2.6951 120.989
      vertex 5.48363 2.07777 120.511
      vertex 6 2.04392 120.511
    endloop
  endfacet
  facet normal 0.0749191 -0.376726 0.92329
    outer loop
      vertex 90.4992 4.13708 121.682
      vertex 90.2517 4.08786 121.682
      vertex 90.6868 3.43669 121.381
    endloop
  endfacet
  facet normal 0.123459 -0.363724 0.923289
    outer loop
      vertex 90.7381 4.21817 121.682
      vertex 90.4992 4.13708 121.682
      vertex 90.6868 3.43669 121.381
    endloop
  endfacet
  facet normal 0.14398 -0.215518 0.965827
    outer loop
      vertex 91.1741 4.46991 121.682
      vertex 90.5853 4.98628 121.885
      vertex 90.9643 4.32975 121.682
    endloop
  endfacet
  facet normal 0.11466 -0.232444 0.965827
    outer loop
      vertex 90.9643 4.32975 121.682
      vertex 90.5853 4.98628 121.885
      vertex 90.7381 4.21817 121.682
    endloop
  endfacet
  facet normal 0.160879 -0.473823 0.8658
    outer loop
      vertex 91.2756 2.92032 120.989
      vertex 90.6868 3.43669 121.381
      vertex 90.8628 2.78016 120.989
    endloop
  endfacet
  facet normal 0.0976058 -0.490783 0.865797
    outer loop
      vertex 90.6868 3.43669 121.381
      vertex 90.4351 2.6951 120.989
      vertex 90.8628 2.78016 120.989
    endloop
  endfacet
  facet normal 0.288814 -0.253228 0.923289
    outer loop
      vertex 91.5301 4.82592 121.682
      vertex 91.3638 4.63625 121.682
      vertex 91.8765 4.12353 121.381
    endloop
  endfacet
  facet normal 0.194875 -0.170863 0.965831
    outer loop
      vertex 91.5301 4.82592 121.682
      vertex 90.8277 5.1723 121.885
      vertex 91.3638 4.63625 121.682
    endloop
  endfacet
  facet normal 0.23245 -0.114653 0.965827
    outer loop
      vertex 91.7818 5.26194 121.682
      vertex 91.0137 5.41473 121.885
      vertex 91.6702 5.03568 121.682
    endloop
  endfacet
  facet normal 0.215532 -0.143955 0.965828
    outer loop
      vertex 91.6702 5.03568 121.682
      vertex 91.0137 5.41473 121.885
      vertex 91.5301 4.82592 121.682
    endloop
  endfacet
  facet normal 0.117317 -0.0578381 -0.991409
    outer loop
      vertex 91.0137 5.41473 0.115288
      vertex 90.3625 5.84983 0.012846
      vertex 91.0814 5.55205 0.115288
    endloop
  endfacet
  facet normal 0.0862426 -0.0983446 -0.991408
    outer loop
      vertex 90.8277 5.1723 0.115288
      vertex 90.2389 5.68867 0.012846
      vertex 90.2775 5.72252 0.012846
    endloop
  endfacet
  facet normal -0.00856217 -0.130522 -0.991408
    outer loop
      vertex 6 4.82946 0.115288
      vertex 5.94878 5.61094 0.012846
      vertex 6 5.60758 0.012846
    endloop
  endfacet
  facet normal 0.128271 -0.0257306 -0.991405
    outer loop
      vertex 91.1605 5.84721 0.115288
      vertex 90.379 5.89843 0.012846
      vertex 90.3891 5.94878 0.012846
    endloop
  endfacet
  facet normal -0.11728 0.0579007 -0.99141
    outer loop
      vertex 5.63745 56.1502 0.012846
      vertex 4.98628 56.5853 0.115288
      vertex 5.66016 56.1962 0.012846
    endloop
  endfacet
  facet normal -0.170996 -0.194979 -0.965786
    outer loop
      vertex 4.82592 4.46991 0.318419
      vertex 4.63625 4.63625 0.318419
      vertex 5.1723 5.1723 0.115288
    endloop
  endfacet
  facet normal -0.170985 -0.194985 -0.965787
    outer loop
      vertex 5.28742 5.07135 0.115288
      vertex 4.82592 4.46991 0.318419
      vertex 5.1723 5.1723 0.115288
    endloop
  endfacet
  facet normal 0.00841278 0.130526 -0.991409
    outer loop
      vertex 90.0512 56.3891 0.012846
      vertex 90 56.3924 0.012846
      vertex 90 57.1705 0.115288
    endloop
  endfacet
  facet normal 0.0420518 -0.123862 -0.991408
    outer loop
      vertex 90.4479 4.91856 0.115288
      vertex 90.1016 5.62095 0.012846
      vertex 90.1502 5.63745 0.012846
    endloop
  endfacet
  facet normal -0.215629 -0.144082 -0.965787
    outer loop
      vertex 4.46991 4.82592 0.318419
      vertex 4.32975 5.03568 0.318419
      vertex 4.98628 5.41473 0.115288
    endloop
  endfacet
  facet normal -0.215627 -0.144084 -0.965787
    outer loop
      vertex 5.07135 5.28742 0.115288
      vertex 4.46991 4.82592 0.318419
      vertex 4.98628 5.41473 0.115288
    endloop
  endfacet
  facet normal -0.288239 -0.252786 -0.92359
    outer loop
      vertex 4.12353 4.12353 0.618763
      vertex 3.89465 4.38451 0.618763
      vertex 4.46991 4.82592 0.318419
    endloop
  endfacet
  facet normal -0.28824 -0.252785 -0.923589
    outer loop
      vertex 4.63625 4.63625 0.318419
      vertex 4.12353 4.12353 0.618763
      vertex 4.46991 4.82592 0.318419
    endloop
  endfacet
  facet normal -0.506846 -0.338666 -0.792725
    outer loop
      vertex 3.35542 3.97074 1.01118
      vertex 2.86143 3.59169 1.48896
      vertex 3.11317 4.33329 1.01118
    endloop
  endfacet
  facet normal -0.416402 -0.278233 -0.865561
    outer loop
      vertex 3.35542 3.97074 1.01118
      vertex 3.11317 4.33329 1.01118
      vertex 3.89465 4.38451 0.618763
    endloop
  endfacet
  facet normal -0.232592 -0.114702 -0.965787
    outer loop
      vertex 4.32975 5.03568 0.318419
      vertex 4.21817 5.26194 0.318419
      vertex 4.98628 5.41473 0.115288
    endloop
  endfacet
  facet normal -0.449157 -0.221498 -0.865562
    outer loop
      vertex 3.7018 4.67313 0.618763
      vertex 3.11317 4.33329 1.01118
      vertex 3.54827 4.98446 0.618763
    endloop
  endfacet
  facet normal -0.245576 -0.0833594 -0.965787
    outer loop
      vertex 4.21817 5.26194 0.318419
      vertex 4.13708 5.50083 0.318419
      vertex 4.86934 5.69704 0.115288
    endloop
  endfacet
  facet normal -0.245572 -0.0833648 -0.965787
    outer loop
      vertex 4.91856 5.55205 0.115288
      vertex 4.21817 5.26194 0.318419
      vertex 4.86934 5.69704 0.115288
    endloop
  endfacet
  facet normal -0.254354 -0.050593 -0.965787
    outer loop
      vertex 4.86934 5.69704 0.115288
      vertex 4.08786 5.74826 0.318419
      vertex 4.83947 5.84721 0.115288
    endloop
  endfacet
  facet normal -0.254354 -0.0505974 -0.965787
    outer loop
      vertex 4.13708 5.50083 0.318419
      vertex 4.08786 5.74826 0.318419
      vertex 4.86934 5.69704 0.115288
    endloop
  endfacet
  facet normal 0.0463011 -0.706348 -0.706348
    outer loop
      vertex 90.5164 2.07777 1.48896
      vertex 90 1.48896 2.04392
      vertex 90 2.04392 1.48896
    endloop
  endfacet
  facet normal 0.0398724 -0.608275 -0.792724
    outer loop
      vertex 90.5164 2.07777 1.48896
      vertex 90 2.04392 1.48896
      vertex 90.4351 2.6951 1.01118
    endloop
  endfacet
  facet normal 0 -0.707107 -0.707107
    outer loop
      vertex 6 2.04392 1.48896
      vertex 90 1.48896 2.04392
      vertex 6 1.48896 2.04392
    endloop
  endfacet
  facet normal 0 -0.707107 -0.707107
    outer loop
      vertex 90 1.48896 2.04392
      vertex 6 2.04392 1.48896
      vertex 90 2.04392 1.48896
    endloop
  endfacet
  facet normal 0.032733 0.499724 -0.865566
    outer loop
      vertex 90.4351 59.3049 1.01118
      vertex 90 58.6537 0.618763
      vertex 90 59.3334 1.01118
    endloop
  endfacet
  facet normal 0.0250695 0.382558 -0.923591
    outer loop
      vertex 90.2517 57.9121 0.318419
      vertex 90 58.6537 0.618763
      vertex 90.3464 58.631 0.618763
    endloop
  endfacet
  facet normal 0.221436 0.449219 -0.865545
    outer loop
      vertex 91.3269 58.2982 0.618763
      vertex 91.0155 58.4517 0.618763
      vertex 91.6667 58.8868 1.01118
    endloop
  endfacet
  facet normal 0.123259 0.363041 -0.923585
    outer loop
      vertex 90.7381 57.7818 0.318419
      vertex 90.6868 58.5633 0.618763
      vertex 91.0155 58.4517 0.618763
    endloop
  endfacet
  facet normal 0.0505681 0.254382 -0.965781
    outer loop
      vertex 90.303 57.1307 0.115288
      vertex 90.2517 57.9121 0.318419
      vertex 90.4992 57.8629 0.318419
    endloop
  endfacet
  facet normal 0.0747501 0.376029 -0.923588
    outer loop
      vertex 90.4992 57.8629 0.318419
      vertex 90.2517 57.9121 0.318419
      vertex 90.6868 58.5633 0.618763
    endloop
  endfacet
  facet normal 0.36304 0.123242 -0.923587
    outer loop
      vertex 91.8629 56.4992 0.318419
      vertex 91.7818 56.7381 0.318419
      vertex 92.5633 56.6868 0.618763
    endloop
  endfacet
  facet normal 0.363041 0.123259 -0.923585
    outer loop
      vertex 92.5633 56.6868 0.618763
      vertex 91.7818 56.7381 0.318419
      vertex 92.4517 57.0155 0.618763
    endloop
  endfacet
  facet normal 0.0835253 0.245493 -0.965793
    outer loop
      vertex 90.4479 57.0814 0.115288
      vertex 90.303 57.1307 0.115288
      vertex 90.7381 57.7818 0.318419
    endloop
  endfacet
  facet normal 0.114613 0.232612 -0.965793
    outer loop
      vertex 90.5853 57.0137 0.115288
      vertex 90.4479 57.0814 0.115288
      vertex 90.7381 57.7818 0.318419
    endloop
  endfacet
  facet normal -0.546719 -0.269613 -0.792721
    outer loop
      vertex 3.11317 4.33329 1.01118
      vertex 2.34506 4.48608 1.48896
      vertex 2.92032 4.72435 1.01118
    endloop
  endfacet
  facet normal -0.546719 -0.269614 -0.792721
    outer loop
      vertex 2.57394 4.02196 1.48896
      vertex 2.34506 4.48608 1.48896
      vertex 3.11317 4.33329 1.01118
    endloop
  endfacet
  facet normal -0.938862 -0.318704 -0.130255
    outer loop
      vertex 0.468591 3.70881 5.60758
      vertex 0.315804 4.47692 4.82946
      vertex 0.563235 3.74802 4.82946
    endloop
  endfacet
  facet normal -0.914795 -0.310535 -0.258298
    outer loop
      vertex 0.563235 3.74802 4.82946
      vertex 0.315804 4.47692 4.82946
      vertex 0.750903 3.82575 4.07136
    endloop
  endfacet
  facet normal -0.889249 -0.438531 0.130105
    outer loop
      vertex 0.903689 3.05764 117.171
      vertex 0.468591 3.70881 116.392
      vertex 0.814973 3.00642 116.392
    endloop
  endfacet
  facet normal -0.896872 -0.44229 0
    outer loop
      vertex 0.814973 3.00642 5.60758
      vertex 0.468591 3.70881 116.392
      vertex 0.468591 3.70881 5.60758
    endloop
  endfacet
  facet normal -0.896872 -0.44229 0
    outer loop
      vertex 0.468591 3.70881 116.392
      vertex 0.814973 3.00642 5.60758
      vertex 0.814973 3.00642 116.392
    endloop
  endfacet
  facet normal -0.338666 -0.506846 -0.792725
    outer loop
      vertex 4.33329 3.11317 1.01118
      vertex 3.59169 2.86143 1.48896
      vertex 3.97074 3.35542 1.01118
    endloop
  endfacet
  facet normal -0.393261 -0.588572 -0.706349
    outer loop
      vertex 3.74448 2.09333 2.04392
      vertex 3.25385 2.42115 2.04392
      vertex 3.59169 2.86143 1.48896
    endloop
  endfacet
  facet normal -0.13809 -0.694265 -0.706348
    outer loop
      vertex 5.48363 2.07777 1.48896
      vertex 4.83246 1.64267 2.04392
      vertex 4.97609 2.17872 1.48896
    endloop
  endfacet
  facet normal -0.154904 -0.77873 -0.607934
    outer loop
      vertex 5.34883 1.05386 2.66658
      vertex 4.83246 1.64267 2.04392
      vertex 5.41119 1.52755 2.04392
    endloop
  endfacet
  facet normal -0.160977 -0.474226 -0.865561
    outer loop
      vertex 5.13725 2.78016 1.01118
      vertex 4.72435 2.92032 1.01118
      vertex 5.31316 3.43669 0.618763
    endloop
  endfacet
  facet normal -0.0976964 -0.491181 -0.865561
    outer loop
      vertex 5.5649 2.6951 1.01118
      vertex 5.13725 2.78016 1.01118
      vertex 5.31316 3.43669 0.618763
    endloop
  endfacet
  facet normal 0.0420513 0.12386 -0.991408
    outer loop
      vertex 90.1502 56.3625 0.012846
      vertex 90.1016 56.379 0.012846
      vertex 90.4479 57.0814 0.115288
    endloop
  endfacet
  facet normal -0.0861867 0.0984008 -0.991408
    outer loop
      vertex 5.72252 56.2775 0.012846
      vertex 5.1723 56.8277 0.115288
      vertex 5.76111 56.3113 0.012846
    endloop
  endfacet
  facet normal 0.0254531 0.12829 -0.99141
    outer loop
      vertex 90.303 57.1307 0.115288
      vertex 90.1016 56.379 0.012846
      vertex 90.1528 57.1605 0.115288
    endloop
  endfacet
  facet normal -0.588572 -0.393261 -0.706349
    outer loop
      vertex 2.86143 3.59169 1.48896
      vertex 2.09333 3.74448 2.04392
      vertex 2.57394 4.02196 1.48896
    endloop
  endfacet
  facet normal -0.588572 -0.393261 -0.706349
    outer loop
      vertex 2.42115 3.25385 2.04392
      vertex 2.09333 3.74448 2.04392
      vertex 2.86143 3.59169 1.48896
    endloop
  endfacet
  facet normal -0.38323 -0.777132 -0.499201
    outer loop
      vertex 3.94069 1.02839 3.34627
      vertex 3.30938 1.33971 3.34627
      vertex 3.50559 1.67956 2.66658
    endloop
  endfacet
  facet normal -0.513444 -0.768414 -0.381988
    outer loop
      vertex 3.30938 1.33971 3.34627
      vertex 2.54127 1.4925 4.07136
      vertex 2.72411 1.73078 3.34627
    endloop
  endfacet
  facet normal -0.571315 -0.651465 -0.499192
    outer loop
      vertex 2.72411 1.73078 3.34627
      vertex 2.19489 2.19489 3.34627
      vertex 2.963 2.0421 2.66658
    endloop
  endfacet
  facet normal -0.651465 -0.571315 -0.499192
    outer loop
      vertex 2.19489 2.19489 3.34627
      vertex 1.73078 2.72411 3.34627
      vertex 2.0421 2.963 2.66658
    endloop
  endfacet
  facet normal -0.659344 -0.751841 0
    outer loop
      vertex 1.76644 1.76644 5.60758
      vertex 2.35525 1.25007 116.392
      vertex 1.76644 1.76644 116.392
    endloop
  endfacet
  facet normal -0.659344 -0.751841 -0
    outer loop
      vertex 2.35525 1.25007 116.392
      vertex 1.76644 1.76644 5.60758
      vertex 2.35525 1.25007 5.60758
    endloop
  endfacet
  facet normal -0.297065 -0.875102 0.382033
    outer loop
      vertex 3.94069 1.02839 118.654
      vertex 3.82575 0.750903 117.929
      vertex 4.60723 0.802124 118.654
    endloop
  endfacet
  facet normal -0.245428 -0.0833093 0.965828
    outer loop
      vertex 4.86934 5.69704 121.885
      vertex 4.13708 5.50083 121.682
      vertex 4.21817 5.26194 121.682
    endloop
  endfacet
  facet normal -0.254201 -0.050567 0.965828
    outer loop
      vertex 4.86934 5.69704 121.885
      vertex 4.08786 5.74826 121.682
      vertex 4.13708 5.50083 121.682
    endloop
  endfacet
  facet normal -0.481277 -0.720272 0.499581
    outer loop
      vertex 3.50559 1.67956 119.333
      vertex 2.72411 1.73078 118.654
      vertex 3.30938 1.33971 118.654
    endloop
  endfacet
  facet normal -0.513435 -0.7684 0.382029
    outer loop
      vertex 2.72411 1.73078 118.654
      vertex 2.54127 1.4925 117.929
      vertex 3.30938 1.33971 118.654
    endloop
  endfacet
  facet normal -0.438531 -0.889249 0.130105
    outer loop
      vertex 3.05764 0.903689 117.171
      vertex 3.00642 0.814973 116.392
      vertex 3.70881 0.468591 116.392
    endloop
  endfacet
  facet normal -0.427272 -0.866432 0.258329
    outer loop
      vertex 3.82575 0.750903 117.929
      vertex 3.05764 0.903689 117.171
      vertex 3.74802 0.563235 117.171
    endloop
  endfacet
  facet normal -0.550847 -0.824403 0.130105
    outer loop
      vertex 3.05764 0.903689 117.171
      vertex 2.35525 1.25007 116.392
      vertex 3.00642 0.814973 116.392
    endloop
  endfacet
  facet normal -0.550845 -0.824405 0.130103
    outer loop
      vertex 2.41761 1.33134 117.171
      vertex 2.35525 1.25007 116.392
      vertex 3.05764 0.903689 117.171
    endloop
  endfacet
  facet normal -0.875108 -0.297057 0.382025
    outer loop
      vertex 0.802124 4.60723 118.654
      vertex 0.512014 4.5295 117.929
      vertex 0.750903 3.82575 117.929
    endloop
  endfacet
  facet normal -0.914788 -0.310526 0.258335
    outer loop
      vertex 0.512014 4.5295 117.929
      vertex 0.315804 4.47692 117.171
      vertex 0.750903 3.82575 117.929
    endloop
  endfacet
  facet normal -0.803247 -0.536708 0.25834
    outer loop
      vertex 1.07961 3.15921 117.929
      vertex 0.903689 3.05764 117.171
      vertex 1.33134 2.41761 117.171
    endloop
  endfacet
  facet normal -0.824405 -0.550845 0.130103
    outer loop
      vertex 1.33134 2.41761 117.171
      vertex 0.903689 3.05764 117.171
      vertex 1.25007 2.35525 116.392
    endloop
  endfacet
  facet normal -0.712244 -0.351248 0.607727
    outer loop
      vertex 1.83234 4.2737 119.956
      vertex 1.39093 4.09086 119.333
      vertex 1.67956 3.50559 119.333
    endloop
  endfacet
  facet normal -0.776934 -0.38315 0.499569
    outer loop
      vertex 1.39093 4.09086 119.333
      vertex 1.02839 3.94069 118.654
      vertex 1.67956 3.50559 119.333
    endloop
  endfacet
  facet normal -0.114633 -0.232452 0.965829
    outer loop
      vertex 5.41473 4.98628 121.885
      vertex 5.03568 4.32975 121.682
      vertex 5.26194 4.21817 121.682
    endloop
  endfacet
  facet normal -0.143995 -0.2155 0.965829
    outer loop
      vertex 5.41473 4.98628 121.885
      vertex 4.82592 4.46991 121.682
      vertex 5.03568 4.32975 121.682
    endloop
  endfacet
  facet normal -0.344457 0.169914 0.923298
    outer loop
      vertex 4.32975 56.9643 121.682
      vertex 3.7018 57.3269 121.381
      vertex 4.21817 56.7381 121.682
    endloop
  endfacet
  facet normal -0.490783 0.0976058 0.865797
    outer loop
      vertex 2.78016 56.8628 120.989
      vertex 2.6951 56.4351 120.989
      vertex 3.43669 56.6868 121.381
    endloop
  endfacet
  facet normal -0.546877 -0.269692 0.792585
    outer loop
      vertex 3.11317 4.33329 120.989
      vertex 2.34506 4.48608 120.511
      vertex 2.57394 4.02196 120.511
    endloop
  endfacet
  facet normal -0.546877 -0.269691 0.792586
    outer loop
      vertex 2.92032 4.72435 120.989
      vertex 2.34506 4.48608 120.511
      vertex 3.11317 4.33329 120.989
    endloop
  endfacet
  facet normal -0.849625 -0.169001 0.499576
    outer loop
      vertex 1.05386 5.34883 119.333
      vertex 0.802124 4.60723 118.654
      vertex 1.18117 4.7088 119.333
    endloop
  endfacet
  facet normal -0.820295 -0.27846 0.499577
    outer loop
      vertex 1.18117 4.7088 119.333
      vertex 0.802124 4.60723 118.654
      vertex 1.02839 3.94069 118.654
    endloop
  endfacet
  facet normal -0.344488 -0.169881 0.923292
    outer loop
      vertex 4.21817 5.26194 121.682
      vertex 3.54827 4.98446 121.381
      vertex 3.7018 4.67313 121.381
    endloop
  endfacet
  facet normal -0.376715 -0.0749381 0.923293
    outer loop
      vertex 4.08786 5.74826 121.682
      vertex 3.43669 5.31316 121.381
      vertex 4.13708 5.50083 121.682
    endloop
  endfacet
  facet normal -0.473846 -0.160851 0.865793
    outer loop
      vertex 3.43669 5.31316 121.381
      vertex 2.92032 4.72435 120.989
      vertex 3.54827 4.98446 121.381
    endloop
  endfacet
  facet normal -0.363714 -0.123461 0.923293
    outer loop
      vertex 4.13708 5.50083 121.682
      vertex 3.43669 5.31316 121.381
      vertex 4.21817 5.26194 121.682
    endloop
  endfacet
  facet normal -0.313091 -0.634883 0.706327
    outer loop
      vertex 4.48608 2.34506 120.511
      vertex 4.02196 2.57394 120.511
      vertex 4.2737 1.83234 119.956
    endloop
  endfacet
  facet normal -0.269692 -0.546877 0.792585
    outer loop
      vertex 4.33329 3.11317 120.989
      vertex 4.02196 2.57394 120.511
      vertex 4.48608 2.34506 120.511
    endloop
  endfacet
  facet normal -0.116808 -0.0576174 0.991482
    outer loop
      vertex 5.63745 5.84983 121.987
      vertex 4.98628 5.41473 121.885
      vertex 5.66016 5.80379 121.987
    endloop
  endfacet
  facet normal -0.108304 -0.0723466 0.991482
    outer loop
      vertex 5.66016 5.80379 121.987
      vertex 4.98628 5.41473 121.885
      vertex 5.68867 5.76111 121.987
    endloop
  endfacet
  facet normal -0.499332 0.0327303 0.865793
    outer loop
      vertex 2.6951 56.4351 120.989
      vertex 2.66658 56 120.989
      vertex 3.34627 56 121.381
    endloop
  endfacet
  facet normal -0.288802 0.253239 0.923289
    outer loop
      vertex 4.63625 57.3638 121.682
      vertex 4.12353 57.8765 121.381
      vertex 4.46991 57.1741 121.682
    endloop
  endfacet
  facet normal -0.253228 0.288814 0.923289
    outer loop
      vertex 4.82592 57.5301 121.682
      vertex 4.12353 57.8765 121.381
      vertex 4.63625 57.3638 121.682
    endloop
  endfacet
  facet normal -0.195999 -0.577398 0.792588
    outer loop
      vertex 5.13725 2.78016 120.989
      vertex 4.72435 2.92032 120.989
      vertex 4.97609 2.17872 120.511
    endloop
  endfacet
  facet normal -0.160849 -0.473848 0.865792
    outer loop
      vertex 5.31316 3.43669 121.381
      vertex 4.72435 2.92032 120.989
      vertex 5.13725 2.78016 120.989
    endloop
  endfacet
  facet normal -0.329945 -0.376219 0.865792
    outer loop
      vertex 4.12353 4.12353 121.381
      vertex 3.97074 3.35542 120.989
      vertex 4.38451 3.89465 121.381
    endloop
  endfacet
  facet normal -0.278011 -0.41607 0.865792
    outer loop
      vertex 4.38451 3.89465 121.381
      vertex 3.97074 3.35542 120.989
      vertex 4.33329 3.11317 120.989
    endloop
  endfacet
  facet normal -0.458437 -0.402043 0.792589
    outer loop
      vertex 3.35542 3.97074 120.989
      vertex 2.86143 3.59169 120.511
      vertex 3.20263 3.20263 120.511
    endloop
  endfacet
  facet normal -0.376225 -0.32993 0.865795
    outer loop
      vertex 4.12353 4.12353 121.381
      vertex 3.35542 3.97074 120.989
      vertex 3.64291 3.64291 120.989
    endloop
  endfacet
  facet normal 0.0984008 -0.0861867 -0.991408
    outer loop
      vertex 90.8277 5.1723 0.115288
      vertex 90.2775 5.72252 0.012846
      vertex 90.3113 5.76111 0.012846
    endloop
  endfacet
  facet normal 0.123856 -0.04205 -0.991409
    outer loop
      vertex 91.0814 5.55205 0.115288
      vertex 90.3625 5.84983 0.012846
      vertex 90.379 5.89843 0.012846
    endloop
  endfacet
  facet normal 0.130526 -0.0084095 -0.991409
    outer loop
      vertex 91.1705 6 0.115288
      vertex 90.3891 5.94878 0.012846
      vertex 90.3924 6 0.012846
    endloop
  endfacet
  facet normal 0.130534 -0.00854336 -0.991407
    outer loop
      vertex 91.1605 5.84721 0.115288
      vertex 90.3891 5.94878 0.012846
      vertex 91.1705 6 0.115288
    endloop
  endfacet
  facet normal -0.532201 -0.466725 -0.70635
    outer loop
      vertex 2.81021 2.81021 2.04392
      vertex 2.42115 3.25385 2.04392
      vertex 2.86143 3.59169 1.48896
    endloop
  endfacet
  facet normal -0.66018 -0.441106 -0.607938
    outer loop
      vertex 2.42115 3.25385 2.04392
      vertex 1.67956 3.50559 2.66658
      vertex 2.09333 3.74448 2.04392
    endloop
  endfacet
  facet normal -0.343846 -0.169567 -0.923589
    outer loop
      vertex 4.32975 5.03568 0.318419
      vertex 3.7018 4.67313 0.618763
      vertex 4.21817 5.26194 0.318419
    endloop
  endfacet
  facet normal -0.318772 -0.212997 -0.923589
    outer loop
      vertex 3.89465 4.38451 0.618763
      vertex 3.7018 4.67313 0.618763
      vertex 4.32975 5.03568 0.318419
    endloop
  endfacet
  facet normal 0.118925 -0.597865 -0.792726
    outer loop
      vertex 90.5164 2.07777 1.48896
      vertex 90.4351 2.6951 1.01118
      vertex 91.0239 2.17872 1.48896
    endloop
  endfacet
  facet normal 0.154911 -0.778724 -0.60794
    outer loop
      vertex 90.6512 1.05386 2.66658
      vertex 90.5888 1.52755 2.04392
      vertex 91.1675 1.64267 2.04392
    endloop
  endfacet
  facet normal 0.0327471 0.499717 -0.865569
    outer loop
      vertex 90.3464 58.631 0.618763
      vertex 90 58.6537 0.618763
      vertex 90.4351 59.3049 1.01118
    endloop
  endfacet
  facet normal 0.0976856 0.49117 -0.865569
    outer loop
      vertex 90.6868 58.5633 0.618763
      vertex 90.3464 58.631 0.618763
      vertex 90.4351 59.3049 1.01118
    endloop
  endfacet
  facet normal 0.252738 0.288306 -0.923582
    outer loop
      vertex 91.8765 57.8765 0.618763
      vertex 91.1741 57.5301 0.318419
      vertex 91.6155 58.1053 0.618763
    endloop
  endfacet
  facet normal 0.212925 0.318855 -0.923577
    outer loop
      vertex 91.1741 57.5301 0.318419
      vertex 90.9643 57.6702 0.318419
      vertex 91.6155 58.1053 0.618763
    endloop
  endfacet
  facet normal 0.0255127 -0.128289 -0.991409
    outer loop
      vertex 90.1528 4.83947 0.115288
      vertex 90.1016 5.62095 0.012846
      vertex 90.303 4.86934 0.115288
    endloop
  endfacet
  facet normal -0.97243 -0.193427 -0.130251
    outer loop
      vertex 0.216853 4.45041 5.60758
      vertex 0.165632 5.23189 4.82946
      vertex 0.315804 4.47692 4.82946
    endloop
  endfacet
  facet normal -0.938864 -0.3187 -0.13025
    outer loop
      vertex 0.468591 3.70881 5.60758
      vertex 0.216853 4.45041 5.60758
      vertex 0.315804 4.47692 4.82946
    endloop
  endfacet
  facet normal -0.86644 -0.427276 -0.258297
    outer loop
      vertex 0.903689 3.05764 4.82946
      vertex 0.563235 3.74802 4.82946
      vertex 0.750903 3.82575 4.07136
    endloop
  endfacet
  facet normal -0.889234 -0.438517 -0.130256
    outer loop
      vertex 0.903689 3.05764 4.82946
      vertex 0.468591 3.70881 5.60758
      vertex 0.563235 3.74802 4.82946
    endloop
  endfacet
  facet normal -0.269613 -0.546719 -0.792721
    outer loop
      vertex 4.48608 2.34506 1.48896
      vertex 4.33329 3.11317 1.01118
      vertex 4.72435 2.92032 1.01118
    endloop
  endfacet
  facet normal -0.195948 -0.577231 -0.792722
    outer loop
      vertex 4.97609 2.17872 1.48896
      vertex 4.48608 2.34506 1.48896
      vertex 4.72435 2.92032 1.01118
    endloop
  endfacet
  facet normal -0.1381 -0.694257 -0.706354
    outer loop
      vertex 5.41119 1.52755 2.04392
      vertex 4.83246 1.64267 2.04392
      vertex 5.48363 2.07777 1.48896
    endloop
  endfacet
  facet normal -0.046293 -0.706344 -0.706354
    outer loop
      vertex 6 1.48896 2.04392
      vertex 5.41119 1.52755 2.04392
      vertex 5.48363 2.07777 1.48896
    endloop
  endfacet
  facet normal -0.255214 -0.75185 -0.607937
    outer loop
      vertex 4.7088 1.18117 2.66658
      vertex 4.2737 1.83234 2.04392
      vertex 4.83246 1.64267 2.04392
    endloop
  endfacet
  facet normal -0.255216 -0.75185 -0.607936
    outer loop
      vertex 4.7088 1.18117 2.66658
      vertex 4.09086 1.39093 2.66658
      vertex 4.2737 1.83234 2.04392
    endloop
  endfacet
  facet normal -0.712099 -0.351179 -0.607938
    outer loop
      vertex 2.09333 3.74448 2.04392
      vertex 1.67956 3.50559 2.66658
      vertex 1.83234 4.2737 2.04392
    endloop
  endfacet
  facet normal -0.63486 -0.313087 -0.706349
    outer loop
      vertex 2.09333 3.74448 2.04392
      vertex 1.83234 4.2737 2.04392
      vertex 2.57394 4.02196 1.48896
    endloop
  endfacet
  facet normal -0.351179 -0.712099 -0.607938
    outer loop
      vertex 4.2737 1.83234 2.04392
      vertex 3.50559 1.67956 2.66658
      vertex 3.74448 2.09333 2.04392
    endloop
  endfacet
  facet normal -0.351178 -0.712101 -0.607936
    outer loop
      vertex 4.09086 1.39093 2.66658
      vertex 3.50559 1.67956 2.66658
      vertex 4.2737 1.83234 2.04392
    endloop
  endfacet
  facet normal -0.408746 -0.828841 0.382033
    outer loop
      vertex 3.94069 1.02839 118.654
      vertex 3.15921 1.07961 117.929
      vertex 3.82575 0.750903 117.929
    endloop
  endfacet
  facet normal -0.310532 -0.914787 0.25833
    outer loop
      vertex 3.82575 0.750903 117.929
      vertex 3.74802 0.563235 117.171
      vertex 4.47692 0.315804 117.171
    endloop
  endfacet
  facet normal -0.6513 -0.57117 0.499572
    outer loop
      vertex 2.0421 2.963 119.333
      vertex 1.73078 2.72411 118.654
      vertex 2.19489 2.19489 118.654
    endloop
  endfacet
  facet normal -0.803248 -0.536707 0.258339
    outer loop
      vertex 1.4925 2.54127 117.929
      vertex 1.07961 3.15921 117.929
      vertex 1.33134 2.41761 117.171
    endloop
  endfacet
  facet normal -0.427281 -0.866425 0.258339
    outer loop
      vertex 3.15921 1.07961 117.929
      vertex 3.05764 0.903689 117.171
      vertex 3.82575 0.750903 117.929
    endloop
  endfacet
  facet normal -0.383133 -0.776935 0.499581
    outer loop
      vertex 3.50559 1.67956 119.333
      vertex 3.30938 1.33971 118.654
      vertex 3.94069 1.02839 118.654
    endloop
  endfacet
  facet normal -0.694815 -0.609332 0.382029
    outer loop
      vertex 1.73078 2.72411 118.654
      vertex 1.4925 2.54127 117.929
      vertex 2.19489 2.19489 118.654
    endloop
  endfacet
  facet normal -0.828853 -0.408735 0.38202
    outer loop
      vertex 1.33971 3.30938 118.654
      vertex 1.02839 3.94069 118.654
      vertex 1.07961 3.15921 117.929
    endloop
  endfacet
  facet normal -0.745444 -0.653746 0.130112
    outer loop
      vertex 1.83888 1.83888 117.171
      vertex 1.33134 2.41761 117.171
      vertex 1.76644 1.76644 116.392
    endloop
  endfacet
  facet normal -0.653746 -0.745444 0.130112
    outer loop
      vertex 1.83888 1.83888 117.171
      vertex 1.76644 1.76644 116.392
      vertex 2.41761 1.33134 117.171
    endloop
  endfacet
  facet normal -0.588593 -0.393275 0.706324
    outer loop
      vertex 2.57394 4.02196 120.511
      vertex 2.09333 3.74448 119.956
      vertex 2.86143 3.59169 120.511
    endloop
  endfacet
  facet normal -0.634883 -0.313099 0.706324
    outer loop
      vertex 2.57394 4.02196 120.511
      vertex 1.83234 4.2737 119.956
      vertex 2.09333 3.74448 119.956
    endloop
  endfacet
  facet normal -0.376726 0.0749191 0.92329
    outer loop
      vertex 4.13708 56.4992 121.682
      vertex 3.43669 56.6868 121.381
      vertex 4.08786 56.2517 121.682
    endloop
  endfacet
  facet normal -0.363724 0.123459 0.923289
    outer loop
      vertex 4.21817 56.7381 121.682
      vertex 3.43669 56.6868 121.381
      vertex 4.13708 56.4992 121.682
    endloop
  endfacet
  facet normal -0.129968 -0.00851481 0.991482
    outer loop
      vertex 5.61094 5.94878 121.987
      vertex 4.82946 6 121.885
      vertex 4.83947 5.84721 121.885
    endloop
  endfacet
  facet normal -0.258627 -0.0169439 0.965829
    outer loop
      vertex 4.82946 6 121.885
      vertex 4.08786 5.74826 121.682
      vertex 4.83947 5.84721 121.885
    endloop
  endfacet
  facet normal -0.577398 -0.196005 0.792586
    outer loop
      vertex 2.92032 4.72435 120.989
      vertex 2.17872 4.97609 120.511
      vertex 2.34506 4.48608 120.511
    endloop
  endfacet
  facet normal -0.670317 -0.227547 0.706327
    outer loop
      vertex 2.17872 4.97609 120.511
      vertex 1.83234 4.2737 119.956
      vertex 2.34506 4.48608 120.511
    endloop
  endfacet
  facet normal -0.376719 -0.0749321 0.923292
    outer loop
      vertex 4.08786 5.74826 121.682
      vertex 3.36897 5.65362 121.381
      vertex 3.43669 5.31316 121.381
    endloop
  endfacet
  facet normal -0.490791 -0.0976219 0.865791
    outer loop
      vertex 3.36897 5.65362 121.381
      vertex 2.6951 5.5649 120.989
      vertex 3.43669 5.31316 121.381
    endloop
  endfacet
  facet normal -0.577396 0.196046 0.792578
    outer loop
      vertex 2.92032 57.2756 120.989
      vertex 2.17872 57.0239 120.511
      vertex 2.78016 56.8628 120.989
    endloop
  endfacet
  facet normal -0.598053 0.118939 0.792582
    outer loop
      vertex 2.78016 56.8628 120.989
      vertex 2.17872 57.0239 120.511
      vertex 2.6951 56.4351 120.989
    endloop
  endfacet
  facet normal -0.383278 0.0251255 0.923291
    outer loop
      vertex 4.08786 56.2517 121.682
      vertex 3.34627 56 121.381
      vertex 4.07136 56 121.682
    endloop
  endfacet
  facet normal -0.45845 -0.402037 0.792584
    outer loop
      vertex 3.35542 3.97074 120.989
      vertex 3.20263 3.20263 120.511
      vertex 3.64291 3.64291 120.989
    endloop
  endfacet
  facet normal -0.402037 -0.45845 0.792584
    outer loop
      vertex 3.64291 3.64291 120.989
      vertex 3.20263 3.20263 120.511
      vertex 3.97074 3.35542 120.989
    endloop
  endfacet
  facet normal 0.0085505 -0.130521 -0.991409
    outer loop
      vertex 90.1528 4.83947 0.115288
      vertex 90 4.82946 0.115288
      vertex 90.0512 5.61094 0.012846
    endloop
  endfacet
  facet normal 0.117314 -0.0578417 -0.991409
    outer loop
      vertex 91.0137 5.41473 0.115288
      vertex 90.3398 5.80379 0.012846
      vertex 90.3625 5.84983 0.012846
    endloop
  endfacet
  facet normal 0.108774 -0.0726348 -0.991409
    outer loop
      vertex 91.0137 5.41473 0.115288
      vertex 90.3113 5.76111 0.012846
      vertex 90.3398 5.80379 0.012846
    endloop
  endfacet
  facet normal 0.138108 -0.694261 -0.706348
    outer loop
      vertex 90.5888 1.52755 2.04392
      vertex 90.5164 2.07777 1.48896
      vertex 91.1675 1.64267 2.04392
    endloop
  endfacet
  facet normal 0.0462939 -0.706345 -0.706352
    outer loop
      vertex 90.5888 1.52755 2.04392
      vertex 90 1.48896 2.04392
      vertex 90.5164 2.07777 1.48896
    endloop
  endfacet
  facet normal 0.278311 0.416385 -0.865544
    outer loop
      vertex 91.6155 58.1053 0.618763
      vertex 91.3269 58.2982 0.618763
      vertex 91.6667 58.8868 1.01118
    endloop
  endfacet
  facet normal 0.213029 0.318716 -0.923601
    outer loop
      vertex 91.6155 58.1053 0.618763
      vertex 90.9643 57.6702 0.318419
      vertex 91.3269 58.2982 0.618763
    endloop
  endfacet
  facet normal -0.466728 -0.532195 -0.706352
    outer loop
      vertex 3.59169 2.86143 1.48896
      vertex 2.81021 2.81021 2.04392
      vertex 3.20263 3.20263 1.48896
    endloop
  endfacet
  facet normal -0.401926 -0.458304 -0.792725
    outer loop
      vertex 3.59169 2.86143 1.48896
      vertex 3.20263 3.20263 1.48896
      vertex 3.97074 3.35542 1.01118
    endloop
  endfacet
  facet normal -0.609343 -0.694828 -0.381988
    outer loop
      vertex 2.54127 1.4925 4.07136
      vertex 2.19489 2.19489 3.34627
      vertex 2.72411 1.73078 3.34627
    endloop
  endfacet
  facet normal -0.481391 -0.720466 -0.499191
    outer loop
      vertex 3.50559 1.67956 2.66658
      vertex 2.72411 1.73078 3.34627
      vertex 2.963 2.0421 2.66658
    endloop
  endfacet
  facet normal -0.438525 -0.889251 0.130111
    outer loop
      vertex 3.74802 0.563235 117.171
      vertex 3.05764 0.903689 117.171
      vertex 3.70881 0.468591 116.392
    endloop
  endfacet
  facet normal -0.31871 -0.93888 0.13011
    outer loop
      vertex 3.74802 0.563235 117.171
      vertex 3.70881 0.468591 116.392
      vertex 4.47692 0.315804 117.171
    endloop
  endfacet
  facet normal -0.519642 -0.598169 0.610054
    outer loop
      vertex 2.81021 2.81021 119.956
      vertex 2.86447 2.4 119.6
      vertex 2.963 2.0421 119.333
    endloop
  endfacet
  facet normal -0.52346 -0.59691 0.608021
    outer loop
      vertex 2.86447 2.4 119.6
      vertex 2.81021 2.81021 119.956
      vertex 2.61701 2.61701 119.6
    endloop
  endfacet
  facet normal -0.523819 -0.597291 0.607336
    outer loop
      vertex 2.963 2.0421 119.333
      vertex 2.86447 2.4 119.6
      vertex 2.5549 2.4 119.333
    endloop
  endfacet
  facet normal -0.59691 -0.52346 0.608021
    outer loop
      vertex 2.81021 2.81021 119.956
      vertex 2.4 2.86447 119.6
      vertex 2.61701 2.61701 119.6
    endloop
  endfacet
  facet normal -0.597291 -0.523819 0.607336
    outer loop
      vertex 2.4 2.86447 119.6
      vertex 2.0421 2.963 119.333
      vertex 2.4 2.5549 119.333
    endloop
  endfacet
  facet normal -0.598169 -0.519642 0.610054
    outer loop
      vertex 2.0421 2.963 119.333
      vertex 2.4 2.86447 119.6
      vertex 2.81021 2.81021 119.956
    endloop
  endfacet
  facet normal -0.513429 -0.768408 0.38202
    outer loop
      vertex 3.30938 1.33971 118.654
      vertex 2.54127 1.4925 117.929
      vertex 3.15921 1.07961 117.929
    endloop
  endfacet
  facet normal -0.536707 -0.803248 0.258339
    outer loop
      vertex 2.54127 1.4925 117.929
      vertex 2.41761 1.33134 117.171
      vertex 3.15921 1.07961 117.929
    endloop
  endfacet
  facet normal -0.726314 -0.636969 0.258338
    outer loop
      vertex 1.4925 2.54127 117.929
      vertex 1.33134 2.41761 117.171
      vertex 1.83888 1.83888 117.171
    endloop
  endfacet
  facet normal -0.726312 -0.636971 0.25834
    outer loop
      vertex 1.98252 1.98252 117.929
      vertex 1.4925 2.54127 117.929
      vertex 1.83888 1.83888 117.171
    endloop
  endfacet
  facet normal -0.720272 -0.481277 0.499581
    outer loop
      vertex 1.67956 3.50559 119.333
      vertex 1.33971 3.30938 118.654
      vertex 1.73078 2.72411 118.654
    endloop
  endfacet
  facet normal -0.776935 -0.383133 0.499581
    outer loop
      vertex 1.67956 3.50559 119.333
      vertex 1.02839 3.94069 118.654
      vertex 1.33971 3.30938 118.654
    endloop
  endfacet
  facet normal -0.49079 0.097639 0.865789
    outer loop
      vertex 3.43669 56.6868 121.381
      vertex 2.6951 56.4351 120.989
      vertex 3.36897 56.3464 121.381
    endloop
  endfacet
  facet normal -0.376712 0.0749439 0.923294
    outer loop
      vertex 3.43669 56.6868 121.381
      vertex 3.36897 56.3464 121.381
      vertex 4.08786 56.2517 121.682
    endloop
  endfacet
  facet normal -0.393261 -0.588572 -0.706349
    outer loop
      vertex 3.74448 2.09333 2.04392
      vertex 3.59169 2.86143 1.48896
      vertex 4.02196 2.57394 1.48896
    endloop
  endfacet
  facet normal -0.338661 -0.506855 -0.792721
    outer loop
      vertex 4.02196 2.57394 1.48896
      vertex 3.59169 2.86143 1.48896
      vertex 4.33329 3.11317 1.01118
    endloop
  endfacet
  facet normal -0.523515 -0.596944 -0.607939
    outer loop
      vertex 2.963 2.0421 2.66658
      vertex 2.5549 2.4 2.66658
      vertex 2.86447 2.4 2.4
    endloop
  endfacet
  facet normal -0.523606 -0.596925 -0.607879
    outer loop
      vertex 2.86447 2.4 2.4
      vertex 2.81021 2.81021 2.04392
      vertex 2.963 2.0421 2.66658
    endloop
  endfacet
  facet normal -0.523503 -0.596959 -0.607934
    outer loop
      vertex 2.81021 2.81021 2.04392
      vertex 2.86447 2.4 2.4
      vertex 2.61701 2.61701 2.4
    endloop
  endfacet
  facet normal -0.571321 -0.651456 -0.499197
    outer loop
      vertex 2.963 2.0421 2.66658
      vertex 2.4 2.4 2.84386
      vertex 2.5549 2.4 2.66658
    endloop
  endfacet
  facet normal -0.571321 -0.651454 -0.4992
    outer loop
      vertex 2.4 2.4 2.84386
      vertex 2.963 2.0421 2.66658
      vertex 2.19489 2.19489 3.34627
    endloop
  endfacet
  facet normal -0.363725 0.123469 0.923287
    outer loop
      vertex 3.54827 57.0155 121.381
      vertex 3.43669 56.6868 121.381
      vertex 4.21817 56.7381 121.682
    endloop
  endfacet
  facet normal -0.344515 0.169857 0.923286
    outer loop
      vertex 3.7018 57.3269 121.381
      vertex 3.54827 57.0155 121.381
      vertex 4.21817 56.7381 121.682
    endloop
  endfacet
  facet normal -0.651456 -0.571321 -0.499197
    outer loop
      vertex 2.4 2.4 2.84386
      vertex 2.0421 2.963 2.66658
      vertex 2.4 2.5549 2.66658
    endloop
  endfacet
  facet normal -0.651454 -0.571321 -0.4992
    outer loop
      vertex 2.0421 2.963 2.66658
      vertex 2.4 2.4 2.84386
      vertex 2.19489 2.19489 3.34627
    endloop
  endfacet
  facet normal -0.596944 -0.523515 -0.607939
    outer loop
      vertex 2.4 2.5549 2.66658
      vertex 2.0421 2.963 2.66658
      vertex 2.4 2.86447 2.4
    endloop
  endfacet
  facet normal -0.596959 -0.523503 -0.607934
    outer loop
      vertex 2.4 2.86447 2.4
      vertex 2.81021 2.81021 2.04392
      vertex 2.61701 2.61701 2.4
    endloop
  endfacet
  facet normal -0.596925 -0.523606 -0.607879
    outer loop
      vertex 2.81021 2.81021 2.04392
      vertex 2.4 2.86447 2.4
      vertex 2.0421 2.963 2.66658
    endloop
  endfacet
  facet normal -1 0 0
    outer loop
      vertex 93.6 59.1355 2.4
      vertex 93.6 59.6 2.84386
      vertex 93.6 59.4451 2.66658
    endloop
  endfacet
  facet normal -1 0 0
    outer loop
      vertex 93.6 59.6 2.84386
      vertex 93.6 2.4 2.84386
      vertex 93.6 59.6 119.156
    endloop
  endfacet
  facet normal -1 -0 0
    outer loop
      vertex 93.6 59.6 2.84386
      vertex 93.6 59.1355 2.4
      vertex 93.6 2.4 2.84386
    endloop
  endfacet
  facet normal -1 0 0
    outer loop
      vertex 93.6 2.4 119.156
      vertex 93.6 59.6 119.156
      vertex 93.6 2.4 2.84386
    endloop
  endfacet
  facet normal -1 0 0
    outer loop
      vertex 93.6 2.4 2.84386
      vertex 93.6 59.1355 2.4
      vertex 93.6 2.86447 2.4
    endloop
  endfacet
  facet normal -1 0 -0
    outer loop
      vertex 93.6 59.1355 119.6
      vertex 93.6 59.6 119.156
      vertex 93.6 2.4 119.156
    endloop
  endfacet
  facet normal -1 0 0
    outer loop
      vertex 93.6 2.4 2.84386
      vertex 93.6 2.86447 2.4
      vertex 93.6 2.5549 2.66658
    endloop
  endfacet
  facet normal -1 0 0
    outer loop
      vertex 93.6 59.6 119.156
      vertex 93.6 59.1355 119.6
      vertex 93.6 59.4451 119.333
    endloop
  endfacet
  facet normal -1 -0 0
    outer loop
      vertex 93.6 59.1355 119.6
      vertex 93.6 2.4 119.156
      vertex 93.6 2.86447 119.6
    endloop
  endfacet
  facet normal -1 0 0
    outer loop
      vertex 93.6 2.86447 119.6
      vertex 93.6 2.4 119.156
      vertex 93.6 2.5549 119.333
    endloop
  endfacet
  facet normal 0 0 -1
    outer loop
      vertex 93.1355 2.4 119.6
      vertex 93.6 2.86447 119.6
      vertex 93.383 2.61701 119.6
    endloop
  endfacet
  facet normal 0 0 -1
    outer loop
      vertex 93.6 2.86447 119.6
      vertex 58 31 119.6
      vertex 93.6 59.1355 119.6
    endloop
  endfacet
  facet normal -0 0 -1
    outer loop
      vertex 93.6 2.86447 119.6
      vertex 93.1355 2.4 119.6
      vertex 57.2388 27.1732 119.6
    endloop
  endfacet
  facet normal 0 0 -1
    outer loop
      vertex 57.9144 32.3053 119.6
      vertex 93.6 59.1355 119.6
      vertex 58 31 119.6
    endloop
  endfacet
  facet normal 0 0 -1
    outer loop
      vertex 57.6593 33.5882 119.6
      vertex 93.6 59.1355 119.6
      vertex 57.9144 32.3053 119.6
    endloop
  endfacet
  facet normal 0 0 -1
    outer loop
      vertex 93.6 2.86447 119.6
      vertex 57.9144 29.6947 119.6
      vertex 58 31 119.6
    endloop
  endfacet
  facet normal 0 0 -1
    outer loop
      vertex 93.6 2.86447 119.6
      vertex 57.6593 28.4118 119.6
      vertex 57.9144 29.6947 119.6
    endloop
  endfacet
  facet normal 0 0 -1
    outer loop
      vertex 93.6 2.86447 119.6
      vertex 57.2388 27.1732 119.6
      vertex 57.6593 28.4118 119.6
    endloop
  endfacet
  facet normal 0 0 -1
    outer loop
      vertex 93.1355 2.4 119.6
      vertex 56.6603 26 119.6
      vertex 57.2388 27.1732 119.6
    endloop
  endfacet
  facet normal 0 0 -1
    outer loop
      vertex 93.1355 2.4 119.6
      vertex 55.9335 24.9124 119.6
      vertex 56.6603 26 119.6
    endloop
  endfacet
  facet normal 0 0 -1
    outer loop
      vertex 93.1355 2.4 119.6
      vertex 55.0711 23.9289 119.6
      vertex 55.9335 24.9124 119.6
    endloop
  endfacet
  facet normal 0 0 -1
    outer loop
      vertex 93.1355 2.4 119.6
      vertex 54.0876 23.0665 119.6
      vertex 55.0711 23.9289 119.6
    endloop
  endfacet
  facet normal 0 0 -1
    outer loop
      vertex 93.1355 2.4 119.6
      vertex 53 22.3397 119.6
      vertex 54.0876 23.0665 119.6
    endloop
  endfacet
  facet normal 0 0 -1
    outer loop
      vertex 93.1355 2.4 119.6
      vertex 51.8268 21.7612 119.6
      vertex 53 22.3397 119.6
    endloop
  endfacet
  facet normal 0 0 -1
    outer loop
      vertex 93.1355 2.4 119.6
      vertex 50.5882 21.3407 119.6
      vertex 51.8268 21.7612 119.6
    endloop
  endfacet
  facet normal 0 0 -1
    outer loop
      vertex 93.1355 2.4 119.6
      vertex 49.3053 21.0856 119.6
      vertex 50.5882 21.3407 119.6
    endloop
  endfacet
  facet normal 0 0 -1
    outer loop
      vertex 93.1355 2.4 119.6
      vertex 48 21 119.6
      vertex 49.3053 21.0856 119.6
    endloop
  endfacet
  facet normal 0 0 -1
    outer loop
      vertex 2.86447 2.4 119.6
      vertex 48 21 119.6
      vertex 93.1355 2.4 119.6
    endloop
  endfacet
  facet normal -0 0 -1
    outer loop
      vertex 48 21 119.6
      vertex 2.86447 2.4 119.6
      vertex 46.6947 21.0856 119.6
    endloop
  endfacet
  facet normal -0 0 -1
    outer loop
      vertex 46.6947 21.0856 119.6
      vertex 2.86447 2.4 119.6
      vertex 45.4118 21.3407 119.6
    endloop
  endfacet
  facet normal -0 0 -1
    outer loop
      vertex 38.3407 28.4118 119.6
      vertex 2.4 2.86447 119.6
      vertex 38.0856 29.6947 119.6
    endloop
  endfacet
  facet normal -0 0 -1
    outer loop
      vertex 38.7612 27.1732 119.6
      vertex 2.4 2.86447 119.6
      vertex 38.3407 28.4118 119.6
    endloop
  endfacet
  facet normal 0 0 -1
    outer loop
      vertex 2.4 2.86447 119.6
      vertex 38.7612 27.1732 119.6
      vertex 2.86447 2.4 119.6
    endloop
  endfacet
  facet normal -0 0 -1
    outer loop
      vertex 39.3397 26 119.6
      vertex 2.86447 2.4 119.6
      vertex 38.7612 27.1732 119.6
    endloop
  endfacet
  facet normal -0 0 -1
    outer loop
      vertex 40.0665 24.9124 119.6
      vertex 2.86447 2.4 119.6
      vertex 39.3397 26 119.6
    endloop
  endfacet
  facet normal -0 0 -1
    outer loop
      vertex 40.9289 23.9289 119.6
      vertex 2.86447 2.4 119.6
      vertex 40.0665 24.9124 119.6
    endloop
  endfacet
  facet normal -0 0 -1
    outer loop
      vertex 41.9124 23.0665 119.6
      vertex 2.86447 2.4 119.6
      vertex 40.9289 23.9289 119.6
    endloop
  endfacet
  facet normal -0 0 -1
    outer loop
      vertex 43 22.3397 119.6
      vertex 2.86447 2.4 119.6
      vertex 41.9124 23.0665 119.6
    endloop
  endfacet
  facet normal -0 0 -1
    outer loop
      vertex 44.1732 21.7612 119.6
      vertex 2.86447 2.4 119.6
      vertex 43 22.3397 119.6
    endloop
  endfacet
  facet normal -0 0 -1
    outer loop
      vertex 45.4118 21.3407 119.6
      vertex 2.86447 2.4 119.6
      vertex 44.1732 21.7612 119.6
    endloop
  endfacet
  facet normal 0 0 -1
    outer loop
      vertex 57.2388 34.8268 119.6
      vertex 93.6 59.1355 119.6
      vertex 57.6593 33.5882 119.6
    endloop
  endfacet
  facet normal 0 -0 -1
    outer loop
      vertex 93.1355 59.6 119.6
      vertex 93.6 59.1355 119.6
      vertex 57.2388 34.8268 119.6
    endloop
  endfacet
  facet normal 0 0 -1
    outer loop
      vertex 93.6 59.1355 119.6
      vertex 93.1355 59.6 119.6
      vertex 93.383 59.383 119.6
    endloop
  endfacet
  facet normal 0 0 -1
    outer loop
      vertex 56.6603 36 119.6
      vertex 93.1355 59.6 119.6
      vertex 57.2388 34.8268 119.6
    endloop
  endfacet
  facet normal 0 0 -1
    outer loop
      vertex 55.9335 37.0876 119.6
      vertex 93.1355 59.6 119.6
      vertex 56.6603 36 119.6
    endloop
  endfacet
  facet normal 0 0 -1
    outer loop
      vertex 55.0711 38.0711 119.6
      vertex 93.1355 59.6 119.6
      vertex 55.9335 37.0876 119.6
    endloop
  endfacet
  facet normal 0 0 -1
    outer loop
      vertex 54.0876 38.9335 119.6
      vertex 93.1355 59.6 119.6
      vertex 55.0711 38.0711 119.6
    endloop
  endfacet
  facet normal 0 0 -1
    outer loop
      vertex 53 39.6603 119.6
      vertex 93.1355 59.6 119.6
      vertex 54.0876 38.9335 119.6
    endloop
  endfacet
  facet normal 0 0 -1
    outer loop
      vertex 51.8268 40.2388 119.6
      vertex 93.1355 59.6 119.6
      vertex 53 39.6603 119.6
    endloop
  endfacet
  facet normal 0 0 -1
    outer loop
      vertex 50.5882 40.6593 119.6
      vertex 93.1355 59.6 119.6
      vertex 51.8268 40.2388 119.6
    endloop
  endfacet
  facet normal 0 0 -1
    outer loop
      vertex 49.3053 40.9144 119.6
      vertex 93.1355 59.6 119.6
      vertex 50.5882 40.6593 119.6
    endloop
  endfacet
  facet normal 0 0 -1
    outer loop
      vertex 48 41 119.6
      vertex 93.1355 59.6 119.6
      vertex 49.3053 40.9144 119.6
    endloop
  endfacet
  facet normal 0 0 -1
    outer loop
      vertex 2.86447 59.6 119.6
      vertex 48 41 119.6
      vertex 46.6947 40.9144 119.6
    endloop
  endfacet
  facet normal 0 0 -1
    outer loop
      vertex 2.86447 59.6 119.6
      vertex 46.6947 40.9144 119.6
      vertex 45.4118 40.6593 119.6
    endloop
  endfacet
  facet normal 0 0 -1
    outer loop
      vertex 2.86447 59.6 119.6
      vertex 45.4118 40.6593 119.6
      vertex 44.1732 40.2388 119.6
    endloop
  endfacet
  facet normal -0 0 -1
    outer loop
      vertex 38.0856 29.6947 119.6
      vertex 2.4 2.86447 119.6
      vertex 38 31 119.6
    endloop
  endfacet
  facet normal 0 0 -1
    outer loop
      vertex 2.4 59.1355 119.6
      vertex 38 31 119.6
      vertex 2.4 2.86447 119.6
    endloop
  endfacet
  facet normal 0 0 -1
    outer loop
      vertex 38 31 119.6
      vertex 2.4 59.1355 119.6
      vertex 38.0856 32.3053 119.6
    endloop
  endfacet
  facet normal 0 0 -1
    outer loop
      vertex 38.0856 32.3053 119.6
      vertex 2.4 59.1355 119.6
      vertex 38.3407 33.5882 119.6
    endloop
  endfacet
  facet normal 0 0 -1
    outer loop
      vertex 38.3407 33.5882 119.6
      vertex 2.4 59.1355 119.6
      vertex 38.7612 34.8268 119.6
    endloop
  endfacet
  facet normal 0 -0 -1
    outer loop
      vertex 2.86447 59.6 119.6
      vertex 38.7612 34.8268 119.6
      vertex 2.4 59.1355 119.6
    endloop
  endfacet
  facet normal 0 0 -1
    outer loop
      vertex 48 41 119.6
      vertex 2.86447 59.6 119.6
      vertex 93.1355 59.6 119.6
    endloop
  endfacet
  facet normal 0 0 -1
    outer loop
      vertex 43 39.6603 119.6
      vertex 2.86447 59.6 119.6
      vertex 44.1732 40.2388 119.6
    endloop
  endfacet
  facet normal 0 0 -1
    outer loop
      vertex 41.9124 38.9335 119.6
      vertex 2.86447 59.6 119.6
      vertex 43 39.6603 119.6
    endloop
  endfacet
  facet normal 0 0 -1
    outer loop
      vertex 40.9289 38.0711 119.6
      vertex 2.86447 59.6 119.6
      vertex 41.9124 38.9335 119.6
    endloop
  endfacet
  facet normal 0 0 -1
    outer loop
      vertex 38.7612 34.8268 119.6
      vertex 2.86447 59.6 119.6
      vertex 39.3397 36 119.6
    endloop
  endfacet
  facet normal 0 0 -1
    outer loop
      vertex 2.4 2.86447 119.6
      vertex 2.86447 2.4 119.6
      vertex 2.61701 2.61701 119.6
    endloop
  endfacet
  facet normal 0 0 -1
    outer loop
      vertex 39.3397 36 119.6
      vertex 2.86447 59.6 119.6
      vertex 40.0665 37.0876 119.6
    endloop
  endfacet
  facet normal 0 0 -1
    outer loop
      vertex 40.0665 37.0876 119.6
      vertex 2.86447 59.6 119.6
      vertex 40.9289 38.0711 119.6
    endloop
  endfacet
  facet normal 0 0 -1
    outer loop
      vertex 2.86447 59.6 119.6
      vertex 2.4 59.1355 119.6
      vertex 2.61701 59.383 119.6
    endloop
  endfacet
  facet normal 0 0 1
    outer loop
      vertex 93.1355 59.6 2.4
      vertex 93.6 59.1355 2.4
      vertex 93.383 59.383 2.4
    endloop
  endfacet
  facet normal 0 0 1
    outer loop
      vertex 93.6 59.1355 2.4
      vertex 79.5 31 2.4
      vertex 93.6 2.86447 2.4
    endloop
  endfacet
  facet normal 0 0 1
    outer loop
      vertex 75.75 37.4952 2.4
      vertex 93.6 59.1355 2.4
      vertex 93.1355 59.6 2.4
    endloop
  endfacet
  facet normal -0 0 1
    outer loop
      vertex 79.4358 30.0211 2.4
      vertex 93.6 2.86447 2.4
      vertex 79.5 31 2.4
    endloop
  endfacet
  facet normal -0 0 1
    outer loop
      vertex 79.2444 29.0589 2.4
      vertex 93.6 2.86447 2.4
      vertex 79.4358 30.0211 2.4
    endloop
  endfacet
  facet normal 0 0 1
    outer loop
      vertex 93.6 59.1355 2.4
      vertex 79.4358 31.9789 2.4
      vertex 79.5 31 2.4
    endloop
  endfacet
  facet normal 0 0 1
    outer loop
      vertex 93.6 59.1355 2.4
      vertex 79.2444 32.9411 2.4
      vertex 79.4358 31.9789 2.4
    endloop
  endfacet
  facet normal 0 0 1
    outer loop
      vertex 93.6 59.1355 2.4
      vertex 78.9291 33.8701 2.4
      vertex 79.2444 32.9411 2.4
    endloop
  endfacet
  facet normal 0 0 1
    outer loop
      vertex 93.6 59.1355 2.4
      vertex 78.4952 34.75 2.4
      vertex 78.9291 33.8701 2.4
    endloop
  endfacet
  facet normal 0 0 1
    outer loop
      vertex 93.6 59.1355 2.4
      vertex 77.9501 35.5657 2.4
      vertex 78.4952 34.75 2.4
    endloop
  endfacet
  facet normal 0 0 1
    outer loop
      vertex 93.6 59.1355 2.4
      vertex 77.3033 36.3033 2.4
      vertex 77.9501 35.5657 2.4
    endloop
  endfacet
  facet normal 0 0 1
    outer loop
      vertex 93.6 59.1355 2.4
      vertex 76.5657 36.9501 2.4
      vertex 77.3033 36.3033 2.4
    endloop
  endfacet
  facet normal 0 0 1
    outer loop
      vertex 93.6 59.1355 2.4
      vertex 75.75 37.4952 2.4
      vertex 76.5657 36.9501 2.4
    endloop
  endfacet
  facet normal 0 0 1
    outer loop
      vertex 93.1355 59.6 2.4
      vertex 74.8701 37.9291 2.4
      vertex 75.75 37.4952 2.4
    endloop
  endfacet
  facet normal 0 0 1
    outer loop
      vertex 93.1355 59.6 2.4
      vertex 73.9411 38.2444 2.4
      vertex 74.8701 37.9291 2.4
    endloop
  endfacet
  facet normal 0 0 1
    outer loop
      vertex 93.1355 59.6 2.4
      vertex 72.9789 38.4358 2.4
      vertex 73.9411 38.2444 2.4
    endloop
  endfacet
  facet normal 0 0 1
    outer loop
      vertex 93.1355 59.6 2.4
      vertex 72 38.5 2.4
      vertex 72.9789 38.4358 2.4
    endloop
  endfacet
  facet normal 0 0 1
    outer loop
      vertex 93.1355 59.6 2.4
      vertex 71.0211 38.4358 2.4
      vertex 72 38.5 2.4
    endloop
  endfacet
  facet normal 0 0 1
    outer loop
      vertex 93.1355 59.6 2.4
      vertex 70.0589 38.2444 2.4
      vertex 71.0211 38.4358 2.4
    endloop
  endfacet
  facet normal 0 0 1
    outer loop
      vertex 93.1355 59.6 2.4
      vertex 69.1299 37.9291 2.4
      vertex 70.0589 38.2444 2.4
    endloop
  endfacet
  facet normal 0 0 1
    outer loop
      vertex 26.8701 37.9291 2.4
      vertex 69.1299 37.9291 2.4
      vertex 93.1355 59.6 2.4
    endloop
  endfacet
  facet normal 0 0 1
    outer loop
      vertex 69.1299 37.9291 2.4
      vertex 26.8701 37.9291 2.4
      vertex 68.25 37.4952 2.4
    endloop
  endfacet
  facet normal 0 -0 1
    outer loop
      vertex 27.75 37.4952 2.4
      vertex 68.25 37.4952 2.4
      vertex 26.8701 37.9291 2.4
    endloop
  endfacet
  facet normal 0 0 1
    outer loop
      vertex 64.5642 31.9789 2.4
      vertex 31.5 31 2.4
      vertex 64.5 31 2.4
    endloop
  endfacet
  facet normal 0 0 1
    outer loop
      vertex 31.4358 31.9789 2.4
      vertex 64.5642 31.9789 2.4
      vertex 64.7556 32.9411 2.4
    endloop
  endfacet
  facet normal 0 0 1
    outer loop
      vertex 31.2444 32.9411 2.4
      vertex 64.7556 32.9411 2.4
      vertex 65.0709 33.8701 2.4
    endloop
  endfacet
  facet normal 0 0 1
    outer loop
      vertex 30.9291 33.8701 2.4
      vertex 65.0709 33.8701 2.4
      vertex 65.5048 34.75 2.4
    endloop
  endfacet
  facet normal 0 0 1
    outer loop
      vertex 30.4952 34.75 2.4
      vertex 65.5048 34.75 2.4
      vertex 66.0499 35.5657 2.4
    endloop
  endfacet
  facet normal 0 0 1
    outer loop
      vertex 29.9501 35.5657 2.4
      vertex 66.0499 35.5657 2.4
      vertex 66.6967 36.3033 2.4
    endloop
  endfacet
  facet normal 0 0 1
    outer loop
      vertex 68.25 37.4952 2.4
      vertex 27.75 37.4952 2.4
      vertex 67.4343 36.9501 2.4
    endloop
  endfacet
  facet normal 0 0 1
    outer loop
      vertex 64.5642 31.9789 2.4
      vertex 31.4358 31.9789 2.4
      vertex 31.5 31 2.4
    endloop
  endfacet
  facet normal 0 0 1
    outer loop
      vertex 64.7556 32.9411 2.4
      vertex 31.2444 32.9411 2.4
      vertex 31.4358 31.9789 2.4
    endloop
  endfacet
  facet normal 0 0 1
    outer loop
      vertex 65.0709 33.8701 2.4
      vertex 30.9291 33.8701 2.4
      vertex 31.2444 32.9411 2.4
    endloop
  endfacet
  facet normal 0 0 1
    outer loop
      vertex 65.5048 34.75 2.4
      vertex 30.4952 34.75 2.4
      vertex 30.9291 33.8701 2.4
    endloop
  endfacet
  facet normal 0 0 1
    outer loop
      vertex 66.0499 35.5657 2.4
      vertex 29.9501 35.5657 2.4
      vertex 30.4952 34.75 2.4
    endloop
  endfacet
  facet normal 0 0 1
    outer loop
      vertex 66.6967 36.3033 2.4
      vertex 29.3033 36.3033 2.4
      vertex 29.9501 35.5657 2.4
    endloop
  endfacet
  facet normal 0 0 1
    outer loop
      vertex 66.6967 36.3033 2.4
      vertex 28.5657 36.9501 2.4
      vertex 29.3033 36.3033 2.4
    endloop
  endfacet
  facet normal 0 0 1
    outer loop
      vertex 67.4343 36.9501 2.4
      vertex 28.5657 36.9501 2.4
      vertex 66.6967 36.3033 2.4
    endloop
  endfacet
  facet normal 0 -0 1
    outer loop
      vertex 28.5657 36.9501 2.4
      vertex 67.4343 36.9501 2.4
      vertex 27.75 37.4952 2.4
    endloop
  endfacet
  facet normal -0 0 1
    outer loop
      vertex 2.86447 59.6 2.4
      vertex 26.8701 37.9291 2.4
      vertex 93.1355 59.6 2.4
    endloop
  endfacet
  facet normal 0 0 1
    outer loop
      vertex 26.8701 37.9291 2.4
      vertex 2.86447 59.6 2.4
      vertex 25.9411 38.2444 2.4
    endloop
  endfacet
  facet normal 0 0 1
    outer loop
      vertex 25.9411 38.2444 2.4
      vertex 2.86447 59.6 2.4
      vertex 24.9789 38.4358 2.4
    endloop
  endfacet
  facet normal 0 0 1
    outer loop
      vertex 24.9789 38.4358 2.4
      vertex 2.86447 59.6 2.4
      vertex 24 38.5 2.4
    endloop
  endfacet
  facet normal 0 0 1
    outer loop
      vertex 24 38.5 2.4
      vertex 2.86447 59.6 2.4
      vertex 23.0211 38.4358 2.4
    endloop
  endfacet
  facet normal 0 0 1
    outer loop
      vertex 16.7556 32.9411 2.4
      vertex 2.4 59.1355 2.4
      vertex 16.5642 31.9789 2.4
    endloop
  endfacet
  facet normal 0 0 1
    outer loop
      vertex 17.0709 33.8701 2.4
      vertex 2.4 59.1355 2.4
      vertex 16.7556 32.9411 2.4
    endloop
  endfacet
  facet normal 0 0 1
    outer loop
      vertex 17.5048 34.75 2.4
      vertex 2.4 59.1355 2.4
      vertex 17.0709 33.8701 2.4
    endloop
  endfacet
  facet normal 0 0 1
    outer loop
      vertex 18.0499 35.5657 2.4
      vertex 2.4 59.1355 2.4
      vertex 17.5048 34.75 2.4
    endloop
  endfacet
  facet normal 0 0 1
    outer loop
      vertex 18.6967 36.3033 2.4
      vertex 2.4 59.1355 2.4
      vertex 18.0499 35.5657 2.4
    endloop
  endfacet
  facet normal 0 0 1
    outer loop
      vertex 19.4343 36.9501 2.4
      vertex 2.4 59.1355 2.4
      vertex 18.6967 36.3033 2.4
    endloop
  endfacet
  facet normal 0 0 1
    outer loop
      vertex 20.25 37.4952 2.4
      vertex 2.4 59.1355 2.4
      vertex 19.4343 36.9501 2.4
    endloop
  endfacet
  facet normal -0 0 1
    outer loop
      vertex 2.4 59.1355 2.4
      vertex 20.25 37.4952 2.4
      vertex 2.86447 59.6 2.4
    endloop
  endfacet
  facet normal 0 0 1
    outer loop
      vertex 21.1299 37.9291 2.4
      vertex 2.86447 59.6 2.4
      vertex 20.25 37.4952 2.4
    endloop
  endfacet
  facet normal 0 0 1
    outer loop
      vertex 22.0589 38.2444 2.4
      vertex 2.86447 59.6 2.4
      vertex 21.1299 37.9291 2.4
    endloop
  endfacet
  facet normal 0 0 1
    outer loop
      vertex 23.0211 38.4358 2.4
      vertex 2.86447 59.6 2.4
      vertex 22.0589 38.2444 2.4
    endloop
  endfacet
  facet normal -0 0 1
    outer loop
      vertex 78.9291 28.1299 2.4
      vertex 93.6 2.86447 2.4
      vertex 79.2444 29.0589 2.4
    endloop
  endfacet
  facet normal -0 0 1
    outer loop
      vertex 78.4952 27.25 2.4
      vertex 93.6 2.86447 2.4
      vertex 78.9291 28.1299 2.4
    endloop
  endfacet
  facet normal -0 0 1
    outer loop
      vertex 77.9501 26.4343 2.4
      vertex 93.6 2.86447 2.4
      vertex 78.4952 27.25 2.4
    endloop
  endfacet
  facet normal -0 0 1
    outer loop
      vertex 77.3033 25.6967 2.4
      vertex 93.6 2.86447 2.4
      vertex 77.9501 26.4343 2.4
    endloop
  endfacet
  facet normal -0 0 1
    outer loop
      vertex 76.5657 25.0499 2.4
      vertex 93.6 2.86447 2.4
      vertex 77.3033 25.6967 2.4
    endloop
  endfacet
  facet normal -0 0 1
    outer loop
      vertex 75.75 24.5048 2.4
      vertex 93.6 2.86447 2.4
      vertex 76.5657 25.0499 2.4
    endloop
  endfacet
  facet normal 0 0 1
    outer loop
      vertex 93.6 2.86447 2.4
      vertex 93.1355 2.4 2.4
      vertex 93.383 2.61701 2.4
    endloop
  endfacet
  facet normal 0 0 1
    outer loop
      vertex 93.6 2.86447 2.4
      vertex 75.75 24.5048 2.4
      vertex 93.1355 2.4 2.4
    endloop
  endfacet
  facet normal -0 0 1
    outer loop
      vertex 74.8701 24.0709 2.4
      vertex 93.1355 2.4 2.4
      vertex 75.75 24.5048 2.4
    endloop
  endfacet
  facet normal -0 0 1
    outer loop
      vertex 73.9411 23.7556 2.4
      vertex 93.1355 2.4 2.4
      vertex 74.8701 24.0709 2.4
    endloop
  endfacet
  facet normal -0 0 1
    outer loop
      vertex 72.9789 23.5642 2.4
      vertex 93.1355 2.4 2.4
      vertex 73.9411 23.7556 2.4
    endloop
  endfacet
  facet normal -0 0 1
    outer loop
      vertex 72 23.5 2.4
      vertex 93.1355 2.4 2.4
      vertex 72.9789 23.5642 2.4
    endloop
  endfacet
  facet normal 0 0 1
    outer loop
      vertex 71.0211 23.5642 2.4
      vertex 93.1355 2.4 2.4
      vertex 72 23.5 2.4
    endloop
  endfacet
  facet normal 0 0 1
    outer loop
      vertex 70.0589 23.7556 2.4
      vertex 93.1355 2.4 2.4
      vertex 71.0211 23.5642 2.4
    endloop
  endfacet
  facet normal 0 0 1
    outer loop
      vertex 69.1299 24.0709 2.4
      vertex 93.1355 2.4 2.4
      vertex 70.0589 23.7556 2.4
    endloop
  endfacet
  facet normal 0 0 1
    outer loop
      vertex 26.8701 24.0709 2.4
      vertex 69.1299 24.0709 2.4
      vertex 68.25 24.5048 2.4
    endloop
  endfacet
  facet normal 0 0 1
    outer loop
      vertex 27.75 24.5048 2.4
      vertex 68.25 24.5048 2.4
      vertex 67.4343 25.0499 2.4
    endloop
  endfacet
  facet normal 0 0 1
    outer loop
      vertex 28.5657 25.0499 2.4
      vertex 67.4343 25.0499 2.4
      vertex 66.6967 25.6967 2.4
    endloop
  endfacet
  facet normal -0 0 1
    outer loop
      vertex 31.5 31 2.4
      vertex 64.5642 30.0211 2.4
      vertex 64.5 31 2.4
    endloop
  endfacet
  facet normal 0 0 1
    outer loop
      vertex 31.4358 30.0211 2.4
      vertex 64.5642 30.0211 2.4
      vertex 31.5 31 2.4
    endloop
  endfacet
  facet normal 0 0 1
    outer loop
      vertex 64.5642 30.0211 2.4
      vertex 31.4358 30.0211 2.4
      vertex 64.7556 29.0589 2.4
    endloop
  endfacet
  facet normal 0 0 1
    outer loop
      vertex 31.2444 29.0589 2.4
      vertex 64.7556 29.0589 2.4
      vertex 31.4358 30.0211 2.4
    endloop
  endfacet
  facet normal 0 0 1
    outer loop
      vertex 64.7556 29.0589 2.4
      vertex 31.2444 29.0589 2.4
      vertex 65.0709 28.1299 2.4
    endloop
  endfacet
  facet normal 0 0 1
    outer loop
      vertex 30.9291 28.1299 2.4
      vertex 65.0709 28.1299 2.4
      vertex 31.2444 29.0589 2.4
    endloop
  endfacet
  facet normal 0 0 1
    outer loop
      vertex 65.0709 28.1299 2.4
      vertex 30.9291 28.1299 2.4
      vertex 65.5048 27.25 2.4
    endloop
  endfacet
  facet normal 0 0 1
    outer loop
      vertex 30.4952 27.25 2.4
      vertex 65.5048 27.25 2.4
      vertex 30.9291 28.1299 2.4
    endloop
  endfacet
  facet normal 0 0 1
    outer loop
      vertex 65.5048 27.25 2.4
      vertex 30.4952 27.25 2.4
      vertex 66.0499 26.4343 2.4
    endloop
  endfacet
  facet normal 0 0 1
    outer loop
      vertex 29.9501 26.4343 2.4
      vertex 66.0499 26.4343 2.4
      vertex 30.4952 27.25 2.4
    endloop
  endfacet
  facet normal 0 0 1
    outer loop
      vertex 66.0499 26.4343 2.4
      vertex 29.9501 26.4343 2.4
      vertex 66.6967 25.6967 2.4
    endloop
  endfacet
  facet normal 0 0 1
    outer loop
      vertex 29.3033 25.6967 2.4
      vertex 66.6967 25.6967 2.4
      vertex 29.9501 26.4343 2.4
    endloop
  endfacet
  facet normal 0 0 1
    outer loop
      vertex 28.5657 25.0499 2.4
      vertex 66.6967 25.6967 2.4
      vertex 29.3033 25.6967 2.4
    endloop
  endfacet
  facet normal 0 0 1
    outer loop
      vertex 67.4343 25.0499 2.4
      vertex 28.5657 25.0499 2.4
      vertex 27.75 24.5048 2.4
    endloop
  endfacet
  facet normal 0 0 1
    outer loop
      vertex 68.25 24.5048 2.4
      vertex 27.75 24.5048 2.4
      vertex 26.8701 24.0709 2.4
    endloop
  endfacet
  facet normal 0 0 1
    outer loop
      vertex 69.1299 24.0709 2.4
      vertex 26.8701 24.0709 2.4
      vertex 93.1355 2.4 2.4
    endloop
  endfacet
  facet normal 0 0 1
    outer loop
      vertex 2.86447 2.4 2.4
      vertex 26.8701 24.0709 2.4
      vertex 25.9411 23.7556 2.4
    endloop
  endfacet
  facet normal 0 0 1
    outer loop
      vertex 2.86447 2.4 2.4
      vertex 25.9411 23.7556 2.4
      vertex 24.9789 23.5642 2.4
    endloop
  endfacet
  facet normal 0 0 1
    outer loop
      vertex 2.86447 2.4 2.4
      vertex 24.9789 23.5642 2.4
      vertex 24 23.5 2.4
    endloop
  endfacet
  facet normal 0 0 1
    outer loop
      vertex 2.86447 2.4 2.4
      vertex 24 23.5 2.4
      vertex 23.0211 23.5642 2.4
    endloop
  endfacet
  facet normal 0 0 1
    outer loop
      vertex 2.86447 2.4 2.4
      vertex 23.0211 23.5642 2.4
      vertex 22.0589 23.7556 2.4
    endloop
  endfacet
  facet normal 0 0 1
    outer loop
      vertex 16.5642 31.9789 2.4
      vertex 2.4 59.1355 2.4
      vertex 16.5 31 2.4
    endloop
  endfacet
  facet normal 0 0 1
    outer loop
      vertex 2.4 2.86447 2.4
      vertex 16.5 31 2.4
      vertex 2.4 59.1355 2.4
    endloop
  endfacet
  facet normal 0 0 1
    outer loop
      vertex 16.5 31 2.4
      vertex 2.4 2.86447 2.4
      vertex 16.5642 30.0211 2.4
    endloop
  endfacet
  facet normal 0 0 1
    outer loop
      vertex 26.8701 24.0709 2.4
      vertex 2.86447 2.4 2.4
      vertex 93.1355 2.4 2.4
    endloop
  endfacet
  facet normal 0 0 1
    outer loop
      vertex 21.1299 24.0709 2.4
      vertex 2.86447 2.4 2.4
      vertex 22.0589 23.7556 2.4
    endloop
  endfacet
  facet normal 0 0 1
    outer loop
      vertex 20.25 24.5048 2.4
      vertex 2.86447 2.4 2.4
      vertex 21.1299 24.0709 2.4
    endloop
  endfacet
  facet normal 0 0 1
    outer loop
      vertex 2.4 2.86447 2.4
      vertex 20.25 24.5048 2.4
      vertex 19.4343 25.0499 2.4
    endloop
  endfacet
  facet normal 0 0 1
    outer loop
      vertex 2.4 2.86447 2.4
      vertex 19.4343 25.0499 2.4
      vertex 18.6967 25.6967 2.4
    endloop
  endfacet
  facet normal 0 0 1
    outer loop
      vertex 2.4 2.86447 2.4
      vertex 18.6967 25.6967 2.4
      vertex 18.0499 26.4343 2.4
    endloop
  endfacet
  facet normal 0 0 1
    outer loop
      vertex 2.4 2.86447 2.4
      vertex 18.0499 26.4343 2.4
      vertex 17.5048 27.25 2.4
    endloop
  endfacet
  facet normal 0 0 1
    outer loop
      vertex 2.4 2.86447 2.4
      vertex 17.5048 27.25 2.4
      vertex 17.0709 28.1299 2.4
    endloop
  endfacet
  facet normal 0 0 1
    outer loop
      vertex 16.5642 30.0211 2.4
      vertex 2.4 2.86447 2.4
      vertex 16.7556 29.0589 2.4
    endloop
  endfacet
  facet normal 0 0 1
    outer loop
      vertex 2.4 59.1355 2.4
      vertex 2.86447 59.6 2.4
      vertex 2.61701 59.383 2.4
    endloop
  endfacet
  facet normal 0 0 1
    outer loop
      vertex 16.7556 29.0589 2.4
      vertex 2.4 2.86447 2.4
      vertex 17.0709 28.1299 2.4
    endloop
  endfacet
  facet normal 0 0 1
    outer loop
      vertex 20.25 24.5048 2.4
      vertex 2.4 2.86447 2.4
      vertex 2.86447 2.4 2.4
    endloop
  endfacet
  facet normal 0 0 1
    outer loop
      vertex 2.86447 2.4 2.4
      vertex 2.4 2.86447 2.4
      vertex 2.61701 2.61701 2.4
    endloop
  endfacet
  facet normal 1 0 0
    outer loop
      vertex 2.4 59.1355 119.6
      vertex 2.4 59.6 119.156
      vertex 2.4 59.4451 119.333
    endloop
  endfacet
  facet normal 1 0 0
    outer loop
      vertex 2.4 59.6 119.156
      vertex 2.4 36.5433 86.7039
      vertex 2.4 59.6 2.84386
    endloop
  endfacet
  facet normal 1 0 0
    outer loop
      vertex 2.4 59.6 119.156
      vertex 2.4 59.1355 119.6
      vertex 2.4 35.2426 93.2426
    endloop
  endfacet
  facet normal 1 -0 0
    outer loop
      vertex 2.4 36.1962 86
      vertex 2.4 59.6 2.84386
      vertex 2.4 36.5433 86.7039
    endloop
  endfacet
  facet normal 1 0 0
    outer loop
      vertex 2.4 59.6 119.156
      vertex 2.4 37 89
      vertex 2.4 36.9487 88.2168
    endloop
  endfacet
  facet normal 1 0 0
    outer loop
      vertex 2.4 59.6 119.156
      vertex 2.4 36.9487 89.7832
      vertex 2.4 37 89
    endloop
  endfacet
  facet normal 1 0 0
    outer loop
      vertex 2.4 59.6 119.156
      vertex 2.4 36.7956 90.5529
      vertex 2.4 36.9487 89.7832
    endloop
  endfacet
  facet normal 1 0 0
    outer loop
      vertex 2.4 59.6 119.156
      vertex 2.4 36.5433 91.2961
      vertex 2.4 36.7956 90.5529
    endloop
  endfacet
  facet normal 1 0 0
    outer loop
      vertex 2.4 59.6 119.156
      vertex 2.4 36.1962 92
      vertex 2.4 36.5433 91.2961
    endloop
  endfacet
  facet normal 1 0 0
    outer loop
      vertex 2.4 59.6 119.156
      vertex 2.4 35.7601 92.6526
      vertex 2.4 36.1962 92
    endloop
  endfacet
  facet normal 1 0 0
    outer loop
      vertex 2.4 59.6 119.156
      vertex 2.4 35.2426 93.2426
      vertex 2.4 35.7601 92.6526
    endloop
  endfacet
  facet normal 1 0 0
    outer loop
      vertex 2.4 59.1355 119.6
      vertex 2.4 34.6526 93.7601
      vertex 2.4 35.2426 93.2426
    endloop
  endfacet
  facet normal 1 0 0
    outer loop
      vertex 2.4 59.1355 119.6
      vertex 2.4 34 94.1962
      vertex 2.4 34.6526 93.7601
    endloop
  endfacet
  facet normal 1 0 0
    outer loop
      vertex 2.4 59.1355 119.6
      vertex 2.4 33.2961 94.5433
      vertex 2.4 34 94.1962
    endloop
  endfacet
  facet normal 1 0 0
    outer loop
      vertex 2.4 59.1355 119.6
      vertex 2.4 32.5529 94.7956
      vertex 2.4 33.2961 94.5433
    endloop
  endfacet
  facet normal 1 0 0
    outer loop
      vertex 2.4 59.1355 119.6
      vertex 2.4 31.7832 94.9487
      vertex 2.4 32.5529 94.7956
    endloop
  endfacet
  facet normal 1 0 0
    outer loop
      vertex 2.4 59.1355 119.6
      vertex 2.4 31 95
      vertex 2.4 31.7832 94.9487
    endloop
  endfacet
  facet normal 1 -0 0
    outer loop
      vertex 2.4 2.86447 119.6
      vertex 2.4 31 95
      vertex 2.4 59.1355 119.6
    endloop
  endfacet
  facet normal 1 0 0
    outer loop
      vertex 2.4 31 95
      vertex 2.4 2.86447 119.6
      vertex 2.4 30.2168 94.9487
    endloop
  endfacet
  facet normal 1 0 0
    outer loop
      vertex 2.4 30.2168 94.9487
      vertex 2.4 2.86447 119.6
      vertex 2.4 29.4471 94.7956
    endloop
  endfacet
  facet normal 1 0 0
    outer loop
      vertex 2.4 29.4471 94.7956
      vertex 2.4 2.86447 119.6
      vertex 2.4 28.7039 94.5433
    endloop
  endfacet
  facet normal 1 0 0
    outer loop
      vertex 2.4 28.7039 94.5433
      vertex 2.4 2.86447 119.6
      vertex 2.4 28 94.1962
    endloop
  endfacet
  facet normal 1 0 0
    outer loop
      vertex 2.4 25.2044 90.5529
      vertex 2.4 2.4 119.156
      vertex 2.4 25.0513 89.7832
    endloop
  endfacet
  facet normal 1 0 0
    outer loop
      vertex 2.4 25.4567 91.2961
      vertex 2.4 2.4 119.156
      vertex 2.4 25.2044 90.5529
    endloop
  endfacet
  facet normal 1 0 0
    outer loop
      vertex 2.4 25.8038 92
      vertex 2.4 2.4 119.156
      vertex 2.4 25.4567 91.2961
    endloop
  endfacet
  facet normal 1 0 0
    outer loop
      vertex 2.4 26.2399 92.6526
      vertex 2.4 2.4 119.156
      vertex 2.4 25.8038 92
    endloop
  endfacet
  facet normal 1 0 0
    outer loop
      vertex 2.4 26.7574 93.2426
      vertex 2.4 2.4 119.156
      vertex 2.4 26.2399 92.6526
    endloop
  endfacet
  facet normal 1 -0 0
    outer loop
      vertex 2.4 2.4 119.156
      vertex 2.4 26.7574 93.2426
      vertex 2.4 2.86447 119.6
    endloop
  endfacet
  facet normal 1 0 0
    outer loop
      vertex 2.4 27.3474 93.7601
      vertex 2.4 2.86447 119.6
      vertex 2.4 26.7574 93.2426
    endloop
  endfacet
  facet normal 1 0 0
    outer loop
      vertex 2.4 28 94.1962
      vertex 2.4 2.86447 119.6
      vertex 2.4 27.3474 93.7601
    endloop
  endfacet
  facet normal 1 0 0
    outer loop
      vertex 2.4 59.6 119.156
      vertex 2.4 36.9487 88.2168
      vertex 2.4 36.7956 87.4471
    endloop
  endfacet
  facet normal 1 0 0
    outer loop
      vertex 2.4 59.6 119.156
      vertex 2.4 36.7956 87.4471
      vertex 2.4 36.5433 86.7039
    endloop
  endfacet
  facet normal 1 -0 0
    outer loop
      vertex 2.4 35.7601 85.3474
      vertex 2.4 59.6 2.84386
      vertex 2.4 36.1962 86
    endloop
  endfacet
  facet normal 1 -0 0
    outer loop
      vertex 2.4 35.2426 84.7574
      vertex 2.4 59.6 2.84386
      vertex 2.4 35.7601 85.3474
    endloop
  endfacet
  facet normal 1 -0 0
    outer loop
      vertex 2.4 34.6526 84.2399
      vertex 2.4 59.6 2.84386
      vertex 2.4 35.2426 84.7574
    endloop
  endfacet
  facet normal 1 -0 0
    outer loop
      vertex 2.4 34 83.8038
      vertex 2.4 59.6 2.84386
      vertex 2.4 34.6526 84.2399
    endloop
  endfacet
  facet normal 1 -0 0
    outer loop
      vertex 2.4 33.2961 83.4567
      vertex 2.4 59.6 2.84386
      vertex 2.4 34 83.8038
    endloop
  endfacet
  facet normal 1 -0 0
    outer loop
      vertex 2.4 32.5529 83.2044
      vertex 2.4 59.6 2.84386
      vertex 2.4 33.2961 83.4567
    endloop
  endfacet
  facet normal 1 -0 0
    outer loop
      vertex 2.4 31.7832 83.0513
      vertex 2.4 59.6 2.84386
      vertex 2.4 32.5529 83.2044
    endloop
  endfacet
  facet normal 1 -0 0
    outer loop
      vertex 2.4 31 83
      vertex 2.4 59.6 2.84386
      vertex 2.4 31.7832 83.0513
    endloop
  endfacet
  facet normal 1 0 0
    outer loop
      vertex 2.4 2.4 2.84386
      vertex 2.4 59.6 2.84386
      vertex 2.4 31 83
    endloop
  endfacet
  facet normal 1 0 -0
    outer loop
      vertex 2.4 59.1355 2.4
      vertex 2.4 59.6 2.84386
      vertex 2.4 2.4 2.84386
    endloop
  endfacet
  facet normal 1 0 0
    outer loop
      vertex 2.4 2.4 2.84386
      vertex 2.4 31 83
      vertex 2.4 30.2168 83.0513
    endloop
  endfacet
  facet normal 1 0 0
    outer loop
      vertex 2.4 2.4 2.84386
      vertex 2.4 30.2168 83.0513
      vertex 2.4 29.4471 83.2044
    endloop
  endfacet
  facet normal 1 0 0
    outer loop
      vertex 2.4 2.4 2.84386
      vertex 2.4 29.4471 83.2044
      vertex 2.4 28.7039 83.4567
    endloop
  endfacet
  facet normal 1 0 0
    outer loop
      vertex 2.4 2.4 2.84386
      vertex 2.4 28.7039 83.4567
      vertex 2.4 28 83.8038
    endloop
  endfacet
  facet normal 1 0 0
    outer loop
      vertex 2.4 2.4 2.84386
      vertex 2.4 28 83.8038
      vertex 2.4 27.3474 84.2399
    endloop
  endfacet
  facet normal 1 0 0
    outer loop
      vertex 2.4 2.4 2.84386
      vertex 2.4 27.3474 84.2399
      vertex 2.4 26.7574 84.7574
    endloop
  endfacet
  facet normal 1 0 0
    outer loop
      vertex 2.4 2.4 2.84386
      vertex 2.4 26.7574 84.7574
      vertex 2.4 26.2399 85.3474
    endloop
  endfacet
  facet normal 1 0 0
    outer loop
      vertex 2.4 2.4 2.84386
      vertex 2.4 26.2399 85.3474
      vertex 2.4 25.8038 86
    endloop
  endfacet
  facet normal 1 0 0
    outer loop
      vertex 2.4 2.4 2.84386
      vertex 2.4 25.8038 86
      vertex 2.4 25.4567 86.7039
    endloop
  endfacet
  facet normal 1 0 0
    outer loop
      vertex 2.4 25.0513 89.7832
      vertex 2.4 2.4 119.156
      vertex 2.4 25 89
    endloop
  endfacet
  facet normal 1 0 0
    outer loop
      vertex 2.4 25 89
      vertex 2.4 2.4 119.156
      vertex 2.4 25.0513 88.2168
    endloop
  endfacet
  facet normal 1 0 0
    outer loop
      vertex 2.4 25.0513 88.2168
      vertex 2.4 2.4 119.156
      vertex 2.4 25.2044 87.4471
    endloop
  endfacet
  facet normal 1 0 0
    outer loop
      vertex 2.4 25.2044 87.4471
      vertex 2.4 2.4 119.156
      vertex 2.4 25.4567 86.7039
    endloop
  endfacet
  facet normal 1 0 0
    outer loop
      vertex 2.4 2.4 2.84386
      vertex 2.4 25.4567 86.7039
      vertex 2.4 2.4 119.156
    endloop
  endfacet
  facet normal 1 0 0
    outer loop
      vertex 2.4 2.4 119.156
      vertex 2.4 2.86447 119.6
      vertex 2.4 2.5549 119.333
    endloop
  endfacet
  facet normal 1 0 0
    outer loop
      vertex 2.4 59.6 2.84386
      vertex 2.4 59.1355 2.4
      vertex 2.4 59.4451 2.66658
    endloop
  endfacet
  facet normal 1 0 0
    outer loop
      vertex 2.4 59.1355 2.4
      vertex 2.4 2.4 2.84386
      vertex 2.4 2.86447 2.4
    endloop
  endfacet
  facet normal 1 0 0
    outer loop
      vertex 2.4 2.86447 2.4
      vertex 2.4 2.4 2.84386
      vertex 2.4 2.5549 2.66658
    endloop
  endfacet
  facet normal 0 -1 0
    outer loop
      vertex 2.4 59.6 119.156
      vertex 2.86447 59.6 119.6
      vertex 2.5549 59.6 119.333
    endloop
  endfacet
  facet normal 0 -1 0
    outer loop
      vertex 2.86447 59.6 119.6
      vertex 12 59.6 103.5
      vertex 93.1355 59.6 119.6
    endloop
  endfacet
  facet normal 0 -1 -0
    outer loop
      vertex 2.86447 59.6 119.6
      vertex 2.4 59.6 119.156
      vertex 12 59.6 103.5
    endloop
  endfacet
  facet normal 0 -1 0
    outer loop
      vertex 84 59.6 103.5
      vertex 93.1355 59.6 119.6
      vertex 12 59.6 103.5
    endloop
  endfacet
  facet normal -0 -1 0
    outer loop
      vertex 93.6 59.6 119.156
      vertex 93.1355 59.6 119.6
      vertex 84 59.6 103.5
    endloop
  endfacet
  facet normal 0 -1 0
    outer loop
      vertex 2.4 59.6 119.156
      vertex 12 59.6 28.5
      vertex 12 59.6 103.5
    endloop
  endfacet
  facet normal 0 -1 0
    outer loop
      vertex 2.86447 59.6 2.4
      vertex 12 59.6 28.5
      vertex 2.4 59.6 2.84386
    endloop
  endfacet
  facet normal 0 -1 0
    outer loop
      vertex 2.4 59.6 2.84386
      vertex 12 59.6 28.5
      vertex 2.4 59.6 119.156
    endloop
  endfacet
  facet normal 0 -1 0
    outer loop
      vertex 93.1355 59.6 119.6
      vertex 93.6 59.6 119.156
      vertex 93.4451 59.6 119.333
    endloop
  endfacet
  facet normal 0 -1 0
    outer loop
      vertex 84 59.6 28.5
      vertex 93.6 59.6 119.156
      vertex 84 59.6 103.5
    endloop
  endfacet
  facet normal 0 -1 0
    outer loop
      vertex 84 59.6 28.5
      vertex 93.6 59.6 2.84386
      vertex 93.6 59.6 119.156
    endloop
  endfacet
  facet normal 0 -1 -0
    outer loop
      vertex 12 59.6 28.5
      vertex 2.86447 59.6 2.4
      vertex 84 59.6 28.5
    endloop
  endfacet
  facet normal 0 -1 0
    outer loop
      vertex 2.86447 59.6 2.4
      vertex 2.4 59.6 2.84386
      vertex 2.5549 59.6 2.66658
    endloop
  endfacet
  facet normal 0 -1 0
    outer loop
      vertex 93.1355 59.6 2.4
      vertex 84 59.6 28.5
      vertex 2.86447 59.6 2.4
    endloop
  endfacet
  facet normal 0 -1 0
    outer loop
      vertex 84 59.6 28.5
      vertex 93.1355 59.6 2.4
      vertex 93.6 59.6 2.84386
    endloop
  endfacet
  facet normal 0 -1 0
    outer loop
      vertex 93.6 59.6 2.84386
      vertex 93.1355 59.6 2.4
      vertex 93.4451 59.6 2.66658
    endloop
  endfacet
  facet normal 0 1 0
    outer loop
      vertex 93.6 2.4 119.156
      vertex 93.1355 2.4 119.6
      vertex 93.4451 2.4 119.333
    endloop
  endfacet
  facet normal 0 1 0
    outer loop
      vertex 93.1355 2.4 119.6
      vertex 93.6 2.4 119.156
      vertex 2.86447 2.4 119.6
    endloop
  endfacet
  facet normal 0 1 0
    outer loop
      vertex 2.4 2.4 119.156
      vertex 2.86447 2.4 119.6
      vertex 93.6 2.4 119.156
    endloop
  endfacet
  facet normal 0 1 0
    outer loop
      vertex 2.86447 2.4 119.6
      vertex 2.4 2.4 119.156
      vertex 2.5549 2.4 119.333
    endloop
  endfacet
  facet normal 0 1 -0
    outer loop
      vertex 93.6 2.4 2.84386
      vertex 2.4 2.4 119.156
      vertex 93.6 2.4 119.156
    endloop
  endfacet
  facet normal 0 1 0
    outer loop
      vertex 93.6 2.4 2.84386
      vertex 2.4 2.4 2.84386
      vertex 2.4 2.4 119.156
    endloop
  endfacet
  facet normal 0 1 0
    outer loop
      vertex 93.1355 2.4 2.4
      vertex 93.6 2.4 2.84386
      vertex 93.4451 2.4 2.66658
    endloop
  endfacet
  facet normal 0 1 0
    outer loop
      vertex 93.6 2.4 2.84386
      vertex 93.1355 2.4 2.4
      vertex 2.4 2.4 2.84386
    endloop
  endfacet
  facet normal 0 1 -0
    outer loop
      vertex 2.86447 2.4 2.4
      vertex 2.4 2.4 2.84386
      vertex 93.1355 2.4 2.4
    endloop
  endfacet
  facet normal 0 1 0
    outer loop
      vertex 2.4 2.4 2.84386
      vertex 2.86447 2.4 2.4
      vertex 2.5549 2.4 2.66658
    endloop
  endfacet
  facet normal -1 0 0
    outer loop
      vertex 84 59.6 28.5
      vertex 84 61.8 103.5
      vertex 84 61.8 28.5
    endloop
  endfacet
  facet normal -1 -0 0
    outer loop
      vertex 84 61.8 103.5
      vertex 84 59.6 28.5
      vertex 84 59.6 103.5
    endloop
  endfacet
  facet normal 0 0 -1
    outer loop
      vertex 12 59.6 103.5
      vertex 84 61.8 103.5
      vertex 84 59.6 103.5
    endloop
  endfacet
  facet normal -0 0 -1
    outer loop
      vertex 84 61.8 103.5
      vertex 12 59.6 103.5
      vertex 12 61.8 103.5
    endloop
  endfacet
  facet normal -0 0 1
    outer loop
      vertex 12 61.8 28.5
      vertex 84 59.6 28.5
      vertex 84 61.8 28.5
    endloop
  endfacet
  facet normal 0 0 1
    outer loop
      vertex 84 59.6 28.5
      vertex 12 61.8 28.5
      vertex 12 59.6 28.5
    endloop
  endfacet
  facet normal 1 -0 0
    outer loop
      vertex 12 59.6 103.5
      vertex 12 61.8 28.5
      vertex 12 61.8 103.5
    endloop
  endfacet
  facet normal 1 0 0
    outer loop
      vertex 12 61.8 28.5
      vertex 12 59.6 103.5
      vertex 12 59.6 28.5
    endloop
  endfacet
  facet normal 0 -1 0
    outer loop
      vertex 12 61.8 28.5
      vertex 84 61.8 103.5
      vertex 12 61.8 103.5
    endloop
  endfacet
  facet normal 0 -1 -0
    outer loop
      vertex 84 61.8 103.5
      vertex 12 61.8 28.5
      vertex 84 61.8 28.5
    endloop
  endfacet
  facet normal 0.555617 0.831438 -0
    outer loop
      vertex 43 22.3397 119.6
      vertex 41.9124 23.0665 121.987
      vertex 43 22.3397 121.987
    endloop
  endfacet
  facet normal 0.555617 0.831438 0
    outer loop
      vertex 41.9124 23.0665 121.987
      vertex 43 22.3397 119.6
      vertex 41.9124 23.0665 119.6
    endloop
  endfacet
  facet normal -0.997857 -0.0654382 0
    outer loop
      vertex 58 31 119.6
      vertex 57.9144 32.3053 121.987
      vertex 57.9144 32.3053 119.6
    endloop
  endfacet
  facet normal -0.997857 -0.0654382 0
    outer loop
      vertex 57.9144 32.3053 121.987
      vertex 58 31 119.6
      vertex 58 31 121.987
    endloop
  endfacet
  facet normal -0.980798 0.195028 0
    outer loop
      vertex 57.6593 28.4118 119.6
      vertex 57.9144 29.6947 121.987
      vertex 57.9144 29.6947 119.6
    endloop
  endfacet
  facet normal -0.980798 0.195028 0
    outer loop
      vertex 57.9144 29.6947 121.987
      vertex 57.6593 28.4118 119.6
      vertex 57.6593 28.4118 121.987
    endloop
  endfacet
  facet normal -0.6593 -0.75188 0
    outer loop
      vertex 54.0876 38.9335 119.6
      vertex 55.0711 38.0711 121.987
      vertex 54.0876 38.9335 121.987
    endloop
  endfacet
  facet normal -0.6593 -0.75188 -0
    outer loop
      vertex 55.0711 38.0711 121.987
      vertex 54.0876 38.9335 119.6
      vertex 55.0711 38.0711 119.6
    endloop
  endfacet
  facet normal -0.89689 -0.442253 0
    outer loop
      vertex 57.2388 34.8268 119.6
      vertex 56.6603 36 121.987
      vertex 56.6603 36 119.6
    endloop
  endfacet
  facet normal -0.89689 -0.442253 0
    outer loop
      vertex 56.6603 36 121.987
      vertex 57.2388 34.8268 119.6
      vertex 57.2388 34.8268 121.987
    endloop
  endfacet
  facet normal -0.831438 -0.555617 0
    outer loop
      vertex 56.6603 36 119.6
      vertex 55.9335 37.0876 121.987
      vertex 55.9335 37.0876 119.6
    endloop
  endfacet
  facet normal -0.831438 -0.555617 0
    outer loop
      vertex 55.9335 37.0876 121.987
      vertex 56.6603 36 119.6
      vertex 56.6603 36 121.987
    endloop
  endfacet
  facet normal 0.980798 -0.195028 0
    outer loop
      vertex 38.0856 32.3053 121.987
      vertex 38.3407 33.5882 119.6
      vertex 38.3407 33.5882 121.987
    endloop
  endfacet
  facet normal 0.980798 -0.195028 0
    outer loop
      vertex 38.3407 33.5882 119.6
      vertex 38.0856 32.3053 121.987
      vertex 38.0856 32.3053 119.6
    endloop
  endfacet
  facet normal -0.831438 0.555617 0
    outer loop
      vertex 55.9335 24.9124 119.6
      vertex 56.6603 26 121.987
      vertex 56.6603 26 119.6
    endloop
  endfacet
  facet normal -0.831438 0.555617 0
    outer loop
      vertex 56.6603 26 121.987
      vertex 55.9335 24.9124 119.6
      vertex 55.9335 24.9124 121.987
    endloop
  endfacet
  facet normal 0.75188 -0.6593 0
    outer loop
      vertex 40.0665 37.0876 121.987
      vertex 40.9289 38.0711 119.6
      vertex 40.9289 38.0711 121.987
    endloop
  endfacet
  facet normal 0.75188 -0.6593 0
    outer loop
      vertex 40.9289 38.0711 119.6
      vertex 40.0665 37.0876 121.987
      vertex 40.0665 37.0876 119.6
    endloop
  endfacet
  facet normal 0.442253 -0.89689 0
    outer loop
      vertex 43 39.6603 119.6
      vertex 44.1732 40.2388 121.987
      vertex 43 39.6603 121.987
    endloop
  endfacet
  facet normal 0.442253 -0.89689 0
    outer loop
      vertex 44.1732 40.2388 121.987
      vertex 43 39.6603 119.6
      vertex 44.1732 40.2388 119.6
    endloop
  endfacet
  facet normal 0.831438 -0.555617 0
    outer loop
      vertex 39.3397 36 121.987
      vertex 40.0665 37.0876 119.6
      vertex 40.0665 37.0876 121.987
    endloop
  endfacet
  facet normal 0.831438 -0.555617 0
    outer loop
      vertex 40.0665 37.0876 119.6
      vertex 39.3397 36 121.987
      vertex 39.3397 36 119.6
    endloop
  endfacet
  facet normal 0.195028 0.980798 -0
    outer loop
      vertex 46.6947 21.0856 119.6
      vertex 45.4118 21.3407 121.987
      vertex 46.6947 21.0856 121.987
    endloop
  endfacet
  facet normal 0.195028 0.980798 0
    outer loop
      vertex 45.4118 21.3407 121.987
      vertex 46.6947 21.0856 119.6
      vertex 45.4118 21.3407 119.6
    endloop
  endfacet
  facet normal -0.946918 -0.321475 0
    outer loop
      vertex 57.6593 33.5882 119.6
      vertex 57.2388 34.8268 121.987
      vertex 57.2388 34.8268 119.6
    endloop
  endfacet
  facet normal -0.946918 -0.321475 0
    outer loop
      vertex 57.2388 34.8268 121.987
      vertex 57.6593 33.5882 119.6
      vertex 57.6593 33.5882 121.987
    endloop
  endfacet
  facet normal 0.321475 -0.946918 0
    outer loop
      vertex 44.1732 40.2388 119.6
      vertex 45.4118 40.6593 121.987
      vertex 44.1732 40.2388 121.987
    endloop
  endfacet
  facet normal 0.321475 -0.946918 0
    outer loop
      vertex 45.4118 40.6593 121.987
      vertex 44.1732 40.2388 119.6
      vertex 45.4118 40.6593 119.6
    endloop
  endfacet
  facet normal -0.0654382 0.997857 0
    outer loop
      vertex 49.3053 21.0856 119.6
      vertex 48 21 121.987
      vertex 49.3053 21.0856 121.987
    endloop
  endfacet
  facet normal -0.0654382 0.997857 0
    outer loop
      vertex 48 21 121.987
      vertex 49.3053 21.0856 119.6
      vertex 48 21 119.6
    endloop
  endfacet
  facet normal -0.442253 0.89689 0
    outer loop
      vertex 53 22.3397 119.6
      vertex 51.8268 21.7612 121.987
      vertex 53 22.3397 121.987
    endloop
  endfacet
  facet normal -0.442253 0.89689 0
    outer loop
      vertex 51.8268 21.7612 121.987
      vertex 53 22.3397 119.6
      vertex 51.8268 21.7612 119.6
    endloop
  endfacet
  facet normal -0.555617 0.831438 0
    outer loop
      vertex 54.0876 23.0665 119.6
      vertex 53 22.3397 121.987
      vertex 54.0876 23.0665 121.987
    endloop
  endfacet
  facet normal -0.555617 0.831438 0
    outer loop
      vertex 53 22.3397 121.987
      vertex 54.0876 23.0665 119.6
      vertex 53 22.3397 119.6
    endloop
  endfacet
  facet normal -0.946918 0.321475 0
    outer loop
      vertex 57.2388 27.1732 119.6
      vertex 57.6593 28.4118 121.987
      vertex 57.6593 28.4118 119.6
    endloop
  endfacet
  facet normal -0.946918 0.321475 0
    outer loop
      vertex 57.6593 28.4118 121.987
      vertex 57.2388 27.1732 119.6
      vertex 57.2388 27.1732 121.987
    endloop
  endfacet
  facet normal 0.89689 0.442253 0
    outer loop
      vertex 39.3397 26 121.987
      vertex 38.7612 27.1732 119.6
      vertex 38.7612 27.1732 121.987
    endloop
  endfacet
  facet normal 0.89689 0.442253 0
    outer loop
      vertex 38.7612 27.1732 119.6
      vertex 39.3397 26 121.987
      vertex 39.3397 26 119.6
    endloop
  endfacet
  facet normal 0.195028 -0.980798 0
    outer loop
      vertex 45.4118 40.6593 119.6
      vertex 46.6947 40.9144 121.987
      vertex 45.4118 40.6593 121.987
    endloop
  endfacet
  facet normal 0.195028 -0.980798 0
    outer loop
      vertex 46.6947 40.9144 121.987
      vertex 45.4118 40.6593 119.6
      vertex 46.6947 40.9144 119.6
    endloop
  endfacet
  facet normal -0.980798 -0.195028 0
    outer loop
      vertex 57.9144 32.3053 119.6
      vertex 57.6593 33.5882 121.987
      vertex 57.6593 33.5882 119.6
    endloop
  endfacet
  facet normal -0.980798 -0.195028 0
    outer loop
      vertex 57.6593 33.5882 121.987
      vertex 57.9144 32.3053 119.6
      vertex 57.9144 32.3053 121.987
    endloop
  endfacet
  facet normal 0.980798 0.195028 0
    outer loop
      vertex 38.3407 28.4118 121.987
      vertex 38.0856 29.6947 119.6
      vertex 38.0856 29.6947 121.987
    endloop
  endfacet
  facet normal 0.980798 0.195028 0
    outer loop
      vertex 38.0856 29.6947 119.6
      vertex 38.3407 28.4118 121.987
      vertex 38.3407 28.4118 119.6
    endloop
  endfacet
  facet normal -0.321475 -0.946918 0
    outer loop
      vertex 50.5882 40.6593 119.6
      vertex 51.8268 40.2388 121.987
      vertex 50.5882 40.6593 121.987
    endloop
  endfacet
  facet normal -0.321475 -0.946918 -0
    outer loop
      vertex 51.8268 40.2388 121.987
      vertex 50.5882 40.6593 119.6
      vertex 51.8268 40.2388 119.6
    endloop
  endfacet
  facet normal -0.442253 -0.89689 0
    outer loop
      vertex 51.8268 40.2388 119.6
      vertex 53 39.6603 121.987
      vertex 51.8268 40.2388 121.987
    endloop
  endfacet
  facet normal -0.442253 -0.89689 -0
    outer loop
      vertex 53 39.6603 121.987
      vertex 51.8268 40.2388 119.6
      vertex 53 39.6603 119.6
    endloop
  endfacet
  facet normal 0.997857 -0.0654382 0
    outer loop
      vertex 38 31 121.987
      vertex 38.0856 32.3053 119.6
      vertex 38.0856 32.3053 121.987
    endloop
  endfacet
  facet normal 0.997857 -0.0654382 0
    outer loop
      vertex 38.0856 32.3053 119.6
      vertex 38 31 121.987
      vertex 38 31 119.6
    endloop
  endfacet
  facet normal 0.831438 0.555617 0
    outer loop
      vertex 40.0665 24.9124 121.987
      vertex 39.3397 26 119.6
      vertex 39.3397 26 121.987
    endloop
  endfacet
  facet normal 0.831438 0.555617 0
    outer loop
      vertex 39.3397 26 119.6
      vertex 40.0665 24.9124 121.987
      vertex 40.0665 24.9124 119.6
    endloop
  endfacet
  facet normal 0.442253 0.89689 -0
    outer loop
      vertex 44.1732 21.7612 119.6
      vertex 43 22.3397 121.987
      vertex 44.1732 21.7612 121.987
    endloop
  endfacet
  facet normal 0.442253 0.89689 0
    outer loop
      vertex 43 22.3397 121.987
      vertex 44.1732 21.7612 119.6
      vertex 43 22.3397 119.6
    endloop
  endfacet
  facet normal -0.195028 0.980798 0
    outer loop
      vertex 50.5882 21.3407 119.6
      vertex 49.3053 21.0856 121.987
      vertex 50.5882 21.3407 121.987
    endloop
  endfacet
  facet normal -0.195028 0.980798 0
    outer loop
      vertex 49.3053 21.0856 121.987
      vertex 50.5882 21.3407 119.6
      vertex 49.3053 21.0856 119.6
    endloop
  endfacet
  facet normal 0.946918 -0.321475 0
    outer loop
      vertex 38.3407 33.5882 121.987
      vertex 38.7612 34.8268 119.6
      vertex 38.7612 34.8268 121.987
    endloop
  endfacet
  facet normal 0.946918 -0.321475 0
    outer loop
      vertex 38.7612 34.8268 119.6
      vertex 38.3407 33.5882 121.987
      vertex 38.3407 33.5882 119.6
    endloop
  endfacet
  facet normal 0.6593 -0.75188 0
    outer loop
      vertex 40.9289 38.0711 119.6
      vertex 41.9124 38.9335 121.987
      vertex 40.9289 38.0711 121.987
    endloop
  endfacet
  facet normal 0.6593 -0.75188 0
    outer loop
      vertex 41.9124 38.9335 121.987
      vertex 40.9289 38.0711 119.6
      vertex 41.9124 38.9335 119.6
    endloop
  endfacet
  facet normal 0.6593 0.75188 -0
    outer loop
      vertex 41.9124 23.0665 119.6
      vertex 40.9289 23.9289 121.987
      vertex 41.9124 23.0665 121.987
    endloop
  endfacet
  facet normal 0.6593 0.75188 0
    outer loop
      vertex 40.9289 23.9289 121.987
      vertex 41.9124 23.0665 119.6
      vertex 40.9289 23.9289 119.6
    endloop
  endfacet
  facet normal 0.555617 -0.831438 0
    outer loop
      vertex 41.9124 38.9335 119.6
      vertex 43 39.6603 121.987
      vertex 41.9124 38.9335 121.987
    endloop
  endfacet
  facet normal 0.555617 -0.831438 0
    outer loop
      vertex 43 39.6603 121.987
      vertex 41.9124 38.9335 119.6
      vertex 43 39.6603 119.6
    endloop
  endfacet
  facet normal -0.0654382 -0.997857 0
    outer loop
      vertex 48 41 119.6
      vertex 49.3053 40.9144 121.987
      vertex 48 41 121.987
    endloop
  endfacet
  facet normal -0.0654382 -0.997857 -0
    outer loop
      vertex 49.3053 40.9144 121.987
      vertex 48 41 119.6
      vertex 49.3053 40.9144 119.6
    endloop
  endfacet
  facet normal 0.946918 0.321475 0
    outer loop
      vertex 38.7612 27.1732 121.987
      vertex 38.3407 28.4118 119.6
      vertex 38.3407 28.4118 121.987
    endloop
  endfacet
  facet normal 0.946918 0.321475 0
    outer loop
      vertex 38.3407 28.4118 119.6
      vertex 38.7612 27.1732 121.987
      vertex 38.7612 27.1732 119.6
    endloop
  endfacet
  facet normal -0.195028 -0.980798 0
    outer loop
      vertex 49.3053 40.9144 119.6
      vertex 50.5882 40.6593 121.987
      vertex 49.3053 40.9144 121.987
    endloop
  endfacet
  facet normal -0.195028 -0.980798 -0
    outer loop
      vertex 50.5882 40.6593 121.987
      vertex 49.3053 40.9144 119.6
      vertex 50.5882 40.6593 119.6
    endloop
  endfacet
  facet normal -0.321475 0.946918 0
    outer loop
      vertex 51.8268 21.7612 119.6
      vertex 50.5882 21.3407 121.987
      vertex 51.8268 21.7612 121.987
    endloop
  endfacet
  facet normal -0.321475 0.946918 0
    outer loop
      vertex 50.5882 21.3407 121.987
      vertex 51.8268 21.7612 119.6
      vertex 50.5882 21.3407 119.6
    endloop
  endfacet
  facet normal -0.75188 0.6593 0
    outer loop
      vertex 55.0711 23.9289 119.6
      vertex 55.9335 24.9124 121.987
      vertex 55.9335 24.9124 119.6
    endloop
  endfacet
  facet normal -0.75188 0.6593 0
    outer loop
      vertex 55.9335 24.9124 121.987
      vertex 55.0711 23.9289 119.6
      vertex 55.0711 23.9289 121.987
    endloop
  endfacet
  facet normal 0.0654382 -0.997857 0
    outer loop
      vertex 46.6947 40.9144 119.6
      vertex 48 41 121.987
      vertex 46.6947 40.9144 121.987
    endloop
  endfacet
  facet normal 0.0654382 -0.997857 0
    outer loop
      vertex 48 41 121.987
      vertex 46.6947 40.9144 119.6
      vertex 48 41 119.6
    endloop
  endfacet
  facet normal -0.75188 -0.6593 0
    outer loop
      vertex 55.9335 37.0876 119.6
      vertex 55.0711 38.0711 121.987
      vertex 55.0711 38.0711 119.6
    endloop
  endfacet
  facet normal -0.75188 -0.6593 0
    outer loop
      vertex 55.0711 38.0711 121.987
      vertex 55.9335 37.0876 119.6
      vertex 55.9335 37.0876 121.987
    endloop
  endfacet
  facet normal 0.997857 0.0654382 0
    outer loop
      vertex 38.0856 29.6947 121.987
      vertex 38 31 119.6
      vertex 38 31 121.987
    endloop
  endfacet
  facet normal 0.997857 0.0654382 0
    outer loop
      vertex 38 31 119.6
      vertex 38.0856 29.6947 121.987
      vertex 38.0856 29.6947 119.6
    endloop
  endfacet
  facet normal -0.555617 -0.831438 0
    outer loop
      vertex 53 39.6603 119.6
      vertex 54.0876 38.9335 121.987
      vertex 53 39.6603 121.987
    endloop
  endfacet
  facet normal -0.555617 -0.831438 -0
    outer loop
      vertex 54.0876 38.9335 121.987
      vertex 53 39.6603 119.6
      vertex 54.0876 38.9335 119.6
    endloop
  endfacet
  facet normal -0.997857 0.0654382 0
    outer loop
      vertex 57.9144 29.6947 119.6
      vertex 58 31 121.987
      vertex 58 31 119.6
    endloop
  endfacet
  facet normal -0.997857 0.0654382 0
    outer loop
      vertex 58 31 121.987
      vertex 57.9144 29.6947 119.6
      vertex 57.9144 29.6947 121.987
    endloop
  endfacet
  facet normal 0.321475 0.946918 -0
    outer loop
      vertex 45.4118 21.3407 119.6
      vertex 44.1732 21.7612 121.987
      vertex 45.4118 21.3407 121.987
    endloop
  endfacet
  facet normal 0.321475 0.946918 0
    outer loop
      vertex 44.1732 21.7612 121.987
      vertex 45.4118 21.3407 119.6
      vertex 44.1732 21.7612 119.6
    endloop
  endfacet
  facet normal -0.6593 0.75188 0
    outer loop
      vertex 55.0711 23.9289 119.6
      vertex 54.0876 23.0665 121.987
      vertex 55.0711 23.9289 121.987
    endloop
  endfacet
  facet normal -0.6593 0.75188 0
    outer loop
      vertex 54.0876 23.0665 121.987
      vertex 55.0711 23.9289 119.6
      vertex 54.0876 23.0665 119.6
    endloop
  endfacet
  facet normal -0.89689 0.442253 0
    outer loop
      vertex 56.6603 26 119.6
      vertex 57.2388 27.1732 121.987
      vertex 57.2388 27.1732 119.6
    endloop
  endfacet
  facet normal -0.89689 0.442253 0
    outer loop
      vertex 57.2388 27.1732 121.987
      vertex 56.6603 26 119.6
      vertex 56.6603 26 121.987
    endloop
  endfacet
  facet normal 0.0654382 0.997857 -0
    outer loop
      vertex 48 21 119.6
      vertex 46.6947 21.0856 121.987
      vertex 48 21 121.987
    endloop
  endfacet
  facet normal 0.0654382 0.997857 0
    outer loop
      vertex 46.6947 21.0856 121.987
      vertex 48 21 119.6
      vertex 46.6947 21.0856 119.6
    endloop
  endfacet
  facet normal 0.75188 0.6593 0
    outer loop
      vertex 40.9289 23.9289 121.987
      vertex 40.0665 24.9124 119.6
      vertex 40.0665 24.9124 121.987
    endloop
  endfacet
  facet normal 0.75188 0.6593 0
    outer loop
      vertex 40.0665 24.9124 119.6
      vertex 40.9289 23.9289 121.987
      vertex 40.9289 23.9289 119.6
    endloop
  endfacet
  facet normal 0.89689 -0.442253 0
    outer loop
      vertex 38.7612 34.8268 121.987
      vertex 39.3397 36 119.6
      vertex 39.3397 36 121.987
    endloop
  endfacet
  facet normal 0.89689 -0.442253 0
    outer loop
      vertex 39.3397 36 119.6
      vertex 38.7612 34.8268 121.987
      vertex 38.7612 34.8268 119.6
    endloop
  endfacet
endsolid OpenSCAD_Model
