solid OpenSCAD_Model
  facet normal -0.194922 0 -0.980819
    outer loop
      vertex 17.7088 0.010705 15.5863
      vertex 17.9141 19 15.5455
      vertex 17.9141 0.010705 15.5455
    endloop
  endfacet
  facet normal -0.194922 0 -0.980819
    outer loop
      vertex 17.9141 19 15.5455
      vertex 17.7088 0.010705 15.5863
      vertex 17.7088 19 15.5863
    endloop
  endfacet
  facet normal -0.980819 0 -0.194922
    outer loop
      vertex 19.0863 0.010705 14.2088
      vertex 19.0455 19 14.4141
      vertex 19.0863 19 14.2088
    endloop
  endfacet
  facet normal -0.980819 -0 -0.194922
    outer loop
      vertex 19.0455 19 14.4141
      vertex 19.0863 0.010705 14.2088
      vertex 19.0455 0.010705 14.4141
    endloop
  endfacet
  facet normal -0.997854 0 -0.0654722
    outer loop
      vertex 19.1 0.010705 14
      vertex 19.0863 19 14.2088
      vertex 19.1 19 14
    endloop
  endfacet
  facet normal -0.997854 -0 -0.0654722
    outer loop
      vertex 19.0863 19 14.2088
      vertex 19.1 0.010705 14
      vertex 19.0863 0.010705 14.2088
    endloop
  endfacet
  facet normal 0.946901 -0 0.321526
    outer loop
      vertex 15.9545 0.010705 13.5859
      vertex 16.0218 19 13.3877
      vertex 15.9545 19 13.5859
    endloop
  endfacet
  facet normal 0.946901 0 0.321526
    outer loop
      vertex 16.0218 19 13.3877
      vertex 15.9545 0.010705 13.5859
      vertex 16.0218 0.010705 13.3877
    endloop
  endfacet
  facet normal -0.555362 0 -0.831609
    outer loop
      vertex 18.3 0.010705 15.3856
      vertex 18.474 19 15.2694
      vertex 18.474 0.010705 15.2694
    endloop
  endfacet
  facet normal -0.555362 0 -0.831609
    outer loop
      vertex 18.474 19 15.2694
      vertex 18.3 0.010705 15.3856
      vertex 18.3 19 15.3856
    endloop
  endfacet
  facet normal -0.980819 0 0.194922
    outer loop
      vertex 19.0455 0.010705 13.5859
      vertex 19.0863 19 13.7912
      vertex 19.0455 19 13.5859
    endloop
  endfacet
  facet normal -0.980819 0 0.194922
    outer loop
      vertex 19.0863 19 13.7912
      vertex 19.0455 0.010705 13.5859
      vertex 19.0863 0.010705 13.7912
    endloop
  endfacet
  facet normal -0.946901 0 0.321526
    outer loop
      vertex 18.9782 0.010705 13.3877
      vertex 19.0455 19 13.5859
      vertex 18.9782 19 13.3877
    endloop
  endfacet
  facet normal -0.946901 0 0.321526
    outer loop
      vertex 19.0455 19 13.5859
      vertex 18.9782 0.010705 13.3877
      vertex 19.0455 0.010705 13.5859
    endloop
  endfacet
  facet normal -0.321526 0 -0.946901
    outer loop
      vertex 17.9141 0.010705 15.5455
      vertex 18.1123 19 15.4782
      vertex 18.1123 0.010705 15.4782
    endloop
  endfacet
  facet normal -0.321526 0 -0.946901
    outer loop
      vertex 18.1123 19 15.4782
      vertex 17.9141 0.010705 15.5455
      vertex 17.9141 19 15.5455
    endloop
  endfacet
  facet normal 0 -1 0
    outer loop
      vertex 17.2912 19 15.5863
      vertex 17.7088 19 15.5863
      vertex 17.5 19 15.6
    endloop
  endfacet
  facet normal 0 -1 0
    outer loop
      vertex 17.0859 19 15.5455
      vertex 17.7088 19 15.5863
      vertex 17.2912 19 15.5863
    endloop
  endfacet
  facet normal 0 -1 0
    outer loop
      vertex 17.0859 19 15.5455
      vertex 17.9141 19 15.5455
      vertex 17.7088 19 15.5863
    endloop
  endfacet
  facet normal 0 -1 0
    outer loop
      vertex 16.8877 19 15.4782
      vertex 17.9141 19 15.5455
      vertex 17.0859 19 15.5455
    endloop
  endfacet
  facet normal 0 -1 0
    outer loop
      vertex 16.8877 19 15.4782
      vertex 18.1123 19 15.4782
      vertex 17.9141 19 15.5455
    endloop
  endfacet
  facet normal 0 -1 0
    outer loop
      vertex 16.7 19 15.3856
      vertex 18.1123 19 15.4782
      vertex 16.8877 19 15.4782
    endloop
  endfacet
  facet normal 0 -1 0
    outer loop
      vertex 16.7 19 15.3856
      vertex 18.3 19 15.3856
      vertex 18.1123 19 15.4782
    endloop
  endfacet
  facet normal 0 -1 0
    outer loop
      vertex 16.526 19 15.2694
      vertex 18.3 19 15.3856
      vertex 16.7 19 15.3856
    endloop
  endfacet
  facet normal 0 -1 0
    outer loop
      vertex 16.526 19 15.2694
      vertex 18.474 19 15.2694
      vertex 18.3 19 15.3856
    endloop
  endfacet
  facet normal 0 -1 0
    outer loop
      vertex 16.3686 19 15.1314
      vertex 18.474 19 15.2694
      vertex 16.526 19 15.2694
    endloop
  endfacet
  facet normal 0 -1 0
    outer loop
      vertex 16.3686 19 15.1314
      vertex 18.6314 19 15.1314
      vertex 18.474 19 15.2694
    endloop
  endfacet
  facet normal 0 -1 0
    outer loop
      vertex 16.2306 19 14.974
      vertex 18.6314 19 15.1314
      vertex 16.3686 19 15.1314
    endloop
  endfacet
  facet normal 0 -1 0
    outer loop
      vertex 16.2306 19 14.974
      vertex 18.7694 19 14.974
      vertex 18.6314 19 15.1314
    endloop
  endfacet
  facet normal 0 -1 0
    outer loop
      vertex 16.1144 19 14.8
      vertex 18.7694 19 14.974
      vertex 16.2306 19 14.974
    endloop
  endfacet
  facet normal 0 -1 0
    outer loop
      vertex 16.1144 19 14.8
      vertex 18.8856 19 14.8
      vertex 18.7694 19 14.974
    endloop
  endfacet
  facet normal 0 -1 0
    outer loop
      vertex 16.0218 19 14.6123
      vertex 18.8856 19 14.8
      vertex 16.1144 19 14.8
    endloop
  endfacet
  facet normal 0 -1 0
    outer loop
      vertex 16.0218 19 14.6123
      vertex 18.9782 19 14.6123
      vertex 18.8856 19 14.8
    endloop
  endfacet
  facet normal 0 -1 0
    outer loop
      vertex 15.9545 19 14.4141
      vertex 18.9782 19 14.6123
      vertex 16.0218 19 14.6123
    endloop
  endfacet
  facet normal 0 -1 0
    outer loop
      vertex 15.9545 19 14.4141
      vertex 19.0455 19 14.4141
      vertex 18.9782 19 14.6123
    endloop
  endfacet
  facet normal 0 -1 0
    outer loop
      vertex 15.9137 19 14.2088
      vertex 19.0455 19 14.4141
      vertex 15.9545 19 14.4141
    endloop
  endfacet
  facet normal 0 -1 0
    outer loop
      vertex 15.9137 19 14.2088
      vertex 19.0863 19 14.2088
      vertex 19.0455 19 14.4141
    endloop
  endfacet
  facet normal 0 -1 0
    outer loop
      vertex 15.9 19 14
      vertex 19.0863 19 14.2088
      vertex 15.9137 19 14.2088
    endloop
  endfacet
  facet normal 0 -1 0
    outer loop
      vertex 15.9 19 14
      vertex 19.1 19 14
      vertex 19.0863 19 14.2088
    endloop
  endfacet
  facet normal 0 -1 0
    outer loop
      vertex 15.9137 19 13.7912
      vertex 19.1 19 14
      vertex 15.9 19 14
    endloop
  endfacet
  facet normal 0 -1 0
    outer loop
      vertex 15.9137 19 13.7912
      vertex 19.0863 19 13.7912
      vertex 19.1 19 14
    endloop
  endfacet
  facet normal 0 -1 0
    outer loop
      vertex 15.9545 19 13.5859
      vertex 19.0863 19 13.7912
      vertex 15.9137 19 13.7912
    endloop
  endfacet
  facet normal 0 -1 0
    outer loop
      vertex 15.9545 19 13.5859
      vertex 19.0455 19 13.5859
      vertex 19.0863 19 13.7912
    endloop
  endfacet
  facet normal 0 -1 0
    outer loop
      vertex 16.0218 19 13.3877
      vertex 19.0455 19 13.5859
      vertex 15.9545 19 13.5859
    endloop
  endfacet
  facet normal 0 -1 0
    outer loop
      vertex 16.0218 19 13.3877
      vertex 18.9782 19 13.3877
      vertex 19.0455 19 13.5859
    endloop
  endfacet
  facet normal 0 -1 0
    outer loop
      vertex 16.1144 19 13.2
      vertex 18.9782 19 13.3877
      vertex 16.0218 19 13.3877
    endloop
  endfacet
  facet normal 0 -1 0
    outer loop
      vertex 16.1144 19 13.2
      vertex 18.8856 19 13.2
      vertex 18.9782 19 13.3877
    endloop
  endfacet
  facet normal 0 -1 0
    outer loop
      vertex 16.2306 19 13.026
      vertex 18.8856 19 13.2
      vertex 16.1144 19 13.2
    endloop
  endfacet
  facet normal 0 -1 0
    outer loop
      vertex 16.2306 19 13.026
      vertex 18.7694 19 13.026
      vertex 18.8856 19 13.2
    endloop
  endfacet
  facet normal 0 -1 0
    outer loop
      vertex 16.3686 19 12.8686
      vertex 18.7694 19 13.026
      vertex 16.2306 19 13.026
    endloop
  endfacet
  facet normal 0 -1 0
    outer loop
      vertex 16.3686 19 12.8686
      vertex 18.6314 19 12.8686
      vertex 18.7694 19 13.026
    endloop
  endfacet
  facet normal 0 -1 0
    outer loop
      vertex 16.526 19 12.7306
      vertex 18.6314 19 12.8686
      vertex 16.3686 19 12.8686
    endloop
  endfacet
  facet normal 0 -1 0
    outer loop
      vertex 16.526 19 12.7306
      vertex 18.474 19 12.7306
      vertex 18.6314 19 12.8686
    endloop
  endfacet
  facet normal 0 -1 0
    outer loop
      vertex 16.7 19 12.6144
      vertex 18.474 19 12.7306
      vertex 16.526 19 12.7306
    endloop
  endfacet
  facet normal 0 -1 0
    outer loop
      vertex 16.7 19 12.6144
      vertex 18.3 19 12.6144
      vertex 18.474 19 12.7306
    endloop
  endfacet
  facet normal 0 -1 0
    outer loop
      vertex 16.8877 19 12.5218
      vertex 18.3 19 12.6144
      vertex 16.7 19 12.6144
    endloop
  endfacet
  facet normal 0 -1 0
    outer loop
      vertex 16.8877 19 12.5218
      vertex 18.1123 19 12.5218
      vertex 18.3 19 12.6144
    endloop
  endfacet
  facet normal 0 -1 0
    outer loop
      vertex 17.0859 19 12.4545
      vertex 18.1123 19 12.5218
      vertex 16.8877 19 12.5218
    endloop
  endfacet
  facet normal 0 -1 0
    outer loop
      vertex 17.0859 19 12.4545
      vertex 17.9141 19 12.4545
      vertex 18.1123 19 12.5218
    endloop
  endfacet
  facet normal 0 -1 0
    outer loop
      vertex 17.2912 19 12.4137
      vertex 17.9141 19 12.4545
      vertex 17.0859 19 12.4545
    endloop
  endfacet
  facet normal 0 -1 0
    outer loop
      vertex 17.2912 19 12.4137
      vertex 17.7088 19 12.4137
      vertex 17.9141 19 12.4545
    endloop
  endfacet
  facet normal -0 -1 0
    outer loop
      vertex 17.7088 19 12.4137
      vertex 17.2912 19 12.4137
      vertex 17.5 19 12.4
    endloop
  endfacet
  facet normal -0.442429 0 0.896803
    outer loop
      vertex 18.1123 19 12.5218
      vertex 18.3 0.010705 12.6144
      vertex 18.3 19 12.6144
    endloop
  endfacet
  facet normal -0.442429 0 0.896803
    outer loop
      vertex 18.3 0.010705 12.6144
      vertex 18.1123 19 12.5218
      vertex 18.1123 0.010705 12.5218
    endloop
  endfacet
  facet normal -0.659248 0 -0.751925
    outer loop
      vertex 18.474 0.010705 15.2694
      vertex 18.6314 19 15.1314
      vertex 18.6314 0.010705 15.1314
    endloop
  endfacet
  facet normal -0.659248 0 -0.751925
    outer loop
      vertex 18.6314 19 15.1314
      vertex 18.474 0.010705 15.2694
      vertex 18.474 19 15.2694
    endloop
  endfacet
  facet normal -0.831609 0 0.555362
    outer loop
      vertex 18.7694 0.010705 13.026
      vertex 18.8856 19 13.2
      vertex 18.7694 19 13.026
    endloop
  endfacet
  facet normal -0.831609 0 0.555362
    outer loop
      vertex 18.8856 19 13.2
      vertex 18.7694 0.010705 13.026
      vertex 18.8856 0.010705 13.2
    endloop
  endfacet
  facet normal -0.0654722 0 0.997854
    outer loop
      vertex 17.5 19 12.4
      vertex 17.7088 0.010705 12.4137
      vertex 17.7088 19 12.4137
    endloop
  endfacet
  facet normal -0.0654722 0 0.997854
    outer loop
      vertex 17.7088 0.010705 12.4137
      vertex 17.5 19 12.4
      vertex 17.5 0.010705 12.4
    endloop
  endfacet
  facet normal 0.896803 -0 0.442429
    outer loop
      vertex 16.0218 0.010705 13.3877
      vertex 16.1144 19 13.2
      vertex 16.0218 19 13.3877
    endloop
  endfacet
  facet normal 0.896803 0 0.442429
    outer loop
      vertex 16.1144 19 13.2
      vertex 16.0218 0.010705 13.3877
      vertex 16.1144 0.010705 13.2
    endloop
  endfacet
  facet normal -0.442429 0 -0.896803
    outer loop
      vertex 18.1123 0.010705 15.4782
      vertex 18.3 19 15.3856
      vertex 18.3 0.010705 15.3856
    endloop
  endfacet
  facet normal -0.442429 0 -0.896803
    outer loop
      vertex 18.3 19 15.3856
      vertex 18.1123 0.010705 15.4782
      vertex 18.1123 19 15.4782
    endloop
  endfacet
  facet normal 0.321526 0 0.946901
    outer loop
      vertex 16.8877 19 12.5218
      vertex 17.0859 0.010705 12.4545
      vertex 17.0859 19 12.4545
    endloop
  endfacet
  facet normal 0.321526 0 0.946901
    outer loop
      vertex 17.0859 0.010705 12.4545
      vertex 16.8877 19 12.5218
      vertex 16.8877 0.010705 12.5218
    endloop
  endfacet
  facet normal 0.980819 -0 0.194922
    outer loop
      vertex 15.9137 0.010705 13.7912
      vertex 15.9545 19 13.5859
      vertex 15.9137 19 13.7912
    endloop
  endfacet
  facet normal 0.980819 0 0.194922
    outer loop
      vertex 15.9545 19 13.5859
      vertex 15.9137 0.010705 13.7912
      vertex 15.9545 0.010705 13.5859
    endloop
  endfacet
  facet normal 0.555362 0 -0.831609
    outer loop
      vertex 16.526 0.010705 15.2694
      vertex 16.7 19 15.3856
      vertex 16.7 0.010705 15.3856
    endloop
  endfacet
  facet normal 0.555362 0 -0.831609
    outer loop
      vertex 16.7 19 15.3856
      vertex 16.526 0.010705 15.2694
      vertex 16.526 19 15.2694
    endloop
  endfacet
  facet normal -0.946901 0 -0.321526
    outer loop
      vertex 19.0455 0.010705 14.4141
      vertex 18.9782 19 14.6123
      vertex 19.0455 19 14.4141
    endloop
  endfacet
  facet normal -0.946901 -0 -0.321526
    outer loop
      vertex 18.9782 19 14.6123
      vertex 19.0455 0.010705 14.4141
      vertex 18.9782 0.010705 14.6123
    endloop
  endfacet
  facet normal 0.442429 0 -0.896803
    outer loop
      vertex 16.7 0.010705 15.3856
      vertex 16.8877 19 15.4782
      vertex 16.8877 0.010705 15.4782
    endloop
  endfacet
  facet normal 0.442429 0 -0.896803
    outer loop
      vertex 16.8877 19 15.4782
      vertex 16.7 0.010705 15.3856
      vertex 16.7 19 15.3856
    endloop
  endfacet
  facet normal -0.896803 0 -0.442429
    outer loop
      vertex 18.9782 0.010705 14.6123
      vertex 18.8856 19 14.8
      vertex 18.9782 19 14.6123
    endloop
  endfacet
  facet normal -0.896803 -0 -0.442429
    outer loop
      vertex 18.8856 19 14.8
      vertex 18.9782 0.010705 14.6123
      vertex 18.8856 0.010705 14.8
    endloop
  endfacet
  facet normal 0.442429 0 0.896803
    outer loop
      vertex 16.7 19 12.6144
      vertex 16.8877 0.010705 12.5218
      vertex 16.8877 19 12.5218
    endloop
  endfacet
  facet normal 0.442429 0 0.896803
    outer loop
      vertex 16.8877 0.010705 12.5218
      vertex 16.7 19 12.6144
      vertex 16.7 0.010705 12.6144
    endloop
  endfacet
  facet normal -0.321526 0 0.946901
    outer loop
      vertex 17.9141 19 12.4545
      vertex 18.1123 0.010705 12.5218
      vertex 18.1123 19 12.5218
    endloop
  endfacet
  facet normal -0.321526 0 0.946901
    outer loop
      vertex 18.1123 0.010705 12.5218
      vertex 17.9141 19 12.4545
      vertex 17.9141 0.010705 12.4545
    endloop
  endfacet
  facet normal -0.194922 0 0.980819
    outer loop
      vertex 17.7088 19 12.4137
      vertex 17.9141 0.010705 12.4545
      vertex 17.9141 19 12.4545
    endloop
  endfacet
  facet normal -0.194922 0 0.980819
    outer loop
      vertex 17.9141 0.010705 12.4545
      vertex 17.7088 19 12.4137
      vertex 17.7088 0.010705 12.4137
    endloop
  endfacet
  facet normal 0.751925 0 -0.659248
    outer loop
      vertex 16.3686 0.010705 15.1314
      vertex 16.2306 19 14.974
      vertex 16.3686 19 15.1314
    endloop
  endfacet
  facet normal 0.751925 0 -0.659248
    outer loop
      vertex 16.2306 19 14.974
      vertex 16.3686 0.010705 15.1314
      vertex 16.2306 0.010705 14.974
    endloop
  endfacet
  facet normal 0.831609 0 -0.555362
    outer loop
      vertex 16.2306 0.010705 14.974
      vertex 16.1144 19 14.8
      vertex 16.2306 19 14.974
    endloop
  endfacet
  facet normal 0.831609 0 -0.555362
    outer loop
      vertex 16.1144 19 14.8
      vertex 16.2306 0.010705 14.974
      vertex 16.1144 0.010705 14.8
    endloop
  endfacet
  facet normal 0.659248 0 0.751925
    outer loop
      vertex 16.3686 19 12.8686
      vertex 16.526 0.010705 12.7306
      vertex 16.526 19 12.7306
    endloop
  endfacet
  facet normal 0.659248 0 0.751925
    outer loop
      vertex 16.526 0.010705 12.7306
      vertex 16.3686 19 12.8686
      vertex 16.3686 0.010705 12.8686
    endloop
  endfacet
  facet normal -0.831609 0 -0.555362
    outer loop
      vertex 18.8856 0.010705 14.8
      vertex 18.7694 19 14.974
      vertex 18.8856 19 14.8
    endloop
  endfacet
  facet normal -0.831609 -0 -0.555362
    outer loop
      vertex 18.7694 19 14.974
      vertex 18.8856 0.010705 14.8
      vertex 18.7694 0.010705 14.974
    endloop
  endfacet
  facet normal 0.194922 0 -0.980819
    outer loop
      vertex 17.0859 0.010705 15.5455
      vertex 17.2912 19 15.5863
      vertex 17.2912 0.010705 15.5863
    endloop
  endfacet
  facet normal 0.194922 0 -0.980819
    outer loop
      vertex 17.2912 19 15.5863
      vertex 17.0859 0.010705 15.5455
      vertex 17.0859 19 15.5455
    endloop
  endfacet
  facet normal -0.997854 0 0.0654722
    outer loop
      vertex 19.0863 0.010705 13.7912
      vertex 19.1 19 14
      vertex 19.0863 19 13.7912
    endloop
  endfacet
  facet normal -0.997854 0 0.0654722
    outer loop
      vertex 19.1 19 14
      vertex 19.0863 0.010705 13.7912
      vertex 19.1 0.010705 14
    endloop
  endfacet
  facet normal -0.659248 0 0.751925
    outer loop
      vertex 18.474 19 12.7306
      vertex 18.6314 0.010705 12.8686
      vertex 18.6314 19 12.8686
    endloop
  endfacet
  facet normal -0.659248 0 0.751925
    outer loop
      vertex 18.6314 0.010705 12.8686
      vertex 18.474 19 12.7306
      vertex 18.474 0.010705 12.7306
    endloop
  endfacet
  facet normal 0.0654722 0 -0.997854
    outer loop
      vertex 17.2912 0.010705 15.5863
      vertex 17.5 19 15.6
      vertex 17.5 0.010705 15.6
    endloop
  endfacet
  facet normal 0.0654722 0 -0.997854
    outer loop
      vertex 17.5 19 15.6
      vertex 17.2912 0.010705 15.5863
      vertex 17.2912 19 15.5863
    endloop
  endfacet
  facet normal -0.555362 0 0.831609
    outer loop
      vertex 18.3 19 12.6144
      vertex 18.474 0.010705 12.7306
      vertex 18.474 19 12.7306
    endloop
  endfacet
  facet normal -0.555362 0 0.831609
    outer loop
      vertex 18.474 0.010705 12.7306
      vertex 18.3 19 12.6144
      vertex 18.3 0.010705 12.6144
    endloop
  endfacet
  facet normal -0.751925 0 0.659248
    outer loop
      vertex 18.6314 0.010705 12.8686
      vertex 18.7694 19 13.026
      vertex 18.6314 19 12.8686
    endloop
  endfacet
  facet normal -0.751925 0 0.659248
    outer loop
      vertex 18.7694 19 13.026
      vertex 18.6314 0.010705 12.8686
      vertex 18.7694 0.010705 13.026
    endloop
  endfacet
  facet normal 0.831609 -0 0.555362
    outer loop
      vertex 16.1144 0.010705 13.2
      vertex 16.2306 19 13.026
      vertex 16.1144 19 13.2
    endloop
  endfacet
  facet normal 0.831609 0 0.555362
    outer loop
      vertex 16.2306 19 13.026
      vertex 16.1144 0.010705 13.2
      vertex 16.2306 0.010705 13.026
    endloop
  endfacet
  facet normal 0.0654722 0 0.997854
    outer loop
      vertex 17.2912 19 12.4137
      vertex 17.5 0.010705 12.4
      vertex 17.5 19 12.4
    endloop
  endfacet
  facet normal 0.0654722 0 0.997854
    outer loop
      vertex 17.5 0.010705 12.4
      vertex 17.2912 19 12.4137
      vertex 17.2912 0.010705 12.4137
    endloop
  endfacet
  facet normal 0.659248 0 -0.751925
    outer loop
      vertex 16.3686 0.010705 15.1314
      vertex 16.526 19 15.2694
      vertex 16.526 0.010705 15.2694
    endloop
  endfacet
  facet normal 0.659248 0 -0.751925
    outer loop
      vertex 16.526 19 15.2694
      vertex 16.3686 0.010705 15.1314
      vertex 16.3686 19 15.1314
    endloop
  endfacet
  facet normal -0.896803 0 0.442429
    outer loop
      vertex 18.8856 0.010705 13.2
      vertex 18.9782 19 13.3877
      vertex 18.8856 19 13.2
    endloop
  endfacet
  facet normal -0.896803 0 0.442429
    outer loop
      vertex 18.9782 19 13.3877
      vertex 18.8856 0.010705 13.2
      vertex 18.9782 0.010705 13.3877
    endloop
  endfacet
  facet normal -0.0654722 0 -0.997854
    outer loop
      vertex 17.5 0.010705 15.6
      vertex 17.7088 19 15.5863
      vertex 17.7088 0.010705 15.5863
    endloop
  endfacet
  facet normal -0.0654722 0 -0.997854
    outer loop
      vertex 17.7088 19 15.5863
      vertex 17.5 0.010705 15.6
      vertex 17.5 19 15.6
    endloop
  endfacet
  facet normal 0.980819 0 -0.194922
    outer loop
      vertex 15.9545 0.010705 14.4141
      vertex 15.9137 19 14.2088
      vertex 15.9545 19 14.4141
    endloop
  endfacet
  facet normal 0.980819 0 -0.194922
    outer loop
      vertex 15.9137 19 14.2088
      vertex 15.9545 0.010705 14.4141
      vertex 15.9137 0.010705 14.2088
    endloop
  endfacet
  facet normal 0.194922 0 0.980819
    outer loop
      vertex 17.0859 19 12.4545
      vertex 17.2912 0.010705 12.4137
      vertex 17.2912 19 12.4137
    endloop
  endfacet
  facet normal 0.194922 0 0.980819
    outer loop
      vertex 17.2912 0.010705 12.4137
      vertex 17.0859 19 12.4545
      vertex 17.0859 0.010705 12.4545
    endloop
  endfacet
  facet normal 0.321526 0 -0.946901
    outer loop
      vertex 16.8877 0.010705 15.4782
      vertex 17.0859 19 15.5455
      vertex 17.0859 0.010705 15.5455
    endloop
  endfacet
  facet normal 0.321526 0 -0.946901
    outer loop
      vertex 17.0859 19 15.5455
      vertex 16.8877 0.010705 15.4782
      vertex 16.8877 19 15.4782
    endloop
  endfacet
  facet normal 0.555362 0 0.831609
    outer loop
      vertex 16.526 19 12.7306
      vertex 16.7 0.010705 12.6144
      vertex 16.7 19 12.6144
    endloop
  endfacet
  facet normal 0.555362 0 0.831609
    outer loop
      vertex 16.7 0.010705 12.6144
      vertex 16.526 19 12.7306
      vertex 16.526 0.010705 12.7306
    endloop
  endfacet
  facet normal 0.896803 0 -0.442429
    outer loop
      vertex 16.1144 0.010705 14.8
      vertex 16.0218 19 14.6123
      vertex 16.1144 19 14.8
    endloop
  endfacet
  facet normal 0.896803 0 -0.442429
    outer loop
      vertex 16.0218 19 14.6123
      vertex 16.1144 0.010705 14.8
      vertex 16.0218 0.010705 14.6123
    endloop
  endfacet
  facet normal -0.751925 0 -0.659248
    outer loop
      vertex 18.7694 0.010705 14.974
      vertex 18.6314 19 15.1314
      vertex 18.7694 19 14.974
    endloop
  endfacet
  facet normal -0.751925 -0 -0.659248
    outer loop
      vertex 18.6314 19 15.1314
      vertex 18.7694 0.010705 14.974
      vertex 18.6314 0.010705 15.1314
    endloop
  endfacet
  facet normal 0.751925 -0 0.659248
    outer loop
      vertex 16.2306 0.010705 13.026
      vertex 16.3686 19 12.8686
      vertex 16.2306 19 13.026
    endloop
  endfacet
  facet normal 0.751925 0 0.659248
    outer loop
      vertex 16.3686 19 12.8686
      vertex 16.2306 0.010705 13.026
      vertex 16.3686 0.010705 12.8686
    endloop
  endfacet
  facet normal 0.946901 0 -0.321526
    outer loop
      vertex 16.0218 0.010705 14.6123
      vertex 15.9545 19 14.4141
      vertex 16.0218 19 14.6123
    endloop
  endfacet
  facet normal 0.946901 0 -0.321526
    outer loop
      vertex 15.9545 19 14.4141
      vertex 16.0218 0.010705 14.6123
      vertex 15.9545 0.010705 14.4141
    endloop
  endfacet
  facet normal 0.997854 0 -0.0654722
    outer loop
      vertex 15.9137 0.010705 14.2088
      vertex 15.9 19 14
      vertex 15.9137 19 14.2088
    endloop
  endfacet
  facet normal 0.997854 0 -0.0654722
    outer loop
      vertex 15.9 19 14
      vertex 15.9137 0.010705 14.2088
      vertex 15.9 0.010705 14
    endloop
  endfacet
  facet normal 0.997854 -0 0.0654722
    outer loop
      vertex 15.9 0.010705 14
      vertex 15.9137 19 13.7912
      vertex 15.9 19 14
    endloop
  endfacet
  facet normal 0.997854 0 0.0654722
    outer loop
      vertex 15.9137 19 13.7912
      vertex 15.9 0.010705 14
      vertex 15.9137 0.010705 13.7912
    endloop
  endfacet
  facet normal -0.980819 0 -0.194922
    outer loop
      vertex 19.0863 0.010705 78.2088
      vertex 19.0455 19 78.4141
      vertex 19.0863 19 78.2088
    endloop
  endfacet
  facet normal -0.980819 -0 -0.194922
    outer loop
      vertex 19.0455 19 78.4141
      vertex 19.0863 0.010705 78.2088
      vertex 19.0455 0.010705 78.4141
    endloop
  endfacet
  facet normal -0.997854 0 -0.0654722
    outer loop
      vertex 19.1 0.010705 78
      vertex 19.0863 19 78.2088
      vertex 19.1 19 78
    endloop
  endfacet
  facet normal -0.997854 -0 -0.0654722
    outer loop
      vertex 19.0863 19 78.2088
      vertex 19.1 0.010705 78
      vertex 19.0863 0.010705 78.2088
    endloop
  endfacet
  facet normal 0.946901 -0 0.321526
    outer loop
      vertex 15.9545 0.010705 77.5859
      vertex 16.0218 19 77.3877
      vertex 15.9545 19 77.5859
    endloop
  endfacet
  facet normal 0.946901 0 0.321526
    outer loop
      vertex 16.0218 19 77.3877
      vertex 15.9545 0.010705 77.5859
      vertex 16.0218 0.010705 77.3877
    endloop
  endfacet
  facet normal -0.555362 0 -0.831609
    outer loop
      vertex 18.3 0.010705 79.3856
      vertex 18.474 19 79.2694
      vertex 18.474 0.010705 79.2694
    endloop
  endfacet
  facet normal -0.555362 0 -0.831609
    outer loop
      vertex 18.474 19 79.2694
      vertex 18.3 0.010705 79.3856
      vertex 18.3 19 79.3856
    endloop
  endfacet
  facet normal -0.980819 0 0.194922
    outer loop
      vertex 19.0455 0.010705 77.5859
      vertex 19.0863 19 77.7912
      vertex 19.0455 19 77.5859
    endloop
  endfacet
  facet normal -0.980819 0 0.194922
    outer loop
      vertex 19.0863 19 77.7912
      vertex 19.0455 0.010705 77.5859
      vertex 19.0863 0.010705 77.7912
    endloop
  endfacet
  facet normal -0.946901 0 0.321526
    outer loop
      vertex 18.9782 0.010705 77.3877
      vertex 19.0455 19 77.5859
      vertex 18.9782 19 77.3877
    endloop
  endfacet
  facet normal -0.946901 0 0.321526
    outer loop
      vertex 19.0455 19 77.5859
      vertex 18.9782 0.010705 77.3877
      vertex 19.0455 0.010705 77.5859
    endloop
  endfacet
  facet normal -0.321526 0 -0.946901
    outer loop
      vertex 17.9141 0.010705 79.5455
      vertex 18.1123 19 79.4782
      vertex 18.1123 0.010705 79.4782
    endloop
  endfacet
  facet normal -0.321526 0 -0.946901
    outer loop
      vertex 18.1123 19 79.4782
      vertex 17.9141 0.010705 79.5455
      vertex 17.9141 19 79.5455
    endloop
  endfacet
  facet normal 0 -1 0
    outer loop
      vertex 17.2912 19 79.5863
      vertex 17.7088 19 79.5863
      vertex 17.5 19 79.6
    endloop
  endfacet
  facet normal 0 -1 0
    outer loop
      vertex 17.0859 19 79.5455
      vertex 17.7088 19 79.5863
      vertex 17.2912 19 79.5863
    endloop
  endfacet
  facet normal 0 -1 0
    outer loop
      vertex 17.0859 19 79.5455
      vertex 17.9141 19 79.5455
      vertex 17.7088 19 79.5863
    endloop
  endfacet
  facet normal 0 -1 0
    outer loop
      vertex 16.8877 19 79.4782
      vertex 17.9141 19 79.5455
      vertex 17.0859 19 79.5455
    endloop
  endfacet
  facet normal 0 -1 0
    outer loop
      vertex 16.8877 19 79.4782
      vertex 18.1123 19 79.4782
      vertex 17.9141 19 79.5455
    endloop
  endfacet
  facet normal 0 -1 0
    outer loop
      vertex 16.7 19 79.3856
      vertex 18.1123 19 79.4782
      vertex 16.8877 19 79.4782
    endloop
  endfacet
  facet normal 0 -1 0
    outer loop
      vertex 16.7 19 79.3856
      vertex 18.3 19 79.3856
      vertex 18.1123 19 79.4782
    endloop
  endfacet
  facet normal 0 -1 0
    outer loop
      vertex 16.526 19 79.2694
      vertex 18.3 19 79.3856
      vertex 16.7 19 79.3856
    endloop
  endfacet
  facet normal 0 -1 0
    outer loop
      vertex 16.526 19 79.2694
      vertex 18.474 19 79.2694
      vertex 18.3 19 79.3856
    endloop
  endfacet
  facet normal 0 -1 0
    outer loop
      vertex 16.3686 19 79.1314
      vertex 18.474 19 79.2694
      vertex 16.526 19 79.2694
    endloop
  endfacet
  facet normal 0 -1 0
    outer loop
      vertex 16.3686 19 79.1314
      vertex 18.6314 19 79.1314
      vertex 18.474 19 79.2694
    endloop
  endfacet
  facet normal 0 -1 0
    outer loop
      vertex 16.2306 19 78.974
      vertex 18.6314 19 79.1314
      vertex 16.3686 19 79.1314
    endloop
  endfacet
  facet normal 0 -1 0
    outer loop
      vertex 16.2306 19 78.974
      vertex 18.7694 19 78.974
      vertex 18.6314 19 79.1314
    endloop
  endfacet
  facet normal 0 -1 0
    outer loop
      vertex 16.1144 19 78.8
      vertex 18.7694 19 78.974
      vertex 16.2306 19 78.974
    endloop
  endfacet
  facet normal 0 -1 0
    outer loop
      vertex 16.1144 19 78.8
      vertex 18.8856 19 78.8
      vertex 18.7694 19 78.974
    endloop
  endfacet
  facet normal 0 -1 0
    outer loop
      vertex 16.0218 19 78.6123
      vertex 18.8856 19 78.8
      vertex 16.1144 19 78.8
    endloop
  endfacet
  facet normal 0 -1 0
    outer loop
      vertex 16.0218 19 78.6123
      vertex 18.9782 19 78.6123
      vertex 18.8856 19 78.8
    endloop
  endfacet
  facet normal 0 -1 0
    outer loop
      vertex 15.9545 19 78.4141
      vertex 18.9782 19 78.6123
      vertex 16.0218 19 78.6123
    endloop
  endfacet
  facet normal 0 -1 0
    outer loop
      vertex 15.9545 19 78.4141
      vertex 19.0455 19 78.4141
      vertex 18.9782 19 78.6123
    endloop
  endfacet
  facet normal 0 -1 0
    outer loop
      vertex 15.9137 19 78.2088
      vertex 19.0455 19 78.4141
      vertex 15.9545 19 78.4141
    endloop
  endfacet
  facet normal 0 -1 0
    outer loop
      vertex 15.9137 19 78.2088
      vertex 19.0863 19 78.2088
      vertex 19.0455 19 78.4141
    endloop
  endfacet
  facet normal 0 -1 0
    outer loop
      vertex 15.9 19 78
      vertex 19.0863 19 78.2088
      vertex 15.9137 19 78.2088
    endloop
  endfacet
  facet normal 0 -1 0
    outer loop
      vertex 15.9 19 78
      vertex 19.1 19 78
      vertex 19.0863 19 78.2088
    endloop
  endfacet
  facet normal 0 -1 0
    outer loop
      vertex 15.9137 19 77.7912
      vertex 19.1 19 78
      vertex 15.9 19 78
    endloop
  endfacet
  facet normal 0 -1 0
    outer loop
      vertex 15.9137 19 77.7912
      vertex 19.0863 19 77.7912
      vertex 19.1 19 78
    endloop
  endfacet
  facet normal 0 -1 0
    outer loop
      vertex 15.9545 19 77.5859
      vertex 19.0863 19 77.7912
      vertex 15.9137 19 77.7912
    endloop
  endfacet
  facet normal 0 -1 0
    outer loop
      vertex 15.9545 19 77.5859
      vertex 19.0455 19 77.5859
      vertex 19.0863 19 77.7912
    endloop
  endfacet
  facet normal 0 -1 0
    outer loop
      vertex 16.0218 19 77.3877
      vertex 19.0455 19 77.5859
      vertex 15.9545 19 77.5859
    endloop
  endfacet
  facet normal 0 -1 0
    outer loop
      vertex 16.0218 19 77.3877
      vertex 18.9782 19 77.3877
      vertex 19.0455 19 77.5859
    endloop
  endfacet
  facet normal 0 -1 0
    outer loop
      vertex 16.1144 19 77.2
      vertex 18.9782 19 77.3877
      vertex 16.0218 19 77.3877
    endloop
  endfacet
  facet normal 0 -1 0
    outer loop
      vertex 16.1144 19 77.2
      vertex 18.8856 19 77.2
      vertex 18.9782 19 77.3877
    endloop
  endfacet
  facet normal 0 -1 0
    outer loop
      vertex 16.2306 19 77.026
      vertex 18.8856 19 77.2
      vertex 16.1144 19 77.2
    endloop
  endfacet
  facet normal 0 -1 0
    outer loop
      vertex 16.2306 19 77.026
      vertex 18.7694 19 77.026
      vertex 18.8856 19 77.2
    endloop
  endfacet
  facet normal 0 -1 0
    outer loop
      vertex 16.3686 19 76.8686
      vertex 18.7694 19 77.026
      vertex 16.2306 19 77.026
    endloop
  endfacet
  facet normal 0 -1 0
    outer loop
      vertex 16.3686 19 76.8686
      vertex 18.6314 19 76.8686
      vertex 18.7694 19 77.026
    endloop
  endfacet
  facet normal 0 -1 0
    outer loop
      vertex 16.526 19 76.7306
      vertex 18.6314 19 76.8686
      vertex 16.3686 19 76.8686
    endloop
  endfacet
  facet normal 0 -1 0
    outer loop
      vertex 16.526 19 76.7306
      vertex 18.474 19 76.7306
      vertex 18.6314 19 76.8686
    endloop
  endfacet
  facet normal 0 -1 0
    outer loop
      vertex 16.7 19 76.6144
      vertex 18.474 19 76.7306
      vertex 16.526 19 76.7306
    endloop
  endfacet
  facet normal 0 -1 0
    outer loop
      vertex 16.7 19 76.6144
      vertex 18.3 19 76.6144
      vertex 18.474 19 76.7306
    endloop
  endfacet
  facet normal 0 -1 0
    outer loop
      vertex 16.8877 19 76.5218
      vertex 18.3 19 76.6144
      vertex 16.7 19 76.6144
    endloop
  endfacet
  facet normal 0 -1 0
    outer loop
      vertex 16.8877 19 76.5218
      vertex 18.1123 19 76.5218
      vertex 18.3 19 76.6144
    endloop
  endfacet
  facet normal 0 -1 0
    outer loop
      vertex 17.0859 19 76.4545
      vertex 18.1123 19 76.5218
      vertex 16.8877 19 76.5218
    endloop
  endfacet
  facet normal 0 -1 0
    outer loop
      vertex 17.0859 19 76.4545
      vertex 17.9141 19 76.4545
      vertex 18.1123 19 76.5218
    endloop
  endfacet
  facet normal 0 -1 0
    outer loop
      vertex 17.2912 19 76.4137
      vertex 17.9141 19 76.4545
      vertex 17.0859 19 76.4545
    endloop
  endfacet
  facet normal 0 -1 0
    outer loop
      vertex 17.2912 19 76.4137
      vertex 17.7088 19 76.4137
      vertex 17.9141 19 76.4545
    endloop
  endfacet
  facet normal -0 -1 0
    outer loop
      vertex 17.7088 19 76.4137
      vertex 17.2912 19 76.4137
      vertex 17.5 19 76.4
    endloop
  endfacet
  facet normal -0.442429 0 0.896803
    outer loop
      vertex 18.1123 19 76.5218
      vertex 18.3 0.010705 76.6144
      vertex 18.3 19 76.6144
    endloop
  endfacet
  facet normal -0.442429 0 0.896803
    outer loop
      vertex 18.3 0.010705 76.6144
      vertex 18.1123 19 76.5218
      vertex 18.1123 0.010705 76.5218
    endloop
  endfacet
  facet normal -0.659248 0 -0.751925
    outer loop
      vertex 18.474 0.010705 79.2694
      vertex 18.6314 19 79.1314
      vertex 18.6314 0.010705 79.1314
    endloop
  endfacet
  facet normal -0.659248 0 -0.751925
    outer loop
      vertex 18.6314 19 79.1314
      vertex 18.474 0.010705 79.2694
      vertex 18.474 19 79.2694
    endloop
  endfacet
  facet normal -0.751925 0 -0.659248
    outer loop
      vertex 18.7694 0.010705 78.974
      vertex 18.6314 19 79.1314
      vertex 18.7694 19 78.974
    endloop
  endfacet
  facet normal -0.751925 -0 -0.659248
    outer loop
      vertex 18.6314 19 79.1314
      vertex 18.7694 0.010705 78.974
      vertex 18.6314 0.010705 79.1314
    endloop
  endfacet
  facet normal -0.831609 0 0.555362
    outer loop
      vertex 18.7694 0.010705 77.026
      vertex 18.8856 19 77.2
      vertex 18.7694 19 77.026
    endloop
  endfacet
  facet normal -0.831609 0 0.555362
    outer loop
      vertex 18.8856 19 77.2
      vertex 18.7694 0.010705 77.026
      vertex 18.8856 0.010705 77.2
    endloop
  endfacet
  facet normal 0.896803 -0 0.442429
    outer loop
      vertex 16.0218 0.010705 77.3877
      vertex 16.1144 19 77.2
      vertex 16.0218 19 77.3877
    endloop
  endfacet
  facet normal 0.896803 0 0.442429
    outer loop
      vertex 16.1144 19 77.2
      vertex 16.0218 0.010705 77.3877
      vertex 16.1144 0.010705 77.2
    endloop
  endfacet
  facet normal -0.442429 0 -0.896803
    outer loop
      vertex 18.1123 0.010705 79.4782
      vertex 18.3 19 79.3856
      vertex 18.3 0.010705 79.3856
    endloop
  endfacet
  facet normal -0.442429 0 -0.896803
    outer loop
      vertex 18.3 19 79.3856
      vertex 18.1123 0.010705 79.4782
      vertex 18.1123 19 79.4782
    endloop
  endfacet
  facet normal 0.321526 0 0.946901
    outer loop
      vertex 16.8877 19 76.5218
      vertex 17.0859 0.010705 76.4545
      vertex 17.0859 19 76.4545
    endloop
  endfacet
  facet normal 0.321526 0 0.946901
    outer loop
      vertex 17.0859 0.010705 76.4545
      vertex 16.8877 19 76.5218
      vertex 16.8877 0.010705 76.5218
    endloop
  endfacet
  facet normal 0.980819 -0 0.194922
    outer loop
      vertex 15.9137 0.010705 77.7912
      vertex 15.9545 19 77.5859
      vertex 15.9137 19 77.7912
    endloop
  endfacet
  facet normal 0.980819 0 0.194922
    outer loop
      vertex 15.9545 19 77.5859
      vertex 15.9137 0.010705 77.7912
      vertex 15.9545 0.010705 77.5859
    endloop
  endfacet
  facet normal 0.555362 0 -0.831609
    outer loop
      vertex 16.526 0.010705 79.2694
      vertex 16.7 19 79.3856
      vertex 16.7 0.010705 79.3856
    endloop
  endfacet
  facet normal 0.555362 0 -0.831609
    outer loop
      vertex 16.7 19 79.3856
      vertex 16.526 0.010705 79.2694
      vertex 16.526 19 79.2694
    endloop
  endfacet
  facet normal -0.946901 0 -0.321526
    outer loop
      vertex 19.0455 0.010705 78.4141
      vertex 18.9782 19 78.6123
      vertex 19.0455 19 78.4141
    endloop
  endfacet
  facet normal -0.946901 -0 -0.321526
    outer loop
      vertex 18.9782 19 78.6123
      vertex 19.0455 0.010705 78.4141
      vertex 18.9782 0.010705 78.6123
    endloop
  endfacet
  facet normal 0.442429 0 -0.896803
    outer loop
      vertex 16.7 0.010705 79.3856
      vertex 16.8877 19 79.4782
      vertex 16.8877 0.010705 79.4782
    endloop
  endfacet
  facet normal 0.442429 0 -0.896803
    outer loop
      vertex 16.8877 19 79.4782
      vertex 16.7 0.010705 79.3856
      vertex 16.7 19 79.3856
    endloop
  endfacet
  facet normal -0.896803 0 -0.442429
    outer loop
      vertex 18.9782 0.010705 78.6123
      vertex 18.8856 19 78.8
      vertex 18.9782 19 78.6123
    endloop
  endfacet
  facet normal -0.896803 -0 -0.442429
    outer loop
      vertex 18.8856 19 78.8
      vertex 18.9782 0.010705 78.6123
      vertex 18.8856 0.010705 78.8
    endloop
  endfacet
  facet normal 0.442429 0 0.896803
    outer loop
      vertex 16.7 19 76.6144
      vertex 16.8877 0.010705 76.5218
      vertex 16.8877 19 76.5218
    endloop
  endfacet
  facet normal 0.442429 0 0.896803
    outer loop
      vertex 16.8877 0.010705 76.5218
      vertex 16.7 19 76.6144
      vertex 16.7 0.010705 76.6144
    endloop
  endfacet
  facet normal -0.321526 0 0.946901
    outer loop
      vertex 17.9141 19 76.4545
      vertex 18.1123 0.010705 76.5218
      vertex 18.1123 19 76.5218
    endloop
  endfacet
  facet normal -0.321526 0 0.946901
    outer loop
      vertex 18.1123 0.010705 76.5218
      vertex 17.9141 19 76.4545
      vertex 17.9141 0.010705 76.4545
    endloop
  endfacet
  facet normal -0.194922 0 -0.980819
    outer loop
      vertex 17.7088 0.010705 79.5863
      vertex 17.9141 19 79.5455
      vertex 17.9141 0.010705 79.5455
    endloop
  endfacet
  facet normal -0.194922 0 -0.980819
    outer loop
      vertex 17.9141 19 79.5455
      vertex 17.7088 0.010705 79.5863
      vertex 17.7088 19 79.5863
    endloop
  endfacet
  facet normal -0.194922 0 0.980819
    outer loop
      vertex 17.7088 19 76.4137
      vertex 17.9141 0.010705 76.4545
      vertex 17.9141 19 76.4545
    endloop
  endfacet
  facet normal -0.194922 0 0.980819
    outer loop
      vertex 17.9141 0.010705 76.4545
      vertex 17.7088 19 76.4137
      vertex 17.7088 0.010705 76.4137
    endloop
  endfacet
  facet normal 0.751925 0 -0.659248
    outer loop
      vertex 16.3686 0.010705 79.1314
      vertex 16.2306 19 78.974
      vertex 16.3686 19 79.1314
    endloop
  endfacet
  facet normal 0.751925 0 -0.659248
    outer loop
      vertex 16.2306 19 78.974
      vertex 16.3686 0.010705 79.1314
      vertex 16.2306 0.010705 78.974
    endloop
  endfacet
  facet normal 0.831609 0 -0.555362
    outer loop
      vertex 16.2306 0.010705 78.974
      vertex 16.1144 19 78.8
      vertex 16.2306 19 78.974
    endloop
  endfacet
  facet normal 0.831609 0 -0.555362
    outer loop
      vertex 16.1144 19 78.8
      vertex 16.2306 0.010705 78.974
      vertex 16.1144 0.010705 78.8
    endloop
  endfacet
  facet normal 0.659248 0 0.751925
    outer loop
      vertex 16.3686 19 76.8686
      vertex 16.526 0.010705 76.7306
      vertex 16.526 19 76.7306
    endloop
  endfacet
  facet normal 0.659248 0 0.751925
    outer loop
      vertex 16.526 0.010705 76.7306
      vertex 16.3686 19 76.8686
      vertex 16.3686 0.010705 76.8686
    endloop
  endfacet
  facet normal -0.831609 0 -0.555362
    outer loop
      vertex 18.8856 0.010705 78.8
      vertex 18.7694 19 78.974
      vertex 18.8856 19 78.8
    endloop
  endfacet
  facet normal -0.831609 -0 -0.555362
    outer loop
      vertex 18.7694 19 78.974
      vertex 18.8856 0.010705 78.8
      vertex 18.7694 0.010705 78.974
    endloop
  endfacet
  facet normal 0.997854 -0 0.0654722
    outer loop
      vertex 15.9 0.010705 78
      vertex 15.9137 19 77.7912
      vertex 15.9 19 78
    endloop
  endfacet
  facet normal 0.997854 0 0.0654722
    outer loop
      vertex 15.9137 19 77.7912
      vertex 15.9 0.010705 78
      vertex 15.9137 0.010705 77.7912
    endloop
  endfacet
  facet normal 0.194922 0 -0.980819
    outer loop
      vertex 17.0859 0.010705 79.5455
      vertex 17.2912 19 79.5863
      vertex 17.2912 0.010705 79.5863
    endloop
  endfacet
  facet normal 0.194922 0 -0.980819
    outer loop
      vertex 17.2912 19 79.5863
      vertex 17.0859 0.010705 79.5455
      vertex 17.0859 19 79.5455
    endloop
  endfacet
  facet normal -0.997854 0 0.0654722
    outer loop
      vertex 19.0863 0.010705 77.7912
      vertex 19.1 19 78
      vertex 19.0863 19 77.7912
    endloop
  endfacet
  facet normal -0.997854 0 0.0654722
    outer loop
      vertex 19.1 19 78
      vertex 19.0863 0.010705 77.7912
      vertex 19.1 0.010705 78
    endloop
  endfacet
  facet normal -0.659248 0 0.751925
    outer loop
      vertex 18.474 19 76.7306
      vertex 18.6314 0.010705 76.8686
      vertex 18.6314 19 76.8686
    endloop
  endfacet
  facet normal -0.659248 0 0.751925
    outer loop
      vertex 18.6314 0.010705 76.8686
      vertex 18.474 19 76.7306
      vertex 18.474 0.010705 76.7306
    endloop
  endfacet
  facet normal 0.0654722 0 -0.997854
    outer loop
      vertex 17.2912 0.010705 79.5863
      vertex 17.5 19 79.6
      vertex 17.5 0.010705 79.6
    endloop
  endfacet
  facet normal 0.0654722 0 -0.997854
    outer loop
      vertex 17.5 19 79.6
      vertex 17.2912 0.010705 79.5863
      vertex 17.2912 19 79.5863
    endloop
  endfacet
  facet normal -0.555362 0 0.831609
    outer loop
      vertex 18.3 19 76.6144
      vertex 18.474 0.010705 76.7306
      vertex 18.474 19 76.7306
    endloop
  endfacet
  facet normal -0.555362 0 0.831609
    outer loop
      vertex 18.474 0.010705 76.7306
      vertex 18.3 19 76.6144
      vertex 18.3 0.010705 76.6144
    endloop
  endfacet
  facet normal -0.751925 0 0.659248
    outer loop
      vertex 18.6314 0.010705 76.8686
      vertex 18.7694 19 77.026
      vertex 18.6314 19 76.8686
    endloop
  endfacet
  facet normal -0.751925 0 0.659248
    outer loop
      vertex 18.7694 19 77.026
      vertex 18.6314 0.010705 76.8686
      vertex 18.7694 0.010705 77.026
    endloop
  endfacet
  facet normal 0.831609 -0 0.555362
    outer loop
      vertex 16.1144 0.010705 77.2
      vertex 16.2306 19 77.026
      vertex 16.1144 19 77.2
    endloop
  endfacet
  facet normal 0.831609 0 0.555362
    outer loop
      vertex 16.2306 19 77.026
      vertex 16.1144 0.010705 77.2
      vertex 16.2306 0.010705 77.026
    endloop
  endfacet
  facet normal 0.0654722 0 0.997854
    outer loop
      vertex 17.2912 19 76.4137
      vertex 17.5 0.010705 76.4
      vertex 17.5 19 76.4
    endloop
  endfacet
  facet normal 0.0654722 0 0.997854
    outer loop
      vertex 17.5 0.010705 76.4
      vertex 17.2912 19 76.4137
      vertex 17.2912 0.010705 76.4137
    endloop
  endfacet
  facet normal 0.659248 0 -0.751925
    outer loop
      vertex 16.3686 0.010705 79.1314
      vertex 16.526 19 79.2694
      vertex 16.526 0.010705 79.2694
    endloop
  endfacet
  facet normal 0.659248 0 -0.751925
    outer loop
      vertex 16.526 19 79.2694
      vertex 16.3686 0.010705 79.1314
      vertex 16.3686 19 79.1314
    endloop
  endfacet
  facet normal -0.896803 0 0.442429
    outer loop
      vertex 18.8856 0.010705 77.2
      vertex 18.9782 19 77.3877
      vertex 18.8856 19 77.2
    endloop
  endfacet
  facet normal -0.896803 0 0.442429
    outer loop
      vertex 18.9782 19 77.3877
      vertex 18.8856 0.010705 77.2
      vertex 18.9782 0.010705 77.3877
    endloop
  endfacet
  facet normal 0.980819 0 -0.194922
    outer loop
      vertex 15.9545 0.010705 78.4141
      vertex 15.9137 19 78.2088
      vertex 15.9545 19 78.4141
    endloop
  endfacet
  facet normal 0.980819 0 -0.194922
    outer loop
      vertex 15.9137 19 78.2088
      vertex 15.9545 0.010705 78.4141
      vertex 15.9137 0.010705 78.2088
    endloop
  endfacet
  facet normal 0.194922 0 0.980819
    outer loop
      vertex 17.0859 19 76.4545
      vertex 17.2912 0.010705 76.4137
      vertex 17.2912 19 76.4137
    endloop
  endfacet
  facet normal 0.194922 0 0.980819
    outer loop
      vertex 17.2912 0.010705 76.4137
      vertex 17.0859 19 76.4545
      vertex 17.0859 0.010705 76.4545
    endloop
  endfacet
  facet normal 0.321526 0 -0.946901
    outer loop
      vertex 16.8877 0.010705 79.4782
      vertex 17.0859 19 79.5455
      vertex 17.0859 0.010705 79.5455
    endloop
  endfacet
  facet normal 0.321526 0 -0.946901
    outer loop
      vertex 17.0859 19 79.5455
      vertex 16.8877 0.010705 79.4782
      vertex 16.8877 19 79.4782
    endloop
  endfacet
  facet normal 0.555362 0 0.831609
    outer loop
      vertex 16.526 19 76.7306
      vertex 16.7 0.010705 76.6144
      vertex 16.7 19 76.6144
    endloop
  endfacet
  facet normal 0.555362 0 0.831609
    outer loop
      vertex 16.7 0.010705 76.6144
      vertex 16.526 19 76.7306
      vertex 16.526 0.010705 76.7306
    endloop
  endfacet
  facet normal -0.0654722 0 -0.997854
    outer loop
      vertex 17.5 0.010705 79.6
      vertex 17.7088 19 79.5863
      vertex 17.7088 0.010705 79.5863
    endloop
  endfacet
  facet normal -0.0654722 0 -0.997854
    outer loop
      vertex 17.7088 19 79.5863
      vertex 17.5 0.010705 79.6
      vertex 17.5 19 79.6
    endloop
  endfacet
  facet normal 0.896803 0 -0.442429
    outer loop
      vertex 16.1144 0.010705 78.8
      vertex 16.0218 19 78.6123
      vertex 16.1144 19 78.8
    endloop
  endfacet
  facet normal 0.896803 0 -0.442429
    outer loop
      vertex 16.0218 19 78.6123
      vertex 16.1144 0.010705 78.8
      vertex 16.0218 0.010705 78.6123
    endloop
  endfacet
  facet normal 0.751925 -0 0.659248
    outer loop
      vertex 16.2306 0.010705 77.026
      vertex 16.3686 19 76.8686
      vertex 16.2306 19 77.026
    endloop
  endfacet
  facet normal 0.751925 0 0.659248
    outer loop
      vertex 16.3686 19 76.8686
      vertex 16.2306 0.010705 77.026
      vertex 16.3686 0.010705 76.8686
    endloop
  endfacet
  facet normal 0.946901 0 -0.321526
    outer loop
      vertex 16.0218 0.010705 78.6123
      vertex 15.9545 19 78.4141
      vertex 16.0218 19 78.6123
    endloop
  endfacet
  facet normal 0.946901 0 -0.321526
    outer loop
      vertex 15.9545 19 78.4141
      vertex 16.0218 0.010705 78.6123
      vertex 15.9545 0.010705 78.4141
    endloop
  endfacet
  facet normal 0.997854 0 -0.0654722
    outer loop
      vertex 15.9137 0.010705 78.2088
      vertex 15.9 19 78
      vertex 15.9137 19 78.2088
    endloop
  endfacet
  facet normal 0.997854 0 -0.0654722
    outer loop
      vertex 15.9 19 78
      vertex 15.9137 0.010705 78.2088
      vertex 15.9 0.010705 78
    endloop
  endfacet
  facet normal -0.0654722 0 0.997854
    outer loop
      vertex 17.5 19 76.4
      vertex 17.7088 0.010705 76.4137
      vertex 17.7088 19 76.4137
    endloop
  endfacet
  facet normal -0.0654722 0 0.997854
    outer loop
      vertex 17.7088 0.010705 76.4137
      vertex 17.5 19 76.4
      vertex 17.5 0.010705 76.4
    endloop
  endfacet
  facet normal 0.310495 -0.914806 -0.258309
    outer loop
      vertex 31.8767 0.469362 4.02455
      vertex 31.2692 0.26317 4.02455
      vertex 31.8119 0.625752 3.3928
    endloop
  endfacet
  facet normal 0.427312 -0.866417 -0.258312
    outer loop
      vertex 31.8767 0.469362 4.02455
      vertex 31.8119 0.625752 3.3928
      vertex 32.3673 0.899672 3.3928
    endloop
  endfacet
  facet normal 0.3187 -0.938868 -0.130219
    outer loop
      vertex 31.9093 0.390492 4.67298
      vertex 31.2913 0.180711 4.67298
      vertex 31.8767 0.469362 4.02455
    endloop
  endfacet
  facet normal 0.963969 0.0631727 -0.258404
    outer loop
      vertex 34.7346 29 3.3928
      vertex 34.6941 29.618 3.3928
      vertex 34.862 29.6401 4.02455
    endloop
  endfacet
  facet normal -0.169041 -0.849836 0.499203
    outer loop
      vertex 4.45736 0.878218 89.7778
      vertex 3.924 0.984309 89.7778
      vertex 4.41467 0.554 89.2114
    endloop
  endfacet
  facet normal 0.906443 -0.180246 0.381932
    outer loop
      vertex 34.446 4.41467 89.2114
      vertex 34.3316 3.83936 89.2114
      vertex 34.5733 3.77458 88.6072
    endloop
  endfacet
  facet normal 0.989349 0.0648729 0.130306
    outer loop
      vertex 34.9466 29.6512 87.327
      vertex 34.9039 29 87.9754
      vertex 34.9893 29 87.327
    endloop
  endfacet
  facet normal 0.180301 -0.906397 0.382015
    outer loop
      vertex 31.2254 0.426679 88.6072
      vertex 30.5853 0.554 89.2114
      vertex 30.618 0.305855 88.6072
    endloop
  endfacet
  facet normal -0.318711 0.938851 0.130314
    outer loop
      vertex 3.70868 33.8193 87.327
      vertex 3.12335 33.5306 87.9754
      vertex 3.73077 33.7368 87.9754
    endloop
  endfacet
  facet normal 0.278309 0.416512 0.865484
    outer loop
      vertex 31.691 31.2038 91.1573
      vertex 31.1057 30.9152 91.4844
      vertex 31.3462 30.7545 91.4844
    endloop
  endfacet
  facet normal 0.43854 -0.889228 0.130213
    outer loop
      vertex 32.4946 0.679144 87.327
      vertex 31.8767 0.469362 87.9754
      vertex 31.9093 0.390492 87.327
    endloop
  endfacet
  facet normal 0.193426 -0.97243 -0.130254
    outer loop
      vertex 31.2913 0.180711 4.67298
      vertex 30.6512 0.0533886 4.67298
      vertex 31.2692 0.26317 4.02455
    endloop
  endfacet
  facet normal 0.310504 0.914799 -0.258322
    outer loop
      vertex 31.8119 33.3742 3.3928
      vertex 31.2692 33.7368 4.02455
      vertex 31.8767 33.5306 4.02455
    endloop
  endfacet
  facet normal 0.01696 -0.258779 -0.965788
    outer loop
      vertex 30.2098 3.40655 0.265348
      vertex 30 3.3928 0.265348
      vertex 30 4.02455 0.0960732
    endloop
  endfacet
  facet normal 0.0566746 -0.864633 -0.499196
    outer loop
      vertex 30.5853 0.554 2.78856
      vertex 30 0.515635 2.78856
      vertex 30.5426 0.878218 2.22215
    endloop
  endfacet
  facet normal -0.438522 -0.889231 -0.130257
    outer loop
      vertex 3.12335 0.469362 4.02455
      vertex 2.50535 0.679144 4.67298
      vertex 2.54804 0.753075 4.02455
    endloop
  endfacet
  facet normal 0.193426 -0.972429 0.13026
    outer loop
      vertex 31.2692 0.26317 87.9754
      vertex 30.6512 0.0533886 87.327
      vertex 31.2913 0.180711 87.327
    endloop
  endfacet
  facet normal 0.383194 -0.777159 -0.499186
    outer loop
      vertex 32.2422 1.11643 2.78856
      vertex 31.5909 1.15911 2.22215
      vertex 32.0787 1.39963 2.22215
    endloop
  endfacet
  facet normal 0.154839 0.778718 0.607967
    outer loop
      vertex 30.5426 33.1218 89.7778
      vertex 30.4907 32.727 90.2967
      vertex 30.973 32.6311 90.2967
    endloop
  endfacet
  facet normal -0.0519305 -0.792296 0.607923
    outer loop
      vertex 4.50933 1.27296 90.2967
      vertex 4.45736 0.878218 89.7778
      vertex 5 0.842651 89.7778
    endloop
  endfacet
  facet normal -0.991444 0 0.130533
    outer loop
      vertex 0.010705 5 87.327
      vertex 0.0960732 29 87.9754
      vertex 0.010705 29 87.327
    endloop
  endfacet
  facet normal -0.991444 0 0.130533
    outer loop
      vertex 0.0960732 29 87.9754
      vertex 0.010705 5 87.327
      vertex 0.0960732 5 87.9754
    endloop
  endfacet
  facet normal 0.923925 0 -0.382573
    outer loop
      vertex 34.7346 5 3.3928
      vertex 34.4844 29 2.78856
      vertex 34.7346 29 3.3928
    endloop
  endfacet
  facet normal 0.923925 0 -0.382573
    outer loop
      vertex 34.4844 29 2.78856
      vertex 34.7346 5 3.3928
      vertex 34.4844 5 2.78856
    endloop
  endfacet
  facet normal 0 -0.965927 -0.258816
    outer loop
      vertex 5 0.265348 3.3928
      vertex 30 0.0960732 4.02455
      vertex 5 0.0960732 4.02455
    endloop
  endfacet
  facet normal 0 -0.965927 -0.258816
    outer loop
      vertex 30 0.0960732 4.02455
      vertex 5 0.265348 3.3928
      vertex 30 0.265348 3.3928
    endloop
  endfacet
  facet normal 0.831456 -0.555591 0
    outer loop
      vertex 33.9583 1.96271 87.327
      vertex 34.3209 2.50535 4.67298
      vertex 34.3209 2.50535 87.327
    endloop
  endfacet
  facet normal 0.831456 -0.555591 0
    outer loop
      vertex 34.3209 2.50535 4.67298
      vertex 33.9583 1.96271 87.327
      vertex 33.9583 1.96271 4.67298
    endloop
  endfacet
  facet normal -0.0327556 -0.499731 -0.865561
    outer loop
      vertex 5 2.22215 0.842651
      vertex 4.71135 2.80748 0.515635
      vertex 5 2.78856 0.515635
    endloop
  endfacet
  facet normal -0.726311 0.637004 -0.258259
    outer loop
      vertex 1.24375 31.8823 3.3928
      vertex 1.10945 31.9853 4.02455
      vertex 1.6521 32.3479 3.3928
    endloop
  endfacet
  facet normal 0.972428 0.193392 0.13032
    outer loop
      vertex 34.8193 30.2913 87.327
      vertex 34.7368 30.2692 87.9754
      vertex 34.9466 29.6512 87.327
    endloop
  endfacet
  facet normal 0.963992 0.0631015 -0.258336
    outer loop
      vertex 34.9039 29 4.02455
      vertex 34.7346 29 3.3928
      vertex 34.862 29.6401 4.02455
    endloop
  endfacet
  facet normal 0.914788 -0.310542 -0.258314
    outer loop
      vertex 34.5306 3.12335 4.02455
      vertex 34.3742 3.18813 3.3928
      vertex 34.7368 3.73077 4.02455
    endloop
  endfacet
  facet normal -0.318723 0.938849 0.130302
    outer loop
      vertex 3.70868 33.8193 87.327
      vertex 3.09068 33.6095 87.327
      vertex 3.12335 33.5306 87.9754
    endloop
  endfacet
  facet normal -0.923878 0 -0.382687
    outer loop
      vertex 0.515635 5 2.78856
      vertex 0.265348 29 3.3928
      vertex 0.515635 29 2.78856
    endloop
  endfacet
  facet normal -0.923878 -0 -0.382687
    outer loop
      vertex 0.265348 29 3.3928
      vertex 0.515635 5 2.78856
      vertex 0.265348 5 3.3928
    endloop
  endfacet
  facet normal -0.849841 0.16903 -0.499199
    outer loop
      vertex 0.878218 29.5426 2.22215
      vertex 0.554 29.5853 2.78856
      vertex 0.984309 30.076 2.22215
    endloop
  endfacet
  facet normal -0.481404 0.720452 0.499199
    outer loop
      vertex 2.75782 32.8836 89.2114
      vertex 2.27009 32.5577 89.2114
      vertex 2.92133 32.6004 89.7778
    endloop
  endfacet
  facet normal 0.0654057 -0.997859 0
    outer loop
      vertex 30 0.010705 4.67298
      vertex 30.6512 0.0533886 87.327
      vertex 30 0.010705 87.327
    endloop
  endfacet
  facet normal 0.0654057 -0.997859 0
    outer loop
      vertex 30.6512 0.0533886 87.327
      vertex 30 0.010705 4.67298
      vertex 30.6512 0.0533886 4.67298
    endloop
  endfacet
  facet normal 0.04204 0.123864 -0.991408
    outer loop
      vertex 30.3733 29.9012 0.0960732
      vertex 30.0846 29.3159 0.010705
      vertex 30.2525 29.9422 0.0960732
    endloop
  endfacet
  facet normal -0.59697 0.523515 -0.607914
    outer loop
      vertex 2.34184 31.6582 1.70327
      vertex 2.01763 31.2885 1.70327
      vertex 2.06031 31.9397 2.22215
    endloop
  endfacet
  facet normal -0.803248 -0.536722 -0.258307
    outer loop
      vertex 1.10945 2.01468 4.02455
      vertex 0.899672 2.63267 3.3928
      vertex 1.24375 2.11773 3.3928
    endloop
  endfacet
  facet normal 0 0.923925 -0.382573
    outer loop
      vertex 30 33.4844 2.78856
      vertex 5 33.7346 3.3928
      vertex 30 33.7346 3.3928
    endloop
  endfacet
  facet normal 0 0.923925 -0.382573
    outer loop
      vertex 5 33.7346 3.3928
      vertex 30 33.4844 2.78856
      vertex 5 33.4844 2.78856
    endloop
  endfacet
  facet normal 0.188481 -0.947504 0.258283
    outer loop
      vertex 31.2692 0.26317 87.9754
      vertex 30.618 0.305855 88.6072
      vertex 30.6401 0.138027 87.9754
    endloop
  endfacet
  facet normal 0.745477 0.653664 0.130333
    outer loop
      vertex 33.528 32.528 87.327
      vertex 33.4676 32.4676 87.9754
      vertex 33.8905 31.9853 87.9754
    endloop
  endfacet
  facet normal 0.997857 0.0654307 0
    outer loop
      vertex 34.9893 29 87.327
      vertex 34.9466 29.6512 4.67298
      vertex 34.9466 29.6512 87.327
    endloop
  endfacet
  facet normal 0.997857 0.0654307 0
    outer loop
      vertex 34.9466 29.6512 4.67298
      vertex 34.9893 29 87.327
      vertex 34.9893 29 4.67298
    endloop
  endfacet
  facet normal 0.972429 -0.193395 -0.130311
    outer loop
      vertex 34.8193 3.70868 4.67298
      vertex 34.7368 3.73077 4.02455
      vertex 34.9466 4.34877 4.67298
    endloop
  endfacet
  facet normal -0.458272 0.401877 0.792768
    outer loop
      vertex 3.03576 30.9642 91.1573
      vertex 2.38453 31.0069 90.7592
      vertex 2.79618 30.691 91.1573
    endloop
  endfacet
  facet normal 0.0976512 0.491199 -0.865556
    outer loop
      vertex 30.5724 31.1361 0.515635
      vertex 30.2887 31.1925 0.515635
      vertex 30.719 31.6832 0.842651
    endloop
  endfacet
  facet normal -0.72634 0.636959 0.258289
    outer loop
      vertex 1.5324 32.4676 87.9754
      vertex 1.10945 31.9853 87.9754
      vertex 1.6521 32.3479 88.6072
    endloop
  endfacet
  facet normal 0.168992 0.849835 0.499222
    outer loop
      vertex 31.1606 33.3316 89.2114
      vertex 30.5853 33.446 89.2114
      vertex 31.076 33.0157 89.7778
    endloop
  endfacet
  facet normal 0.571199 0.651502 0.499277
    outer loop
      vertex 32.7299 32.5577 89.2114
      vertex 32.5308 32.2982 89.7778
      vertex 32.9397 31.9397 89.7778
    endloop
  endfacet
  facet normal -0.1239 0.0420624 0.991403
    outer loop
      vertex 4.0988 29.3733 91.9039
      vertex 4.05779 29.2525 91.9039
      vertex 4.68413 29.0846 91.9893
    endloop
  endfacet
  facet normal -0.793366 0 0.608745
    outer loop
      vertex 0.842651 5 89.7778
      vertex 1.2408 29 90.2967
      vertex 0.842651 29 89.7778
    endloop
  endfacet
  facet normal -0.793366 0 0.608745
    outer loop
      vertex 1.2408 29 90.2967
      vertex 0.842651 5 89.7778
      vertex 1.2408 5 90.2967
    endloop
  endfacet
  facet normal -0.532217 -0.466736 0.70633
    outer loop
      vertex 2.38453 2.99308 90.7592
      vertex 2.34184 2.34184 90.2967
      vertex 2.66886 2.66886 90.7592
    endloop
  endfacet
  facet normal -0.193429 -0.97243 -0.130251
    outer loop
      vertex 4.34877 0.0533886 4.67298
      vertex 3.70868 0.180711 4.67298
      vertex 3.73077 0.26317 4.02455
    endloop
  endfacet
  facet normal 0.393239 -0.588584 0.706351
    outer loop
      vertex 32.0069 2.38453 90.7592
      vertex 31.8796 1.74444 90.2967
      vertex 32.2885 2.01763 90.2967
    endloop
  endfacet
  facet normal -0.258852 0 0.965917
    outer loop
      vertex 3.3928 29 91.7346
      vertex 4.02455 5 91.9039
      vertex 4.02455 29 91.9039
    endloop
  endfacet
  facet normal -0.258852 0 0.965917
    outer loop
      vertex 4.02455 5 91.9039
      vertex 3.3928 29 91.7346
      vertex 3.3928 5 91.7346
    endloop
  endfacet
  facet normal 0.278504 -0.820517 0.499187
    outer loop
      vertex 31.7161 0.856988 89.2114
      vertex 31.076 0.984309 89.7778
      vertex 31.1606 0.668437 89.2114
    endloop
  endfacet
  facet normal -0.382453 -0.0250685 0.923635
    outer loop
      vertex 3.3928 5 91.7346
      vertex 2.78856 5 91.4844
      vertex 2.80748 4.71135 91.4844
    endloop
  endfacet
  facet normal -0.0566717 -0.86463 0.499202
    outer loop
      vertex 5 0.842651 89.7778
      vertex 4.45736 0.878218 89.7778
      vertex 5 0.515635 89.2114
    endloop
  endfacet
  facet normal 0 -0.965932 0.258797
    outer loop
      vertex 5 0.0960732 87.9754
      vertex 30 0.265348 88.6072
      vertex 5 0.265348 88.6072
    endloop
  endfacet
  facet normal 0 -0.965932 0.258797
    outer loop
      vertex 30 0.265348 88.6072
      vertex 5 0.0960732 87.9754
      vertex 30 0.0960732 87.9754
    endloop
  endfacet
  facet normal 0 -1 0
    outer loop
      vertex 5 0.010705 87.327
      vertex 17.5 0.010705 79.6
      vertex 30 0.010705 87.327
    endloop
  endfacet
  facet normal 0 -1 0
    outer loop
      vertex 5 0.010705 87.327
      vertex 17.2912 0.010705 79.5863
      vertex 17.5 0.010705 79.6
    endloop
  endfacet
  facet normal 0 -1 0
    outer loop
      vertex 5 0.010705 87.327
      vertex 17.0859 0.010705 79.5455
      vertex 17.2912 0.010705 79.5863
    endloop
  endfacet
  facet normal 0 -1 0
    outer loop
      vertex 5 0.010705 87.327
      vertex 16.8877 0.010705 79.4782
      vertex 17.0859 0.010705 79.5455
    endloop
  endfacet
  facet normal 0 -1 0
    outer loop
      vertex 5 0.010705 87.327
      vertex 16.7 0.010705 79.3856
      vertex 16.8877 0.010705 79.4782
    endloop
  endfacet
  facet normal 0 -1 0
    outer loop
      vertex 5 0.010705 87.327
      vertex 16.526 0.010705 79.2694
      vertex 16.7 0.010705 79.3856
    endloop
  endfacet
  facet normal 0 -1 0
    outer loop
      vertex 5 0.010705 87.327
      vertex 16.3686 0.010705 79.1314
      vertex 16.526 0.010705 79.2694
    endloop
  endfacet
  facet normal 0 -1 0
    outer loop
      vertex 5 0.010705 87.327
      vertex 16.2306 0.010705 78.974
      vertex 16.3686 0.010705 79.1314
    endloop
  endfacet
  facet normal 0 -1 0
    outer loop
      vertex 5 0.010705 87.327
      vertex 16.1144 0.010705 78.8
      vertex 16.2306 0.010705 78.974
    endloop
  endfacet
  facet normal 0 -1 0
    outer loop
      vertex 5 0.010705 87.327
      vertex 16.0218 0.010705 78.6123
      vertex 16.1144 0.010705 78.8
    endloop
  endfacet
  facet normal 0 -1 0
    outer loop
      vertex 5 0.010705 87.327
      vertex 15.9545 0.010705 78.4141
      vertex 16.0218 0.010705 78.6123
    endloop
  endfacet
  facet normal 0 -1 0
    outer loop
      vertex 5 0.010705 87.327
      vertex 15.9137 0.010705 78.2088
      vertex 15.9545 0.010705 78.4141
    endloop
  endfacet
  facet normal 0 -1 0
    outer loop
      vertex 5 0.010705 87.327
      vertex 15.9 0.010705 78
      vertex 15.9137 0.010705 78.2088
    endloop
  endfacet
  facet normal 0 -1 0
    outer loop
      vertex 5 0.010705 87.327
      vertex 15.9137 0.010705 77.7912
      vertex 15.9 0.010705 78
    endloop
  endfacet
  facet normal 0 -1 0
    outer loop
      vertex 5 0.010705 87.327
      vertex 15.9545 0.010705 77.5859
      vertex 15.9137 0.010705 77.7912
    endloop
  endfacet
  facet normal 0 -1 0
    outer loop
      vertex 5 0.010705 87.327
      vertex 16.0218 0.010705 77.3877
      vertex 15.9545 0.010705 77.5859
    endloop
  endfacet
  facet normal 0 -1 0
    outer loop
      vertex 5 0.010705 87.327
      vertex 16.1144 0.010705 77.2
      vertex 16.0218 0.010705 77.3877
    endloop
  endfacet
  facet normal 0 -1 0
    outer loop
      vertex 5 0.010705 87.327
      vertex 16.2306 0.010705 77.026
      vertex 16.1144 0.010705 77.2
    endloop
  endfacet
  facet normal 0 -1 0
    outer loop
      vertex 16.2306 0.010705 14.974
      vertex 16.2306 0.010705 77.026
      vertex 5 0.010705 87.327
    endloop
  endfacet
  facet normal 0 -1 0
    outer loop
      vertex 17.2912 0.010705 76.4137
      vertex 17.5 0.010705 15.6
      vertex 17.5 0.010705 76.4
    endloop
  endfacet
  facet normal 0 -1 0
    outer loop
      vertex 17.2912 0.010705 15.5863
      vertex 17.2912 0.010705 76.4137
      vertex 17.0859 0.010705 76.4545
    endloop
  endfacet
  facet normal 0 -1 0
    outer loop
      vertex 17.0859 0.010705 15.5455
      vertex 17.0859 0.010705 76.4545
      vertex 16.8877 0.010705 76.5218
    endloop
  endfacet
  facet normal 0 -1 0
    outer loop
      vertex 16.8877 0.010705 15.4782
      vertex 16.8877 0.010705 76.5218
      vertex 16.7 0.010705 76.6144
    endloop
  endfacet
  facet normal 0 -1 0
    outer loop
      vertex 16.7 0.010705 15.3856
      vertex 16.7 0.010705 76.6144
      vertex 16.526 0.010705 76.7306
    endloop
  endfacet
  facet normal 0 -1 0
    outer loop
      vertex 16.526 0.010705 15.2694
      vertex 16.526 0.010705 76.7306
      vertex 16.3686 0.010705 76.8686
    endloop
  endfacet
  facet normal 0 -1 0
    outer loop
      vertex 16.2306 0.010705 77.026
      vertex 16.2306 0.010705 14.974
      vertex 16.3686 0.010705 76.8686
    endloop
  endfacet
  facet normal 0 -1 0
    outer loop
      vertex 17.2912 0.010705 76.4137
      vertex 17.2912 0.010705 15.5863
      vertex 17.5 0.010705 15.6
    endloop
  endfacet
  facet normal 0 -1 0
    outer loop
      vertex 17.0859 0.010705 76.4545
      vertex 17.0859 0.010705 15.5455
      vertex 17.2912 0.010705 15.5863
    endloop
  endfacet
  facet normal 0 -1 0
    outer loop
      vertex 16.8877 0.010705 76.5218
      vertex 16.8877 0.010705 15.4782
      vertex 17.0859 0.010705 15.5455
    endloop
  endfacet
  facet normal 0 -1 0
    outer loop
      vertex 16.7 0.010705 76.6144
      vertex 16.7 0.010705 15.3856
      vertex 16.8877 0.010705 15.4782
    endloop
  endfacet
  facet normal 0 -1 0
    outer loop
      vertex 16.526 0.010705 76.7306
      vertex 16.526 0.010705 15.2694
      vertex 16.7 0.010705 15.3856
    endloop
  endfacet
  facet normal 0 -1 0
    outer loop
      vertex 16.3686 0.010705 76.8686
      vertex 16.3686 0.010705 15.1314
      vertex 16.526 0.010705 15.2694
    endloop
  endfacet
  facet normal 0 -1 -0
    outer loop
      vertex 16.3686 0.010705 76.8686
      vertex 16.2306 0.010705 14.974
      vertex 16.3686 0.010705 15.1314
    endloop
  endfacet
  facet normal 0 -1 0
    outer loop
      vertex 5 0.010705 4.67298
      vertex 16.2306 0.010705 14.974
      vertex 5 0.010705 87.327
    endloop
  endfacet
  facet normal 0 -1 0
    outer loop
      vertex 16.2306 0.010705 14.974
      vertex 5 0.010705 4.67298
      vertex 16.1144 0.010705 14.8
    endloop
  endfacet
  facet normal 0 -1 0
    outer loop
      vertex 16.1144 0.010705 14.8
      vertex 5 0.010705 4.67298
      vertex 16.0218 0.010705 14.6123
    endloop
  endfacet
  facet normal 0 -1 0
    outer loop
      vertex 16.0218 0.010705 14.6123
      vertex 5 0.010705 4.67298
      vertex 15.9545 0.010705 14.4141
    endloop
  endfacet
  facet normal 0 -1 0
    outer loop
      vertex 15.9545 0.010705 14.4141
      vertex 5 0.010705 4.67298
      vertex 15.9137 0.010705 14.2088
    endloop
  endfacet
  facet normal 0 -1 0
    outer loop
      vertex 15.9137 0.010705 14.2088
      vertex 5 0.010705 4.67298
      vertex 15.9 0.010705 14
    endloop
  endfacet
  facet normal 0 -1 -0
    outer loop
      vertex 17.2912 0.010705 12.4137
      vertex 5 0.010705 4.67298
      vertex 17.5 0.010705 12.4
    endloop
  endfacet
  facet normal 0 -1 -0
    outer loop
      vertex 17.0859 0.010705 12.4545
      vertex 5 0.010705 4.67298
      vertex 17.2912 0.010705 12.4137
    endloop
  endfacet
  facet normal 0 -1 -0
    outer loop
      vertex 16.8877 0.010705 12.5218
      vertex 5 0.010705 4.67298
      vertex 17.0859 0.010705 12.4545
    endloop
  endfacet
  facet normal 0 -1 -0
    outer loop
      vertex 16.7 0.010705 12.6144
      vertex 5 0.010705 4.67298
      vertex 16.8877 0.010705 12.5218
    endloop
  endfacet
  facet normal 0 -1 -0
    outer loop
      vertex 16.526 0.010705 12.7306
      vertex 5 0.010705 4.67298
      vertex 16.7 0.010705 12.6144
    endloop
  endfacet
  facet normal 0 -1 -0
    outer loop
      vertex 16.3686 0.010705 12.8686
      vertex 5 0.010705 4.67298
      vertex 16.526 0.010705 12.7306
    endloop
  endfacet
  facet normal 0 -1 -0
    outer loop
      vertex 16.2306 0.010705 13.026
      vertex 5 0.010705 4.67298
      vertex 16.3686 0.010705 12.8686
    endloop
  endfacet
  facet normal 0 -1 -0
    outer loop
      vertex 16.1144 0.010705 13.2
      vertex 5 0.010705 4.67298
      vertex 16.2306 0.010705 13.026
    endloop
  endfacet
  facet normal 0 -1 -0
    outer loop
      vertex 16.0218 0.010705 13.3877
      vertex 5 0.010705 4.67298
      vertex 16.1144 0.010705 13.2
    endloop
  endfacet
  facet normal 0 -1 -0
    outer loop
      vertex 15.9545 0.010705 13.5859
      vertex 5 0.010705 4.67298
      vertex 16.0218 0.010705 13.3877
    endloop
  endfacet
  facet normal 0 -1 -0
    outer loop
      vertex 15.9137 0.010705 13.7912
      vertex 5 0.010705 4.67298
      vertex 15.9545 0.010705 13.5859
    endloop
  endfacet
  facet normal 0 -1 -0
    outer loop
      vertex 15.9 0.010705 14
      vertex 5 0.010705 4.67298
      vertex 15.9137 0.010705 13.7912
    endloop
  endfacet
  facet normal 0 -1 0
    outer loop
      vertex 17.7088 0.010705 79.5863
      vertex 30 0.010705 87.327
      vertex 17.5 0.010705 79.6
    endloop
  endfacet
  facet normal 0 -1 0
    outer loop
      vertex 17.9141 0.010705 79.5455
      vertex 30 0.010705 87.327
      vertex 17.7088 0.010705 79.5863
    endloop
  endfacet
  facet normal 0 -1 0
    outer loop
      vertex 18.1123 0.010705 79.4782
      vertex 30 0.010705 87.327
      vertex 17.9141 0.010705 79.5455
    endloop
  endfacet
  facet normal 0 -1 0
    outer loop
      vertex 18.3 0.010705 79.3856
      vertex 30 0.010705 87.327
      vertex 18.1123 0.010705 79.4782
    endloop
  endfacet
  facet normal 0 -1 0
    outer loop
      vertex 18.474 0.010705 79.2694
      vertex 30 0.010705 87.327
      vertex 18.3 0.010705 79.3856
    endloop
  endfacet
  facet normal 0 -1 0
    outer loop
      vertex 18.6314 0.010705 79.1314
      vertex 30 0.010705 87.327
      vertex 18.474 0.010705 79.2694
    endloop
  endfacet
  facet normal 0 -1 0
    outer loop
      vertex 18.7694 0.010705 78.974
      vertex 30 0.010705 87.327
      vertex 18.6314 0.010705 79.1314
    endloop
  endfacet
  facet normal 0 -1 0
    outer loop
      vertex 18.8856 0.010705 78.8
      vertex 30 0.010705 87.327
      vertex 18.7694 0.010705 78.974
    endloop
  endfacet
  facet normal 0 -1 0
    outer loop
      vertex 18.9782 0.010705 78.6123
      vertex 30 0.010705 87.327
      vertex 18.8856 0.010705 78.8
    endloop
  endfacet
  facet normal 0 -1 0
    outer loop
      vertex 19.0455 0.010705 78.4141
      vertex 30 0.010705 87.327
      vertex 18.9782 0.010705 78.6123
    endloop
  endfacet
  facet normal 0 -1 0
    outer loop
      vertex 19.0863 0.010705 78.2088
      vertex 30 0.010705 87.327
      vertex 19.0455 0.010705 78.4141
    endloop
  endfacet
  facet normal 0 -1 0
    outer loop
      vertex 19.1 0.010705 78
      vertex 30 0.010705 87.327
      vertex 19.0863 0.010705 78.2088
    endloop
  endfacet
  facet normal 0 -1 0
    outer loop
      vertex 19.0863 0.010705 77.7912
      vertex 30 0.010705 87.327
      vertex 19.1 0.010705 78
    endloop
  endfacet
  facet normal 0 -1 0
    outer loop
      vertex 19.0455 0.010705 77.5859
      vertex 30 0.010705 87.327
      vertex 19.0863 0.010705 77.7912
    endloop
  endfacet
  facet normal 0 -1 0
    outer loop
      vertex 18.9782 0.010705 77.3877
      vertex 30 0.010705 87.327
      vertex 19.0455 0.010705 77.5859
    endloop
  endfacet
  facet normal 0 -1 0
    outer loop
      vertex 18.8856 0.010705 77.2
      vertex 30 0.010705 87.327
      vertex 18.9782 0.010705 77.3877
    endloop
  endfacet
  facet normal 0 -1 0
    outer loop
      vertex 18.7694 0.010705 77.026
      vertex 30 0.010705 87.327
      vertex 18.8856 0.010705 77.2
    endloop
  endfacet
  facet normal 0 -1 0
    outer loop
      vertex 18.7694 0.010705 14.974
      vertex 18.7694 0.010705 77.026
      vertex 18.6314 0.010705 76.8686
    endloop
  endfacet
  facet normal 0 -1 0
    outer loop
      vertex 17.5 0.010705 15.6
      vertex 17.7088 0.010705 76.4137
      vertex 17.5 0.010705 76.4
    endloop
  endfacet
  facet normal 0 -1 0
    outer loop
      vertex 17.7088 0.010705 15.5863
      vertex 17.7088 0.010705 76.4137
      vertex 17.5 0.010705 15.6
    endloop
  endfacet
  facet normal 0 -1 0
    outer loop
      vertex 17.7088 0.010705 76.4137
      vertex 17.7088 0.010705 15.5863
      vertex 17.9141 0.010705 76.4545
    endloop
  endfacet
  facet normal 0 -1 0
    outer loop
      vertex 17.9141 0.010705 15.5455
      vertex 17.9141 0.010705 76.4545
      vertex 17.7088 0.010705 15.5863
    endloop
  endfacet
  facet normal 0 -1 0
    outer loop
      vertex 17.9141 0.010705 76.4545
      vertex 17.9141 0.010705 15.5455
      vertex 18.1123 0.010705 76.5218
    endloop
  endfacet
  facet normal 0 -1 0
    outer loop
      vertex 18.1123 0.010705 15.4782
      vertex 18.1123 0.010705 76.5218
      vertex 17.9141 0.010705 15.5455
    endloop
  endfacet
  facet normal 0 -1 0
    outer loop
      vertex 18.1123 0.010705 76.5218
      vertex 18.1123 0.010705 15.4782
      vertex 18.3 0.010705 76.6144
    endloop
  endfacet
  facet normal 0 -1 0
    outer loop
      vertex 18.3 0.010705 15.3856
      vertex 18.3 0.010705 76.6144
      vertex 18.1123 0.010705 15.4782
    endloop
  endfacet
  facet normal 0 -1 0
    outer loop
      vertex 18.3 0.010705 76.6144
      vertex 18.3 0.010705 15.3856
      vertex 18.474 0.010705 76.7306
    endloop
  endfacet
  facet normal 0 -1 0
    outer loop
      vertex 18.474 0.010705 15.2694
      vertex 18.474 0.010705 76.7306
      vertex 18.3 0.010705 15.3856
    endloop
  endfacet
  facet normal 0 -1 0
    outer loop
      vertex 18.474 0.010705 76.7306
      vertex 18.474 0.010705 15.2694
      vertex 18.6314 0.010705 76.8686
    endloop
  endfacet
  facet normal 0 -1 0
    outer loop
      vertex 18.6314 0.010705 15.1314
      vertex 18.6314 0.010705 76.8686
      vertex 18.474 0.010705 15.2694
    endloop
  endfacet
  facet normal 0 -1 0
    outer loop
      vertex 18.7694 0.010705 14.974
      vertex 18.6314 0.010705 76.8686
      vertex 18.6314 0.010705 15.1314
    endloop
  endfacet
  facet normal 0 -1 0
    outer loop
      vertex 18.7694 0.010705 77.026
      vertex 18.7694 0.010705 14.974
      vertex 30 0.010705 87.327
    endloop
  endfacet
  facet normal 0 -1 0
    outer loop
      vertex 30 0.010705 4.67298
      vertex 18.7694 0.010705 14.974
      vertex 18.8856 0.010705 14.8
    endloop
  endfacet
  facet normal 0 -1 0
    outer loop
      vertex 30 0.010705 4.67298
      vertex 18.8856 0.010705 14.8
      vertex 18.9782 0.010705 14.6123
    endloop
  endfacet
  facet normal 0 -1 0
    outer loop
      vertex 30 0.010705 4.67298
      vertex 18.9782 0.010705 14.6123
      vertex 19.0455 0.010705 14.4141
    endloop
  endfacet
  facet normal 0 -1 0
    outer loop
      vertex 30 0.010705 4.67298
      vertex 19.0455 0.010705 14.4141
      vertex 19.0863 0.010705 14.2088
    endloop
  endfacet
  facet normal 0 -1 0
    outer loop
      vertex 30 0.010705 4.67298
      vertex 19.0863 0.010705 14.2088
      vertex 19.1 0.010705 14
    endloop
  endfacet
  facet normal 0 -1 0
    outer loop
      vertex 30 0.010705 4.67298
      vertex 19.1 0.010705 14
      vertex 19.0863 0.010705 13.7912
    endloop
  endfacet
  facet normal 0 -1 0
    outer loop
      vertex 30 0.010705 4.67298
      vertex 17.5 0.010705 12.4
      vertex 5 0.010705 4.67298
    endloop
  endfacet
  facet normal 0 -1 0
    outer loop
      vertex 17.5 0.010705 12.4
      vertex 30 0.010705 4.67298
      vertex 17.7088 0.010705 12.4137
    endloop
  endfacet
  facet normal 0 -1 0
    outer loop
      vertex 17.7088 0.010705 12.4137
      vertex 30 0.010705 4.67298
      vertex 17.9141 0.010705 12.4545
    endloop
  endfacet
  facet normal 0 -1 0
    outer loop
      vertex 17.9141 0.010705 12.4545
      vertex 30 0.010705 4.67298
      vertex 18.1123 0.010705 12.5218
    endloop
  endfacet
  facet normal 0 -1 0
    outer loop
      vertex 18.7694 0.010705 14.974
      vertex 30 0.010705 4.67298
      vertex 30 0.010705 87.327
    endloop
  endfacet
  facet normal 0 -1 0
    outer loop
      vertex 19.0455 0.010705 13.5859
      vertex 30 0.010705 4.67298
      vertex 19.0863 0.010705 13.7912
    endloop
  endfacet
  facet normal 0 -1 0
    outer loop
      vertex 18.9782 0.010705 13.3877
      vertex 30 0.010705 4.67298
      vertex 19.0455 0.010705 13.5859
    endloop
  endfacet
  facet normal 0 -1 0
    outer loop
      vertex 18.8856 0.010705 13.2
      vertex 30 0.010705 4.67298
      vertex 18.9782 0.010705 13.3877
    endloop
  endfacet
  facet normal 0 -1 0
    outer loop
      vertex 18.7694 0.010705 13.026
      vertex 30 0.010705 4.67298
      vertex 18.8856 0.010705 13.2
    endloop
  endfacet
  facet normal 0 -1 0
    outer loop
      vertex 18.6314 0.010705 12.8686
      vertex 30 0.010705 4.67298
      vertex 18.7694 0.010705 13.026
    endloop
  endfacet
  facet normal 0 -1 0
    outer loop
      vertex 18.474 0.010705 12.7306
      vertex 30 0.010705 4.67298
      vertex 18.6314 0.010705 12.8686
    endloop
  endfacet
  facet normal 0 -1 0
    outer loop
      vertex 18.3 0.010705 12.6144
      vertex 30 0.010705 4.67298
      vertex 18.474 0.010705 12.7306
    endloop
  endfacet
  facet normal 0 -1 0
    outer loop
      vertex 18.1123 0.010705 12.5218
      vertex 30 0.010705 4.67298
      vertex 18.3 0.010705 12.6144
    endloop
  endfacet
  facet normal -0.442288 -0.896873 0
    outer loop
      vertex 2.50535 0.679144 4.67298
      vertex 3.09068 0.390492 87.327
      vertex 2.50535 0.679144 87.327
    endloop
  endfacet
  facet normal -0.442288 -0.896873 -0
    outer loop
      vertex 3.09068 0.390492 87.327
      vertex 2.50535 0.679144 4.67298
      vertex 3.09068 0.390492 4.67298
    endloop
  endfacet
  facet normal 0 -0.991444 0.130533
    outer loop
      vertex 5 0.010705 87.327
      vertex 30 0.0960732 87.9754
      vertex 5 0.0960732 87.9754
    endloop
  endfacet
  facet normal 0 -0.991444 0.130533
    outer loop
      vertex 30 0.0960732 87.9754
      vertex 5 0.010705 87.327
      vertex 30 0.010705 87.327
    endloop
  endfacet
  facet normal 0.0170229 0.258798 -0.965782
    outer loop
      vertex 30.2098 30.5934 0.265348
      vertex 30 29.9755 0.0960732
      vertex 30 30.6072 0.265348
    endloop
  endfacet
  facet normal -0.0631854 -0.963996 -0.2583
    outer loop
      vertex 5 0.265348 3.3928
      vertex 4.35991 0.138027 4.02455
      vertex 4.382 0.305855 3.3928
    endloop
  endfacet
  facet normal -0.906406 0.180302 -0.381994
    outer loop
      vertex 0.554 29.5853 2.78856
      vertex 0.305855 29.618 3.3928
      vertex 0.426679 30.2254 3.3928
    endloop
  endfacet
  facet normal -0.980785 -0.195091 0
    outer loop
      vertex 0.180711 3.70868 4.67298
      vertex 0.0533886 4.34877 87.327
      vertex 0.0533886 4.34877 4.67298
    endloop
  endfacet
  facet normal -0.980785 -0.195091 0
    outer loop
      vertex 0.0533886 4.34877 87.327
      vertex 0.180711 3.70868 4.67298
      vertex 0.180711 3.70868 87.327
    endloop
  endfacet
  facet normal -0.7121 -0.351174 -0.607939
    outer loop
      vertex 1.74444 3.1204 1.70327
      vertex 1.15911 3.40905 2.22215
      vertex 1.52695 3.56142 1.70327
    endloop
  endfacet
  facet normal -0.997859 0.0654057 0
    outer loop
      vertex 0.010705 29 4.67298
      vertex 0.0533886 29.6512 87.327
      vertex 0.0533886 29.6512 4.67298
    endloop
  endfacet
  facet normal -0.997859 0.0654057 0
    outer loop
      vertex 0.0533886 29.6512 87.327
      vertex 0.010705 29 4.67298
      vertex 0.010705 29 87.327
    endloop
  endfacet
  facet normal 0.438532 -0.889235 -0.130197
    outer loop
      vertex 32.4946 0.679144 4.67298
      vertex 31.8767 0.469362 4.02455
      vertex 32.452 0.753075 4.02455
    endloop
  endfacet
  facet normal 0.278543 -0.820486 -0.499215
    outer loop
      vertex 31.7161 0.856988 2.78856
      vertex 31.076 0.984309 2.22215
      vertex 31.5909 1.15911 2.22215
    endloop
  endfacet
  facet normal 0.481408 -0.720458 -0.499186
    outer loop
      vertex 32.2422 1.11643 2.78856
      vertex 32.0787 1.39963 2.22215
      vertex 32.7299 1.44231 2.78856
    endloop
  endfacet
  facet normal 0.351124 -0.712116 -0.60795
    outer loop
      vertex 32.0787 1.39963 2.22215
      vertex 31.5909 1.15911 2.22215
      vertex 31.8796 1.74444 1.70327
    endloop
  endfacet
  facet normal 0.938852 -0.318711 -0.130308
    outer loop
      vertex 34.8193 3.70868 4.67298
      vertex 34.5306 3.12335 4.02455
      vertex 34.7368 3.73077 4.02455
    endloop
  endfacet
  facet normal 0.824361 -0.550852 0.130349
    outer loop
      vertex 34.2469 2.54804 87.9754
      vertex 33.8905 2.01468 87.9754
      vertex 34.3209 2.50535 87.327
    endloop
  endfacet
  facet normal -0 0.130561 0.99144
    outer loop
      vertex 5 29.9755 91.9039
      vertex 30 29.327 91.9893
      vertex 30 29.9755 91.9039
    endloop
  endfacet
  facet normal 0 0.130561 0.99144
    outer loop
      vertex 30 29.327 91.9893
      vertex 5 29.9755 91.9039
      vertex 5 29.327 91.9893
    endloop
  endfacet
  facet normal 1 -0 0
    outer loop
      vertex 34.9893 5 87.327
      vertex 34.9893 29 4.67298
      vertex 34.9893 29 87.327
    endloop
  endfacet
  facet normal 1 0 0
    outer loop
      vertex 34.9893 29 4.67298
      vertex 34.9893 5 87.327
      vertex 34.9893 5 4.67298
    endloop
  endfacet
  facet normal 0.97242 0.193526 -0.130183
    outer loop
      vertex 34.862 29.6401 4.02455
      vertex 34.7368 30.2692 4.02455
      vertex 34.9466 29.6512 4.67298
    endloop
  endfacet
  facet normal 0.609338 0.694852 -0.381953
    outer loop
      vertex 33.3479 32.3479 3.3928
      vertex 32.7299 32.5577 2.78856
      vertex 32.8823 32.7562 3.3928
    endloop
  endfacet
  facet normal -0.550851 0.824362 0.130351
    outer loop
      vertex 2.50535 33.3209 87.327
      vertex 1.96271 32.9583 87.327
      vertex 2.01468 32.8905 87.9754
    endloop
  endfacet
  facet normal -0.938875 0.318664 -0.130255
    outer loop
      vertex 0.26317 30.2692 4.02455
      vertex 0.180711 30.2913 4.67298
      vertex 0.469362 30.8767 4.02455
    endloop
  endfacet
  facet normal -0.947507 -0.188472 0.258282
    outer loop
      vertex 0.305855 4.382 88.6072
      vertex 0.26317 3.73077 87.9754
      vertex 0.426679 3.77458 88.6072
    endloop
  endfacet
  facet normal 0.227553 -0.670308 0.706334
    outer loop
      vertex 31.2616 1.95422 90.7592
      vertex 30.973 1.36889 90.2967
      vertex 31.4386 1.52695 90.2967
    endloop
  endfacet
  facet normal -0.310572 0.914791 0.258269
    outer loop
      vertex 3.73077 33.7368 87.9754
      vertex 3.18813 33.3742 88.6072
      vertex 3.77458 33.5733 88.6072
    endloop
  endfacet
  facet normal 0.751864 0.659318 0
    outer loop
      vertex 33.9583 32.0373 87.327
      vertex 33.528 32.528 4.67298
      vertex 33.528 32.528 87.327
    endloop
  endfacet
  facet normal 0.751864 0.659318 0
    outer loop
      vertex 33.528 32.528 4.67298
      vertex 33.9583 32.0373 87.327
      vertex 33.9583 32.0373 4.67298
    endloop
  endfacet
  facet normal 0.0463509 0.706347 0.706347
    outer loop
      vertex 30 32.7592 90.2967
      vertex 30 32.2967 90.7592
      vertex 30.4907 32.727 90.2967
    endloop
  endfacet
  facet normal 0.441143 0.660261 0.607823
    outer loop
      vertex 32.5308 32.2982 89.7778
      vertex 31.8796 32.2556 90.2967
      vertex 32.2885 31.9824 90.2967
    endloop
  endfacet
  facet normal 0.0647628 0.989372 -0.130191
    outer loop
      vertex 30.6401 33.862 4.02455
      vertex 30 33.9039 4.02455
      vertex 30.6512 33.9466 4.67298
    endloop
  endfacet
  facet normal 0.00855795 0.130509 -0.99141
    outer loop
      vertex 30.0427 29.3242 0.010705
      vertex 30 29.327 0.010705
      vertex 30 29.9755 0.0960732
    endloop
  endfacet
  facet normal -0.513458 0.768422 0.381954
    outer loop
      vertex 2.63267 33.1003 88.6072
      vertex 2.27009 32.5577 89.2114
      vertex 2.75782 32.8836 89.2114
    endloop
  endfacet
  facet normal -0.536741 0.803244 0.258278
    outer loop
      vertex 2.54804 33.2469 87.9754
      vertex 2.01468 32.8905 87.9754
      vertex 2.63267 33.1003 88.6072
    endloop
  endfacet
  facet normal 0.169507 0.343752 0.923635
    outer loop
      vertex 31.1057 30.9152 91.4844
      vertex 30.615 30.4849 91.7346
      vertex 30.8036 30.3919 91.7346
    endloop
  endfacet
  facet normal -0.375905 -0.0747677 0.923637
    outer loop
      vertex 3.44757 4.58403 91.7346
      vertex 2.80748 4.71135 91.4844
      vertex 2.86391 4.42764 91.4844
    endloop
  endfacet
  facet normal -0.720455 0.481406 0.499193
    outer loop
      vertex 1.44231 31.7299 89.2114
      vertex 1.11643 31.2422 89.2114
      vertex 1.39963 31.0787 89.7778
    endloop
  endfacet
  facet normal -0.34376 0.169492 0.923635
    outer loop
      vertex 3.60813 29.8036 91.7346
      vertex 3.08483 30.1057 91.4844
      vertex 3.51514 29.615 91.7346
    endloop
  endfacet
  facet normal -0.653732 -0.745432 0.130252
    outer loop
      vertex 2.01468 1.10945 87.9754
      vertex 1.47204 1.47204 87.327
      vertex 1.96271 1.04173 87.327
    endloop
  endfacet
  facet normal -0.866022 0 0.500006
    outer loop
      vertex 0.515635 5 89.2114
      vertex 0.842651 29 89.7778
      vertex 0.515635 29 89.2114
    endloop
  endfacet
  facet normal -0.866022 0 0.500006
    outer loop
      vertex 0.842651 29 89.7778
      vertex 0.515635 5 89.2114
      vertex 0.842651 5 89.7778
    endloop
  endfacet
  facet normal 0 -0.500095 0.86597
    outer loop
      vertex 5 2.78856 91.4844
      vertex 30 2.22215 91.1573
      vertex 30 2.78856 91.4844
    endloop
  endfacet
  facet normal 0 -0.500095 0.86597
    outer loop
      vertex 30 2.22215 91.1573
      vertex 5 2.78856 91.4844
      vertex 5 2.22215 91.1573
    endloop
  endfacet
  facet normal -0.536725 -0.803252 0.258288
    outer loop
      vertex 2.11773 1.24375 88.6072
      vertex 2.01468 1.10945 87.9754
      vertex 2.63267 0.899672 88.6072
    endloop
  endfacet
  facet normal 0.828882 0.40877 0.381919
    outer loop
      vertex 34.1003 31.3673 88.6072
      vertex 33.8836 31.2422 89.2114
      vertex 34.3742 30.8119 88.6072
    endloop
  endfacet
  facet normal -0.297063 -0.875113 0.38201
    outer loop
      vertex 3.28391 0.856988 89.2114
      vertex 3.18813 0.625752 88.6072
      vertex 3.83936 0.668437 89.2114
    endloop
  endfacet
  facet normal 0.318664 -0.938875 -0.130255
    outer loop
      vertex 31.2913 0.180711 4.67298
      vertex 31.2692 0.26317 4.02455
      vertex 31.8767 0.469362 4.02455
    endloop
  endfacet
  facet normal -0.0604436 -0.92218 0.382009
    outer loop
      vertex 5 0.515635 89.2114
      vertex 4.41467 0.554 89.2114
      vertex 5 0.265348 88.6072
    endloop
  endfacet
  facet normal 0.72037 -0.481457 0.499266
    outer loop
      vertex 33.6004 2.92133 89.7778
      vertex 33.2982 2.46917 89.7778
      vertex 33.5577 2.27009 89.2114
    endloop
  endfacet
  facet normal 0.0648485 -0.989357 0.130259
    outer loop
      vertex 30 0.0960732 87.9754
      vertex 30 0.010705 87.327
      vertex 30.6512 0.0533886 87.327
    endloop
  endfacet
  facet normal 0.169048 -0.849841 0.499192
    outer loop
      vertex 31.076 0.984309 89.7778
      vertex 30.5853 0.554 89.2114
      vertex 31.1606 0.668437 89.2114
    endloop
  endfacet
  facet normal -0.550844 -0.824383 -0.130245
    outer loop
      vertex 2.50535 0.679144 4.67298
      vertex 1.96271 1.04173 4.67298
      vertex 2.01468 1.10945 4.02455
    endloop
  endfacet
  facet normal -0.653733 -0.745432 -0.130246
    outer loop
      vertex 1.96271 1.04173 4.67298
      vertex 1.47204 1.47204 4.67298
      vertex 2.01468 1.10945 4.02455
    endloop
  endfacet
  facet normal -0.577222 0.19597 -0.792724
    outer loop
      vertex 2.3168 29.719 0.842651
      vertex 1.8156 29.8533 1.2408
      vertex 1.95422 30.2616 1.2408
    endloop
  endfacet
  facet normal 0.0519338 -0.792288 -0.607934
    outer loop
      vertex 30.5426 0.878218 2.22215
      vertex 30 0.842651 2.22215
      vertex 30.4907 1.27296 1.70327
    endloop
  endfacet
  facet normal 0.0631828 -0.963997 -0.258299
    outer loop
      vertex 30.6401 0.138027 4.02455
      vertex 30 0.0960732 4.02455
      vertex 30 0.265348 3.3928
    endloop
  endfacet
  facet normal 0.138089 -0.694261 -0.706352
    outer loop
      vertex 30.4907 1.27296 1.70327
      vertex 30.4303 1.73147 1.2408
      vertex 30.973 1.36889 1.70327
    endloop
  endfacet
  facet normal -0.0566719 -0.864634 -0.499195
    outer loop
      vertex 5 0.515635 2.78856
      vertex 4.45736 0.878218 2.22215
      vertex 5 0.842651 2.22215
    endloop
  endfacet
  facet normal -0.720468 -0.481386 -0.499193
    outer loop
      vertex 1.44231 2.27009 2.78856
      vertex 1.11643 2.75782 2.78856
      vertex 1.39963 2.92133 2.22215
    endloop
  endfacet
  facet normal -0.193427 -0.97243 -0.130253
    outer loop
      vertex 4.34877 0.0533886 4.67298
      vertex 3.73077 0.26317 4.02455
      vertex 4.35991 0.138027 4.02455
    endloop
  endfacet
  facet normal 0.449181 0.221489 -0.865551
    outer loop
      vertex 32.5664 30.063 0.842651
      vertex 31.9152 30.1057 0.515635
      vertex 32.4057 30.3889 0.842651
    endloop
  endfacet
  facet normal 0.245587 -0.0833394 -0.965785
    outer loop
      vertex 31.5524 4.58403 0.265348
      vertex 30.9012 4.62671 0.0960732
      vertex 30.9422 4.74753 0.0960732
    endloop
  endfacet
  facet normal -0.474215 0.161013 -0.865561
    outer loop
      vertex 2.86391 29.5724 0.515635
      vertex 2.3168 29.719 0.842651
      vertex 2.4336 30.063 0.842651
    endloop
  endfacet
  facet normal -0.793355 0 -0.60876
    outer loop
      vertex 1.2408 5 1.70327
      vertex 0.842651 29 2.22215
      vertex 1.2408 29 1.70327
    endloop
  endfacet
  facet normal -0.793355 -0 -0.60876
    outer loop
      vertex 0.842651 29 2.22215
      vertex 1.2408 5 1.70327
      vertex 0.842651 5 2.22215
    endloop
  endfacet
  facet normal -0.889228 0.43854 0.130213
    outer loop
      vertex 0.679144 31.4946 87.327
      vertex 0.390492 30.9093 87.327
      vertex 0.469362 30.8767 87.9754
    endloop
  endfacet
  facet normal -0.77874 0.154892 -0.607925
    outer loop
      vertex 1.27296 29.4907 1.70327
      vertex 0.878218 29.5426 2.22215
      vertex 1.36889 29.973 1.70327
    endloop
  endfacet
  facet normal 0.55088 -0.824369 -0.130182
    outer loop
      vertex 32.4946 0.679144 4.67298
      vertex 32.452 0.753075 4.02455
      vertex 32.9853 1.10945 4.02455
    endloop
  endfacet
  facet normal 0.653712 -0.745443 0.130289
    outer loop
      vertex 33.4676 1.5324 87.9754
      vertex 32.9853 1.10945 87.9754
      vertex 33.528 1.47204 87.327
    endloop
  endfacet
  facet normal 0.824362 -0.550851 -0.130345
    outer loop
      vertex 33.9583 1.96271 4.67298
      vertex 33.8905 2.01468 4.02455
      vertex 34.3209 2.50535 4.67298
    endloop
  endfacet
  facet normal 0.637004 -0.726311 -0.258259
    outer loop
      vertex 32.9853 1.10945 4.02455
      vertex 32.8823 1.24375 3.3928
      vertex 33.3479 1.6521 3.3928
    endloop
  endfacet
  facet normal -0.60876 0 -0.793355
    outer loop
      vertex 1.70327 5 1.2408
      vertex 2.22215 29 0.842651
      vertex 2.22215 5 0.842651
    endloop
  endfacet
  facet normal -0.60876 0 -0.793355
    outer loop
      vertex 2.22215 29 0.842651
      vertex 1.70327 5 1.2408
      vertex 1.70327 29 1.2408
    endloop
  endfacet
  facet normal 0.653712 -0.745444 -0.130283
    outer loop
      vertex 33.528 1.47204 4.67298
      vertex 32.9853 1.10945 4.02455
      vertex 33.4676 1.5324 4.02455
    endloop
  endfacet
  facet normal 0.408744 -0.828857 -0.381999
    outer loop
      vertex 31.8119 0.625752 3.3928
      vertex 31.7161 0.856988 2.78856
      vertex 32.2422 1.11643 2.78856
    endloop
  endfacet
  facet normal 0.5508 -0.824409 -0.130269
    outer loop
      vertex 33.0373 1.04173 4.67298
      vertex 32.4946 0.679144 4.67298
      vertex 32.9853 1.10945 4.02455
    endloop
  endfacet
  facet normal 0.318664 -0.938875 0.130261
    outer loop
      vertex 31.8767 0.469362 87.9754
      vertex 31.2692 0.26317 87.9754
      vertex 31.2913 0.180711 87.327
    endloop
  endfacet
  facet normal 0.965917 0 -0.258852
    outer loop
      vertex 34.9039 5 4.02455
      vertex 34.7346 29 3.3928
      vertex 34.9039 29 4.02455
    endloop
  endfacet
  facet normal 0.965917 0 -0.258852
    outer loop
      vertex 34.7346 29 3.3928
      vertex 34.9039 5 4.02455
      vertex 34.7346 5 3.3928
    endloop
  endfacet
  facet normal 0.997857 -0.0654277 0
    outer loop
      vertex 34.9466 4.34877 87.327
      vertex 34.9893 5 4.67298
      vertex 34.9893 5 87.327
    endloop
  endfacet
  facet normal 0.997857 -0.0654277 0
    outer loop
      vertex 34.9893 5 4.67298
      vertex 34.9466 4.34877 87.327
      vertex 34.9466 4.34877 4.67298
    endloop
  endfacet
  facet normal 0.989372 0.0647628 -0.130191
    outer loop
      vertex 34.9039 29 4.02455
      vertex 34.862 29.6401 4.02455
      vertex 34.9466 29.6512 4.67298
    endloop
  endfacet
  facet normal -0.555591 0.831456 0
    outer loop
      vertex 2.50535 33.3209 4.67298
      vertex 1.96271 32.9583 87.327
      vertex 2.50535 33.3209 87.327
    endloop
  endfacet
  facet normal -0.555591 0.831456 0
    outer loop
      vertex 1.96271 32.9583 87.327
      vertex 2.50535 33.3209 4.67298
      vertex 1.96271 32.9583 4.67298
    endloop
  endfacet
  facet normal -0.803222 0.536749 0.25833
    outer loop
      vertex 1.10945 31.9853 87.9754
      vertex 0.753075 31.452 87.9754
      vertex 0.899672 31.3673 88.6072
    endloop
  endfacet
  facet normal -0.193395 0.972429 -0.130311
    outer loop
      vertex 3.73077 33.7368 4.02455
      vertex 3.70868 33.8193 4.67298
      vertex 4.34877 33.9466 4.67298
    endloop
  endfacet
  facet normal 0 1 0
    outer loop
      vertex 30 33.9893 87.327
      vertex 29.4 33.9893 52.6
      vertex 5 33.9893 87.327
    endloop
  endfacet
  facet normal 0 1 0
    outer loop
      vertex 30 33.9893 87.327
      vertex 29.4 33.9893 39.4
      vertex 29.4 33.9893 52.6
    endloop
  endfacet
  facet normal 0 1 0
    outer loop
      vertex 29.4 33.9893 39.4
      vertex 30 33.9893 4.67298
      vertex 5.6 33.9893 39.4
    endloop
  endfacet
  facet normal 0 1 -0
    outer loop
      vertex 30 33.9893 4.67298
      vertex 29.4 33.9893 39.4
      vertex 30 33.9893 87.327
    endloop
  endfacet
  facet normal 0 1 -0
    outer loop
      vertex 5.6 33.9893 52.6
      vertex 5 33.9893 87.327
      vertex 29.4 33.9893 52.6
    endloop
  endfacet
  facet normal 0 1 -0
    outer loop
      vertex 5.6 33.9893 39.4
      vertex 5 33.9893 87.327
      vertex 5.6 33.9893 52.6
    endloop
  endfacet
  facet normal 0 1 0
    outer loop
      vertex 5.6 33.9893 39.4
      vertex 5 33.9893 4.67298
      vertex 5 33.9893 87.327
    endloop
  endfacet
  facet normal 0 1 0
    outer loop
      vertex 5 33.9893 4.67298
      vertex 5.6 33.9893 39.4
      vertex 30 33.9893 4.67298
    endloop
  endfacet
  facet normal 0.824387 0.550807 0.130375
    outer loop
      vertex 33.9583 32.0373 87.327
      vertex 33.8905 31.9853 87.9754
      vertex 34.3209 31.4946 87.327
    endloop
  endfacet
  facet normal 0.0567266 0.864637 0.499184
    outer loop
      vertex 30.5853 33.446 89.2114
      vertex 30 33.4844 89.2114
      vertex 30.5426 33.1218 89.7778
    endloop
  endfacet
  facet normal 0.278336 0.41647 0.865495
    outer loop
      vertex 31.3889 31.4057 91.1573
      vertex 31.1057 30.9152 91.4844
      vertex 31.691 31.2038 91.1573
    endloop
  endfacet
  facet normal 0.0328054 0.499799 0.86552
    outer loop
      vertex 30.3626 31.7541 91.1573
      vertex 30 31.7779 91.1573
      vertex 30.2887 31.1925 91.4844
    endloop
  endfacet
  facet normal -0.254385 0.0506055 0.965778
    outer loop
      vertex 3.44757 29.416 91.7346
      vertex 3.40655 29.2098 91.7346
      vertex 4.03289 29.1273 91.9039
    endloop
  endfacet
  facet normal -0.0863158 0.0983405 0.991402
    outer loop
      vertex 4.40618 29.7739 91.9039
      vertex 4.31025 29.6897 91.9039
      vertex 4.76876 29.2312 91.9893
    endloop
  endfacet
  facet normal 0.43851 0.889231 0.130296
    outer loop
      vertex 32.4946 33.3209 87.327
      vertex 31.8767 33.5306 87.9754
      vertex 32.452 33.2469 87.9754
    endloop
  endfacet
  facet normal -0.0604364 0.922214 -0.381927
    outer loop
      vertex 4.41467 33.446 2.78856
      vertex 4.382 33.6941 3.3928
      vertex 5 33.7346 3.3928
    endloop
  endfacet
  facet normal 0.442242 0.896896 -0
    outer loop
      vertex 32.4946 33.3209 4.67298
      vertex 31.9093 33.6095 87.327
      vertex 32.4946 33.3209 87.327
    endloop
  endfacet
  facet normal 0.442242 0.896896 0
    outer loop
      vertex 31.9093 33.6095 87.327
      vertex 32.4946 33.3209 4.67298
      vertex 31.9093 33.6095 4.67298
    endloop
  endfacet
  facet normal 0.745448 0.653691 -0.130366
    outer loop
      vertex 33.8905 31.9853 4.02455
      vertex 33.528 32.528 4.67298
      vertex 33.9583 32.0373 4.67298
    endloop
  endfacet
  facet normal 0.297086 0.875143 -0.381923
    outer loop
      vertex 31.8119 33.3742 3.3928
      vertex 31.1606 33.3316 2.78856
      vertex 31.2254 33.5733 3.3928
    endloop
  endfacet
  facet normal 0.5509 0.824341 0.130274
    outer loop
      vertex 32.4946 33.3209 87.327
      vertex 32.452 33.2469 87.9754
      vertex 32.9853 32.8905 87.9754
    endloop
  endfacet
  facet normal -0.130523 0.00855886 -0.991408
    outer loop
      vertex 4.67298 29 0.010705
      vertex 4.02455 29 0.0960732
      vertex 4.67578 29.0427 0.010705
    endloop
  endfacet
  facet normal 0.0833683 -0.245572 -0.965787
    outer loop
      vertex 30.416 3.44757 0.265348
      vertex 30.2525 4.05779 0.0960732
      vertex 30.3733 4.0988 0.0960732
    endloop
  endfacet
  facet normal -0.128274 0.0255629 -0.991409
    outer loop
      vertex 4.67578 29.0427 0.010705
      vertex 4.05779 29.2525 0.0960732
      vertex 4.68413 29.0846 0.010705
    endloop
  endfacet
  facet normal -0 0.382595 0.923916
    outer loop
      vertex 5 31.2114 91.4844
      vertex 30 30.6072 91.7346
      vertex 30 31.2114 91.4844
    endloop
  endfacet
  facet normal 0 0.382595 0.923916
    outer loop
      vertex 30 30.6072 91.7346
      vertex 5 31.2114 91.4844
      vertex 5 30.6072 91.7346
    endloop
  endfacet
  facet normal 0.212939 0.318679 0.923635
    outer loop
      vertex 31.1057 30.9152 91.4844
      vertex 30.8036 30.3919 91.7346
      vertex 30.9784 30.2751 91.7346
    endloop
  endfacet
  facet normal -0.914811 0.310496 0.25829
    outer loop
      vertex 0.469362 30.8767 87.9754
      vertex 0.26317 30.2692 87.9754
      vertex 0.625752 30.8119 88.6072
    endloop
  endfacet
  facet normal -0.651477 0.571274 0.499223
    outer loop
      vertex 2.06031 31.9397 89.7778
      vertex 1.44231 31.7299 89.2114
      vertex 1.70175 31.5308 89.7778
    endloop
  endfacet
  facet normal -0.221481 0.449265 0.86551
    outer loop
      vertex 3.93696 31.5664 91.1573
      vertex 3.89428 30.9152 91.4844
      vertex 4.15372 31.0431 91.4844
    endloop
  endfacet
  facet normal 0.0327519 -0.499825 0.865507
    outer loop
      vertex 30.2887 2.80748 91.4844
      vertex 30 2.22215 91.1573
      vertex 30.3626 2.24591 91.1573
    endloop
  endfacet
  facet normal -0.17102 -0.195003 0.965777
    outer loop
      vertex 4.31025 4.31025 91.9039
      vertex 3.86354 3.86354 91.7346
      vertex 4.0216 3.72492 91.7346
    endloop
  endfacet
  facet normal -0.232621 0.114745 0.965775
    outer loop
      vertex 4.15523 29.4877 91.9039
      vertex 3.51514 29.615 91.7346
      vertex 4.0988 29.3733 91.9039
    endloop
  endfacet
  facet normal -0.577164 0.195967 0.792766
    outer loop
      vertex 2.4336 30.063 91.1573
      vertex 1.95422 30.2616 90.7592
      vertex 2.3168 29.719 91.1573
    endloop
  endfacet
  facet normal -0.989358 -0.0648455 -0.130253
    outer loop
      vertex 0.0533886 4.34877 4.67298
      vertex 0.010705 5 4.67298
      vertex 0.0960732 5 4.02455
    endloop
  endfacet
  facet normal -0.694808 -0.609353 0.38201
    outer loop
      vertex 1.82908 1.82908 89.2114
      vertex 1.44231 2.27009 89.2114
      vertex 1.6521 1.6521 88.6072
    endloop
  endfacet
  facet normal -0.86463 -0.0566717 0.499202
    outer loop
      vertex 0.842651 5 89.7778
      vertex 0.515635 5 89.2114
      vertex 0.878218 4.45736 89.7778
    endloop
  endfacet
  facet normal -0.449245 -0.22154 0.865505
    outer loop
      vertex 2.95689 4.15372 91.4844
      vertex 2.4336 3.93696 91.1573
      vertex 3.08483 3.89428 91.4844
    endloop
  endfacet
  facet normal -0.0654027 -0.997859 0
    outer loop
      vertex 4.34877 0.0533886 4.67298
      vertex 5 0.010705 87.327
      vertex 4.34877 0.0533886 87.327
    endloop
  endfacet
  facet normal -0.0654027 -0.997859 -0
    outer loop
      vertex 5 0.010705 87.327
      vertex 4.34877 0.0533886 4.67298
      vertex 5 0.010705 4.67298
    endloop
  endfacet
  facet normal -0.321437 -0.946931 0
    outer loop
      vertex 3.09068 0.390492 4.67298
      vertex 3.70868 0.180711 87.327
      vertex 3.09068 0.390492 87.327
    endloop
  endfacet
  facet normal -0.321437 -0.946931 -0
    outer loop
      vertex 3.70868 0.180711 87.327
      vertex 3.09068 0.390492 4.67298
      vertex 3.70868 0.180711 4.67298
    endloop
  endfacet
  facet normal 0.0462926 -0.706373 0.706325
    outer loop
      vertex 30.4303 1.73147 90.7592
      vertex 30 1.70327 90.7592
      vertex 30.4907 1.27296 90.2967
    endloop
  endfacet
  facet normal 0.108741 -0.0727796 0.991402
    outer loop
      vertex 30.2832 4.83649 91.9893
      vertex 30.2594 4.80093 91.9893
      vertex 30.8448 4.51227 91.9039
    endloop
  endfacet
  facet normal -0.382453 -0.0250678 0.923635
    outer loop
      vertex 3.3928 5 91.7346
      vertex 2.80748 4.71135 91.4844
      vertex 3.40655 4.79022 91.7346
    endloop
  endfacet
  facet normal 0.193439 -0.972429 -0.130241
    outer loop
      vertex 30.6512 0.0533886 4.67298
      vertex 30.6401 0.138027 4.02455
      vertex 31.2692 0.26317 4.02455
    endloop
  endfacet
  facet normal 0.0648485 -0.989358 -0.130253
    outer loop
      vertex 30.6512 0.0533886 4.67298
      vertex 30 0.010705 4.67298
      vertex 30 0.0960732 4.02455
    endloop
  endfacet
  facet normal -0.169525 -0.343736 0.923638
    outer loop
      vertex 4.1964 3.60813 91.7346
      vertex 3.89428 3.08483 91.4844
      vertex 4.38495 3.51514 91.7346
    endloop
  endfacet
  facet normal 0.255241 -0.751869 0.607902
    outer loop
      vertex 31.4386 1.52695 90.2967
      vertex 30.973 1.36889 90.2967
      vertex 31.5909 1.15911 89.7778
    endloop
  endfacet
  facet normal -0.0253943 0.128379 0.9914
    outer loop
      vertex 4.95732 29.3242 91.9893
      vertex 4.74753 29.9422 91.9039
      vertex 4.91536 29.3159 91.9893
    endloop
  endfacet
  facet normal -0.0462917 -0.706375 0.706322
    outer loop
      vertex 4.56969 1.73147 90.7592
      vertex 4.50933 1.27296 90.2967
      vertex 5 1.70327 90.7592
    endloop
  endfacet
  facet normal -0.0327619 -0.499827 0.865506
    outer loop
      vertex 5 2.78856 91.4844
      vertex 4.71135 2.80748 91.4844
      vertex 5 2.22215 91.1573
    endloop
  endfacet
  facet normal 0.0566744 -0.86463 0.499203
    outer loop
      vertex 30.5426 0.878218 89.7778
      vertex 30 0.515635 89.2114
      vertex 30.5853 0.554 89.2114
    endloop
  endfacet
  facet normal 0.0604467 -0.92218 0.382009
    outer loop
      vertex 30 0.515635 89.2114
      vertex 30 0.265348 88.6072
      vertex 30.5853 0.554 89.2114
    endloop
  endfacet
  facet normal 0.297038 -0.875118 0.382017
    outer loop
      vertex 31.7161 0.856988 89.2114
      vertex 31.1606 0.668437 89.2114
      vertex 31.8119 0.625752 88.6072
    endloop
  endfacet
  facet normal 0.180298 -0.906399 0.382013
    outer loop
      vertex 31.1606 0.668437 89.2114
      vertex 30.5853 0.554 89.2114
      vertex 31.2254 0.426679 88.6072
    endloop
  endfacet
  facet normal 0.0631832 -0.964002 0.25828
    outer loop
      vertex 30 0.265348 88.6072
      vertex 30 0.0960732 87.9754
      vertex 30.6401 0.138027 87.9754
    endloop
  endfacet
  facet normal 0 -0.923869 0.382708
    outer loop
      vertex 5 0.265348 88.6072
      vertex 30 0.515635 89.2114
      vertex 5 0.515635 89.2114
    endloop
  endfacet
  facet normal 0 -0.923869 0.382708
    outer loop
      vertex 30 0.515635 89.2114
      vertex 5 0.265348 88.6072
      vertex 30 0.265348 88.6072
    endloop
  endfacet
  facet normal -0.318699 -0.938864 -0.130253
    outer loop
      vertex 3.70868 0.180711 4.67298
      vertex 3.09068 0.390492 4.67298
      vertex 3.12335 0.469362 4.02455
    endloop
  endfacet
  facet normal -0.318681 -0.212922 0.923637
    outer loop
      vertex 3.60813 4.1964 91.7346
      vertex 3.08483 3.89428 91.4844
      vertex 3.72492 4.0216 91.7346
    endloop
  endfacet
  facet normal -0.117325 0.0578071 -0.99141
    outer loop
      vertex 4.69788 29.1251 0.010705
      vertex 4.0988 29.3733 0.0960732
      vertex 4.7168 29.1635 0.010705
    endloop
  endfacet
  facet normal -0.160978 -0.474225 -0.865562
    outer loop
      vertex 4.28104 2.3168 0.842651
      vertex 3.93696 2.4336 0.842651
      vertex 4.42764 2.86391 0.515635
    endloop
  endfacet
  facet normal -0.193429 -0.972429 0.130257
    outer loop
      vertex 3.73077 0.26317 87.9754
      vertex 3.70868 0.180711 87.327
      vertex 4.34877 0.0533886 87.327
    endloop
  endfacet
  facet normal -0.297064 -0.875122 -0.381987
    outer loop
      vertex 3.77458 0.426679 3.3928
      vertex 3.18813 0.625752 3.3928
      vertex 3.83936 0.668437 2.78856
    endloop
  endfacet
  facet normal 0 -0.991445 -0.130527
    outer loop
      vertex 5 0.0960732 4.02455
      vertex 30 0.010705 4.67298
      vertex 5 0.010705 4.67298
    endloop
  endfacet
  facet normal 0 -0.991445 -0.130527
    outer loop
      vertex 30 0.010705 4.67298
      vertex 5 0.0960732 4.02455
      vertex 30 0.0960732 4.02455
    endloop
  endfacet
  facet normal 0.29704 -0.875126 -0.381996
    outer loop
      vertex 31.8119 0.625752 3.3928
      vertex 31.1606 0.668437 2.78856
      vertex 31.7161 0.856988 2.78856
    endloop
  endfacet
  facet normal 0.0604451 -0.922188 -0.381989
    outer loop
      vertex 30.618 0.305855 3.3928
      vertex 30 0.265348 3.3928
      vertex 30.5853 0.554 2.78856
    endloop
  endfacet
  facet normal -0.820507 -0.278523 -0.499192
    outer loop
      vertex 1.15911 3.40905 2.22215
      vertex 0.856988 3.28391 2.78856
      vertex 0.984309 3.924 2.22215
    endloop
  endfacet
  facet normal -0.269607 -0.546721 -0.792722
    outer loop
      vertex 3.7384 1.95422 1.2408
      vertex 3.35163 2.14495 1.2408
      vertex 3.61107 2.59431 0.842651
    endloop
  endfacet
  facet normal -0.751848 -0.255218 -0.607938
    outer loop
      vertex 1.52695 3.56142 1.70327
      vertex 1.15911 3.40905 2.22215
      vertex 1.36889 4.02705 1.70327
    endloop
  endfacet
  facet normal -0.963997 -0.0631838 -0.258299
    outer loop
      vertex 0.138027 4.35991 4.02455
      vertex 0.0960732 5 4.02455
      vertex 0.265348 5 3.3928
    endloop
  endfacet
  facet normal -0.745432 -0.653733 -0.130246
    outer loop
      vertex 1.47204 1.47204 4.67298
      vertex 1.04173 1.96271 4.67298
      vertex 1.10945 2.01468 4.02455
    endloop
  endfacet
  facet normal -0.555576 -0.831466 0
    outer loop
      vertex 1.96271 1.04173 4.67298
      vertex 2.50535 0.679144 87.327
      vertex 1.96271 1.04173 87.327
    endloop
  endfacet
  facet normal -0.555576 -0.831466 -0
    outer loop
      vertex 2.50535 0.679144 87.327
      vertex 1.96271 1.04173 4.67298
      vertex 2.50535 0.679144 4.67298
    endloop
  endfacet
  facet normal -0.659349 -0.751837 0
    outer loop
      vertex 1.47204 1.47204 4.67298
      vertex 1.96271 1.04173 87.327
      vertex 1.47204 1.47204 87.327
    endloop
  endfacet
  facet normal -0.659349 -0.751837 -0
    outer loop
      vertex 1.96271 1.04173 87.327
      vertex 1.47204 1.47204 4.67298
      vertex 1.96271 1.04173 4.67298
    endloop
  endfacet
  facet normal -0.0255287 -0.128285 -0.991409
    outer loop
      vertex 4.95732 4.67578 0.010705
      vertex 4.74753 4.05779 0.0960732
      vertex 4.91536 4.68413 0.010705
    endloop
  endfacet
  facet normal 0.0577548 0.117343 -0.991411
    outer loop
      vertex 30.1635 29.2832 0.010705
      vertex 30.1251 29.3021 0.010705
      vertex 30.3733 29.9012 0.0960732
    endloop
  endfacet
  facet normal -0.363026 0.123265 -0.92359
    outer loop
      vertex 3.44757 29.416 0.265348
      vertex 2.86391 29.5724 0.515635
      vertex 3.51514 29.615 0.265348
    endloop
  endfacet
  facet normal -0.636973 -0.726322 -0.258306
    outer loop
      vertex 2.01468 1.10945 4.02455
      vertex 1.6521 1.6521 3.3928
      vertex 2.11773 1.24375 3.3928
    endloop
  endfacet
  facet normal 0.00861196 0.130512 -0.991409
    outer loop
      vertex 30.0427 29.3242 0.010705
      vertex 30 29.9755 0.0960732
      vertex 30.1273 29.9671 0.0960732
    endloop
  endfacet
  facet normal -0.0255241 -0.128287 -0.991409
    outer loop
      vertex 4.87268 4.03289 0.0960732
      vertex 4.74753 4.05779 0.0960732
      vertex 4.95732 4.67578 0.010705
    endloop
  endfacet
  facet normal -0.212997 -0.318773 -0.923589
    outer loop
      vertex 3.89428 3.08483 0.515635
      vertex 3.65376 3.24554 0.515635
      vertex 4.0216 3.72492 0.265348
    endloop
  endfacet
  facet normal -0.130527 0 -0.991445
    outer loop
      vertex 4.02455 5 0.0960732
      vertex 4.67298 29 0.010705
      vertex 4.67298 5 0.010705
    endloop
  endfacet
  facet normal -0.130527 0 -0.991445
    outer loop
      vertex 4.67298 29 0.010705
      vertex 4.02455 5 0.0960732
      vertex 4.02455 29 0.0960732
    endloop
  endfacet
  facet normal -0.546712 0.269598 -0.792731
    outer loop
      vertex 2.4336 30.063 0.842651
      vertex 1.95422 30.2616 1.2408
      vertex 2.59431 30.3889 0.842651
    endloop
  endfacet
  facet normal -0.82052 0.278506 -0.499181
    outer loop
      vertex 0.984309 30.076 2.22215
      vertex 0.668437 30.1606 2.78856
      vertex 0.856988 30.7161 2.78856
    endloop
  endfacet
  facet normal -0.875127 0.29704 -0.381996
    outer loop
      vertex 0.668437 30.1606 2.78856
      vertex 0.426679 30.2254 3.3928
      vertex 0.625752 30.8119 3.3928
    endloop
  endfacet
  facet normal 0.536746 -0.803218 -0.258349
    outer loop
      vertex 32.452 0.753075 4.02455
      vertex 32.3673 0.899672 3.3928
      vertex 32.9853 1.10945 4.02455
    endloop
  endfacet
  facet normal 0.427283 -0.866424 -0.258339
    outer loop
      vertex 32.452 0.753075 4.02455
      vertex 31.8767 0.469362 4.02455
      vertex 32.3673 0.899672 3.3928
    endloop
  endfacet
  facet normal 0.555534 -0.831494 0
    outer loop
      vertex 32.4946 0.679144 4.67298
      vertex 33.0373 1.04173 87.327
      vertex 32.4946 0.679144 87.327
    endloop
  endfacet
  facet normal 0.555534 -0.831494 0
    outer loop
      vertex 33.0373 1.04173 87.327
      vertex 32.4946 0.679144 4.67298
      vertex 33.0373 1.04173 4.67298
    endloop
  endfacet
  facet normal 0.438541 -0.889229 -0.130207
    outer loop
      vertex 31.9093 0.390492 4.67298
      vertex 31.8767 0.469362 4.02455
      vertex 32.4946 0.679144 4.67298
    endloop
  endfacet
  facet normal 0.232626 0.114709 0.965778
    outer loop
      vertex 31.3919 29.8036 91.7346
      vertex 30.8448 29.4877 91.9039
      vertex 31.4849 29.615 91.7346
    endloop
  endfacet
  facet normal 0.154888 -0.778739 -0.607928
    outer loop
      vertex 31.076 0.984309 2.22215
      vertex 30.5426 0.878218 2.22215
      vertex 30.973 1.36889 1.70327
    endloop
  endfacet
  facet normal 0.255243 -0.751853 -0.607921
    outer loop
      vertex 31.076 0.984309 2.22215
      vertex 30.973 1.36889 1.70327
      vertex 31.5909 1.15911 2.22215
    endloop
  endfacet
  facet normal 0.694281 -0.138056 -0.706339
    outer loop
      vertex 33.6311 4.02705 1.70327
      vertex 33.2685 4.56969 1.2408
      vertex 33.727 4.50933 1.70327
    endloop
  endfacet
  facet normal 0.93885 -0.318723 -0.130296
    outer loop
      vertex 34.6095 3.09068 4.67298
      vertex 34.5306 3.12335 4.02455
      vertex 34.8193 3.70868 4.67298
    endloop
  endfacet
  facet normal 0.720455 -0.481406 -0.499192
    outer loop
      vertex 33.8836 2.75782 2.78856
      vertex 33.5577 2.27009 2.78856
      vertex 33.6004 2.92133 2.22215
    endloop
  endfacet
  facet normal 0.636956 -0.726336 -0.258308
    outer loop
      vertex 33.4676 1.5324 4.02455
      vertex 32.9853 1.10945 4.02455
      vertex 33.3479 1.6521 3.3928
    endloop
  endfacet
  facet normal 0.72636 -0.636928 -0.258307
    outer loop
      vertex 33.4676 1.5324 4.02455
      vertex 33.3479 1.6521 3.3928
      vertex 33.8905 2.01468 4.02455
    endloop
  endfacet
  facet normal 0.706324 0.0463494 -0.70637
    outer loop
      vertex 33.7592 29 1.70327
      vertex 33.2967 29 1.2408
      vertex 33.727 29.4907 1.70327
    endloop
  endfacet
  facet normal 0.608772 0 0.793345
    outer loop
      vertex 32.7779 29 91.1573
      vertex 33.2967 5 90.7592
      vertex 33.2967 29 90.7592
    endloop
  endfacet
  facet normal 0.608772 0 0.793345
    outer loop
      vertex 33.2967 5 90.7592
      vertex 32.7779 29 91.1573
      vertex 32.7779 5 91.1573
    endloop
  endfacet
  facet normal 0.9148 0.310548 0.258265
    outer loop
      vertex 34.7368 30.2692 87.9754
      vertex 34.3742 30.8119 88.6072
      vertex 34.5733 30.2254 88.6072
    endloop
  endfacet
  facet normal 0.532206 0.466706 0.706358
    outer loop
      vertex 32.6582 31.6582 90.2967
      vertex 32.6155 31.0069 90.7592
      vertex 32.9824 31.2885 90.2967
    endloop
  endfacet
  facet normal 0.660102 0.441236 0.607927
    outer loop
      vertex 33.2982 31.5308 89.7778
      vertex 33.2556 30.8796 90.2967
      vertex 33.6004 31.0787 89.7778
    endloop
  endfacet
  facet normal 0.922224 -0.0605016 0.381894
    outer loop
      vertex 34.4844 5 89.2114
      vertex 34.446 4.41467 89.2114
      vertex 34.7346 5 88.6072
    endloop
  endfacet
  facet normal 0.820496 0.278545 0.499198
    outer loop
      vertex 34.143 30.7161 89.2114
      vertex 33.8409 30.5909 89.7778
      vertex 34.0157 30.076 89.7778
    endloop
  endfacet
  facet normal 0.77715 0.383183 0.499208
    outer loop
      vertex 33.8836 31.2422 89.2114
      vertex 33.8409 30.5909 89.7778
      vertex 34.143 30.7161 89.2114
    endloop
  endfacet
  facet normal 0.849835 0.168992 0.499222
    outer loop
      vertex 34.3316 30.1606 89.2114
      vertex 34.0157 30.076 89.7778
      vertex 34.446 29.5853 89.2114
    endloop
  endfacet
  facet normal 0.278564 0.820479 0.499216
    outer loop
      vertex 31.1606 33.3316 89.2114
      vertex 31.076 33.0157 89.7778
      vertex 31.7161 33.143 89.2114
    endloop
  endfacet
  facet normal 0.376576 0.330348 0.865483
    outer loop
      vertex 32.2038 30.691 91.1573
      vertex 31.5637 30.5637 91.4844
      vertex 31.7545 30.3462 91.4844
    endloop
  endfacet
  facet normal 0.458213 0.401961 0.79276
    outer loop
      vertex 32.3311 31.3311 90.7592
      vertex 31.9642 30.9642 91.1573
      vertex 32.6155 31.0069 90.7592
    endloop
  endfacet
  facet normal 0.792329 -0.0519962 0.607875
    outer loop
      vertex 33.7592 5 90.2967
      vertex 33.727 4.50933 90.2967
      vertex 34.1573 5 89.7778
    endloop
  endfacet
  facet normal 0.393248 0.588577 0.706352
    outer loop
      vertex 32.2885 31.9824 90.2967
      vertex 31.8796 32.2556 90.2967
      vertex 32.0069 31.6155 90.7592
    endloop
  endfacet
  facet normal 0.0398646 0.608288 0.792715
    outer loop
      vertex 30 32.2967 90.7592
      vertex 30 31.7779 91.1573
      vertex 30.4303 32.2685 90.7592
    endloop
  endfacet
  facet normal -0.12306 0.362946 0.923648
    outer loop
      vertex 4.42764 31.1361 91.4844
      vertex 4.38495 30.4849 91.7346
      vertex 4.58403 30.5524 91.7346
    endloop
  endfacet
  facet normal -0.0833626 -0.245609 0.965778
    outer loop
      vertex 4.62671 4.0988 91.9039
      vertex 4.38495 3.51514 91.7346
      vertex 4.58403 3.44757 91.7346
    endloop
  endfacet
  facet normal 0.577229 0.195944 -0.792725
    outer loop
      vertex 33.1844 29.8533 1.2408
      vertex 32.6832 29.719 0.842651
      vertex 33.0458 30.2616 1.2408
    endloop
  endfacet
  facet normal -0.828852 0.408785 -0.381966
    outer loop
      vertex 1.11643 31.2422 2.78856
      vertex 0.625752 30.8119 3.3928
      vertex 0.899672 31.3673 3.3928
    endloop
  endfacet
  facet normal 0.252767 0.28833 -0.923566
    outer loop
      vertex 31.1365 30.1365 0.265348
      vertex 30.9784 30.2751 0.265348
      vertex 31.5637 30.5637 0.515635
    endloop
  endfacet
  facet normal 0.889256 0.438475 -0.130248
    outer loop
      vertex 34.5306 30.8767 4.02455
      vertex 34.3209 31.4946 4.67298
      vertex 34.6095 30.9093 4.67298
    endloop
  endfacet
  facet normal 0.651446 0.571382 -0.49914
    outer loop
      vertex 33.5577 31.7299 2.78856
      vertex 32.9397 31.9397 2.22215
      vertex 33.1709 32.1709 2.78856
    endloop
  endfacet
  facet normal 0.269537 0.546707 -0.792756
    outer loop
      vertex 31.3889 31.4057 0.842651
      vertex 31.2616 32.0458 1.2408
      vertex 31.6484 31.8551 1.2408
    endloop
  endfacet
  facet normal 0.889255 0.438474 0.130254
    outer loop
      vertex 34.6095 30.9093 87.327
      vertex 34.3209 31.4946 87.327
      vertex 34.5306 30.8767 87.9754
    endloop
  endfacet
  facet normal 0.653664 0.745477 0.130333
    outer loop
      vertex 33.528 32.528 87.327
      vertex 32.9853 32.8905 87.9754
      vertex 33.4676 32.4676 87.9754
    endloop
  endfacet
  facet normal 0 0.991438 0.130581
    outer loop
      vertex 30 33.9893 87.327
      vertex 5 33.9039 87.9754
      vertex 30 33.9039 87.9754
    endloop
  endfacet
  facet normal 0 0.991438 0.130581
    outer loop
      vertex 5 33.9039 87.9754
      vertex 30 33.9893 87.327
      vertex 5 33.9893 87.327
    endloop
  endfacet
  facet normal 0.481497 0.720333 0.49928
    outer loop
      vertex 32.7299 32.5577 89.2114
      vertex 32.0787 32.6004 89.7778
      vertex 32.5308 32.2982 89.7778
    endloop
  endfacet
  facet normal 0.536775 0.803204 0.258333
    outer loop
      vertex 32.452 33.2469 87.9754
      vertex 32.3673 33.1003 88.6072
      vertex 32.9853 32.8905 87.9754
    endloop
  endfacet
  facet normal 0.0647627 0.989371 0.130197
    outer loop
      vertex 30.6512 33.9466 87.327
      vertex 30 33.9039 87.9754
      vertex 30.6401 33.862 87.9754
    endloop
  endfacet
  facet normal 0.318724 0.938854 -0.130262
    outer loop
      vertex 31.8767 33.5306 4.02455
      vertex 31.2913 33.8193 4.67298
      vertex 31.9093 33.6095 4.67298
    endloop
  endfacet
  facet normal 0.194883 0.171107 -0.965786
    outer loop
      vertex 30.7739 29.5938 0.0960732
      vertex 30.6897 29.6897 0.0960732
      vertex 31.2751 29.9784 0.265348
    endloop
  endfacet
  facet normal 0.0863308 0.0982701 -0.991408
    outer loop
      vertex 30.2312 29.2312 0.010705
      vertex 30.1991 29.2594 0.010705
      vertex 30.5938 29.7739 0.0960732
    endloop
  endfacet
  facet normal 0.481429 0.720445 -0.499185
    outer loop
      vertex 32.7299 32.5577 2.78856
      vertex 32.0787 32.6004 2.22215
      vertex 32.2422 32.8836 2.78856
    endloop
  endfacet
  facet normal 0.318724 0.938853 0.130268
    outer loop
      vertex 31.9093 33.6095 87.327
      vertex 31.2913 33.8193 87.327
      vertex 31.8767 33.5306 87.9754
    endloop
  endfacet
  facet normal -0.499731 0.0327499 -0.865561
    outer loop
      vertex 2.78856 29 0.515635
      vertex 2.22215 29 0.842651
      vertex 2.80748 29.2887 0.515635
    endloop
  endfacet
  facet normal -0.824409 0.5508 -0.130269
    outer loop
      vertex 1.10945 31.9853 4.02455
      vertex 0.679144 31.4946 4.67298
      vertex 1.04173 32.0373 4.67298
    endloop
  endfacet
  facet normal 0.221489 0.449181 -0.865551
    outer loop
      vertex 31.1057 30.9152 0.515635
      vertex 31.063 31.5664 0.842651
      vertex 31.3889 31.4057 0.842651
    endloop
  endfacet
  facet normal 0.0327115 0.499672 -0.865597
    outer loop
      vertex 30.2887 31.1925 0.515635
      vertex 30 31.2114 0.515635
      vertex 30 31.7779 0.842651
    endloop
  endfacet
  facet normal -0.660228 0.441104 0.607887
    outer loop
      vertex 2.01763 31.2885 90.2967
      vertex 1.70175 31.5308 89.7778
      vertex 1.74444 30.8796 90.2967
    endloop
  endfacet
  facet normal -0.438453 0.889258 0.1303
    outer loop
      vertex 3.09068 33.6095 87.327
      vertex 2.50535 33.3209 87.327
      vertex 3.12335 33.5306 87.9754
    endloop
  endfacet
  facet normal -0.458264 0.401907 0.792758
    outer loop
      vertex 2.66886 31.3311 90.7592
      vertex 2.38453 31.0069 90.7592
      vertex 3.03576 30.9642 91.1573
    endloop
  endfacet
  facet normal -0.653683 0.745468 0.130294
    outer loop
      vertex 2.01468 32.8905 87.9754
      vertex 1.47204 32.528 87.327
      vertex 1.5324 32.4676 87.9754
    endloop
  endfacet
  facet normal -0.383216 0.77714 0.499198
    outer loop
      vertex 3.40905 32.8409 89.7778
      vertex 2.75782 32.8836 89.2114
      vertex 2.92133 32.6004 89.7778
    endloop
  endfacet
  facet normal -0.608232 0.0398555 0.792758
    outer loop
      vertex 2.24591 29.3626 91.1573
      vertex 1.73147 29.4303 90.7592
      vertex 2.22215 29 91.1573
    endloop
  endfacet
  facet normal -0.653716 0.74543 0.130342
    outer loop
      vertex 1.96271 32.9583 87.327
      vertex 1.47204 32.528 87.327
      vertex 2.01468 32.8905 87.9754
    endloop
  endfacet
  facet normal -0.550852 0.824361 0.130349
    outer loop
      vertex 2.50535 33.3209 87.327
      vertex 2.01468 32.8905 87.9754
      vertex 2.54804 33.2469 87.9754
    endloop
  endfacet
  facet normal -0.866424 0.427283 -0.258339
    outer loop
      vertex 0.899672 31.3673 3.3928
      vertex 0.469362 30.8767 4.02455
      vertex 0.753075 31.452 4.02455
    endloop
  endfacet
  facet normal -0.889234 0.438532 0.130203
    outer loop
      vertex 0.679144 31.4946 87.327
      vertex 0.469362 30.8767 87.9754
      vertex 0.753075 31.452 87.9754
    endloop
  endfacet
  facet normal 0.278545 0.820496 0.499198
    outer loop
      vertex 31.7161 33.143 89.2114
      vertex 31.076 33.0157 89.7778
      vertex 31.5909 32.8409 89.7778
    endloop
  endfacet
  facet normal 0.0605047 0.922224 0.381894
    outer loop
      vertex 30 33.7346 88.6072
      vertex 30 33.4844 89.2114
      vertex 30.5853 33.446 89.2114
    endloop
  endfacet
  facet normal 0.13056 0.00861511 0.991403
    outer loop
      vertex 30.9671 29.1273 91.9039
      vertex 30.3242 29.0427 91.9893
      vertex 30.9755 29 91.9039
    endloop
  endfacet
  facet normal 0.258834 0.0170253 0.965772
    outer loop
      vertex 31.5934 29.2098 91.7346
      vertex 30.9755 29 91.9039
      vertex 31.6072 29 91.7346
    endloop
  endfacet
  facet normal -0.195004 -0.171018 0.965778
    outer loop
      vertex 4.22612 4.40618 91.9039
      vertex 3.72492 4.0216 91.7346
      vertex 4.31025 4.31025 91.9039
    endloop
  endfacet
  facet normal -0.130575 0 0.991438
    outer loop
      vertex 4.02455 29 91.9039
      vertex 4.67298 5 91.9893
      vertex 4.67298 29 91.9893
    endloop
  endfacet
  facet normal -0.130575 0 0.991438
    outer loop
      vertex 4.67298 5 91.9893
      vertex 4.02455 29 91.9039
      vertex 4.02455 5 91.9039
    endloop
  endfacet
  facet normal -0.123899 0.0420645 0.991403
    outer loop
      vertex 4.69788 29.1251 91.9893
      vertex 4.0988 29.3733 91.9039
      vertex 4.68413 29.0846 91.9893
    endloop
  endfacet
  facet normal -0.997859 -0.0654027 0
    outer loop
      vertex 0.0533886 4.34877 4.67298
      vertex 0.010705 5 87.327
      vertex 0.010705 5 4.67298
    endloop
  endfacet
  facet normal -0.997859 -0.0654027 0
    outer loop
      vertex 0.010705 5 87.327
      vertex 0.0533886 4.34877 4.67298
      vertex 0.0533886 4.34877 87.327
    endloop
  endfacet
  facet normal -0.550831 -0.824388 0.130263
    outer loop
      vertex 2.54804 0.753075 87.9754
      vertex 2.01468 1.10945 87.9754
      vertex 2.50535 0.679144 87.327
    endloop
  endfacet
  facet normal -0.923869 0 0.382708
    outer loop
      vertex 0.265348 5 88.6072
      vertex 0.515635 29 89.2114
      vertex 0.265348 29 88.6072
    endloop
  endfacet
  facet normal -0.923869 0 0.382708
    outer loop
      vertex 0.515635 29 89.2114
      vertex 0.265348 5 88.6072
      vertex 0.515635 5 89.2114
    endloop
  endfacet
  facet normal -0.965932 0 0.258797
    outer loop
      vertex 0.0960732 5 87.9754
      vertex 0.265348 29 88.6072
      vertex 0.0960732 29 87.9754
    endloop
  endfacet
  facet normal -0.965932 0 0.258797
    outer loop
      vertex 0.265348 29 88.6072
      vertex 0.0960732 5 87.9754
      vertex 0.265348 5 88.6072
    endloop
  endfacet
  facet normal -0.896873 -0.442288 0
    outer loop
      vertex 0.679144 2.50535 4.67298
      vertex 0.390492 3.09068 87.327
      vertex 0.390492 3.09068 4.67298
    endloop
  endfacet
  facet normal -0.896873 -0.442288 0
    outer loop
      vertex 0.390492 3.09068 87.327
      vertex 0.679144 2.50535 4.67298
      vertex 0.679144 2.50535 87.327
    endloop
  endfacet
  facet normal -0.972429 -0.193429 0.130257
    outer loop
      vertex 0.26317 3.73077 87.9754
      vertex 0.0533886 4.34877 87.327
      vertex 0.180711 3.70868 87.327
    endloop
  endfacet
  facet normal -0.831466 -0.555576 0
    outer loop
      vertex 1.04173 1.96271 4.67298
      vertex 0.679144 2.50535 87.327
      vertex 0.679144 2.50535 4.67298
    endloop
  endfacet
  facet normal -0.831466 -0.555576 0
    outer loop
      vertex 0.679144 2.50535 87.327
      vertex 1.04173 1.96271 4.67298
      vertex 1.04173 1.96271 87.327
    endloop
  endfacet
  facet normal -0.824383 -0.550843 0.130251
    outer loop
      vertex 1.10945 2.01468 87.9754
      vertex 0.679144 2.50535 87.327
      vertex 1.04173 1.96271 87.327
    endloop
  endfacet
  facet normal -0.577182 -0.195937 0.792761
    outer loop
      vertex 2.3168 4.28104 91.1573
      vertex 1.8156 4.14674 90.7592
      vertex 1.95422 3.7384 90.7592
    endloop
  endfacet
  facet normal -0.60823 -0.0398575 0.792759
    outer loop
      vertex 2.22215 5 91.1573
      vertex 1.73147 4.56969 90.7592
      vertex 2.24591 4.63742 91.1573
    endloop
  endfacet
  facet normal -0.706373 0.0462926 0.706325
    outer loop
      vertex 1.73147 29.4303 90.7592
      vertex 1.27296 29.4907 90.2967
      vertex 1.70327 29 90.7592
    endloop
  endfacet
  facet normal -0.297061 -0.875114 0.382008
    outer loop
      vertex 3.83936 0.668437 89.2114
      vertex 3.18813 0.625752 88.6072
      vertex 3.77458 0.426679 88.6072
    endloop
  endfacet
  facet normal -0.138102 -0.694287 0.706323
    outer loop
      vertex 4.14674 1.8156 90.7592
      vertex 4.02705 1.36889 90.2967
      vertex 4.56969 1.73147 90.7592
    endloop
  endfacet
  facet normal -0.0566715 -0.86463 0.499202
    outer loop
      vertex 4.45736 0.878218 89.7778
      vertex 4.41467 0.554 89.2114
      vertex 5 0.515635 89.2114
    endloop
  endfacet
  facet normal -0.0250685 -0.382453 0.923635
    outer loop
      vertex 5 3.3928 91.7346
      vertex 4.71135 2.80748 91.4844
      vertex 5 2.78856 91.4844
    endloop
  endfacet
  facet normal -0.513444 -0.768409 0.381999
    outer loop
      vertex 2.27009 1.44231 89.2114
      vertex 2.11773 1.24375 88.6072
      vertex 2.63267 0.899672 88.6072
    endloop
  endfacet
  facet normal 0 -0.382573 0.923925
    outer loop
      vertex 5 3.3928 91.7346
      vertex 30 2.78856 91.4844
      vertex 30 3.3928 91.7346
    endloop
  endfacet
  facet normal 0 -0.382573 0.923925
    outer loop
      vertex 30 2.78856 91.4844
      vertex 5 3.3928 91.7346
      vertex 5 2.78856 91.4844
    endloop
  endfacet
  facet normal -0.0726942 -0.108797 0.991402
    outer loop
      vertex 4.80093 4.74056 91.9893
      vertex 4.51227 4.15523 91.9039
      vertex 4.83649 4.7168 91.9893
    endloop
  endfacet
  facet normal -0.427276 -0.866439 -0.2583
    outer loop
      vertex 3.12335 0.469362 4.02455
      vertex 2.63267 0.899672 3.3928
      vertex 3.18813 0.625752 3.3928
    endloop
  endfacet
  facet normal 0.0648451 -0.989359 -0.130249
    outer loop
      vertex 30.6512 0.0533886 4.67298
      vertex 30 0.0960732 4.02455
      vertex 30.6401 0.138027 4.02455
    endloop
  endfacet
  facet normal 0.313072 -0.634909 0.706312
    outer loop
      vertex 31.6484 2.14495 90.7592
      vertex 31.2616 1.95422 90.7592
      vertex 31.8796 1.74444 90.2967
    endloop
  endfacet
  facet normal 0.401907 -0.458264 0.792758
    outer loop
      vertex 32.3311 2.66886 90.7592
      vertex 31.9642 3.03576 91.1573
      vertex 32.0069 2.38453 90.7592
    endloop
  endfacet
  facet normal 0 -0.70713 0.707084
    outer loop
      vertex 5 1.2408 90.2967
      vertex 30 1.70327 90.7592
      vertex 5 1.70327 90.7592
    endloop
  endfacet
  facet normal 0 -0.70713 0.707084
    outer loop
      vertex 30 1.70327 90.7592
      vertex 5 1.2408 90.2967
      vertex 30 1.2408 90.2967
    endloop
  endfacet
  facet normal -0.169044 -0.849837 0.499201
    outer loop
      vertex 3.924 0.984309 89.7778
      vertex 3.83936 0.668437 89.2114
      vertex 4.41467 0.554 89.2114
    endloop
  endfacet
  facet normal 0.0398607 -0.608229 0.79276
    outer loop
      vertex 30 2.22215 91.1573
      vertex 30 1.70327 90.7592
      vertex 30.4303 1.73147 90.7592
    endloop
  endfacet
  facet normal 0.118901 -0.597824 0.79276
    outer loop
      vertex 30.719 2.3168 91.1573
      vertex 30.4303 1.73147 90.7592
      vertex 30.8533 1.8156 90.7592
    endloop
  endfacet
  facet normal 0.255247 -0.751863 0.607907
    outer loop
      vertex 31.5909 1.15911 89.7778
      vertex 30.973 1.36889 90.2967
      vertex 31.076 0.984309 89.7778
    endloop
  endfacet
  facet normal 0.278542 -0.820483 0.499222
    outer loop
      vertex 31.5909 1.15911 89.7778
      vertex 31.076 0.984309 89.7778
      vertex 31.7161 0.856988 89.2114
    endloop
  endfacet
  facet normal 0.0631857 -0.964001 0.258282
    outer loop
      vertex 30.618 0.305855 88.6072
      vertex 30 0.265348 88.6072
      vertex 30.6401 0.138027 87.9754
    endloop
  endfacet
  facet normal 0.653708 -0.745449 -0.130276
    outer loop
      vertex 33.0373 1.04173 4.67298
      vertex 32.9853 1.10945 4.02455
      vertex 33.528 1.47204 4.67298
    endloop
  endfacet
  facet normal -0.18847 -0.947507 0.25828
    outer loop
      vertex 4.382 0.305855 88.6072
      vertex 3.73077 0.26317 87.9754
      vertex 4.35991 0.138027 87.9754
    endloop
  endfacet
  facet normal -0.609353 -0.694808 0.38201
    outer loop
      vertex 1.82908 1.82908 89.2114
      vertex 1.6521 1.6521 88.6072
      vertex 2.27009 1.44231 89.2114
    endloop
  endfacet
  facet normal 0.0566761 -0.864634 -0.499195
    outer loop
      vertex 30.5426 0.878218 2.22215
      vertex 30 0.515635 2.78856
      vertex 30 0.842651 2.22215
    endloop
  endfacet
  facet normal -0.118926 -0.597868 -0.792723
    outer loop
      vertex 4.56969 1.73147 1.2408
      vertex 4.28104 2.3168 0.842651
      vertex 4.63742 2.24591 0.842651
    endloop
  endfacet
  facet normal -0.481386 -0.720468 -0.499193
    outer loop
      vertex 2.75782 1.11643 2.78856
      vertex 2.27009 1.44231 2.78856
      vertex 2.92133 1.39963 2.22215
    endloop
  endfacet
  facet normal 0 -0.793355 -0.60876
    outer loop
      vertex 5 1.2408 1.70327
      vertex 30 0.842651 2.22215
      vertex 5 0.842651 2.22215
    endloop
  endfacet
  facet normal 0 -0.793355 -0.60876
    outer loop
      vertex 30 0.842651 2.22215
      vertex 5 1.2408 1.70327
      vertex 30 1.2408 1.70327
    endloop
  endfacet
  facet normal -0.12322 -0.36304 -0.92359
    outer loop
      vertex 4.42764 2.86391 0.515635
      vertex 4.38495 3.51514 0.265348
      vertex 4.58403 3.44757 0.265348
    endloop
  endfacet
  facet normal -0.0398629 -0.608276 -0.792724
    outer loop
      vertex 5 1.70327 1.2408
      vertex 4.56969 1.73147 1.2408
      vertex 5 2.22215 0.842651
    endloop
  endfacet
  facet normal -0.43852 -0.889233 -0.130253
    outer loop
      vertex 3.09068 0.390492 4.67298
      vertex 2.50535 0.679144 4.67298
      vertex 3.12335 0.469362 4.02455
    endloop
  endfacet
  facet normal -0.550832 -0.824389 -0.130258
    outer loop
      vertex 2.50535 0.679144 4.67298
      vertex 2.01468 1.10945 4.02455
      vertex 2.54804 0.753075 4.02455
    endloop
  endfacet
  facet normal -0.0648455 -0.989358 -0.130253
    outer loop
      vertex 5 0.010705 4.67298
      vertex 4.34877 0.0533886 4.67298
      vertex 5 0.0960732 4.02455
    endloop
  endfacet
  facet normal 0.29704 -0.875127 -0.381996
    outer loop
      vertex 31.2254 0.426679 3.3928
      vertex 31.1606 0.668437 2.78856
      vertex 31.8119 0.625752 3.3928
    endloop
  endfacet
  facet normal 0.310508 -0.914805 -0.258297
    outer loop
      vertex 31.2692 0.26317 4.02455
      vertex 31.2254 0.426679 3.3928
      vertex 31.8119 0.625752 3.3928
    endloop
  endfacet
  facet normal 0.180302 -0.906406 -0.381994
    outer loop
      vertex 30.618 0.305855 3.3928
      vertex 30.5853 0.554 2.78856
      vertex 31.2254 0.426679 3.3928
    endloop
  endfacet
  facet normal 0.154892 -0.77874 -0.607925
    outer loop
      vertex 30.5426 0.878218 2.22215
      vertex 30.4907 1.27296 1.70327
      vertex 30.973 1.36889 1.70327
    endloop
  endfacet
  facet normal 0.889228 -0.438501 -0.130349
    outer loop
      vertex 34.3209 2.50535 4.67298
      vertex 34.2469 2.54804 4.02455
      vertex 34.5306 3.12335 4.02455
    endloop
  endfacet
  facet normal 0.269582 -0.546712 -0.792736
    outer loop
      vertex 31.6484 2.14495 1.2408
      vertex 31.2616 1.95422 1.2408
      vertex 31.3889 2.59431 0.842651
    endloop
  endfacet
  facet normal 0 -0.60876 -0.793355
    outer loop
      vertex 5 1.70327 1.2408
      vertex 30 2.22215 0.842651
      vertex 30 1.70327 1.2408
    endloop
  endfacet
  facet normal -0 -0.60876 -0.793355
    outer loop
      vertex 30 2.22215 0.842651
      vertex 5 1.70327 1.2408
      vertex 5 2.22215 0.842651
    endloop
  endfacet
  facet normal -0.180297 -0.90641 -0.381986
    outer loop
      vertex 4.382 0.305855 3.3928
      vertex 3.77458 0.426679 3.3928
      vertex 4.41467 0.554 2.78856
    endloop
  endfacet
  facet normal -0.989359 0.0648451 -0.130249
    outer loop
      vertex 0.0960732 29 4.02455
      vertex 0.0533886 29.6512 4.67298
      vertex 0.138027 29.6401 4.02455
    endloop
  endfacet
  facet normal -0.946931 -0.321437 0
    outer loop
      vertex 0.390492 3.09068 4.67298
      vertex 0.180711 3.70868 87.327
      vertex 0.180711 3.70868 4.67298
    endloop
  endfacet
  facet normal -0.946931 -0.321437 0
    outer loop
      vertex 0.180711 3.70868 87.327
      vertex 0.390492 3.09068 4.67298
      vertex 0.390492 3.09068 87.327
    endloop
  endfacet
  facet normal -0.636971 -0.726323 -0.258308
    outer loop
      vertex 2.01468 1.10945 4.02455
      vertex 1.5324 1.5324 4.02455
      vertex 1.6521 1.6521 3.3928
    endloop
  endfacet
  facet normal -0.792284 -0.0519287 -0.607939
    outer loop
      vertex 1.27296 4.50933 1.70327
      vertex 0.842651 5 2.22215
      vertex 1.2408 5 1.70327
    endloop
  endfacet
  facet normal -0.824389 -0.550832 -0.130258
    outer loop
      vertex 1.10945 2.01468 4.02455
      vertex 0.679144 2.50535 4.67298
      vertex 0.753075 2.54804 4.02455
    endloop
  endfacet
  facet normal -0.751848 -0.255217 -0.607938
    outer loop
      vertex 1.15911 3.40905 2.22215
      vertex 0.984309 3.924 2.22215
      vertex 1.36889 4.02705 1.70327
    endloop
  endfacet
  facet normal -0.824383 -0.550844 -0.130245
    outer loop
      vertex 1.04173 1.96271 4.67298
      vertex 0.679144 2.50535 4.67298
      vertex 1.10945 2.01468 4.02455
    endloop
  endfacet
  facet normal -0.768417 -0.513449 -0.381977
    outer loop
      vertex 1.24375 2.11773 3.3928
      vertex 0.899672 2.63267 3.3928
      vertex 1.44231 2.27009 2.78856
    endloop
  endfacet
  facet normal -0.550843 -0.824383 0.130251
    outer loop
      vertex 2.01468 1.10945 87.9754
      vertex 1.96271 1.04173 87.327
      vertex 2.50535 0.679144 87.327
    endloop
  endfacet
  facet normal -0.938862 -0.318702 0.130256
    outer loop
      vertex 0.26317 3.73077 87.9754
      vertex 0.180711 3.70868 87.327
      vertex 0.469362 3.12335 87.9754
    endloop
  endfacet
  facet normal 0.707084 0 -0.70713
    outer loop
      vertex 33.7592 5 1.70327
      vertex 33.2967 29 1.2408
      vertex 33.7592 29 1.70327
    endloop
  endfacet
  facet normal 0.707084 0 -0.70713
    outer loop
      vertex 33.2967 29 1.2408
      vertex 33.7592 5 1.70327
      vertex 33.2967 5 1.2408
    endloop
  endfacet
  facet normal 0.608819 0 -0.793309
    outer loop
      vertex 32.7779 5 0.842651
      vertex 33.2967 29 1.2408
      vertex 33.2967 5 1.2408
    endloop
  endfacet
  facet normal 0.608819 0 -0.793309
    outer loop
      vertex 33.2967 29 1.2408
      vertex 32.7779 5 0.842651
      vertex 32.7779 29 0.842651
    endloop
  endfacet
  facet normal 0.376515 -0.330221 -0.865558
    outer loop
      vertex 31.9642 3.03576 0.842651
      vertex 31.5637 3.43627 0.515635
      vertex 32.2038 3.30895 0.842651
    endloop
  endfacet
  facet normal 0.130514 0 -0.991447
    outer loop
      vertex 30.327 5 0.010705
      vertex 30.9755 29 0.0960732
      vertex 30.9755 5 0.0960732
    endloop
  endfacet
  facet normal 0.130514 0 -0.991447
    outer loop
      vertex 30.9755 29 0.0960732
      vertex 30.327 5 0.010705
      vertex 30.327 29 0.010705
    endloop
  endfacet
  facet normal 0.0578371 0.117315 -0.991409
    outer loop
      vertex 30.4877 29.8448 0.0960732
      vertex 30.1635 29.2832 0.010705
      vertex 30.3733 29.9012 0.0960732
    endloop
  endfacet
  facet normal -0.212983 0.318772 -0.923592
    outer loop
      vertex 4.0216 30.2751 0.265348
      vertex 3.65376 30.7545 0.515635
      vertex 3.89428 30.9152 0.515635
    endloop
  endfacet
  facet normal -0.382567 0.0250716 -0.923588
    outer loop
      vertex 3.3928 29 0.265348
      vertex 2.78856 29 0.515635
      vertex 2.80748 29.2887 0.515635
    endloop
  endfacet
  facet normal -0.864634 0.0566761 -0.499195
    outer loop
      vertex 0.842651 29 2.22215
      vertex 0.515635 29 2.78856
      vertex 0.878218 29.5426 2.22215
    endloop
  endfacet
  facet normal -0.991445 0 -0.130527
    outer loop
      vertex 0.0960732 5 4.02455
      vertex 0.010705 29 4.67298
      vertex 0.0960732 29 4.02455
    endloop
  endfacet
  facet normal -0.991445 -0 -0.130527
    outer loop
      vertex 0.010705 29 4.67298
      vertex 0.0960732 5 4.02455
      vertex 0.010705 5 4.67298
    endloop
  endfacet
  facet normal -0.608277 -0.0398606 -0.792723
    outer loop
      vertex 2.24591 4.63742 0.842651
      vertex 1.73147 4.56969 1.2408
      vertex 2.22215 5 0.842651
    endloop
  endfacet
  facet normal -0.831494 0.555534 0
    outer loop
      vertex 0.679144 31.4946 4.67298
      vertex 1.04173 32.0373 87.327
      vertex 1.04173 32.0373 4.67298
    endloop
  endfacet
  facet normal -0.831494 0.555534 0
    outer loop
      vertex 1.04173 32.0373 87.327
      vertex 0.679144 31.4946 4.67298
      vertex 0.679144 31.4946 87.327
    endloop
  endfacet
  facet normal -0.864633 0.0566746 -0.499196
    outer loop
      vertex 0.878218 29.5426 2.22215
      vertex 0.515635 29 2.78856
      vertex 0.554 29.5853 2.78856
    endloop
  endfacet
  facet normal -1 0 0
    outer loop
      vertex 0.010705 5 4.67298
      vertex 0.010705 29 87.327
      vertex 0.010705 29 4.67298
    endloop
  endfacet
  facet normal -1 -0 0
    outer loop
      vertex 0.010705 29 87.327
      vertex 0.010705 5 4.67298
      vertex 0.010705 5 87.327
    endloop
  endfacet
  facet normal -0.694795 0.609356 0.382027
    outer loop
      vertex 1.6521 32.3479 88.6072
      vertex 1.44231 31.7299 89.2114
      vertex 1.82908 32.1709 89.2114
    endloop
  endfacet
  facet normal 0.609365 -0.694797 -0.382011
    outer loop
      vertex 32.8823 1.24375 3.3928
      vertex 32.7299 1.44231 2.78856
      vertex 33.3479 1.6521 3.3928
    endloop
  endfacet
  facet normal 0.383229 -0.777118 -0.499223
    outer loop
      vertex 31.7161 0.856988 2.78856
      vertex 31.5909 1.15911 2.22215
      vertex 32.2422 1.11643 2.78856
    endloop
  endfacet
  facet normal 0.751851 0.255241 0.607924
    outer loop
      vertex 33.8409 30.5909 89.7778
      vertex 33.6311 29.973 90.2967
      vertex 34.0157 30.076 89.7778
    endloop
  endfacet
  facet normal 0.408781 -0.828844 0.381988
    outer loop
      vertex 32.2422 1.11643 89.2114
      vertex 31.8119 0.625752 88.6072
      vertex 32.3673 0.899672 88.6072
    endloop
  endfacet
  facet normal 0.745468 -0.653684 -0.130288
    outer loop
      vertex 33.528 1.47204 4.67298
      vertex 33.4676 1.5324 4.02455
      vertex 33.8905 2.01468 4.02455
    endloop
  endfacet
  facet normal 0.536688 -0.80329 0.258247
    outer loop
      vertex 32.8823 1.24375 88.6072
      vertex 32.3673 0.899672 88.6072
      vertex 32.9853 1.10945 87.9754
    endloop
  endfacet
  facet normal 0.74543 -0.653716 0.130342
    outer loop
      vertex 33.8905 2.01468 87.9754
      vertex 33.528 1.47204 87.327
      vertex 33.9583 1.96271 87.327
    endloop
  endfacet
  facet normal 0.523515 -0.59697 -0.607914
    outer loop
      vertex 32.9397 2.06031 2.22215
      vertex 32.2885 2.01763 1.70327
      vertex 32.6582 2.34184 1.70327
    endloop
  endfacet
  facet normal 0.0327499 -0.499731 -0.865561
    outer loop
      vertex 30.2887 2.80748 0.515635
      vertex 30 2.22215 0.842651
      vertex 30 2.78856 0.515635
    endloop
  endfacet
  facet normal 0.947512 -0.188435 -0.258288
    outer loop
      vertex 34.7368 3.73077 4.02455
      vertex 34.5733 3.77458 3.3928
      vertex 34.6941 4.382 3.3928
    endloop
  endfacet
  facet normal 0.90644 -0.180267 -0.38193
    outer loop
      vertex 34.5733 3.77458 3.3928
      vertex 34.446 4.41467 2.78856
      vertex 34.6941 4.382 3.3928
    endloop
  endfacet
  facet normal 0.80324 -0.536738 -0.258297
    outer loop
      vertex 34.2469 2.54804 4.02455
      vertex 33.8905 2.01468 4.02455
      vertex 34.1003 2.63267 3.3928
    endloop
  endfacet
  facet normal 0.597877 -0.118883 -0.792723
    outer loop
      vertex 33.1844 4.14674 1.2408
      vertex 32.6832 4.28104 0.842651
      vertex 33.2685 4.56969 1.2408
    endloop
  endfacet
  facet normal 0.745431 -0.653716 -0.130336
    outer loop
      vertex 33.9583 1.96271 4.67298
      vertex 33.528 1.47204 4.67298
      vertex 33.8905 2.01468 4.02455
    endloop
  endfacet
  facet normal 0.991438 0 -0.130575
    outer loop
      vertex 34.9893 5 4.67298
      vertex 34.9039 29 4.02455
      vertex 34.9893 29 4.67298
    endloop
  endfacet
  facet normal 0.991438 0 -0.130575
    outer loop
      vertex 34.9039 29 4.02455
      vertex 34.9893 5 4.67298
      vertex 34.9039 5 4.02455
    endloop
  endfacet
  facet normal 0.98935 0.0648729 -0.1303
    outer loop
      vertex 34.9893 29 4.67298
      vertex 34.9039 29 4.02455
      vertex 34.9466 29.6512 4.67298
    endloop
  endfacet
  facet normal 0.768442 0.513438 -0.38194
    outer loop
      vertex 34.1003 31.3673 3.3928
      vertex 33.5577 31.7299 2.78856
      vertex 33.7562 31.8823 3.3928
    endloop
  endfacet
  facet normal 0.694276 0.138049 -0.706345
    outer loop
      vertex 33.727 29.4907 1.70327
      vertex 33.2685 29.4303 1.2408
      vertex 33.6311 29.973 1.70327
    endloop
  endfacet
  facet normal 0.532078 0.466758 0.70642
    outer loop
      vertex 32.6582 31.6582 90.2967
      vertex 32.3311 31.3311 90.7592
      vertex 32.6155 31.0069 90.7592
    endloop
  endfacet
  facet normal 0.712144 0.351108 0.607926
    outer loop
      vertex 33.6004 31.0787 89.7778
      vertex 33.2556 30.8796 90.2967
      vertex 33.8409 30.5909 89.7778
    endloop
  endfacet
  facet normal 0.849846 0.169045 0.499185
    outer loop
      vertex 34.446 29.5853 89.2114
      vertex 34.0157 30.076 89.7778
      vertex 34.1218 29.5426 89.7778
    endloop
  endfacet
  facet normal 0.634805 0.313135 0.706378
    outer loop
      vertex 33.2556 30.8796 90.2967
      vertex 32.855 30.6484 90.7592
      vertex 33.0458 30.2616 90.7592
    endloop
  endfacet
  facet normal 0.866431 0.427288 0.258307
    outer loop
      vertex 34.5306 30.8767 87.9754
      vertex 34.1003 31.3673 88.6072
      vertex 34.3742 30.8119 88.6072
    endloop
  endfacet
  facet normal 0.597084 0.523489 0.607825
    outer loop
      vertex 33.2982 31.5308 89.7778
      vertex 32.9397 31.9397 89.7778
      vertex 32.9824 31.2885 90.2967
    endloop
  endfacet
  facet normal 0.889227 -0.438501 0.130355
    outer loop
      vertex 34.5306 3.12335 87.9754
      vertex 34.2469 2.54804 87.9754
      vertex 34.3209 2.50535 87.327
    endloop
  endfacet
  facet normal 0.989349 -0.0648699 0.130306
    outer loop
      vertex 34.9893 5 87.327
      vertex 34.9039 5 87.9754
      vertex 34.9466 4.34877 87.327
    endloop
  endfacet
  facet normal 0.922224 0.0605047 0.381894
    outer loop
      vertex 34.7346 29 88.6072
      vertex 34.446 29.5853 89.2114
      vertex 34.4844 29 89.2114
    endloop
  endfacet
  facet normal 0.963997 0.0631018 0.258317
    outer loop
      vertex 34.862 29.6401 87.9754
      vertex 34.7346 29 88.6072
      vertex 34.9039 29 87.9754
    endloop
  endfacet
  facet normal 0.383193 -0.777155 0.499192
    outer loop
      vertex 32.0787 1.39963 89.7778
      vertex 31.5909 1.15911 89.7778
      vertex 32.2422 1.11643 89.2114
    endloop
  endfacet
  facet normal 0.375893 0.074728 0.923645
    outer loop
      vertex 32.1361 29.5724 91.4844
      vertex 31.5524 29.416 91.7346
      vertex 32.1925 29.2887 91.4844
    endloop
  endfacet
  facet normal 0.824341 0.5509 0.130274
    outer loop
      vertex 34.3209 31.4946 87.327
      vertex 33.8905 31.9853 87.9754
      vertex 34.2469 31.452 87.9754
    endloop
  endfacet
  facet normal -0.297107 0.87513 0.381936
    outer loop
      vertex 3.77458 33.5733 88.6072
      vertex 3.18813 33.3742 88.6072
      vertex 3.83936 33.3316 89.2114
    endloop
  endfacet
  facet normal 0.138041 0.694308 0.706315
    outer loop
      vertex 30.973 32.6311 90.2967
      vertex 30.4303 32.2685 90.7592
      vertex 30.8533 32.1844 90.7592
    endloop
  endfacet
  facet normal 0.313017 0.634961 0.70629
    outer loop
      vertex 31.4386 32.473 90.2967
      vertex 31.2616 32.0458 90.7592
      vertex 31.8796 32.2556 90.2967
    endloop
  endfacet
  facet normal 0.130561 0 0.99144
    outer loop
      vertex 30.327 29 91.9893
      vertex 30.9755 5 91.9039
      vertex 30.9755 29 91.9039
    endloop
  endfacet
  facet normal 0.130561 0 0.99144
    outer loop
      vertex 30.9755 5 91.9039
      vertex 30.327 29 91.9893
      vertex 30.327 5 91.9893
    endloop
  endfacet
  facet normal 0.0170253 0.258834 0.965772
    outer loop
      vertex 30 30.6072 91.7346
      vertex 30 29.9755 91.9039
      vertex 30.2098 30.5934 91.7346
    endloop
  endfacet
  facet normal 0.117386 0.0577759 0.991404
    outer loop
      vertex 30.9012 29.3733 91.9039
      vertex 30.2832 29.1635 91.9893
      vertex 30.3021 29.1251 91.9893
    endloop
  endfacet
  facet normal 0.706383 -0.0462922 0.706315
    outer loop
      vertex 33.2967 5 90.7592
      vertex 33.2685 4.56969 90.7592
      vertex 33.727 4.50933 90.2967
    endloop
  endfacet
  facet normal 0.318679 0.212938 0.923635
    outer loop
      vertex 31.7545 30.3462 91.4844
      vertex 31.2751 29.9784 91.7346
      vertex 31.9152 30.1057 91.4844
    endloop
  endfacet
  facet normal 0.330281 0.376597 0.865499
    outer loop
      vertex 31.691 31.2038 91.1573
      vertex 31.5637 30.5637 91.4844
      vertex 31.9642 30.9642 91.1573
    endloop
  endfacet
  facet normal 0.39336 0.588563 0.706301
    outer loop
      vertex 31.8796 32.2556 90.2967
      vertex 31.6484 31.8551 90.7592
      vertex 32.0069 31.6155 90.7592
    endloop
  endfacet
  facet normal -0.866417 0.427312 -0.258312
    outer loop
      vertex 0.625752 30.8119 3.3928
      vertex 0.469362 30.8767 4.02455
      vertex 0.899672 31.3673 3.3928
    endloop
  endfacet
  facet normal 0.0519923 0.792318 -0.607889
    outer loop
      vertex 30.4907 32.727 1.70327
      vertex 30 32.7592 1.70327
      vertex 30 33.1573 2.22215
    endloop
  endfacet
  facet normal 0.659318 0.751864 -0
    outer loop
      vertex 33.528 32.528 4.67298
      vertex 33.0373 32.9583 87.327
      vertex 33.528 32.528 87.327
    endloop
  endfacet
  facet normal 0.659318 0.751864 0
    outer loop
      vertex 33.0373 32.9583 87.327
      vertex 33.528 32.528 4.67298
      vertex 33.0373 32.9583 4.67298
    endloop
  endfacet
  facet normal 0.980792 0.195055 0
    outer loop
      vertex 34.9466 29.6512 87.327
      vertex 34.8193 30.2913 4.67298
      vertex 34.8193 30.2913 87.327
    endloop
  endfacet
  facet normal 0.980792 0.195055 0
    outer loop
      vertex 34.8193 30.2913 4.67298
      vertex 34.9466 29.6512 87.327
      vertex 34.9466 29.6512 4.67298
    endloop
  endfacet
  facet normal 0.972429 0.193392 -0.130314
    outer loop
      vertex 34.9466 29.6512 4.67298
      vertex 34.7368 30.2692 4.02455
      vertex 34.8193 30.2913 4.67298
    endloop
  endfacet
  facet normal 0.866435 0.427269 0.258324
    outer loop
      vertex 34.2469 31.452 87.9754
      vertex 34.1003 31.3673 88.6072
      vertex 34.5306 30.8767 87.9754
    endloop
  endfacet
  facet normal 0.889231 0.43851 0.130296
    outer loop
      vertex 34.3209 31.4946 87.327
      vertex 34.2469 31.452 87.9754
      vertex 34.5306 30.8767 87.9754
    endloop
  endfacet
  facet normal 0.310548 0.9148 0.258265
    outer loop
      vertex 31.2692 33.7368 87.9754
      vertex 31.2254 33.5733 88.6072
      vertex 31.8119 33.3742 88.6072
    endloop
  endfacet
  facet normal -0.321463 0.946922 0
    outer loop
      vertex 3.70868 33.8193 4.67298
      vertex 3.09068 33.6095 87.327
      vertex 3.70868 33.8193 87.327
    endloop
  endfacet
  facet normal -0.321463 0.946922 0
    outer loop
      vertex 3.09068 33.6095 87.327
      vertex 3.70868 33.8193 4.67298
      vertex 3.09068 33.6095 4.67298
    endloop
  endfacet
  facet normal -0.438501 0.889227 0.130355
    outer loop
      vertex 3.12335 33.5306 87.9754
      vertex 2.50535 33.3209 87.327
      vertex 2.54804 33.2469 87.9754
    endloop
  endfacet
  facet normal 0.745447 0.653691 0.130372
    outer loop
      vertex 33.9583 32.0373 87.327
      vertex 33.528 32.528 87.327
      vertex 33.8905 31.9853 87.9754
    endloop
  endfacet
  facet normal 0.653691 0.745447 0.130372
    outer loop
      vertex 33.0373 32.9583 87.327
      vertex 32.9853 32.8905 87.9754
      vertex 33.528 32.528 87.327
    endloop
  endfacet
  facet normal 0.438475 0.889256 -0.130248
    outer loop
      vertex 32.4946 33.3209 4.67298
      vertex 31.8767 33.5306 4.02455
      vertex 31.9093 33.6095 4.67298
    endloop
  endfacet
  facet normal 0.653665 0.745478 -0.130327
    outer loop
      vertex 33.4676 32.4676 4.02455
      vertex 32.9853 32.8905 4.02455
      vertex 33.528 32.528 4.67298
    endloop
  endfacet
  facet normal 0.310547 0.914795 -0.258284
    outer loop
      vertex 31.8119 33.3742 3.3928
      vertex 31.2254 33.5733 3.3928
      vertex 31.2692 33.7368 4.02455
    endloop
  endfacet
  facet normal 0.0631727 0.963969 -0.258404
    outer loop
      vertex 30.618 33.6941 3.3928
      vertex 30 33.7346 3.3928
      vertex 30.6401 33.862 4.02455
    endloop
  endfacet
  facet normal 0.0421819 0.123795 -0.991411
    outer loop
      vertex 30.1251 29.3021 0.010705
      vertex 30.0846 29.3159 0.010705
      vertex 30.3733 29.9012 0.0960732
    endloop
  endfacet
  facet normal 0.382588 -0.0250508 -0.923579
    outer loop
      vertex 32.1925 4.71135 0.515635
      vertex 31.6072 5 0.265348
      vertex 32.2114 5 0.515635
    endloop
  endfacet
  facet normal -0.449162 0.221534 -0.86555
    outer loop
      vertex 2.95689 29.8463 0.515635
      vertex 2.4336 30.063 0.842651
      vertex 3.08483 30.1057 0.515635
    endloop
  endfacet
  facet normal 0.118942 0.597899 -0.792698
    outer loop
      vertex 30.719 31.6832 0.842651
      vertex 30.3626 31.7541 0.842651
      vertex 30.4303 32.2685 1.2408
    endloop
  endfacet
  facet normal -0.401979 0.458261 -0.792723
    outer loop
      vertex 3.03576 30.9642 0.842651
      vertex 2.66886 31.3311 1.2408
      vertex 2.99308 31.6155 1.2408
    endloop
  endfacet
  facet normal 0 0.608819 -0.793309
    outer loop
      vertex 5 31.7779 0.842651
      vertex 30 32.2967 1.2408
      vertex 30 31.7779 0.842651
    endloop
  endfacet
  facet normal 0 0.608819 -0.793309
    outer loop
      vertex 30 32.2967 1.2408
      vertex 5 31.7779 0.842651
      vertex 5 32.2967 1.2408
    endloop
  endfacet
  facet normal 0.0862994 0.0982911 -0.991409
    outer loop
      vertex 30.6897 29.6897 0.0960732
      vertex 30.2312 29.2312 0.010705
      vertex 30.5938 29.7739 0.0960732
    endloop
  endfacet
  facet normal 0.0726706 0.10875 -0.991409
    outer loop
      vertex 30.5938 29.7739 0.0960732
      vertex 30.1991 29.2594 0.010705
      vertex 30.4877 29.8448 0.0960732
    endloop
  endfacet
  facet normal 0.0398676 0.608335 -0.792679
    outer loop
      vertex 30.4303 32.2685 1.2408
      vertex 30 31.7779 0.842651
      vertex 30 32.2967 1.2408
    endloop
  endfacet
  facet normal 0.255237 0.751841 -0.607939
    outer loop
      vertex 31.5909 32.8409 2.22215
      vertex 30.973 32.6311 1.70327
      vertex 31.076 33.0157 2.22215
    endloop
  endfacet
  facet normal 0.694852 0.609338 -0.381953
    outer loop
      vertex 33.5577 31.7299 2.78856
      vertex 33.3479 32.3479 3.3928
      vertex 33.7562 31.8823 3.3928
    endloop
  endfacet
  facet normal 0.670305 0.227539 -0.706341
    outer loop
      vertex 33.1844 29.8533 1.2408
      vertex 33.0458 30.2616 1.2408
      vertex 33.6311 29.973 1.70327
    endloop
  endfacet
  facet normal -0.310544 0.914793 0.258295
    outer loop
      vertex 3.73077 33.7368 87.9754
      vertex 3.12335 33.5306 87.9754
      vertex 3.18813 33.3742 88.6072
    endloop
  endfacet
  facet normal 0 0.865967 0.500102
    outer loop
      vertex 30 33.4844 89.2114
      vertex 5 33.1573 89.7778
      vertex 30 33.1573 89.7778
    endloop
  endfacet
  facet normal 0 0.865967 0.500102
    outer loop
      vertex 5 33.1573 89.7778
      vertex 30 33.4844 89.2114
      vertex 5 33.4844 89.2114
    endloop
  endfacet
  facet normal -0.745449 0.653708 -0.130276
    outer loop
      vertex 1.10945 31.9853 4.02455
      vertex 1.04173 32.0373 4.67298
      vertex 1.47204 32.528 4.67298
    endloop
  endfacet
  facet normal -0.427268 0.866449 0.25828
    outer loop
      vertex 3.12335 33.5306 87.9754
      vertex 2.54804 33.2469 87.9754
      vertex 2.63267 33.1003 88.6072
    endloop
  endfacet
  facet normal -0.86463 0.0566758 0.499202
    outer loop
      vertex 0.878218 29.5426 89.7778
      vertex 0.515635 29 89.2114
      vertex 0.842651 29 89.7778
    endloop
  endfacet
  facet normal -0.499827 0.0327562 0.865506
    outer loop
      vertex 2.80748 29.2887 91.4844
      vertex 2.22215 29 91.1573
      vertex 2.78856 29 91.4844
    endloop
  endfacet
  facet normal -0.15491 0.778724 0.607941
    outer loop
      vertex 4.45736 33.1218 89.7778
      vertex 3.924 33.0157 89.7778
      vertex 4.02705 32.6311 90.2967
    endloop
  endfacet
  facet normal -0.195926 0.577176 0.792768
    outer loop
      vertex 4.28104 31.6832 91.1573
      vertex 3.7384 32.0458 90.7592
      vertex 3.93696 31.5664 91.1573
    endloop
  endfacet
  facet normal -0.338648 0.50677 0.792781
    outer loop
      vertex 3.35163 31.8551 90.7592
      vertex 2.99308 31.6155 90.7592
      vertex 3.30895 31.2038 91.1573
    endloop
  endfacet
  facet normal -0.441156 0.660216 0.607862
    outer loop
      vertex 3.1204 32.2556 90.2967
      vertex 2.46917 32.2982 89.7778
      vertex 2.71154 31.9824 90.2967
    endloop
  endfacet
  facet normal -0.571237 0.651481 0.49926
    outer loop
      vertex 2.27009 32.5577 89.2114
      vertex 2.06031 31.9397 89.7778
      vertex 2.46917 32.2982 89.7778
    endloop
  endfacet
  facet normal -0.989358 0.064845 0.130255
    outer loop
      vertex 0.138027 29.6401 87.9754
      vertex 0.0533886 29.6512 87.327
      vertex 0.0960732 29 87.9754
    endloop
  endfacet
  facet normal -0.947506 0.188478 0.25828
    outer loop
      vertex 0.426679 30.2254 88.6072
      vertex 0.26317 30.2692 87.9754
      vertex 0.305855 29.618 88.6072
    endloop
  endfacet
  facet normal -0.67031 0.227574 0.706324
    outer loop
      vertex 1.95422 30.2616 90.7592
      vertex 1.36889 29.973 90.2967
      vertex 1.8156 29.8533 90.7592
    endloop
  endfacet
  facet normal -0.866428 0.427285 0.25832
    outer loop
      vertex 0.753075 31.452 87.9754
      vertex 0.469362 30.8767 87.9754
      vertex 0.899672 31.3673 88.6072
    endloop
  endfacet
  facet normal -0.745449 0.653707 0.130282
    outer loop
      vertex 1.47204 32.528 87.327
      vertex 1.04173 32.0373 87.327
      vertex 1.10945 31.9853 87.9754
    endloop
  endfacet
  facet normal -0.408703 0.828892 0.381969
    outer loop
      vertex 3.18813 33.3742 88.6072
      vertex 2.75782 32.8836 89.2114
      vertex 3.28391 33.143 89.2114
    endloop
  endfacet
  facet normal -0.180246 0.906443 0.381932
    outer loop
      vertex 4.41467 33.446 89.2114
      vertex 3.77458 33.5733 88.6072
      vertex 3.83936 33.3316 89.2114
    endloop
  endfacet
  facet normal -0.0399261 0.608253 0.792739
    outer loop
      vertex 5 31.7779 91.1573
      vertex 4.56969 32.2685 90.7592
      vertex 4.63742 31.7541 91.1573
    endloop
  endfacet
  facet normal -0 0.608772 0.793345
    outer loop
      vertex 5 32.2967 90.7592
      vertex 30 31.7779 91.1573
      vertex 30 32.2967 90.7592
    endloop
  endfacet
  facet normal 0 0.608772 0.793345
    outer loop
      vertex 30 31.7779 91.1573
      vertex 5 32.2967 90.7592
      vertex 5 31.7779 91.1573
    endloop
  endfacet
  facet normal -0.108832 0.0726365 0.991403
    outer loop
      vertex 4.74056 29.1991 91.9893
      vertex 4.15523 29.4877 91.9039
      vertex 4.7168 29.1635 91.9893
    endloop
  endfacet
  facet normal 0.0421973 0.12384 0.991405
    outer loop
      vertex 30.3733 29.9012 91.9039
      vertex 30.0846 29.3159 91.9893
      vertex 30.1251 29.3021 91.9893
    endloop
  endfacet
  facet normal 0.0505844 0.254403 0.965775
    outer loop
      vertex 30.2098 30.5934 91.7346
      vertex 30.1273 29.9671 91.9039
      vertex 30.416 30.5524 91.7346
    endloop
  endfacet
  facet normal 0.074728 0.375893 0.923645
    outer loop
      vertex 30.5724 31.1361 91.4844
      vertex 30.2887 31.1925 91.4844
      vertex 30.416 30.5524 91.7346
    endloop
  endfacet
  facet normal -0.0255331 0.128332 0.991403
    outer loop
      vertex 4.87268 29.9671 91.9039
      vertex 4.74753 29.9422 91.9039
      vertex 4.95732 29.3242 91.9893
    endloop
  endfacet
  facet normal 0.108777 0.0727219 0.991403
    outer loop
      vertex 30.8448 29.4877 91.9039
      vertex 30.2594 29.1991 91.9893
      vertex 30.2832 29.1635 91.9893
    endloop
  endfacet
  facet normal -0.13057 0.00855422 0.991402
    outer loop
      vertex 4.03289 29.1273 91.9039
      vertex 4.02455 29 91.9039
      vertex 4.67578 29.0427 91.9893
    endloop
  endfacet
  facet normal -0.114651 0.232635 0.965783
    outer loop
      vertex 4.62671 29.9012 91.9039
      vertex 4.38495 30.4849 91.7346
      vertex 4.51227 29.8448 91.9039
    endloop
  endfacet
  facet normal -0.0327234 0.499768 0.865541
    outer loop
      vertex 5 31.7779 91.1573
      vertex 4.71135 31.1925 91.4844
      vertex 5 31.2114 91.4844
    endloop
  endfacet
  facet normal -0.25439 0.0505936 0.965777
    outer loop
      vertex 4.05779 29.2525 91.9039
      vertex 3.44757 29.416 91.7346
      vertex 4.03289 29.1273 91.9039
    endloop
  endfacet
  facet normal -0.258817 0.0169563 0.965778
    outer loop
      vertex 4.03289 29.1273 91.9039
      vertex 3.40655 29.2098 91.7346
      vertex 4.02455 29 91.9039
    endloop
  endfacet
  facet normal -0.313093 -0.634881 0.706328
    outer loop
      vertex 3.7384 1.95422 90.7592
      vertex 3.1204 1.74444 90.2967
      vertex 3.56142 1.52695 90.2967
    endloop
  endfacet
  facet normal -0.50681 -0.338646 0.792756
    outer loop
      vertex 2.79618 3.30895 91.1573
      vertex 2.14495 3.35163 90.7592
      vertex 2.38453 2.99308 90.7592
    endloop
  endfacet
  facet normal -0.77874 -0.1549 0.607923
    outer loop
      vertex 1.36889 4.02705 90.2967
      vertex 0.878218 4.45736 89.7778
      vertex 0.984309 3.924 89.7778
    endloop
  endfacet
  facet normal -0.906401 -0.180295 0.382008
    outer loop
      vertex 0.554 4.41467 89.2114
      vertex 0.305855 4.382 88.6072
      vertex 0.426679 3.77458 88.6072
    endloop
  endfacet
  facet normal -0.964001 0.0631857 0.258282
    outer loop
      vertex 0.305855 29.618 88.6072
      vertex 0.138027 29.6401 87.9754
      vertex 0.265348 29 88.6072
    endloop
  endfacet
  facet normal -0.906397 0.180301 0.382015
    outer loop
      vertex 0.426679 30.2254 88.6072
      vertex 0.305855 29.618 88.6072
      vertex 0.554 29.5853 89.2114
    endloop
  endfacet
  facet normal -0.588585 -0.393288 0.706323
    outer loop
      vertex 2.14495 3.35163 90.7592
      vertex 1.74444 3.1204 90.2967
      vertex 2.38453 2.99308 90.7592
    endloop
  endfacet
  facet normal -0.964001 -0.0631858 0.258281
    outer loop
      vertex 0.265348 5 88.6072
      vertex 0.138027 4.35991 87.9754
      vertex 0.305855 4.382 88.6072
    endloop
  endfacet
  facet normal -0.866439 -0.427276 -0.2583
    outer loop
      vertex 0.899672 2.63267 3.3928
      vertex 0.469362 3.12335 4.02455
      vertex 0.625752 3.18813 3.3928
    endloop
  endfacet
  facet normal -0.947502 -0.188469 -0.2583
    outer loop
      vertex 0.26317 3.73077 4.02455
      vertex 0.138027 4.35991 4.02455
      vertex 0.305855 4.382 3.3928
    endloop
  endfacet
  facet normal -0.828851 -0.408749 0.382009
    outer loop
      vertex 0.856988 3.28391 89.2114
      vertex 0.625752 3.18813 88.6072
      vertex 1.11643 2.75782 89.2114
    endloop
  endfacet
  facet normal -0.745432 -0.653732 0.130252
    outer loop
      vertex 1.10945 2.01468 87.9754
      vertex 1.04173 1.96271 87.327
      vertex 1.47204 1.47204 87.327
    endloop
  endfacet
  facet normal -0.889232 -0.438519 0.130259
    outer loop
      vertex 0.469362 3.12335 87.9754
      vertex 0.390492 3.09068 87.327
      vertex 0.679144 2.50535 87.327
    endloop
  endfacet
  facet normal -0.938863 -0.318698 0.130259
    outer loop
      vertex 0.469362 3.12335 87.9754
      vertex 0.180711 3.70868 87.327
      vertex 0.390492 3.09068 87.327
    endloop
  endfacet
  facet normal -0.278285 -0.416484 0.865505
    outer loop
      vertex 3.65376 3.24554 91.4844
      vertex 3.30895 2.79618 91.1573
      vertex 3.89428 3.08483 91.4844
    endloop
  endfacet
  facet normal -0.254387 -0.0506085 0.965777
    outer loop
      vertex 4.03289 4.87268 91.9039
      vertex 3.40655 4.79022 91.7346
      vertex 3.44757 4.58403 91.7346
    endloop
  endfacet
  facet normal -0.362933 -0.123183 0.923637
    outer loop
      vertex 3.44757 4.58403 91.7346
      vertex 2.86391 4.42764 91.4844
      vertex 3.51514 4.38495 91.7346
    endloop
  endfacet
  facet normal -0.792296 0.0519263 0.607924
    outer loop
      vertex 1.27296 29.4907 90.2967
      vertex 0.842651 29 89.7778
      vertex 1.2408 29 90.2967
    endloop
  endfacet
  facet normal -0.188472 -0.947507 0.258282
    outer loop
      vertex 3.77458 0.426679 88.6072
      vertex 3.73077 0.26317 87.9754
      vertex 4.382 0.305855 88.6072
    endloop
  endfacet
  facet normal -0.0648455 -0.989357 0.130259
    outer loop
      vertex 5 0.0960732 87.9754
      vertex 4.34877 0.0533886 87.327
      vertex 5 0.010705 87.327
    endloop
  endfacet
  facet normal -0.318702 -0.938862 0.130256
    outer loop
      vertex 3.73077 0.26317 87.9754
      vertex 3.12335 0.469362 87.9754
      vertex 3.70868 0.180711 87.327
    endloop
  endfacet
  facet normal -0.193427 -0.972429 0.130259
    outer loop
      vertex 4.35991 0.138027 87.9754
      vertex 3.73077 0.26317 87.9754
      vertex 4.34877 0.0533886 87.327
    endloop
  endfacet
  facet normal -0.0398598 -0.608229 0.79276
    outer loop
      vertex 5 2.22215 91.1573
      vertex 4.56969 1.73147 90.7592
      vertex 5 1.70327 90.7592
    endloop
  endfacet
  facet normal -0.26959 -0.546679 0.792757
    outer loop
      vertex 3.93696 2.4336 91.1573
      vertex 3.61107 2.59431 91.1573
      vertex 3.7384 1.95422 90.7592
    endloop
  endfacet
  facet normal -0.252711 -0.288151 0.923637
    outer loop
      vertex 3.86354 3.86354 91.7346
      vertex 3.43627 3.43627 91.4844
      vertex 4.0216 3.72492 91.7346
    endloop
  endfacet
  facet normal -0.288161 -0.252705 0.923636
    outer loop
      vertex 3.72492 4.0216 91.7346
      vertex 3.24554 3.65376 91.4844
      vertex 3.43627 3.43627 91.4844
    endloop
  endfacet
  facet normal 0.0505951 0.254398 0.965775
    outer loop
      vertex 30.416 30.5524 91.7346
      vertex 30.1273 29.9671 91.9039
      vertex 30.2525 29.9422 91.9039
    endloop
  endfacet
  facet normal 0.128335 0.0255235 0.991402
    outer loop
      vertex 30.9422 29.2525 91.9039
      vertex 30.3242 29.0427 91.9893
      vertex 30.9671 29.1273 91.9039
    endloop
  endfacet
  facet normal 0.18848 -0.947499 -0.258302
    outer loop
      vertex 30.6401 0.138027 4.02455
      vertex 30.618 0.305855 3.3928
      vertex 31.2692 0.26317 4.02455
    endloop
  endfacet
  facet normal 0.0631854 -0.963996 -0.258301
    outer loop
      vertex 30.6401 0.138027 4.02455
      vertex 30 0.265348 3.3928
      vertex 30.618 0.305855 3.3928
    endloop
  endfacet
  facet normal 0.351202 -0.712125 0.607894
    outer loop
      vertex 31.8796 1.74444 90.2967
      vertex 31.4386 1.52695 90.2967
      vertex 31.5909 1.15911 89.7778
    endloop
  endfacet
  facet normal 0.313101 -0.634869 0.706334
    outer loop
      vertex 31.8796 1.74444 90.2967
      vertex 31.2616 1.95422 90.7592
      vertex 31.4386 1.52695 90.2967
    endloop
  endfacet
  facet normal 0.318678 -0.21292 0.923639
    outer loop
      vertex 31.9152 3.89428 91.4844
      vertex 31.2751 4.0216 91.7346
      vertex 31.7545 3.65376 91.4844
    endloop
  endfacet
  facet normal 0.258834 -0.0170269 0.965772
    outer loop
      vertex 31.6072 5 91.7346
      vertex 30.9755 5 91.9039
      vertex 31.5934 4.79022 91.7346
    endloop
  endfacet
  facet normal 0.169029 -0.849837 0.499206
    outer loop
      vertex 31.076 0.984309 89.7778
      vertex 30.5426 0.878218 89.7778
      vertex 30.5853 0.554 89.2114
    endloop
  endfacet
  facet normal -0.408741 -0.828852 0.382016
    outer loop
      vertex 2.75782 1.11643 89.2114
      vertex 2.63267 0.899672 88.6072
      vertex 3.18813 0.625752 88.6072
    endloop
  endfacet
  facet normal -0.278524 -0.820501 0.499201
    outer loop
      vertex 3.924 0.984309 89.7778
      vertex 3.28391 0.856988 89.2114
      vertex 3.83936 0.668437 89.2114
    endloop
  endfacet
  facet normal 0.118911 -0.597827 0.792757
    outer loop
      vertex 30.719 2.3168 91.1573
      vertex 30.3626 2.24591 91.1573
      vertex 30.4303 1.73147 90.7592
    endloop
  endfacet
  facet normal 0.195955 -0.577177 0.79276
    outer loop
      vertex 31.2616 1.95422 90.7592
      vertex 30.719 2.3168 91.1573
      vertex 30.8533 1.8156 90.7592
    endloop
  endfacet
  facet normal 0.0604445 -0.922179 0.38201
    outer loop
      vertex 30.5853 0.554 89.2114
      vertex 30 0.265348 88.6072
      vertex 30.618 0.305855 88.6072
    endloop
  endfacet
  facet normal 0.188478 -0.947506 0.25828
    outer loop
      vertex 31.2254 0.426679 88.6072
      vertex 30.618 0.305855 88.6072
      vertex 31.2692 0.26317 87.9754
    endloop
  endfacet
  facet normal 0.550799 -0.824408 0.130275
    outer loop
      vertex 32.9853 1.10945 87.9754
      vertex 32.4946 0.679144 87.327
      vertex 33.0373 1.04173 87.327
    endloop
  endfacet
  facet normal 0.40874 -0.828849 0.382021
    outer loop
      vertex 32.2422 1.11643 89.2114
      vertex 31.7161 0.856988 89.2114
      vertex 31.8119 0.625752 88.6072
    endloop
  endfacet
  facet normal 0.064845 -0.989358 0.130255
    outer loop
      vertex 30.6401 0.138027 87.9754
      vertex 30 0.0960732 87.9754
      vertex 30.6512 0.0533886 87.327
    endloop
  endfacet
  facet normal 0.193439 -0.972428 0.130247
    outer loop
      vertex 31.2692 0.26317 87.9754
      vertex 30.6401 0.138027 87.9754
      vertex 30.6512 0.0533886 87.327
    endloop
  endfacet
  facet normal 0.195088 -0.980786 0
    outer loop
      vertex 30.6512 0.0533886 4.67298
      vertex 31.2913 0.180711 87.327
      vertex 30.6512 0.0533886 87.327
    endloop
  endfacet
  facet normal 0.195088 -0.980786 0
    outer loop
      vertex 31.2913 0.180711 87.327
      vertex 30.6512 0.0533886 4.67298
      vertex 31.2913 0.180711 4.67298
    endloop
  endfacet
  facet normal 0.321437 -0.946931 0
    outer loop
      vertex 31.2913 0.180711 4.67298
      vertex 31.9093 0.390492 87.327
      vertex 31.2913 0.180711 87.327
    endloop
  endfacet
  facet normal 0.321437 -0.946931 0
    outer loop
      vertex 31.9093 0.390492 87.327
      vertex 31.2913 0.180711 4.67298
      vertex 31.9093 0.390492 4.67298
    endloop
  endfacet
  facet normal -0.318702 -0.938863 -0.13025
    outer loop
      vertex 3.70868 0.180711 4.67298
      vertex 3.12335 0.469362 4.02455
      vertex 3.73077 0.26317 4.02455
    endloop
  endfacet
  facet normal -0.416403 -0.278232 -0.865561
    outer loop
      vertex 2.79618 3.30895 0.842651
      vertex 2.59431 3.61107 0.842651
      vertex 3.08483 3.89428 0.515635
    endloop
  endfacet
  facet normal -0.383243 -0.77713 -0.499192
    outer loop
      vertex 3.40905 1.15911 2.22215
      vertex 2.75782 1.11643 2.78856
      vertex 2.92133 1.39963 2.22215
    endloop
  endfacet
  facet normal -0.382687 0 -0.923878
    outer loop
      vertex 2.78856 5 0.515635
      vertex 3.3928 29 0.265348
      vertex 3.3928 5 0.265348
    endloop
  endfacet
  facet normal -0.382687 0 -0.923878
    outer loop
      vertex 3.3928 29 0.265348
      vertex 2.78856 5 0.515635
      vertex 2.78856 29 0.515635
    endloop
  endfacet
  facet normal -0.188469 -0.947502 -0.2583
    outer loop
      vertex 4.35991 0.138027 4.02455
      vertex 3.73077 0.26317 4.02455
      vertex 4.382 0.305855 3.3928
    endloop
  endfacet
  facet normal -0.513426 -0.768422 -0.381996
    outer loop
      vertex 2.63267 0.899672 3.3928
      vertex 2.27009 1.44231 2.78856
      vertex 2.75782 1.11643 2.78856
    endloop
  endfacet
  facet normal -0.195091 -0.980785 0
    outer loop
      vertex 3.70868 0.180711 4.67298
      vertex 4.34877 0.0533886 87.327
      vertex 3.70868 0.180711 87.327
    endloop
  endfacet
  facet normal -0.195091 -0.980785 -0
    outer loop
      vertex 4.34877 0.0533886 87.327
      vertex 3.70868 0.180711 4.67298
      vertex 4.34877 0.0533886 4.67298
    endloop
  endfacet
  facet normal -0.0631838 -0.963997 -0.258299
    outer loop
      vertex 5 0.0960732 4.02455
      vertex 4.35991 0.138027 4.02455
      vertex 5 0.265348 3.3928
    endloop
  endfacet
  facet normal -0.0648461 -0.989358 -0.130253
    outer loop
      vertex 5 0.0960732 4.02455
      vertex 4.34877 0.0533886 4.67298
      vertex 4.35991 0.138027 4.02455
    endloop
  endfacet
  facet normal 0.0462934 -0.706349 -0.706349
    outer loop
      vertex 30.4907 1.27296 1.70327
      vertex 30 1.2408 1.70327
      vertex 30 1.70327 1.2408
    endloop
  endfacet
  facet normal 0.0519255 -0.792284 -0.607939
    outer loop
      vertex 30.4907 1.27296 1.70327
      vertex 30 0.842651 2.22215
      vertex 30 1.2408 1.70327
    endloop
  endfacet
  facet normal 0.278506 -0.82052 -0.499181
    outer loop
      vertex 31.1606 0.668437 2.78856
      vertex 31.076 0.984309 2.22215
      vertex 31.7161 0.856988 2.78856
    endloop
  endfacet
  facet normal 0.0604472 -0.922189 -0.381987
    outer loop
      vertex 30.5853 0.554 2.78856
      vertex 30 0.265348 3.3928
      vertex 30 0.515635 2.78856
    endloop
  endfacet
  facet normal -0.0250753 -0.382567 -0.923588
    outer loop
      vertex 5 3.3928 0.265348
      vertex 4.71135 2.80748 0.515635
      vertex 4.79022 3.40655 0.265348
    endloop
  endfacet
  facet normal -0.278523 -0.820507 -0.499192
    outer loop
      vertex 3.924 0.984309 2.22215
      vertex 3.28391 0.856988 2.78856
      vertex 3.40905 1.15911 2.22215
    endloop
  endfacet
  facet normal -0.441112 -0.660174 -0.60794
    outer loop
      vertex 3.1204 1.74444 1.70327
      vertex 2.46917 1.70175 2.22215
      vertex 2.71154 2.01763 1.70327
    endloop
  endfacet
  facet normal -0.706349 -0.0462962 -0.706349
    outer loop
      vertex 1.27296 4.50933 1.70327
      vertex 1.2408 5 1.70327
      vertex 1.70327 5 1.2408
    endloop
  endfacet
  facet normal -0.938863 -0.318702 -0.13025
    outer loop
      vertex 0.469362 3.12335 4.02455
      vertex 0.180711 3.70868 4.67298
      vertex 0.26317 3.73077 4.02455
    endloop
  endfacet
  facet normal -0.828859 -0.408753 -0.381988
    outer loop
      vertex 1.11643 2.75782 2.78856
      vertex 0.625752 3.18813 3.3928
      vertex 0.856988 3.28391 2.78856
    endloop
  endfacet
  facet normal -0.706349 0.0462934 -0.706349
    outer loop
      vertex 1.70327 29 1.2408
      vertex 1.2408 29 1.70327
      vertex 1.27296 29.4907 1.70327
    endloop
  endfacet
  facet normal -0.707107 0 -0.707107
    outer loop
      vertex 1.70327 5 1.2408
      vertex 1.2408 29 1.70327
      vertex 1.70327 29 1.2408
    endloop
  endfacet
  facet normal -0.707107 -0 -0.707107
    outer loop
      vertex 1.2408 29 1.70327
      vertex 1.70327 5 1.2408
      vertex 1.2408 5 1.70327
    endloop
  endfacet
  facet normal -0.97243 -0.193429 -0.130251
    outer loop
      vertex 0.180711 3.70868 4.67298
      vertex 0.0533886 4.34877 4.67298
      vertex 0.26317 3.73077 4.02455
    endloop
  endfacet
  facet normal -0.82886 -0.408744 -0.381994
    outer loop
      vertex 0.899672 2.63267 3.3928
      vertex 0.625752 3.18813 3.3928
      vertex 1.11643 2.75782 2.78856
    endloop
  endfacet
  facet normal -0.864634 -0.0566718 -0.499195
    outer loop
      vertex 0.554 4.41467 2.78856
      vertex 0.515635 5 2.78856
      vertex 0.878218 4.45736 2.22215
    endloop
  endfacet
  facet normal -0.609352 -0.694827 -0.381977
    outer loop
      vertex 2.11773 1.24375 3.3928
      vertex 1.6521 1.6521 3.3928
      vertex 2.27009 1.44231 2.78856
    endloop
  endfacet
  facet normal -0.726323 -0.636971 -0.258308
    outer loop
      vertex 1.5324 1.5324 4.02455
      vertex 1.10945 2.01468 4.02455
      vertex 1.6521 1.6521 3.3928
    endloop
  endfacet
  facet normal -0.768415 -0.513421 0.382017
    outer loop
      vertex 1.11643 2.75782 89.2114
      vertex 0.899672 2.63267 88.6072
      vertex 1.44231 2.27009 89.2114
    endloop
  endfacet
  facet normal -0.636974 -0.726327 0.258289
    outer loop
      vertex 1.6521 1.6521 88.6072
      vertex 1.5324 1.5324 87.9754
      vertex 2.01468 1.10945 87.9754
    endloop
  endfacet
  facet normal 0.608335 -0.0398667 -0.792679
    outer loop
      vertex 33.2685 4.56969 1.2408
      vertex 32.7779 5 0.842651
      vertex 33.2967 5 1.2408
    endloop
  endfacet
  facet normal 0.343889 -0.169532 -0.923579
    outer loop
      vertex 31.9152 3.89428 0.515635
      vertex 31.4849 4.38495 0.265348
      vertex 32.0431 4.15372 0.515635
    endloop
  endfacet
  facet normal 0.506828 0.338725 -0.792711
    outer loop
      vertex 32.4057 30.3889 0.842651
      vertex 32.2038 30.691 0.842651
      vertex 32.855 30.6484 1.2408
    endloop
  endfacet
  facet normal 0.597899 0.118942 -0.792698
    outer loop
      vertex 32.7541 29.3626 0.842651
      vertex 32.6832 29.719 0.842651
      vertex 33.2685 29.4303 1.2408
    endloop
  endfacet
  facet normal 0.0726953 0.108737 -0.991409
    outer loop
      vertex 30.1991 29.2594 0.010705
      vertex 30.1635 29.2832 0.010705
      vertex 30.4877 29.8448 0.0960732
    endloop
  endfacet
  facet normal -0.117313 -0.0578469 -0.991409
    outer loop
      vertex 4.15523 4.51227 0.0960732
      vertex 4.0988 4.62671 0.0960732
      vertex 4.7168 4.83649 0.010705
    endloop
  endfacet
  facet normal 0 0.130514 -0.991447
    outer loop
      vertex 5 29.327 0.010705
      vertex 30 29.9755 0.0960732
      vertex 30 29.327 0.010705
    endloop
  endfacet
  facet normal 0 0.130514 -0.991447
    outer loop
      vertex 30 29.9755 0.0960732
      vertex 5 29.327 0.010705
      vertex 5 29.9755 0.0960732
    endloop
  endfacet
  facet normal -0.130522 0.00855109 -0.991409
    outer loop
      vertex 4.67578 29.0427 0.010705
      vertex 4.02455 29 0.0960732
      vertex 4.03289 29.1273 0.0960732
    endloop
  endfacet
  facet normal -0.258779 0.01696 -0.965788
    outer loop
      vertex 4.02455 29 0.0960732
      vertex 3.3928 29 0.265348
      vertex 3.40655 29.2098 0.265348
    endloop
  endfacet
  facet normal 0.123795 0.0421819 -0.991411
    outer loop
      vertex 30.3159 29.0846 0.010705
      vertex 30.3021 29.1251 0.010705
      vertex 30.9012 29.3733 0.0960732
    endloop
  endfacet
  facet normal -0.670297 -0.227547 -0.706345
    outer loop
      vertex 1.95422 3.7384 1.2408
      vertex 1.36889 4.02705 1.70327
      vertex 1.8156 4.14674 1.2408
    endloop
  endfacet
  facet normal -0.778729 -0.154898 -0.607937
    outer loop
      vertex 0.984309 3.924 2.22215
      vertex 0.878218 4.45736 2.22215
      vertex 1.36889 4.02705 1.70327
    endloop
  endfacet
  facet normal -0.792284 0.0519255 -0.607939
    outer loop
      vertex 1.2408 29 1.70327
      vertex 0.842651 29 2.22215
      vertex 1.27296 29.4907 1.70327
    endloop
  endfacet
  facet normal -0.792288 0.0519338 -0.607934
    outer loop
      vertex 1.27296 29.4907 1.70327
      vertex 0.842651 29 2.22215
      vertex 0.878218 29.5426 2.22215
    endloop
  endfacet
  facet normal -0.49118 0.0976994 -0.865561
    outer loop
      vertex 2.80748 29.2887 0.515635
      vertex 2.3168 29.719 0.842651
      vertex 2.86391 29.5724 0.515635
    endloop
  endfacet
  facet normal -0.608276 0.0398638 -0.792724
    outer loop
      vertex 2.22215 29 0.842651
      vertex 1.70327 29 1.2408
      vertex 1.73147 29.4303 1.2408
    endloop
  endfacet
  facet normal -0.963997 0.0631828 -0.258299
    outer loop
      vertex 0.265348 29 3.3928
      vertex 0.0960732 29 4.02455
      vertex 0.138027 29.6401 4.02455
    endloop
  endfacet
  facet normal -0.914805 0.310508 -0.258297
    outer loop
      vertex 0.426679 30.2254 3.3928
      vertex 0.26317 30.2692 4.02455
      vertex 0.625752 30.8119 3.3928
    endloop
  endfacet
  facet normal -0.84984 -0.169045 -0.499194
    outer loop
      vertex 0.668437 3.83936 2.78856
      vertex 0.554 4.41467 2.78856
      vertex 0.984309 3.924 2.22215
    endloop
  endfacet
  facet normal -0.989358 0.0648485 -0.130253
    outer loop
      vertex 0.0960732 29 4.02455
      vertex 0.010705 29 4.67298
      vertex 0.0533886 29.6512 4.67298
    endloop
  endfacet
  facet normal -0.97243 0.193426 -0.130254
    outer loop
      vertex 0.26317 30.2692 4.02455
      vertex 0.0533886 29.6512 4.67298
      vertex 0.180711 30.2913 4.67298
    endloop
  endfacet
  facet normal -0.914806 0.310495 -0.258309
    outer loop
      vertex 0.625752 30.8119 3.3928
      vertex 0.26317 30.2692 4.02455
      vertex 0.469362 30.8767 4.02455
    endloop
  endfacet
  facet normal -0.76842 0.513457 -0.381959
    outer loop
      vertex 1.11643 31.2422 2.78856
      vertex 0.899672 31.3673 3.3928
      vertex 1.44231 31.7299 2.78856
    endloop
  endfacet
  facet normal -0.745444 0.653712 -0.130283
    outer loop
      vertex 1.5324 32.4676 4.02455
      vertex 1.10945 31.9853 4.02455
      vertex 1.47204 32.528 4.67298
    endloop
  endfacet
  facet normal 0.513457 -0.76842 -0.381959
    outer loop
      vertex 32.3673 0.899672 3.3928
      vertex 32.2422 1.11643 2.78856
      vertex 32.7299 1.44231 2.78856
    endloop
  endfacet
  facet normal 0.408785 -0.828852 -0.381966
    outer loop
      vertex 32.3673 0.899672 3.3928
      vertex 31.8119 0.625752 3.3928
      vertex 32.2422 1.11643 2.78856
    endloop
  endfacet
  facet normal 0.571276 -0.65148 -0.499216
    outer loop
      vertex 32.7299 1.44231 2.78856
      vertex 32.5308 1.70175 2.22215
      vertex 32.9397 2.06031 2.22215
    endloop
  endfacet
  facet normal 0.596979 -0.523507 -0.607911
    outer loop
      vertex 32.9397 2.06031 2.22215
      vertex 32.6582 2.34184 1.70327
      vertex 32.9824 2.71154 1.70327
    endloop
  endfacet
  facet normal 0.536685 -0.803285 -0.258266
    outer loop
      vertex 32.9853 1.10945 4.02455
      vertex 32.3673 0.899672 3.3928
      vertex 32.8823 1.24375 3.3928
    endloop
  endfacet
  facet normal 0.513401 -0.768435 -0.382005
    outer loop
      vertex 32.8823 1.24375 3.3928
      vertex 32.3673 0.899672 3.3928
      vertex 32.7299 1.44231 2.78856
    endloop
  endfacet
  facet normal 0.3187 -0.938867 0.130225
    outer loop
      vertex 31.8767 0.469362 87.9754
      vertex 31.2913 0.180711 87.327
      vertex 31.9093 0.390492 87.327
    endloop
  endfacet
  facet normal 0.442306 -0.896864 0
    outer loop
      vertex 31.9093 0.390492 4.67298
      vertex 32.4946 0.679144 87.327
      vertex 31.9093 0.390492 87.327
    endloop
  endfacet
  facet normal 0.442306 -0.896864 0
    outer loop
      vertex 32.4946 0.679144 87.327
      vertex 31.9093 0.390492 4.67298
      vertex 32.4946 0.679144 4.67298
    endloop
  endfacet
  facet normal 0.751844 -0.659341 0
    outer loop
      vertex 33.528 1.47204 87.327
      vertex 33.9583 1.96271 4.67298
      vertex 33.9583 1.96271 87.327
    endloop
  endfacet
  facet normal 0.751844 -0.659341 0
    outer loop
      vertex 33.9583 1.96271 4.67298
      vertex 33.528 1.47204 87.327
      vertex 33.528 1.47204 4.67298
    endloop
  endfacet
  facet normal 0.659326 -0.751857 0
    outer loop
      vertex 33.0373 1.04173 4.67298
      vertex 33.528 1.47204 87.327
      vertex 33.0373 1.04173 87.327
    endloop
  endfacet
  facet normal 0.659326 -0.751857 0
    outer loop
      vertex 33.528 1.47204 87.327
      vertex 33.0373 1.04173 4.67298
      vertex 33.528 1.47204 4.67298
    endloop
  endfacet
  facet normal 0.726364 -0.636932 0.258288
    outer loop
      vertex 33.7562 2.11773 88.6072
      vertex 33.3479 1.6521 88.6072
      vertex 33.8905 2.01468 87.9754
    endloop
  endfacet
  facet normal 0.745468 -0.653683 0.130294
    outer loop
      vertex 33.8905 2.01468 87.9754
      vertex 33.4676 1.5324 87.9754
      vertex 33.528 1.47204 87.327
    endloop
  endfacet
  facet normal 0.824362 -0.550851 0.130351
    outer loop
      vertex 34.3209 2.50535 87.327
      vertex 33.8905 2.01468 87.9754
      vertex 33.9583 1.96271 87.327
    endloop
  endfacet
  facet normal 0.11891 -0.59787 -0.792724
    outer loop
      vertex 30.8533 1.8156 1.2408
      vertex 30.4303 1.73147 1.2408
      vertex 30.719 2.3168 0.842651
    endloop
  endfacet
  facet normal 0.351197 -0.712115 -0.607909
    outer loop
      vertex 31.5909 1.15911 2.22215
      vertex 31.4386 1.52695 1.70327
      vertex 31.8796 1.74444 1.70327
    endloop
  endfacet
  facet normal 0.588561 -0.393276 -0.70635
    outer loop
      vertex 32.9824 2.71154 1.70327
      vertex 32.6155 2.99308 1.2408
      vertex 33.2556 3.1204 1.70327
    endloop
  endfacet
  facet normal 0.865967 -0 0.500102
    outer loop
      vertex 34.1573 5 89.7778
      vertex 34.4844 29 89.2114
      vertex 34.1573 29 89.7778
    endloop
  endfacet
  facet normal 0.865967 0 0.500102
    outer loop
      vertex 34.4844 29 89.2114
      vertex 34.1573 5 89.7778
      vertex 34.4844 5 89.2114
    endloop
  endfacet
  facet normal 0.889259 -0.438454 -0.130294
    outer loop
      vertex 34.6095 3.09068 4.67298
      vertex 34.3209 2.50535 4.67298
      vertex 34.5306 3.12335 4.02455
    endloop
  endfacet
  facet normal 0.866444 -0.427266 -0.258299
    outer loop
      vertex 34.2469 2.54804 4.02455
      vertex 34.1003 2.63267 3.3928
      vertex 34.5306 3.12335 4.02455
    endloop
  endfacet
  facet normal 0.828897 -0.408733 -0.381926
    outer loop
      vertex 34.1003 2.63267 3.3928
      vertex 33.8836 2.75782 2.78856
      vertex 34.3742 3.18813 3.3928
    endloop
  endfacet
  facet normal 0.98935 -0.0648699 -0.1303
    outer loop
      vertex 34.9466 4.34877 4.67298
      vertex 34.9039 5 4.02455
      vertex 34.9893 5 4.67298
    endloop
  endfacet
  facet normal 0.849849 -0.169058 -0.499176
    outer loop
      vertex 34.446 4.41467 2.78856
      vertex 34.0157 3.924 2.22215
      vertex 34.1218 4.45736 2.22215
    endloop
  endfacet
  facet normal 0.712134 0.351061 -0.607965
    outer loop
      vertex 33.473 30.4386 1.70327
      vertex 33.2556 30.8796 1.70327
      vertex 33.8409 30.5909 2.22215
    endloop
  endfacet
  facet normal 0.778722 0.154898 -0.607946
    outer loop
      vertex 34.1218 29.5426 2.22215
      vertex 33.6311 29.973 1.70327
      vertex 34.0157 30.076 2.22215
    endloop
  endfacet
  facet normal 0.849838 0.168993 -0.499216
    outer loop
      vertex 34.446 29.5853 2.78856
      vertex 34.0157 30.076 2.22215
      vertex 34.3316 30.1606 2.78856
    endloop
  endfacet
  facet normal 0.864641 0.0567268 -0.499177
    outer loop
      vertex 34.4844 29 2.78856
      vertex 34.1218 29.5426 2.22215
      vertex 34.446 29.5853 2.78856
    endloop
  endfacet
  facet normal 0.313036 0.634936 0.706304
    outer loop
      vertex 31.8796 32.2556 90.2967
      vertex 31.2616 32.0458 90.7592
      vertex 31.6484 31.8551 90.7592
    endloop
  endfacet
  facet normal 0.338673 0.506737 0.792792
    outer loop
      vertex 32.0069 31.6155 90.7592
      vertex 31.6484 31.8551 90.7592
      vertex 31.691 31.2038 91.1573
    endloop
  endfacet
  facet normal 0.803244 -0.536741 0.258278
    outer loop
      vertex 34.1003 2.63267 88.6072
      vertex 33.8905 2.01468 87.9754
      vertex 34.2469 2.54804 87.9754
    endloop
  endfacet
  facet normal 0.660261 0.441143 0.607823
    outer loop
      vertex 33.2982 31.5308 89.7778
      vertex 32.9824 31.2885 90.2967
      vertex 33.2556 30.8796 90.2967
    endloop
  endfacet
  facet normal 0.588577 0.393248 0.706352
    outer loop
      vertex 32.9824 31.2885 90.2967
      vertex 32.6155 31.0069 90.7592
      vertex 33.2556 30.8796 90.2967
    endloop
  endfacet
  facet normal 0.720333 0.481497 0.49928
    outer loop
      vertex 33.5577 31.7299 89.2114
      vertex 33.2982 31.5308 89.7778
      vertex 33.6004 31.0787 89.7778
    endloop
  endfacet
  facet normal 0.523489 0.597084 0.607825
    outer loop
      vertex 32.5308 32.2982 89.7778
      vertex 32.2885 31.9824 90.2967
      vertex 32.9397 31.9397 89.7778
    endloop
  endfacet
  facet normal 0.609377 0.694765 0.382048
    outer loop
      vertex 33.3479 32.3479 88.6072
      vertex 32.7299 32.5577 89.2114
      vertex 33.1709 32.1709 89.2114
    endloop
  endfacet
  facet normal 0.76842 0.513488 0.381917
    outer loop
      vertex 34.1003 31.3673 88.6072
      vertex 33.5577 31.7299 89.2114
      vertex 33.8836 31.2422 89.2114
    endloop
  endfacet
  facet normal 0.989371 0.0647627 0.130197
    outer loop
      vertex 34.9466 29.6512 87.327
      vertex 34.862 29.6401 87.9754
      vertex 34.9039 29 87.9754
    endloop
  endfacet
  facet normal 0.938853 0.318724 0.130268
    outer loop
      vertex 34.6095 30.9093 87.327
      vertex 34.5306 30.8767 87.9754
      vertex 34.8193 30.2913 87.327
    endloop
  endfacet
  facet normal 0.634785 -0.31315 0.706388
    outer loop
      vertex 33.0458 3.7384 90.7592
      vertex 32.855 3.35163 90.7592
      vertex 33.2556 3.1204 90.2967
    endloop
  endfacet
  facet normal 0.70638 0.0462931 0.706317
    outer loop
      vertex 33.727 29.4907 90.2967
      vertex 33.2685 29.4303 90.7592
      vertex 33.2967 29 90.7592
    endloop
  endfacet
  facet normal 0.712144 0.351066 0.60795
    outer loop
      vertex 33.8409 30.5909 89.7778
      vertex 33.2556 30.8796 90.2967
      vertex 33.473 30.4386 90.2967
    endloop
  endfacet
  facet normal 0.634961 0.313017 0.70629
    outer loop
      vertex 33.2556 30.8796 90.2967
      vertex 33.0458 30.2616 90.7592
      vertex 33.473 30.4386 90.2967
    endloop
  endfacet
  facet normal 0.288128 0.252758 0.923632
    outer loop
      vertex 31.5637 30.5637 91.4844
      vertex 31.2751 29.9784 91.7346
      vertex 31.7545 30.3462 91.4844
    endloop
  endfacet
  facet normal 0.288244 0.252692 0.923613
    outer loop
      vertex 31.5637 30.5637 91.4844
      vertex 31.1365 30.1365 91.7346
      vertex 31.2751 29.9784 91.7346
    endloop
  endfacet
  facet normal 0.0983061 0.0863624 0.991402
    outer loop
      vertex 30.7739 29.5938 91.9039
      vertex 30.2312 29.2312 91.9893
      vertex 30.2594 29.1991 91.9893
    endloop
  endfacet
  facet normal 0.258871 0 0.965912
    outer loop
      vertex 30.9755 29 91.9039
      vertex 31.6072 5 91.7346
      vertex 31.6072 29 91.7346
    endloop
  endfacet
  facet normal 0.258871 0 0.965912
    outer loop
      vertex 31.6072 5 91.7346
      vertex 30.9755 29 91.9039
      vertex 30.9755 5 91.9039
    endloop
  endfacet
  facet normal 0.491294 0.09767 0.8655
    outer loop
      vertex 32.6832 29.719 91.1573
      vertex 32.1361 29.5724 91.4844
      vertex 32.1925 29.2887 91.4844
    endloop
  endfacet
  facet normal 0.362932 0.123105 0.923648
    outer loop
      vertex 32.1361 29.5724 91.4844
      vertex 31.4849 29.615 91.7346
      vertex 31.5524 29.416 91.7346
    endloop
  endfacet
  facet normal 0.458236 0.401879 0.792788
    outer loop
      vertex 32.6155 31.0069 90.7592
      vertex 31.9642 30.9642 91.1573
      vertex 32.2038 30.691 91.1573
    endloop
  endfacet
  facet normal 0.466706 0.532206 0.706358
    outer loop
      vertex 32.2885 31.9824 90.2967
      vertex 32.0069 31.6155 90.7592
      vertex 32.6582 31.6582 90.2967
    endloop
  endfacet
  facet normal 0.338664 0.506738 0.792794
    outer loop
      vertex 31.6484 31.8551 90.7592
      vertex 31.3889 31.4057 91.1573
      vertex 31.691 31.2038 91.1573
    endloop
  endfacet
  facet normal 0.269516 0.546664 0.792792
    outer loop
      vertex 31.6484 31.8551 90.7592
      vertex 31.2616 32.0458 90.7592
      vertex 31.3889 31.4057 91.1573
    endloop
  endfacet
  facet normal 0.212938 0.318679 0.923635
    outer loop
      vertex 31.1057 30.9152 91.4844
      vertex 30.9784 30.2751 91.7346
      vertex 31.3462 30.7545 91.4844
    endloop
  endfacet
  facet normal 0.449267 0.221532 0.865495
    outer loop
      vertex 32.4057 30.3889 91.1573
      vertex 31.9152 30.1057 91.4844
      vertex 32.5664 30.063 91.1573
    endloop
  endfacet
  facet normal 0.0463494 0.706324 -0.70637
    outer loop
      vertex 30.4907 32.727 1.70327
      vertex 30 32.2967 1.2408
      vertex 30 32.7592 1.70327
    endloop
  endfacet
  facet normal 0.0170759 0.258781 -0.965785
    outer loop
      vertex 30.1273 29.9671 0.0960732
      vertex 30 29.9755 0.0960732
      vertex 30.2098 30.5934 0.265348
    endloop
  endfacet
  facet normal -0.212998 0.318768 -0.92359
    outer loop
      vertex 4.0216 30.2751 0.265348
      vertex 3.89428 30.9152 0.515635
      vertex 4.1964 30.3919 0.265348
    endloop
  endfacet
  facet normal 0 0.86597 -0.500095
    outer loop
      vertex 30 33.1573 2.22215
      vertex 5 33.4844 2.78856
      vertex 30 33.4844 2.78856
    endloop
  endfacet
  facet normal 0 0.86597 -0.500095
    outer loop
      vertex 5 33.4844 2.78856
      vertex 30 33.1573 2.22215
      vertex 5 33.1573 2.22215
    endloop
  endfacet
  facet normal -0.442224 0.896905 0
    outer loop
      vertex 3.09068 33.6095 4.67298
      vertex 2.50535 33.3209 87.327
      vertex 3.09068 33.6095 87.327
    endloop
  endfacet
  facet normal -0.442224 0.896905 0
    outer loop
      vertex 2.50535 33.3209 87.327
      vertex 3.09068 33.6095 4.67298
      vertex 2.50535 33.3209 4.67298
    endloop
  endfacet
  facet normal -0.0462907 0.70636 -0.706338
    outer loop
      vertex 4.56969 32.2685 1.2408
      vertex 4.50933 32.727 1.70327
      vertex 5 32.2967 1.2408
    endloop
  endfacet
  facet normal 0.138036 0.694285 -0.706338
    outer loop
      vertex 30.8533 32.1844 1.2408
      vertex 30.4303 32.2685 1.2408
      vertex 30.973 32.6311 1.70327
    endloop
  endfacet
  facet normal 0.193526 0.97242 -0.130183
    outer loop
      vertex 31.2692 33.7368 4.02455
      vertex 30.6401 33.862 4.02455
      vertex 30.6512 33.9466 4.67298
    endloop
  endfacet
  facet normal 0.914799 0.310504 -0.258322
    outer loop
      vertex 34.7368 30.2692 4.02455
      vertex 34.3742 30.8119 3.3928
      vertex 34.5306 30.8767 4.02455
    endloop
  endfacet
  facet normal 0.550807 0.824388 -0.130369
    outer loop
      vertex 32.9853 32.8905 4.02455
      vertex 32.4946 33.3209 4.67298
      vertex 33.0373 32.9583 4.67298
    endloop
  endfacet
  facet normal 0.896896 0.442242 0
    outer loop
      vertex 34.6095 30.9093 87.327
      vertex 34.3209 31.4946 4.67298
      vertex 34.3209 31.4946 87.327
    endloop
  endfacet
  facet normal 0.896896 0.442242 0
    outer loop
      vertex 34.3209 31.4946 4.67298
      vertex 34.6095 30.9093 87.327
      vertex 34.6095 30.9093 4.67298
    endloop
  endfacet
  facet normal 0.914803 0.310506 0.258303
    outer loop
      vertex 34.5306 30.8767 87.9754
      vertex 34.3742 30.8119 88.6072
      vertex 34.7368 30.2692 87.9754
    endloop
  endfacet
  facet normal 0.947462 0.188559 0.258382
    outer loop
      vertex 34.7368 30.2692 87.9754
      vertex 34.6941 29.618 88.6072
      vertex 34.862 29.6401 87.9754
    endloop
  endfacet
  facet normal -0.188547 0.947465 0.25838
    outer loop
      vertex 4.35991 33.862 87.9754
      vertex 3.73077 33.7368 87.9754
      vertex 4.382 33.6941 88.6072
    endloop
  endfacet
  facet normal -0.0631731 0.963975 0.258384
    outer loop
      vertex 5 33.7346 88.6072
      vertex 4.35991 33.862 87.9754
      vertex 4.382 33.6941 88.6072
    endloop
  endfacet
  facet normal -0.0648699 0.989349 0.130306
    outer loop
      vertex 5 33.9893 87.327
      vertex 4.34877 33.9466 87.327
      vertex 5 33.9039 87.9754
    endloop
  endfacet
  facet normal 0.318673 0.938863 0.130319
    outer loop
      vertex 31.2913 33.8193 87.327
      vertex 31.2692 33.7368 87.9754
      vertex 31.8767 33.5306 87.9754
    endloop
  endfacet
  facet normal -0.0648699 0.98935 -0.1303
    outer loop
      vertex 5 33.9039 4.02455
      vertex 4.34877 33.9466 4.67298
      vertex 5 33.9893 4.67298
    endloop
  endfacet
  facet normal 0.555548 0.831484 -0
    outer loop
      vertex 33.0373 32.9583 4.67298
      vertex 32.4946 33.3209 87.327
      vertex 33.0373 32.9583 87.327
    endloop
  endfacet
  facet normal 0.555548 0.831484 0
    outer loop
      vertex 32.4946 33.3209 87.327
      vertex 33.0373 32.9583 4.67298
      vertex 32.4946 33.3209 4.67298
    endloop
  endfacet
  facet normal 0.193525 0.972419 0.130189
    outer loop
      vertex 30.6512 33.9466 87.327
      vertex 30.6401 33.862 87.9754
      vertex 31.2692 33.7368 87.9754
    endloop
  endfacet
  facet normal 0.513433 0.768434 0.381962
    outer loop
      vertex 32.8823 32.7562 88.6072
      vertex 32.3673 33.1003 88.6072
      vertex 32.7299 32.5577 89.2114
    endloop
  endfacet
  facet normal 0.408774 0.82889 -0.381898
    outer loop
      vertex 32.2422 32.8836 2.78856
      vertex 31.8119 33.3742 3.3928
      vertex 32.3673 33.1003 3.3928
    endloop
  endfacet
  facet normal 0.427285 0.866427 -0.258326
    outer loop
      vertex 32.3673 33.1003 3.3928
      vertex 31.8119 33.3742 3.3928
      vertex 31.8767 33.5306 4.02455
    endloop
  endfacet
  facet normal 0.321463 0.946922 -0
    outer loop
      vertex 31.9093 33.6095 4.67298
      vertex 31.2913 33.8193 87.327
      vertex 31.9093 33.6095 87.327
    endloop
  endfacet
  facet normal 0.321463 0.946922 0
    outer loop
      vertex 31.2913 33.8193 87.327
      vertex 31.9093 33.6095 4.67298
      vertex 31.2913 33.8193 4.67298
    endloop
  endfacet
  facet normal 0.427269 0.866435 0.258324
    outer loop
      vertex 32.452 33.2469 87.9754
      vertex 31.8767 33.5306 87.9754
      vertex 32.3673 33.1003 88.6072
    endloop
  endfacet
  facet normal 0.188558 0.947457 -0.258401
    outer loop
      vertex 31.2692 33.7368 4.02455
      vertex 30.618 33.6941 3.3928
      vertex 30.6401 33.862 4.02455
    endloop
  endfacet
  facet normal 0.0648729 0.98935 -0.1303
    outer loop
      vertex 30.6512 33.9466 4.67298
      vertex 30 33.9039 4.02455
      vertex 30 33.9893 4.67298
    endloop
  endfacet
  facet normal 0.193392 0.972429 -0.130314
    outer loop
      vertex 31.2692 33.7368 4.02455
      vertex 30.6512 33.9466 4.67298
      vertex 31.2913 33.8193 4.67298
    endloop
  endfacet
  facet normal 0.318673 0.938864 -0.130313
    outer loop
      vertex 31.8767 33.5306 4.02455
      vertex 31.2692 33.7368 4.02455
      vertex 31.2913 33.8193 4.67298
    endloop
  endfacet
  facet normal 0.793391 0 -0.608713
    outer loop
      vertex 34.1573 5 2.22215
      vertex 33.7592 29 1.70327
      vertex 34.1573 29 2.22215
    endloop
  endfacet
  facet normal 0.793391 0 -0.608713
    outer loop
      vertex 33.7592 29 1.70327
      vertex 34.1573 5 2.22215
      vertex 33.7592 5 1.70327
    endloop
  endfacet
  facet normal 0.86597 0 -0.500095
    outer loop
      vertex 34.4844 5 2.78856
      vertex 34.1573 29 2.22215
      vertex 34.4844 29 2.78856
    endloop
  endfacet
  facet normal 0.86597 0 -0.500095
    outer loop
      vertex 34.1573 29 2.22215
      vertex 34.4844 5 2.78856
      vertex 34.1573 5 2.22215
    endloop
  endfacet
  facet normal 0.466699 -0.532182 -0.706381
    outer loop
      vertex 32.2885 2.01763 1.70327
      vertex 32.0069 2.38453 1.2408
      vertex 32.6582 2.34184 1.70327
    endloop
  endfacet
  facet normal 0.499939 0 -0.86606
    outer loop
      vertex 32.2114 5 0.515635
      vertex 32.7779 29 0.842651
      vertex 32.7779 5 0.842651
    endloop
  endfacet
  facet normal 0.499939 0 -0.86606
    outer loop
      vertex 32.7779 29 0.842651
      vertex 32.2114 5 0.515635
      vertex 32.2114 29 0.515635
    endloop
  endfacet
  facet normal 0 0.499939 -0.86606
    outer loop
      vertex 5 31.2114 0.515635
      vertex 30 31.7779 0.842651
      vertex 30 31.2114 0.515635
    endloop
  endfacet
  facet normal 0 0.499939 -0.86606
    outer loop
      vertex 30 31.7779 0.842651
      vertex 5 31.2114 0.515635
      vertex 5 31.7779 0.842651
    endloop
  endfacet
  facet normal 0.025419 0.12832 -0.991407
    outer loop
      vertex 30.0846 29.3159 0.010705
      vertex 30.0427 29.3242 0.010705
      vertex 30.2525 29.9422 0.0960732
    endloop
  endfacet
  facet normal -0.0726721 0.108742 -0.99141
    outer loop
      vertex 4.80093 29.2594 0.010705
      vertex 4.40618 29.7739 0.0960732
      vertex 4.51227 29.8448 0.0960732
    endloop
  endfacet
  facet normal 0.0862602 -0.0983282 -0.991408
    outer loop
      vertex 30.5938 4.22612 0.0960732
      vertex 30.2312 4.76876 0.010705
      vertex 30.6897 4.31025 0.0960732
    endloop
  endfacet
  facet normal 0.0833023 0.245588 -0.965789
    outer loop
      vertex 30.615 30.4849 0.265348
      vertex 30.3733 29.9012 0.0960732
      vertex 30.416 30.5524 0.265348
    endloop
  endfacet
  facet normal -0.144096 0.215616 -0.965788
    outer loop
      vertex 4.40618 29.7739 0.0960732
      vertex 4.0216 30.2751 0.265348
      vertex 4.51227 29.8448 0.0960732
    endloop
  endfacet
  facet normal -0.513463 0.76843 -0.381932
    outer loop
      vertex 2.75782 32.8836 2.78856
      vertex 2.27009 32.5577 2.78856
      vertex 2.63267 33.1003 3.3928
    endloop
  endfacet
  facet normal -0.670289 0.227567 -0.706347
    outer loop
      vertex 1.8156 29.8533 1.2408
      vertex 1.36889 29.973 1.70327
      vertex 1.95422 30.2616 1.2408
    endloop
  endfacet
  facet normal -0.382566 0.0250728 -0.923588
    outer loop
      vertex 3.3928 29 0.265348
      vertex 2.80748 29.2887 0.515635
      vertex 3.40655 29.2098 0.265348
    endloop
  endfacet
  facet normal -0.499729 0.0327456 -0.865563
    outer loop
      vertex 2.80748 29.2887 0.515635
      vertex 2.22215 29 0.842651
      vertex 2.24591 29.3626 0.842651
    endloop
  endfacet
  facet normal -0.608279 0.0398585 -0.792722
    outer loop
      vertex 2.22215 29 0.842651
      vertex 1.73147 29.4303 1.2408
      vertex 2.24591 29.3626 0.842651
    endloop
  endfacet
  facet normal -0.416399 0.278247 -0.865558
    outer loop
      vertex 3.08483 30.1057 0.515635
      vertex 2.59431 30.3889 0.842651
      vertex 2.79618 30.691 0.842651
    endloop
  endfacet
  facet normal 0.59699 0.523517 -0.607892
    outer loop
      vertex 32.9824 31.2885 1.70327
      vertex 32.6582 31.6582 1.70327
      vertex 32.9397 31.9397 2.22215
    endloop
  endfacet
  facet normal 0.330217 0.376525 -0.865555
    outer loop
      vertex 31.9642 30.9642 0.842651
      vertex 31.5637 30.5637 0.515635
      vertex 31.691 31.2038 0.842651
    endloop
  endfacet
  facet normal 0.161015 0.474221 -0.865557
    outer loop
      vertex 31.063 31.5664 0.842651
      vertex 30.5724 31.1361 0.515635
      vertex 30.719 31.6832 0.842651
    endloop
  endfacet
  facet normal 0.195978 0.577196 -0.792741
    outer loop
      vertex 31.063 31.5664 0.842651
      vertex 30.719 31.6832 0.842651
      vertex 31.2616 32.0458 1.2408
    endloop
  endfacet
  facet normal 0.318773 0.213002 -0.923587
    outer loop
      vertex 31.9152 30.1057 0.515635
      vertex 31.2751 29.9784 0.265348
      vertex 31.7545 30.3462 0.515635
    endloop
  endfacet
  facet normal 0.169546 0.343865 -0.923586
    outer loop
      vertex 31.1057 30.9152 0.515635
      vertex 30.615 30.4849 0.265348
      vertex 30.8463 31.0431 0.515635
    endloop
  endfacet
  facet normal -0.297137 0.875106 0.381967
    outer loop
      vertex 3.83936 33.3316 89.2114
      vertex 3.18813 33.3742 88.6072
      vertex 3.28391 33.143 89.2114
    endloop
  endfacet
  facet normal 0 0.923916 0.382595
    outer loop
      vertex 30 33.7346 88.6072
      vertex 5 33.4844 89.2114
      vertex 30 33.4844 89.2114
    endloop
  endfacet
  facet normal 0 0.923916 0.382595
    outer loop
      vertex 5 33.4844 89.2114
      vertex 30 33.7346 88.6072
      vertex 5 33.7346 88.6072
    endloop
  endfacet
  facet normal -0.596978 0.523523 0.607899
    outer loop
      vertex 2.06031 31.9397 89.7778
      vertex 2.01763 31.2885 90.2967
      vertex 2.34184 31.6582 90.2967
    endloop
  endfacet
  facet normal -0.523515 0.596988 0.607896
    outer loop
      vertex 2.71154 31.9824 90.2967
      vertex 2.06031 31.9397 89.7778
      vertex 2.34184 31.6582 90.2967
    endloop
  endfacet
  facet normal -0.0977316 0.49125 0.865519
    outer loop
      vertex 4.63742 31.7541 91.1573
      vertex 4.28104 31.6832 91.1573
      vertex 4.71135 31.1925 91.4844
    endloop
  endfacet
  facet normal -0.278525 0.820517 0.499175
    outer loop
      vertex 3.924 33.0157 89.7778
      vertex 3.28391 33.143 89.2114
      vertex 3.40905 32.8409 89.7778
    endloop
  endfacet
  facet normal -0.597008 0.52351 0.607881
    outer loop
      vertex 2.06031 31.9397 89.7778
      vertex 1.70175 31.5308 89.7778
      vertex 2.01763 31.2885 90.2967
    endloop
  endfacet
  facet normal -0.466726 0.532229 0.706328
    outer loop
      vertex 2.71154 31.9824 90.2967
      vertex 2.34184 31.6582 90.2967
      vertex 2.99308 31.6155 90.7592
    endloop
  endfacet
  facet normal -0.536749 0.803236 0.258288
    outer loop
      vertex 2.63267 33.1003 88.6072
      vertex 2.01468 32.8905 87.9754
      vertex 2.11773 32.7562 88.6072
    endloop
  endfacet
  facet normal -0.523496 0.597033 0.607868
    outer loop
      vertex 2.46917 32.2982 89.7778
      vertex 2.06031 31.9397 89.7778
      vertex 2.71154 31.9824 90.2967
    endloop
  endfacet
  facet normal -0.768427 0.513396 0.382027
    outer loop
      vertex 1.24375 31.8823 88.6072
      vertex 0.899672 31.3673 88.6072
      vertex 1.44231 31.7299 89.2114
    endloop
  endfacet
  facet normal -0.636932 0.726364 0.258288
    outer loop
      vertex 2.01468 32.8905 87.9754
      vertex 1.5324 32.4676 87.9754
      vertex 1.6521 32.3479 88.6072
    endloop
  endfacet
  facet normal -0.980786 0.195088 0
    outer loop
      vertex 0.0533886 29.6512 4.67298
      vertex 0.180711 30.2913 87.327
      vertex 0.180711 30.2913 4.67298
    endloop
  endfacet
  facet normal -0.980786 0.195088 0
    outer loop
      vertex 0.180711 30.2913 87.327
      vertex 0.0533886 29.6512 4.67298
      vertex 0.0533886 29.6512 87.327
    endloop
  endfacet
  facet normal -0.745443 0.653712 0.130289
    outer loop
      vertex 1.47204 32.528 87.327
      vertex 1.10945 31.9853 87.9754
      vertex 1.5324 32.4676 87.9754
    endloop
  endfacet
  facet normal -0.80329 0.536688 0.258247
    outer loop
      vertex 1.10945 31.9853 87.9754
      vertex 0.899672 31.3673 88.6072
      vertex 1.24375 31.8823 88.6072
    endloop
  endfacet
  facet normal -0.946931 0.321437 0
    outer loop
      vertex 0.180711 30.2913 4.67298
      vertex 0.390492 30.9093 87.327
      vertex 0.390492 30.9093 4.67298
    endloop
  endfacet
  facet normal -0.946931 0.321437 0
    outer loop
      vertex 0.390492 30.9093 87.327
      vertex 0.180711 30.2913 4.67298
      vertex 0.180711 30.2913 87.327
    endloop
  endfacet
  facet normal -0.938867 0.3187 0.130225
    outer loop
      vertex 0.390492 30.9093 87.327
      vertex 0.180711 30.2913 87.327
      vertex 0.469362 30.8767 87.9754
    endloop
  endfacet
  facet normal -0.441202 0.660139 0.607913
    outer loop
      vertex 2.92133 32.6004 89.7778
      vertex 2.46917 32.2982 89.7778
      vertex 3.1204 32.2556 90.2967
    endloop
  endfacet
  facet normal 0.12323 0.362933 0.923631
    outer loop
      vertex 30.8463 31.0431 91.4844
      vertex 30.5724 31.1361 91.4844
      vertex 30.615 30.4849 91.7346
    endloop
  endfacet
  facet normal 0.0977271 0.491254 0.865516
    outer loop
      vertex 30.3626 31.7541 91.1573
      vertex 30.2887 31.1925 91.4844
      vertex 30.719 31.6832 91.1573
    endloop
  endfacet
  facet normal 0.0518345 0.792265 0.607972
    outer loop
      vertex 30.5426 33.1218 89.7778
      vertex 30 33.1573 89.7778
      vertex 30.4907 32.727 90.2967
    endloop
  endfacet
  facet normal -0.168988 0.84983 0.499231
    outer loop
      vertex 4.41467 33.446 89.2114
      vertex 3.83936 33.3316 89.2114
      vertex 3.924 33.0157 89.7778
    endloop
  endfacet
  facet normal 0.195963 0.577151 0.792777
    outer loop
      vertex 31.2616 32.0458 90.7592
      vertex 30.719 31.6832 91.1573
      vertex 31.063 31.5664 91.1573
    endloop
  endfacet
  facet normal 0.0833139 0.245622 0.965779
    outer loop
      vertex 30.416 30.5524 91.7346
      vertex 30.3733 29.9012 91.9039
      vertex 30.615 30.4849 91.7346
    endloop
  endfacet
  facet normal 0.128332 -0.0255331 0.991403
    outer loop
      vertex 30.9671 4.87268 91.9039
      vertex 30.3242 4.95732 91.9893
      vertex 30.9422 4.74753 91.9039
    endloop
  endfacet
  facet normal -0 0.500036 0.866005
    outer loop
      vertex 5 31.7779 91.1573
      vertex 30 31.2114 91.4844
      vertex 30 31.7779 91.1573
    endloop
  endfacet
  facet normal 0 0.500036 0.866005
    outer loop
      vertex 30 31.2114 91.4844
      vertex 5 31.7779 91.1573
      vertex 5 31.2114 91.4844
    endloop
  endfacet
  facet normal -0.0250434 0.382475 0.923626
    outer loop
      vertex 5 31.2114 91.4844
      vertex 4.71135 31.1925 91.4844
      vertex 5 30.6072 91.7346
    endloop
  endfacet
  facet normal 0.458226 -0.401947 0.792759
    outer loop
      vertex 32.6155 2.99308 90.7592
      vertex 31.9642 3.03576 91.1573
      vertex 32.3311 2.66886 90.7592
    endloop
  endfacet
  facet normal -0.117356 -0.0578677 0.991402
    outer loop
      vertex 4.69788 4.87486 91.9893
      vertex 4.0988 4.62671 91.9039
      vertex 4.7168 4.83649 91.9893
    endloop
  endfacet
  facet normal -0.108803 0.072696 0.991402
    outer loop
      vertex 4.22612 29.5938 91.9039
      vertex 4.15523 29.4877 91.9039
      vertex 4.74056 29.1991 91.9893
    endloop
  endfacet
  facet normal -0.171102 0.194939 0.965776
    outer loop
      vertex 4.40618 29.7739 91.9039
      vertex 4.0216 30.2751 91.7346
      vertex 4.31025 29.6897 91.9039
    endloop
  endfacet
  facet normal -0 0.258871 0.965912
    outer loop
      vertex 5 30.6072 91.7346
      vertex 30 29.9755 91.9039
      vertex 30 30.6072 91.7346
    endloop
  endfacet
  facet normal 0 0.258871 0.965912
    outer loop
      vertex 30 29.9755 91.9039
      vertex 5 30.6072 91.7346
      vertex 5 29.9755 91.9039
    endloop
  endfacet
  facet normal -0.161033 0.474302 0.865509
    outer loop
      vertex 4.42764 31.1361 91.4844
      vertex 3.93696 31.5664 91.1573
      vertex 4.15372 31.0431 91.4844
    endloop
  endfacet
  facet normal -0.123226 0.362948 0.923626
    outer loop
      vertex 4.42764 31.1361 91.4844
      vertex 4.15372 31.0431 91.4844
      vertex 4.38495 30.4849 91.7346
    endloop
  endfacet
  facet normal -0.232631 0.1147 0.965778
    outer loop
      vertex 3.60813 29.8036 91.7346
      vertex 3.51514 29.615 91.7346
      vertex 4.15523 29.4877 91.9039
    endloop
  endfacet
  facet normal -0.288177 0.252708 0.92363
    outer loop
      vertex 3.43627 30.5637 91.4844
      vertex 3.24554 30.3462 91.4844
      vertex 3.72492 29.9784 91.7346
    endloop
  endfacet
  facet normal 0.288192 -0.25271 0.923625
    outer loop
      vertex 31.2751 4.0216 91.7346
      vertex 31.1365 3.86354 91.7346
      vertex 31.5637 3.43627 91.4844
    endloop
  endfacet
  facet normal -0.441117 -0.660186 0.607924
    outer loop
      vertex 3.1204 1.74444 90.2967
      vertex 2.46917 1.70175 89.7778
      vertex 2.92133 1.39963 89.7778
    endloop
  endfacet
  facet normal -0.536716 -0.803262 0.258275
    outer loop
      vertex 2.63267 0.899672 88.6072
      vertex 2.01468 1.10945 87.9754
      vertex 2.54804 0.753075 87.9754
    endloop
  endfacet
  facet normal -0.318679 -0.212934 0.923636
    outer loop
      vertex 3.72492 4.0216 91.7346
      vertex 3.08483 3.89428 91.4844
      vertex 3.24554 3.65376 91.4844
    endloop
  endfacet
  facet normal -0.481383 -0.720465 0.4992
    outer loop
      vertex 2.92133 1.39963 89.7778
      vertex 2.27009 1.44231 89.2114
      vertex 2.75782 1.11643 89.2114
    endloop
  endfacet
  facet normal -0.608229 -0.0398598 0.79276
    outer loop
      vertex 2.22215 5 91.1573
      vertex 1.70327 5 90.7592
      vertex 1.73147 4.56969 90.7592
    endloop
  endfacet
  facet normal -0.792295 -0.0519294 0.607924
    outer loop
      vertex 1.2408 5 90.2967
      vertex 0.842651 5 89.7778
      vertex 1.27296 4.50933 90.2967
    endloop
  endfacet
  facet normal -0.824388 -0.550831 0.130263
    outer loop
      vertex 0.753075 2.54804 87.9754
      vertex 0.679144 2.50535 87.327
      vertex 1.10945 2.01468 87.9754
    endloop
  endfacet
  facet normal -0.849836 -0.169041 0.499203
    outer loop
      vertex 0.878218 4.45736 89.7778
      vertex 0.554 4.41467 89.2114
      vertex 0.984309 3.924 89.7778
    endloop
  endfacet
  facet normal -0.989357 0.0648485 0.130259
    outer loop
      vertex 0.0533886 29.6512 87.327
      vertex 0.010705 29 87.327
      vertex 0.0960732 29 87.9754
    endloop
  endfacet
  facet normal -0.989357 -0.0648455 0.130259
    outer loop
      vertex 0.0960732 5 87.9754
      vertex 0.010705 5 87.327
      vertex 0.0533886 4.34877 87.327
    endloop
  endfacet
  facet normal -0.964002 -0.0631841 0.25828
    outer loop
      vertex 0.265348 5 88.6072
      vertex 0.0960732 5 87.9754
      vertex 0.138027 4.35991 87.9754
    endloop
  endfacet
  facet normal -0.989357 -0.064846 0.130259
    outer loop
      vertex 0.0960732 5 87.9754
      vertex 0.0533886 4.34877 87.327
      vertex 0.138027 4.35991 87.9754
    endloop
  endfacet
  facet normal -0.906401 -0.180296 0.382008
    outer loop
      vertex 0.554 4.41467 89.2114
      vertex 0.426679 3.77458 88.6072
      vertex 0.668437 3.83936 89.2114
    endloop
  endfacet
  facet normal -0.706371 -0.0462977 0.706326
    outer loop
      vertex 1.70327 5 90.7592
      vertex 1.2408 5 90.2967
      vertex 1.27296 4.50933 90.2967
    endloop
  endfacet
  facet normal -0.9148 -0.310534 0.258281
    outer loop
      vertex 0.625752 3.18813 88.6072
      vertex 0.26317 3.73077 87.9754
      vertex 0.469362 3.12335 87.9754
    endloop
  endfacet
  facet normal -0.9148 -0.310533 0.258282
    outer loop
      vertex 0.426679 3.77458 88.6072
      vertex 0.26317 3.73077 87.9754
      vertex 0.625752 3.18813 88.6072
    endloop
  endfacet
  facet normal -0.963996 -0.0631854 -0.2583
    outer loop
      vertex 0.305855 4.382 3.3928
      vertex 0.138027 4.35991 4.02455
      vertex 0.265348 5 3.3928
    endloop
  endfacet
  facet normal -0.751837 -0.659349 0
    outer loop
      vertex 1.47204 1.47204 4.67298
      vertex 1.04173 1.96271 87.327
      vertex 1.04173 1.96271 4.67298
    endloop
  endfacet
  facet normal -0.751837 -0.659349 0
    outer loop
      vertex 1.04173 1.96271 87.327
      vertex 1.47204 1.47204 4.67298
      vertex 1.47204 1.47204 87.327
    endloop
  endfacet
  facet normal -0.449245 -0.221542 0.865505
    outer loop
      vertex 3.08483 3.89428 91.4844
      vertex 2.4336 3.93696 91.1573
      vertex 2.59431 3.61107 91.1573
    endloop
  endfacet
  facet normal -0.278285 -0.416484 0.865505
    outer loop
      vertex 3.89428 3.08483 91.4844
      vertex 3.30895 2.79618 91.1573
      vertex 3.61107 2.59431 91.1573
    endloop
  endfacet
  facet normal -0.108795 -0.0726974 0.991402
    outer loop
      vertex 4.74056 4.80093 91.9893
      vertex 4.15523 4.51227 91.9039
      vertex 4.22612 4.40618 91.9039
    endloop
  endfacet
  facet normal -0.0862765 -0.0983776 0.991402
    outer loop
      vertex 4.76876 4.76876 91.9893
      vertex 4.31025 4.31025 91.9039
      vertex 4.40618 4.22612 91.9039
    endloop
  endfacet
  facet normal -0.0862517 -0.0983942 0.991403
    outer loop
      vertex 4.76876 4.76876 91.9893
      vertex 4.40618 4.22612 91.9039
      vertex 4.80093 4.74056 91.9893
    endloop
  endfacet
  facet normal 0.0420645 -0.123899 0.991403
    outer loop
      vertex 30.1251 4.69788 91.9893
      vertex 30.0846 4.68413 91.9893
      vertex 30.3733 4.0988 91.9039
    endloop
  endfacet
  facet normal -0.0420655 -0.123902 0.991402
    outer loop
      vertex 4.87486 4.69788 91.9893
      vertex 4.62671 4.0988 91.9039
      vertex 4.91536 4.68413 91.9893
    endloop
  endfacet
  facet normal 0.0578282 -0.117368 0.991403
    outer loop
      vertex 30.1635 4.7168 91.9893
      vertex 30.1251 4.69788 91.9893
      vertex 30.3733 4.0988 91.9039
    endloop
  endfacet
  facet normal -0.13057 0.00856199 0.991402
    outer loop
      vertex 4.67578 29.0427 91.9893
      vertex 4.02455 29 91.9039
      vertex 4.67298 29 91.9893
    endloop
  endfacet
  facet normal -0.123902 -0.0420655 0.991402
    outer loop
      vertex 4.68413 4.91536 91.9893
      vertex 4.0988 4.62671 91.9039
      vertex 4.69788 4.87486 91.9893
    endloop
  endfacet
  facet normal -0.828849 0.40874 0.382021
    outer loop
      vertex 1.11643 31.2422 89.2114
      vertex 0.625752 30.8119 88.6072
      vertex 0.856988 30.7161 89.2114
    endloop
  endfacet
  facet normal -0.777155 0.383193 0.499192
    outer loop
      vertex 1.39963 31.0787 89.7778
      vertex 1.11643 31.2422 89.2114
      vertex 1.15911 30.5909 89.7778
    endloop
  endfacet
  facet normal -0.86463 -0.0566715 0.499202
    outer loop
      vertex 0.878218 4.45736 89.7778
      vertex 0.515635 5 89.2114
      vertex 0.554 4.41467 89.2114
    endloop
  endfacet
  facet normal -0.694287 -0.138102 0.706323
    outer loop
      vertex 1.73147 4.56969 90.7592
      vertex 1.36889 4.02705 90.2967
      vertex 1.8156 4.14674 90.7592
    endloop
  endfacet
  facet normal -0.376608 0.330263 0.865502
    outer loop
      vertex 3.03576 30.9642 91.1573
      vertex 2.79618 30.691 91.1573
      vertex 3.43627 30.5637 91.4844
    endloop
  endfacet
  facet normal -0.792299 0.0519346 0.607919
    outer loop
      vertex 0.878218 29.5426 89.7778
      vertex 0.842651 29 89.7778
      vertex 1.27296 29.4907 90.2967
    endloop
  endfacet
  facet normal -0.0631858 -0.964001 0.258281
    outer loop
      vertex 4.382 0.305855 88.6072
      vertex 4.35991 0.138027 87.9754
      vertex 5 0.265348 88.6072
    endloop
  endfacet
  facet normal -0.0604446 -0.92218 0.382008
    outer loop
      vertex 4.41467 0.554 89.2114
      vertex 4.382 0.305855 88.6072
      vertex 5 0.265348 88.6072
    endloop
  endfacet
  facet normal -0.180295 -0.906401 0.382008
    outer loop
      vertex 4.41467 0.554 89.2114
      vertex 3.77458 0.426679 88.6072
      vertex 4.382 0.305855 88.6072
    endloop
  endfacet
  facet normal -0.180296 -0.906401 0.382008
    outer loop
      vertex 3.83936 0.668437 89.2114
      vertex 3.77458 0.426679 88.6072
      vertex 4.41467 0.554 89.2114
    endloop
  endfacet
  facet normal -0.227542 -0.670317 0.706328
    outer loop
      vertex 3.7384 1.95422 90.7592
      vertex 3.56142 1.52695 90.2967
      vertex 4.02705 1.36889 90.2967
    endloop
  endfacet
  facet normal -0.195937 -0.577182 0.792761
    outer loop
      vertex 4.28104 2.3168 91.1573
      vertex 3.7384 1.95422 90.7592
      vertex 4.14674 1.8156 90.7592
    endloop
  endfacet
  facet normal -0.118914 -0.597821 0.792761
    outer loop
      vertex 4.28104 2.3168 91.1573
      vertex 4.14674 1.8156 90.7592
      vertex 4.56969 1.73147 90.7592
    endloop
  endfacet
  facet normal -0.227555 -0.670319 0.706323
    outer loop
      vertex 4.14674 1.8156 90.7592
      vertex 3.7384 1.95422 90.7592
      vertex 4.02705 1.36889 90.2967
    endloop
  endfacet
  facet normal -0.0250678 -0.382453 0.923635
    outer loop
      vertex 4.79022 3.40655 91.7346
      vertex 4.71135 2.80748 91.4844
      vertex 5 3.3928 91.7346
    endloop
  endfacet
  facet normal -0.19593 -0.577189 0.792757
    outer loop
      vertex 3.93696 2.4336 91.1573
      vertex 3.7384 1.95422 90.7592
      vertex 4.28104 2.3168 91.1573
    endloop
  endfacet
  facet normal -0.114726 -0.232622 0.965777
    outer loop
      vertex 4.51227 4.15523 91.9039
      vertex 4.1964 3.60813 91.7346
      vertex 4.38495 3.51514 91.7346
    endloop
  endfacet
  facet normal -0.161009 -0.474316 0.865506
    outer loop
      vertex 4.42764 2.86391 91.4844
      vertex 3.93696 2.4336 91.1573
      vertex 4.28104 2.3168 91.1573
    endloop
  endfacet
  facet normal -0.128337 0.0255238 0.991402
    outer loop
      vertex 4.05779 29.2525 91.9039
      vertex 4.03289 29.1273 91.9039
      vertex 4.67578 29.0427 91.9893
    endloop
  endfacet
  facet normal 0.0862918 -0.0983642 0.991402
    outer loop
      vertex 30.6897 4.31025 91.9039
      vertex 30.2312 4.76876 91.9893
      vertex 30.5938 4.22612 91.9039
    endloop
  endfacet
  facet normal 0.16903 -0.849841 -0.499199
    outer loop
      vertex 30.5853 0.554 2.78856
      vertex 30.5426 0.878218 2.22215
      vertex 31.076 0.984309 2.22215
    endloop
  endfacet
  facet normal 0.188477 -0.947501 -0.258299
    outer loop
      vertex 31.2692 0.26317 4.02455
      vertex 30.618 0.305855 3.3928
      vertex 31.2254 0.426679 3.3928
    endloop
  endfacet
  facet normal -0.0726987 0.108781 0.991404
    outer loop
      vertex 4.51227 29.8448 91.9039
      vertex 4.40618 29.7739 91.9039
      vertex 4.80093 29.2594 91.9893
    endloop
  endfacet
  facet normal 0.660216 -0.441156 0.607862
    outer loop
      vertex 33.2556 3.1204 90.2967
      vertex 32.9824 2.71154 90.2967
      vertex 33.2982 2.46917 89.7778
    endloop
  endfacet
  facet normal 0.849845 -0.169058 0.499182
    outer loop
      vertex 34.1218 4.45736 89.7778
      vertex 34.0157 3.924 89.7778
      vertex 34.446 4.41467 89.2114
    endloop
  endfacet
  facet normal 0.923916 -0 0.382595
    outer loop
      vertex 34.4844 5 89.2114
      vertex 34.7346 29 88.6072
      vertex 34.4844 29 89.2114
    endloop
  endfacet
  facet normal 0.923916 0 0.382595
    outer loop
      vertex 34.7346 29 88.6072
      vertex 34.4844 5 89.2114
      vertex 34.7346 5 88.6072
    endloop
  endfacet
  facet normal 0 -0.793366 0.608745
    outer loop
      vertex 5 0.842651 89.7778
      vertex 30 1.2408 90.2967
      vertex 5 1.2408 90.2967
    endloop
  endfacet
  facet normal 0 -0.793366 0.608745
    outer loop
      vertex 30 1.2408 90.2967
      vertex 5 0.842651 89.7778
      vertex 30 0.842651 89.7778
    endloop
  endfacet
  facet normal 0.0519263 -0.792296 0.607924
    outer loop
      vertex 30 1.2408 90.2967
      vertex 30 0.842651 89.7778
      vertex 30.4907 1.27296 90.2967
    endloop
  endfacet
  facet normal -0.278522 -0.820503 0.499199
    outer loop
      vertex 3.40905 1.15911 89.7778
      vertex 3.28391 0.856988 89.2114
      vertex 3.924 0.984309 89.7778
    endloop
  endfacet
  facet normal -0.1549 -0.77874 0.607923
    outer loop
      vertex 4.02705 1.36889 90.2967
      vertex 3.924 0.984309 89.7778
      vertex 4.45736 0.878218 89.7778
    endloop
  endfacet
  facet normal 0.0327562 -0.499827 0.865506
    outer loop
      vertex 30 2.78856 91.4844
      vertex 30 2.22215 91.1573
      vertex 30.2887 2.80748 91.4844
    endloop
  endfacet
  facet normal 0.0833944 -0.245604 0.965776
    outer loop
      vertex 30.615 3.51514 91.7346
      vertex 30.3733 4.0988 91.9039
      vertex 30.416 3.44757 91.7346
    endloop
  endfacet
  facet normal 0 -0.608713 0.793391
    outer loop
      vertex 5 2.22215 91.1573
      vertex 30 1.70327 90.7592
      vertex 30 2.22215 91.1573
    endloop
  endfacet
  facet normal 0 -0.608713 0.793391
    outer loop
      vertex 30 1.70327 90.7592
      vertex 5 2.22215 91.1573
      vertex 5 1.70327 90.7592
    endloop
  endfacet
  facet normal 0.138086 -0.69429 0.706324
    outer loop
      vertex 30.8533 1.8156 90.7592
      vertex 30.4303 1.73147 90.7592
      vertex 30.973 1.36889 90.2967
    endloop
  endfacet
  facet normal 0.227574 -0.67031 0.706324
    outer loop
      vertex 31.2616 1.95422 90.7592
      vertex 30.8533 1.8156 90.7592
      vertex 30.973 1.36889 90.2967
    endloop
  endfacet
  facet normal 0.31051 -0.914809 0.258278
    outer loop
      vertex 31.8119 0.625752 88.6072
      vertex 31.2254 0.426679 88.6072
      vertex 31.2692 0.26317 87.9754
    endloop
  endfacet
  facet normal 0.297037 -0.875118 0.382017
    outer loop
      vertex 31.8119 0.625752 88.6072
      vertex 31.1606 0.668437 89.2114
      vertex 31.2254 0.426679 88.6072
    endloop
  endfacet
  facet normal 0.571345 -0.651454 0.499171
    outer loop
      vertex 32.9397 2.06031 89.7778
      vertex 32.7299 1.44231 89.2114
      vertex 33.1709 1.82908 89.2114
    endloop
  endfacet
  facet normal 0.310496 -0.914811 0.25829
    outer loop
      vertex 31.8119 0.625752 88.6072
      vertex 31.2692 0.26317 87.9754
      vertex 31.8767 0.469362 87.9754
    endloop
  endfacet
  facet normal 0.513396 -0.768427 0.382027
    outer loop
      vertex 32.7299 1.44231 89.2114
      vertex 32.3673 0.899672 88.6072
      vertex 32.8823 1.24375 88.6072
    endloop
  endfacet
  facet normal 0.427314 -0.866422 0.258293
    outer loop
      vertex 32.3673 0.899672 88.6072
      vertex 31.8119 0.625752 88.6072
      vertex 31.8767 0.469362 87.9754
    endloop
  endfacet
  facet normal -0.438522 -0.88923 0.130262
    outer loop
      vertex 2.54804 0.753075 87.9754
      vertex 2.50535 0.679144 87.327
      vertex 3.12335 0.469362 87.9754
    endloop
  endfacet
  facet normal -0.310533 -0.9148 0.258282
    outer loop
      vertex 3.77458 0.426679 88.6072
      vertex 3.18813 0.625752 88.6072
      vertex 3.73077 0.26317 87.9754
    endloop
  endfacet
  facet normal -0.0604442 -0.922189 -0.381987
    outer loop
      vertex 5 0.265348 3.3928
      vertex 4.41467 0.554 2.78856
      vertex 5 0.515635 2.78856
    endloop
  endfacet
  facet normal 0 -0.866026 -0.499999
    outer loop
      vertex 5 0.842651 2.22215
      vertex 30 0.515635 2.78856
      vertex 5 0.515635 2.78856
    endloop
  endfacet
  facet normal 0 -0.866026 -0.499999
    outer loop
      vertex 30 0.515635 2.78856
      vertex 5 0.842651 2.22215
      vertex 30 0.842651 2.22215
    endloop
  endfacet
  facet normal 0 -0.923878 -0.382687
    outer loop
      vertex 5 0.515635 2.78856
      vertex 30 0.265348 3.3928
      vertex 5 0.265348 3.3928
    endloop
  endfacet
  facet normal 0 -0.923878 -0.382687
    outer loop
      vertex 30 0.265348 3.3928
      vertex 5 0.515635 2.78856
      vertex 30 0.515635 2.78856
    endloop
  endfacet
  facet normal -0.0977033 -0.491176 -0.865563
    outer loop
      vertex 4.63742 2.24591 0.842651
      vertex 4.28104 2.3168 0.842651
      vertex 4.71135 2.80748 0.515635
    endloop
  endfacet
  facet normal 0 -0.499999 -0.866026
    outer loop
      vertex 5 2.22215 0.842651
      vertex 30 2.78856 0.515635
      vertex 30 2.22215 0.842651
    endloop
  endfacet
  facet normal -0 -0.499999 -0.866026
    outer loop
      vertex 30 2.78856 0.515635
      vertex 5 2.22215 0.842651
      vertex 5 2.78856 0.515635
    endloop
  endfacet
  facet normal -0.382567 -0.0250753 -0.923588
    outer loop
      vertex 3.40655 4.79022 0.265348
      vertex 2.80748 4.71135 0.515635
      vertex 3.3928 5 0.265348
    endloop
  endfacet
  facet normal -0.00856287 -0.130523 -0.991408
    outer loop
      vertex 5 4.02455 0.0960732
      vertex 4.95732 4.67578 0.010705
      vertex 5 4.67298 0.010705
    endloop
  endfacet
  facet normal -0.0833511 -0.245575 -0.965787
    outer loop
      vertex 4.58403 3.44757 0.265348
      vertex 4.38495 3.51514 0.265348
      vertex 4.62671 4.0988 0.0960732
    endloop
  endfacet
  facet normal 0.0747922 -0.376015 -0.92359
    outer loop
      vertex 30.5724 2.86391 0.515635
      vertex 30.2887 2.80748 0.515635
      vertex 30.416 3.44757 0.265348
    endloop
  endfacet
  facet normal 0.123235 -0.363026 -0.923594
    outer loop
      vertex 30.8463 2.95689 0.515635
      vertex 30.5724 2.86391 0.515635
      vertex 30.615 3.51514 0.265348
    endloop
  endfacet
  facet normal -0.536713 -0.803258 -0.258294
    outer loop
      vertex 2.54804 0.753075 4.02455
      vertex 2.01468 1.10945 4.02455
      vertex 2.63267 0.899672 3.3928
    endloop
  endfacet
  facet normal -0.427282 -0.866437 -0.258295
    outer loop
      vertex 3.12335 0.469362 4.02455
      vertex 2.54804 0.753075 4.02455
      vertex 2.63267 0.899672 3.3928
    endloop
  endfacet
  facet normal 0 -0.707107 -0.707107
    outer loop
      vertex 5 1.70327 1.2408
      vertex 30 1.2408 1.70327
      vertex 5 1.2408 1.70327
    endloop
  endfacet
  facet normal 0 -0.707107 -0.707107
    outer loop
      vertex 30 1.2408 1.70327
      vertex 5 1.70327 1.2408
      vertex 30 1.70327 1.2408
    endloop
  endfacet
  facet normal -0.408744 -0.82886 -0.381994
    outer loop
      vertex 3.18813 0.625752 3.3928
      vertex 2.63267 0.899672 3.3928
      vertex 2.75782 1.11643 2.78856
    endloop
  endfacet
  facet normal -0.0604452 -0.922189 -0.381986
    outer loop
      vertex 5 0.265348 3.3928
      vertex 4.382 0.305855 3.3928
      vertex 4.41467 0.554 2.78856
    endloop
  endfacet
  facet normal -0.0519298 -0.792285 -0.607938
    outer loop
      vertex 5 0.842651 2.22215
      vertex 4.45736 0.878218 2.22215
      vertex 4.50933 1.27296 1.70327
    endloop
  endfacet
  facet normal -0.154898 -0.778729 -0.607937
    outer loop
      vertex 4.45736 0.878218 2.22215
      vertex 3.924 0.984309 2.22215
      vertex 4.02705 1.36889 1.70327
    endloop
  endfacet
  facet normal -0.660174 -0.441112 -0.60794
    outer loop
      vertex 2.01763 2.71154 1.70327
      vertex 1.70175 2.46917 2.22215
      vertex 1.74444 3.1204 1.70327
    endloop
  endfacet
  facet normal -0.777131 -0.383243 -0.499192
    outer loop
      vertex 1.11643 2.75782 2.78856
      vertex 0.856988 3.28391 2.78856
      vertex 1.15911 3.40905 2.22215
    endloop
  endfacet
  facet normal -0.466719 -0.532205 -0.706351
    outer loop
      vertex 2.71154 2.01763 1.70327
      vertex 2.34184 2.34184 1.70327
      vertex 2.99308 2.38453 1.2408
    endloop
  endfacet
  facet normal -0.588566 -0.393275 -0.706346
    outer loop
      vertex 2.38453 2.99308 1.2408
      vertex 1.74444 3.1204 1.70327
      vertex 2.14495 3.35163 1.2408
    endloop
  endfacet
  facet normal -0.866026 0 -0.499999
    outer loop
      vertex 0.842651 5 2.22215
      vertex 0.515635 29 2.78856
      vertex 0.842651 29 2.22215
    endloop
  endfacet
  facet normal -0.866026 -0 -0.499999
    outer loop
      vertex 0.515635 29 2.78856
      vertex 0.842651 5 2.22215
      vertex 0.515635 5 2.78856
    endloop
  endfacet
  facet normal -0.84984 -0.169042 -0.499196
    outer loop
      vertex 0.984309 3.924 2.22215
      vertex 0.554 4.41467 2.78856
      vertex 0.878218 4.45736 2.22215
    endloop
  endfacet
  facet normal -0.864634 -0.0566719 -0.499195
    outer loop
      vertex 0.878218 4.45736 2.22215
      vertex 0.515635 5 2.78856
      vertex 0.842651 5 2.22215
    endloop
  endfacet
  facet normal -0.914796 -0.310531 -0.258301
    outer loop
      vertex 0.625752 3.18813 3.3928
      vertex 0.26317 3.73077 4.02455
      vertex 0.426679 3.77458 3.3928
    endloop
  endfacet
  facet normal -0.820505 -0.278526 -0.499195
    outer loop
      vertex 0.856988 3.28391 2.78856
      vertex 0.668437 3.83936 2.78856
      vertex 0.984309 3.924 2.22215
    endloop
  endfacet
  facet normal -0.914795 -0.310532 -0.2583
    outer loop
      vertex 0.469362 3.12335 4.02455
      vertex 0.26317 3.73077 4.02455
      vertex 0.625752 3.18813 3.3928
    endloop
  endfacet
  facet normal -0.803258 -0.536713 -0.258294
    outer loop
      vertex 1.10945 2.01468 4.02455
      vertex 0.753075 2.54804 4.02455
      vertex 0.899672 2.63267 3.3928
    endloop
  endfacet
  facet normal -0.694827 -0.609352 -0.381977
    outer loop
      vertex 1.6521 1.6521 3.3928
      vertex 1.24375 2.11773 3.3928
      vertex 1.44231 2.27009 2.78856
    endloop
  endfacet
  facet normal -0.726322 -0.636973 -0.258306
    outer loop
      vertex 1.6521 1.6521 3.3928
      vertex 1.10945 2.01468 4.02455
      vertex 1.24375 2.11773 3.3928
    endloop
  endfacet
  facet normal -0.694814 -0.609359 -0.381988
    outer loop
      vertex 1.6521 1.6521 3.3928
      vertex 1.44231 2.27009 2.78856
      vertex 1.82908 1.82908 2.78856
    endloop
  endfacet
  facet normal -0.532205 -0.466719 -0.706351
    outer loop
      vertex 2.34184 2.34184 1.70327
      vertex 2.01763 2.71154 1.70327
      vertex 2.38453 2.99308 1.2408
    endloop
  endfacet
  facet normal -0.653731 -0.745434 -0.130243
    outer loop
      vertex 2.01468 1.10945 4.02455
      vertex 1.47204 1.47204 4.67298
      vertex 1.5324 1.5324 4.02455
    endloop
  endfacet
  facet normal -0.745434 -0.653731 -0.130243
    outer loop
      vertex 1.47204 1.47204 4.67298
      vertex 1.10945 2.01468 4.02455
      vertex 1.5324 1.5324 4.02455
    endloop
  endfacet
  facet normal -0.427279 -0.866443 0.258281
    outer loop
      vertex 3.18813 0.625752 88.6072
      vertex 2.63267 0.899672 88.6072
      vertex 3.12335 0.469362 87.9754
    endloop
  endfacet
  facet normal -0.513421 -0.768415 0.382017
    outer loop
      vertex 2.75782 1.11643 89.2114
      vertex 2.27009 1.44231 89.2114
      vertex 2.63267 0.899672 88.6072
    endloop
  endfacet
  facet normal 0.00855886 -0.130523 -0.991408
    outer loop
      vertex 30.0427 4.67578 0.010705
      vertex 30 4.02455 0.0960732
      vertex 30 4.67298 0.010705
    endloop
  endfacet
  facet normal -0.130522 -0.00854973 -0.991409
    outer loop
      vertex 4.03289 4.87268 0.0960732
      vertex 4.02455 5 0.0960732
      vertex 4.67578 4.95732 0.010705
    endloop
  endfacet
  facet normal 0.221495 -0.449164 -0.865558
    outer loop
      vertex 31.3889 2.59431 0.842651
      vertex 31.063 2.4336 0.842651
      vertex 31.1057 3.08483 0.515635
    endloop
  endfacet
  facet normal 0.0726694 -0.108763 -0.991408
    outer loop
      vertex 30.4877 4.15523 0.0960732
      vertex 30.1991 4.74056 0.010705
      vertex 30.5938 4.22612 0.0960732
    endloop
  endfacet
  facet normal -0.00856196 0.130509 -0.99141
    outer loop
      vertex 5 29.327 0.010705
      vertex 4.95732 29.3242 0.010705
      vertex 5 29.9755 0.0960732
    endloop
  endfacet
  facet normal -0.215636 -0.144074 -0.965787
    outer loop
      vertex 3.72492 4.0216 0.265348
      vertex 3.60813 4.1964 0.265348
      vertex 4.15523 4.51227 0.0960732
    endloop
  endfacet
  facet normal 0.278283 0.41639 -0.865551
    outer loop
      vertex 31.691 31.2038 0.842651
      vertex 31.1057 30.9152 0.515635
      vertex 31.3889 31.4057 0.842651
    endloop
  endfacet
  facet normal -0.123854 0.0420491 -0.991409
    outer loop
      vertex 4.68413 29.0846 0.010705
      vertex 4.0988 29.3733 0.0960732
      vertex 4.69788 29.1251 0.010705
    endloop
  endfacet
  facet normal 0.720336 0.481499 -0.499274
    outer loop
      vertex 33.6004 31.0787 2.22215
      vertex 33.2982 31.5308 2.22215
      vertex 33.5577 31.7299 2.78856
    endloop
  endfacet
  facet normal 0.343865 0.169546 -0.923586
    outer loop
      vertex 32.0431 29.8463 0.515635
      vertex 31.4849 29.615 0.265348
      vertex 31.9152 30.1057 0.515635
    endloop
  endfacet
  facet normal 0.499672 0.0327115 -0.865597
    outer loop
      vertex 32.2114 29 0.515635
      vertex 32.1925 29.2887 0.515635
      vertex 32.7779 29 0.842651
    endloop
  endfacet
  facet normal 0.117315 0.0578371 -0.991409
    outer loop
      vertex 30.9012 29.3733 0.0960732
      vertex 30.2832 29.1635 0.010705
      vertex 30.8448 29.4877 0.0960732
    endloop
  endfacet
  facet normal 0.608335 0.0398676 -0.792679
    outer loop
      vertex 33.2967 29 1.2408
      vertex 32.7779 29 0.842651
      vertex 33.2685 29.4303 1.2408
    endloop
  endfacet
  facet normal 0.778707 0.154837 -0.607981
    outer loop
      vertex 33.727 29.4907 1.70327
      vertex 33.6311 29.973 1.70327
      vertex 34.1218 29.5426 2.22215
    endloop
  endfacet
  facet normal 0.499672 -0.0327171 -0.865597
    outer loop
      vertex 32.7779 5 0.842651
      vertex 32.1925 4.71135 0.515635
      vertex 32.2114 5 0.515635
    endloop
  endfacet
  facet normal 0.597025 -0.523488 -0.607883
    outer loop
      vertex 33.2982 2.46917 2.22215
      vertex 32.9397 2.06031 2.22215
      vertex 32.9824 2.71154 1.70327
    endloop
  endfacet
  facet normal -0.123855 0.042047 -0.991409
    outer loop
      vertex 4.68413 29.0846 0.010705
      vertex 4.05779 29.2525 0.0960732
      vertex 4.0988 29.3733 0.0960732
    endloop
  endfacet
  facet normal 0.0169539 -0.258781 -0.965787
    outer loop
      vertex 30.2098 3.40655 0.265348
      vertex 30 4.02455 0.0960732
      vertex 30.1273 4.03289 0.0960732
    endloop
  endfacet
  facet normal -0.12829 0.0255145 -0.991408
    outer loop
      vertex 4.67578 29.0427 0.010705
      vertex 4.03289 29.1273 0.0960732
      vertex 4.05779 29.2525 0.0960732
    endloop
  endfacet
  facet normal 0.0255145 -0.12829 -0.991408
    outer loop
      vertex 30.1273 4.03289 0.0960732
      vertex 30.0427 4.67578 0.010705
      vertex 30.2525 4.05779 0.0960732
    endloop
  endfacet
  facet normal 0.0833829 -0.24557 -0.965786
    outer loop
      vertex 30.416 3.44757 0.265348
      vertex 30.3733 4.0988 0.0960732
      vertex 30.615 3.51514 0.265348
    endloop
  endfacet
  facet normal -0.258781 0.0169539 -0.965787
    outer loop
      vertex 4.02455 29 0.0960732
      vertex 3.40655 29.2098 0.265348
      vertex 4.03289 29.1273 0.0960732
    endloop
  endfacet
  facet normal 0.318773 0.213002 -0.923587
    outer loop
      vertex 31.3919 29.8036 0.265348
      vertex 31.2751 29.9784 0.265348
      vertex 31.9152 30.1057 0.515635
    endloop
  endfacet
  facet normal 0.123864 0.04204 -0.991408
    outer loop
      vertex 30.9422 29.2525 0.0960732
      vertex 30.3159 29.0846 0.010705
      vertex 30.9012 29.3733 0.0960732
    endloop
  endfacet
  facet normal 0.0983515 -0.0862142 -0.99141
    outer loop
      vertex 30.7739 4.40618 0.0960732
      vertex 30.2312 4.76876 0.010705
      vertex 30.2594 4.80093 0.010705
    endloop
  endfacet
  facet normal 0.117322 -0.0578205 -0.991409
    outer loop
      vertex 30.8448 4.51227 0.0960732
      vertex 30.2832 4.83649 0.010705
      vertex 30.9012 4.62671 0.0960732
    endloop
  endfacet
  facet normal -0.706352 -0.0462902 -0.706345
    outer loop
      vertex 1.73147 4.56969 1.2408
      vertex 1.27296 4.50933 1.70327
      vertex 1.70327 5 1.2408
    endloop
  endfacet
  facet normal -0.694266 -0.138096 -0.706345
    outer loop
      vertex 1.36889 4.02705 1.70327
      vertex 1.27296 4.50933 1.70327
      vertex 1.73147 4.56969 1.2408
    endloop
  endfacet
  facet normal -0.608276 -0.0398629 -0.792724
    outer loop
      vertex 1.73147 4.56969 1.2408
      vertex 1.70327 5 1.2408
      vertex 2.22215 5 0.842651
    endloop
  endfacet
  facet normal -0.634869 -0.313076 -0.706346
    outer loop
      vertex 2.14495 3.35163 1.2408
      vertex 1.74444 3.1204 1.70327
      vertex 1.95422 3.7384 1.2408
    endloop
  endfacet
  facet normal -0.499731 -0.0327556 -0.865561
    outer loop
      vertex 2.80748 4.71135 0.515635
      vertex 2.22215 5 0.842651
      vertex 2.78856 5 0.515635
    endloop
  endfacet
  facet normal -0.597873 0.11892 -0.79272
    outer loop
      vertex 2.24591 29.3626 0.842651
      vertex 1.73147 29.4303 1.2408
      vertex 2.3168 29.719 0.842651
    endloop
  endfacet
  facet normal -0.577209 0.195983 -0.79273
    outer loop
      vertex 2.3168 29.719 0.842651
      vertex 1.95422 30.2616 1.2408
      vertex 2.4336 30.063 0.842651
    endloop
  endfacet
  facet normal -0.906407 0.1803 -0.381992
    outer loop
      vertex 0.554 29.5853 2.78856
      vertex 0.426679 30.2254 3.3928
      vertex 0.668437 30.1606 2.78856
    endloop
  endfacet
  facet normal -0.712115 0.351197 -0.607909
    outer loop
      vertex 1.52695 30.4386 1.70327
      vertex 1.15911 30.5909 2.22215
      vertex 1.74444 30.8796 1.70327
    endloop
  endfacet
  facet normal -0.965927 0 -0.258816
    outer loop
      vertex 0.265348 5 3.3928
      vertex 0.0960732 29 4.02455
      vertex 0.265348 29 3.3928
    endloop
  endfacet
  facet normal -0.965927 -0 -0.258816
    outer loop
      vertex 0.0960732 29 4.02455
      vertex 0.265348 5 3.3928
      vertex 0.0960732 5 4.02455
    endloop
  endfacet
  facet normal -0.896864 0.442306 0
    outer loop
      vertex 0.390492 30.9093 4.67298
      vertex 0.679144 31.4946 87.327
      vertex 0.679144 31.4946 4.67298
    endloop
  endfacet
  facet normal -0.896864 0.442306 0
    outer loop
      vertex 0.679144 31.4946 87.327
      vertex 0.390492 30.9093 4.67298
      vertex 0.390492 30.9093 87.327
    endloop
  endfacet
  facet normal -0.889235 0.438532 -0.130197
    outer loop
      vertex 0.753075 31.452 4.02455
      vertex 0.469362 30.8767 4.02455
      vertex 0.679144 31.4946 4.67298
    endloop
  endfacet
  facet normal 0.441145 -0.66014 -0.607953
    outer loop
      vertex 32.0787 1.39963 2.22215
      vertex 31.8796 1.74444 1.70327
      vertex 32.5308 1.70175 2.22215
    endloop
  endfacet
  facet normal 0.48143 -0.720424 -0.499214
    outer loop
      vertex 32.7299 1.44231 2.78856
      vertex 32.0787 1.39963 2.22215
      vertex 32.5308 1.70175 2.22215
    endloop
  endfacet
  facet normal 0.76843 -0.513463 -0.381932
    outer loop
      vertex 34.1003 2.63267 3.3928
      vertex 33.5577 2.27009 2.78856
      vertex 33.8836 2.75782 2.78856
    endloop
  endfacet
  facet normal 0.523502 -0.596999 -0.607895
    outer loop
      vertex 32.5308 1.70175 2.22215
      vertex 32.2885 2.01763 1.70327
      vertex 32.9397 2.06031 2.22215
    endloop
  endfacet
  facet normal 0.653707 -0.745449 0.130282
    outer loop
      vertex 33.528 1.47204 87.327
      vertex 32.9853 1.10945 87.9754
      vertex 33.0373 1.04173 87.327
    endloop
  endfacet
  facet normal 0.636959 -0.72634 0.258289
    outer loop
      vertex 33.3479 1.6521 88.6072
      vertex 32.9853 1.10945 87.9754
      vertex 33.4676 1.5324 87.9754
    endloop
  endfacet
  facet normal 0.726364 -0.636932 0.258288
    outer loop
      vertex 33.8905 2.01468 87.9754
      vertex 33.3479 1.6521 88.6072
      vertex 33.4676 1.5324 87.9754
    endloop
  endfacet
  facet normal 0.938849 -0.318723 0.130302
    outer loop
      vertex 34.8193 3.70868 87.327
      vertex 34.5306 3.12335 87.9754
      vertex 34.6095 3.09068 87.327
    endloop
  endfacet
  facet normal 0.0462911 -0.70635 -0.706348
    outer loop
      vertex 30.4907 1.27296 1.70327
      vertex 30 1.70327 1.2408
      vertex 30.4303 1.73147 1.2408
    endloop
  endfacet
  facet normal 0.0398638 -0.608276 -0.792724
    outer loop
      vertex 30.4303 1.73147 1.2408
      vertex 30 1.70327 1.2408
      vertex 30 2.22215 0.842651
    endloop
  endfacet
  facet normal 0.227546 -0.670286 -0.706357
    outer loop
      vertex 31.4386 1.52695 1.70327
      vertex 30.973 1.36889 1.70327
      vertex 31.2616 1.95422 1.2408
    endloop
  endfacet
  facet normal 0.227567 -0.670289 -0.706347
    outer loop
      vertex 30.973 1.36889 1.70327
      vertex 30.8533 1.8156 1.2408
      vertex 31.2616 1.95422 1.2408
    endloop
  endfacet
  facet normal 0.255238 -0.751858 -0.607917
    outer loop
      vertex 31.5909 1.15911 2.22215
      vertex 30.973 1.36889 1.70327
      vertex 31.4386 1.52695 1.70327
    endloop
  endfacet
  facet normal 0.313062 -0.634888 -0.706335
    outer loop
      vertex 31.8796 1.74444 1.70327
      vertex 31.2616 1.95422 1.2408
      vertex 31.6484 2.14495 1.2408
    endloop
  endfacet
  facet normal 0.946922 -0.321463 0
    outer loop
      vertex 34.6095 3.09068 87.327
      vertex 34.8193 3.70868 4.67298
      vertex 34.8193 3.70868 87.327
    endloop
  endfacet
  facet normal 0.946922 -0.321463 0
    outer loop
      vertex 34.8193 3.70868 4.67298
      vertex 34.6095 3.09068 87.327
      vertex 34.6095 3.09068 4.67298
    endloop
  endfacet
  facet normal 0.980792 -0.195058 0
    outer loop
      vertex 34.8193 3.70868 87.327
      vertex 34.9466 4.34877 4.67298
      vertex 34.9466 4.34877 87.327
    endloop
  endfacet
  facet normal 0.980792 -0.195058 0
    outer loop
      vertex 34.9466 4.34877 4.67298
      vertex 34.8193 3.70868 87.327
      vertex 34.8193 3.70868 4.67298
    endloop
  endfacet
  facet normal 0.824362 -0.550852 -0.130344
    outer loop
      vertex 34.3209 2.50535 4.67298
      vertex 33.8905 2.01468 4.02455
      vertex 34.2469 2.54804 4.02455
    endloop
  endfacet
  facet normal 0.866448 -0.42725 -0.258314
    outer loop
      vertex 34.5306 3.12335 4.02455
      vertex 34.1003 2.63267 3.3928
      vertex 34.3742 3.18813 3.3928
    endloop
  endfacet
  facet normal 0.989371 -0.0647638 -0.130195
    outer loop
      vertex 34.9466 4.34877 4.67298
      vertex 34.862 4.35991 4.02455
      vertex 34.9039 5 4.02455
    endloop
  endfacet
  facet normal 0.972421 -0.193513 -0.130195
    outer loop
      vertex 34.9466 4.34877 4.67298
      vertex 34.7368 3.73077 4.02455
      vertex 34.862 4.35991 4.02455
    endloop
  endfacet
  facet normal 0.777153 0.383185 -0.499202
    outer loop
      vertex 34.143 30.7161 2.78856
      vertex 33.8409 30.5909 2.22215
      vertex 33.8836 31.2422 2.78856
    endloop
  endfacet
  facet normal 0.947457 0.188558 -0.258401
    outer loop
      vertex 34.862 29.6401 4.02455
      vertex 34.6941 29.618 3.3928
      vertex 34.7368 30.2692 4.02455
    endloop
  endfacet
  facet normal 0.922213 0.0604363 -0.38193
    outer loop
      vertex 34.7346 29 3.3928
      vertex 34.446 29.5853 2.78856
      vertex 34.6941 29.618 3.3928
    endloop
  endfacet
  facet normal 0.906449 0.18025 -0.381916
    outer loop
      vertex 34.446 29.5853 2.78856
      vertex 34.3316 30.1606 2.78856
      vertex 34.5733 30.2254 3.3928
    endloop
  endfacet
  facet normal 0.864584 0.056566 -0.499294
    outer loop
      vertex 34.1573 29 2.22215
      vertex 34.1218 29.5426 2.22215
      vertex 34.4844 29 2.78856
    endloop
  endfacet
  facet normal 0.922232 0.0605053 -0.381872
    outer loop
      vertex 34.4844 29 2.78856
      vertex 34.446 29.5853 2.78856
      vertex 34.7346 29 3.3928
    endloop
  endfacet
  facet normal 0.706358 0.0462916 -0.70634
    outer loop
      vertex 33.2967 29 1.2408
      vertex 33.2685 29.4303 1.2408
      vertex 33.727 29.4907 1.70327
    endloop
  endfacet
  facet normal 0.84985 0.169046 -0.499178
    outer loop
      vertex 34.1218 29.5426 2.22215
      vertex 34.0157 30.076 2.22215
      vertex 34.446 29.5853 2.78856
    endloop
  endfacet
  facet normal 0.227621 0.670336 0.706285
    outer loop
      vertex 31.4386 32.473 90.2967
      vertex 30.973 32.6311 90.2967
      vertex 31.2616 32.0458 90.7592
    endloop
  endfacet
  facet normal 0.255285 0.751808 0.607959
    outer loop
      vertex 31.5909 32.8409 89.7778
      vertex 30.973 32.6311 90.2967
      vertex 31.4386 32.473 90.2967
    endloop
  endfacet
  facet normal 0.777168 0.383167 0.499191
    outer loop
      vertex 33.8836 31.2422 89.2114
      vertex 33.6004 31.0787 89.7778
      vertex 33.8409 30.5909 89.7778
    endloop
  endfacet
  facet normal 0.636917 0.726377 0.258288
    outer loop
      vertex 33.4676 32.4676 87.9754
      vertex 32.9853 32.8905 87.9754
      vertex 33.3479 32.3479 88.6072
    endloop
  endfacet
  facet normal 0.536712 0.803274 0.258248
    outer loop
      vertex 32.9853 32.8905 87.9754
      vertex 32.3673 33.1003 88.6072
      vertex 32.8823 32.7562 88.6072
    endloop
  endfacet
  facet normal 0.720441 0.481427 0.499192
    outer loop
      vertex 33.8836 31.2422 89.2114
      vertex 33.5577 31.7299 89.2114
      vertex 33.6004 31.0787 89.7778
    endloop
  endfacet
  facet normal 0.875134 0.297083 0.381945
    outer loop
      vertex 34.3742 30.8119 88.6072
      vertex 34.3316 30.1606 89.2114
      vertex 34.5733 30.2254 88.6072
    endloop
  endfacet
  facet normal 0.875111 0.297112 0.381975
    outer loop
      vertex 34.3742 30.8119 88.6072
      vertex 34.143 30.7161 89.2114
      vertex 34.3316 30.1606 89.2114
    endloop
  endfacet
  facet normal 0.963974 0.0631731 0.258385
    outer loop
      vertex 34.862 29.6401 87.9754
      vertex 34.6941 29.618 88.6072
      vertex 34.7346 29 88.6072
    endloop
  endfacet
  facet normal 0.947517 0.188443 0.258266
    outer loop
      vertex 34.7368 30.2692 87.9754
      vertex 34.5733 30.2254 88.6072
      vertex 34.6941 29.618 88.6072
    endloop
  endfacet
  facet normal 0.751808 0.255285 0.607959
    outer loop
      vertex 33.8409 30.5909 89.7778
      vertex 33.473 30.4386 90.2967
      vertex 33.6311 29.973 90.2967
    endloop
  endfacet
  facet normal 0.670336 0.227621 0.706285
    outer loop
      vertex 33.473 30.4386 90.2967
      vertex 33.0458 30.2616 90.7592
      vertex 33.6311 29.973 90.2967
    endloop
  endfacet
  facet normal 0.252692 0.288244 0.923613
    outer loop
      vertex 31.5637 30.5637 91.4844
      vertex 30.9784 30.2751 91.7346
      vertex 31.1365 30.1365 91.7346
    endloop
  endfacet
  facet normal 0.123916 -0.0420505 0.991401
    outer loop
      vertex 30.9422 4.74753 91.9039
      vertex 30.3159 4.91536 91.9893
      vertex 30.9012 4.62671 91.9039
    endloop
  endfacet
  facet normal 0.375895 0.0747414 0.923643
    outer loop
      vertex 32.1925 29.2887 91.4844
      vertex 31.5524 29.416 91.7346
      vertex 31.5934 29.2098 91.7346
    endloop
  endfacet
  facet normal 0.491254 0.0977271 0.865516
    outer loop
      vertex 32.6832 29.719 91.1573
      vertex 32.1925 29.2887 91.4844
      vertex 32.7541 29.3626 91.1573
    endloop
  endfacet
  facet normal 0.086331 0.0983271 0.991402
    outer loop
      vertex 30.5938 29.7739 91.9039
      vertex 30.2312 29.2312 91.9893
      vertex 30.6897 29.6897 91.9039
    endloop
  endfacet
  facet normal -0.128332 -0.025538 0.991402
    outer loop
      vertex 4.67578 4.95732 91.9893
      vertex 4.05779 4.74753 91.9039
      vertex 4.68413 4.91536 91.9893
    endloop
  endfacet
  facet normal -0.13057 -0.00855286 0.991402
    outer loop
      vertex 4.67578 4.95732 91.9893
      vertex 4.02455 5 91.9039
      vertex 4.03289 4.87268 91.9039
    endloop
  endfacet
  facet normal -0.13057 -0.008566 0.991402
    outer loop
      vertex 4.67298 5 91.9893
      vertex 4.02455 5 91.9039
      vertex 4.67578 4.95732 91.9893
    endloop
  endfacet
  facet normal 0.318679 0.212939 0.923635
    outer loop
      vertex 31.9152 30.1057 91.4844
      vertex 31.2751 29.9784 91.7346
      vertex 31.3919 29.8036 91.7346
    endloop
  endfacet
  facet normal 0.546664 0.269558 0.792778
    outer loop
      vertex 33.0458 30.2616 90.7592
      vertex 32.4057 30.3889 91.1573
      vertex 32.5664 30.063 91.1573
    endloop
  endfacet
  facet normal 0.577151 0.195963 0.792777
    outer loop
      vertex 33.0458 30.2616 90.7592
      vertex 32.5664 30.063 91.1573
      vertex 32.6832 29.719 91.1573
    endloop
  endfacet
  facet normal 0.376597 0.330281 0.865499
    outer loop
      vertex 31.9642 30.9642 91.1573
      vertex 31.5637 30.5637 91.4844
      vertex 32.2038 30.691 91.1573
    endloop
  endfacet
  facet normal 0.466758 0.532078 0.70642
    outer loop
      vertex 32.6582 31.6582 90.2967
      vertex 32.0069 31.6155 90.7592
      vertex 32.3311 31.3311 90.7592
    endloop
  endfacet
  facet normal 0.401961 0.458213 0.79276
    outer loop
      vertex 32.0069 31.6155 90.7592
      vertex 31.9642 30.9642 91.1573
      vertex 32.3311 31.3311 90.7592
    endloop
  endfacet
  facet normal 0.401879 0.458236 0.792788
    outer loop
      vertex 32.0069 31.6155 90.7592
      vertex 31.691 31.2038 91.1573
      vertex 31.9642 30.9642 91.1573
    endloop
  endfacet
  facet normal 0.506806 0.338578 0.792788
    outer loop
      vertex 32.6155 31.0069 90.7592
      vertex 32.2038 30.691 91.1573
      vertex 32.855 30.6484 90.7592
    endloop
  endfacet
  facet normal 0.588582 0.393209 0.706369
    outer loop
      vertex 33.2556 30.8796 90.2967
      vertex 32.6155 31.0069 90.7592
      vertex 32.855 30.6484 90.7592
    endloop
  endfacet
  facet normal 0.596999 0.523525 0.607877
    outer loop
      vertex 32.9397 31.9397 89.7778
      vertex 32.6582 31.6582 90.2967
      vertex 32.9824 31.2885 90.2967
    endloop
  endfacet
  facet normal 0.523525 0.596999 0.607877
    outer loop
      vertex 32.9397 31.9397 89.7778
      vertex 32.2885 31.9824 90.2967
      vertex 32.6582 31.6582 90.2967
    endloop
  endfacet
  facet normal 0.169496 0.343763 0.923633
    outer loop
      vertex 30.8463 31.0431 91.4844
      vertex 30.615 30.4849 91.7346
      vertex 31.1057 30.9152 91.4844
    endloop
  endfacet
  facet normal 0.221517 0.449268 0.865499
    outer loop
      vertex 31.063 31.5664 91.1573
      vertex 30.8463 31.0431 91.4844
      vertex 31.1057 30.9152 91.4844
    endloop
  endfacet
  facet normal 0.252758 0.288128 0.923632
    outer loop
      vertex 31.3462 30.7545 91.4844
      vertex 30.9784 30.2751 91.7346
      vertex 31.5637 30.5637 91.4844
    endloop
  endfacet
  facet normal 0.330348 0.376576 0.865483
    outer loop
      vertex 31.691 31.2038 91.1573
      vertex 31.3462 30.7545 91.4844
      vertex 31.5637 30.5637 91.4844
    endloop
  endfacet
  facet normal 0.383185 0.777153 -0.499202
    outer loop
      vertex 32.2422 32.8836 2.78856
      vertex 31.5909 32.8409 2.22215
      vertex 31.7161 33.143 2.78856
    endloop
  endfacet
  facet normal 0.278546 0.8205 -0.499191
    outer loop
      vertex 31.5909 32.8409 2.22215
      vertex 31.076 33.0157 2.22215
      vertex 31.7161 33.143 2.78856
    endloop
  endfacet
  facet normal -0.144083 0.215631 -0.965786
    outer loop
      vertex 4.51227 29.8448 0.0960732
      vertex 4.0216 30.2751 0.265348
      vertex 4.1964 30.3919 0.265348
    endloop
  endfacet
  facet normal -0.0519955 0.792318 -0.607889
    outer loop
      vertex 5 32.7592 1.70327
      vertex 4.50933 32.727 1.70327
      vertex 5 33.1573 2.22215
    endloop
  endfacet
  facet normal 0.0977083 0.49116 -0.865572
    outer loop
      vertex 30.719 31.6832 0.842651
      vertex 30.2887 31.1925 0.515635
      vertex 30.3626 31.7541 0.842651
    endloop
  endfacet
  facet normal -0.653684 0.745468 -0.130288
    outer loop
      vertex 1.5324 32.4676 4.02455
      vertex 1.47204 32.528 4.67298
      vertex 2.01468 32.8905 4.02455
    endloop
  endfacet
  facet normal -0.532182 0.466699 -0.706381
    outer loop
      vertex 2.38453 31.0069 1.2408
      vertex 2.01763 31.2885 1.70327
      vertex 2.34184 31.6582 1.70327
    endloop
  endfacet
  facet normal -0.803285 0.536685 -0.258266
    outer loop
      vertex 1.24375 31.8823 3.3928
      vertex 0.899672 31.3673 3.3928
      vertex 1.10945 31.9853 4.02455
    endloop
  endfacet
  facet normal -0.653716 0.745431 -0.130336
    outer loop
      vertex 2.01468 32.8905 4.02455
      vertex 1.47204 32.528 4.67298
      vertex 1.96271 32.9583 4.67298
    endloop
  endfacet
  facet normal 0.255282 0.751797 -0.607974
    outer loop
      vertex 31.4386 32.473 1.70327
      vertex 30.973 32.6311 1.70327
      vertex 31.5909 32.8409 2.22215
    endloop
  endfacet
  facet normal 0.18025 0.906449 -0.381916
    outer loop
      vertex 31.1606 33.3316 2.78856
      vertex 30.5853 33.446 2.78856
      vertex 31.2254 33.5733 3.3928
    endloop
  endfacet
  facet normal 0.831484 0.555548 0
    outer loop
      vertex 34.3209 31.4946 87.327
      vertex 33.9583 32.0373 4.67298
      vertex 33.9583 32.0373 87.327
    endloop
  endfacet
  facet normal 0.831484 0.555548 0
    outer loop
      vertex 33.9583 32.0373 4.67298
      vertex 34.3209 31.4946 87.327
      vertex 34.3209 31.4946 4.67298
    endloop
  endfacet
  facet normal 0.745478 0.653665 -0.130327
    outer loop
      vertex 33.8905 31.9853 4.02455
      vertex 33.4676 32.4676 4.02455
      vertex 33.528 32.528 4.67298
    endloop
  endfacet
  facet normal 0.828891 0.408695 0.38198
    outer loop
      vertex 34.3742 30.8119 88.6072
      vertex 33.8836 31.2422 89.2114
      vertex 34.143 30.7161 89.2114
    endloop
  endfacet
  facet normal 0.86458 0.0565658 0.499301
    outer loop
      vertex 34.4844 29 89.2114
      vertex 34.1218 29.5426 89.7778
      vertex 34.1573 29 89.7778
    endloop
  endfacet
  facet normal 0.972419 0.193525 0.130189
    outer loop
      vertex 34.9466 29.6512 87.327
      vertex 34.7368 30.2692 87.9754
      vertex 34.862 29.6401 87.9754
    endloop
  endfacet
  facet normal 0.938863 0.318673 0.130319
    outer loop
      vertex 34.8193 30.2913 87.327
      vertex 34.5306 30.8767 87.9754
      vertex 34.7368 30.2692 87.9754
    endloop
  endfacet
  facet normal -0.393289 0.58858 0.706327
    outer loop
      vertex 3.1204 32.2556 90.2967
      vertex 2.71154 31.9824 90.2967
      vertex 2.99308 31.6155 90.7592
    endloop
  endfacet
  facet normal 0 0.965917 -0.258852
    outer loop
      vertex 30 33.7346 3.3928
      vertex 5 33.9039 4.02455
      vertex 30 33.9039 4.02455
    endloop
  endfacet
  facet normal 0 0.965917 -0.258852
    outer loop
      vertex 5 33.9039 4.02455
      vertex 30 33.7346 3.3928
      vertex 5 33.7346 3.3928
    endloop
  endfacet
  facet normal 0.0631018 0.963997 0.258317
    outer loop
      vertex 30 33.9039 87.9754
      vertex 30 33.7346 88.6072
      vertex 30.6401 33.862 87.9754
    endloop
  endfacet
  facet normal 0.0654307 0.997857 -0
    outer loop
      vertex 30.6512 33.9466 4.67298
      vertex 30 33.9893 87.327
      vertex 30.6512 33.9466 87.327
    endloop
  endfacet
  facet normal 0.0654307 0.997857 0
    outer loop
      vertex 30 33.9893 87.327
      vertex 30.6512 33.9466 4.67298
      vertex 30 33.9893 4.67298
    endloop
  endfacet
  facet normal -0.0654277 0.997857 0
    outer loop
      vertex 5 33.9893 4.67298
      vertex 4.34877 33.9466 87.327
      vertex 5 33.9893 87.327
    endloop
  endfacet
  facet normal -0.0654277 0.997857 0
    outer loop
      vertex 4.34877 33.9466 87.327
      vertex 5 33.9893 4.67298
      vertex 4.34877 33.9466 4.67298
    endloop
  endfacet
  facet normal -0.29714 0.875115 -0.381945
    outer loop
      vertex 3.28391 33.143 2.78856
      vertex 3.18813 33.3742 3.3928
      vertex 3.83936 33.3316 2.78856
    endloop
  endfacet
  facet normal 0.0604363 0.922213 -0.38193
    outer loop
      vertex 30.5853 33.446 2.78856
      vertex 30 33.7346 3.3928
      vertex 30.618 33.6941 3.3928
    endloop
  endfacet
  facet normal 0 0.991438 -0.130575
    outer loop
      vertex 30 33.9039 4.02455
      vertex 5 33.9893 4.67298
      vertex 30 33.9893 4.67298
    endloop
  endfacet
  facet normal 0 0.991438 -0.130575
    outer loop
      vertex 5 33.9893 4.67298
      vertex 30 33.9039 4.02455
      vertex 5 33.9039 4.02455
    endloop
  endfacet
  facet normal 0.550807 0.824387 0.130375
    outer loop
      vertex 33.0373 32.9583 87.327
      vertex 32.4946 33.3209 87.327
      vertex 32.9853 32.8905 87.9754
    endloop
  endfacet
  facet normal 0.536772 0.8032 -0.258352
    outer loop
      vertex 32.9853 32.8905 4.02455
      vertex 32.3673 33.1003 3.3928
      vertex 32.452 33.2469 4.02455
    endloop
  endfacet
  facet normal 0.653691 0.745448 -0.130366
    outer loop
      vertex 33.528 32.528 4.67298
      vertex 32.9853 32.8905 4.02455
      vertex 33.0373 32.9583 4.67298
    endloop
  endfacet
  facet normal 0.180248 0.90644 0.381938
    outer loop
      vertex 31.2254 33.5733 88.6072
      vertex 30.5853 33.446 89.2114
      vertex 31.1606 33.3316 89.2114
    endloop
  endfacet
  facet normal 0.297083 0.875134 0.381945
    outer loop
      vertex 31.2254 33.5733 88.6072
      vertex 31.1606 33.3316 89.2114
      vertex 31.8119 33.3742 88.6072
    endloop
  endfacet
  facet normal 0.438474 0.889255 0.130254
    outer loop
      vertex 31.9093 33.6095 87.327
      vertex 31.8767 33.5306 87.9754
      vertex 32.4946 33.3209 87.327
    endloop
  endfacet
  facet normal 0.310506 0.914803 0.258303
    outer loop
      vertex 31.8767 33.5306 87.9754
      vertex 31.2692 33.7368 87.9754
      vertex 31.8119 33.3742 88.6072
    endloop
  endfacet
  facet normal 0.72635 0.63696 -0.25826
    outer loop
      vertex 33.7562 31.8823 3.3928
      vertex 33.3479 32.3479 3.3928
      vertex 33.8905 31.9853 4.02455
    endloop
  endfacet
  facet normal 0.550901 0.824341 -0.130268
    outer loop
      vertex 32.9853 32.8905 4.02455
      vertex 32.452 33.2469 4.02455
      vertex 32.4946 33.3209 4.67298
    endloop
  endfacet
  facet normal 0.864584 -0.0565619 -0.499295
    outer loop
      vertex 34.4844 5 2.78856
      vertex 34.1218 4.45736 2.22215
      vertex 34.1573 5 2.22215
    endloop
  endfacet
  facet normal 0.71212 -0.351038 -0.607995
    outer loop
      vertex 33.8409 3.40905 2.22215
      vertex 33.2556 3.1204 1.70327
      vertex 33.473 3.56142 1.70327
    endloop
  endfacet
  facet normal 0.083352 0.245584 -0.965785
    outer loop
      vertex 30.3733 29.9012 0.0960732
      vertex 30.2525 29.9422 0.0960732
      vertex 30.416 30.5524 0.265348
    endloop
  endfacet
  facet normal 0.0255141 0.128288 -0.991409
    outer loop
      vertex 30.2525 29.9422 0.0960732
      vertex 30.0427 29.3242 0.010705
      vertex 30.1273 29.9671 0.0960732
    endloop
  endfacet
  facet normal 0.130509 -0.00856196 -0.99141
    outer loop
      vertex 30.9755 5 0.0960732
      vertex 30.3242 4.95732 0.010705
      vertex 30.327 5 0.010705
    endloop
  endfacet
  facet normal -0.0862142 0.0983515 -0.99141
    outer loop
      vertex 4.76876 29.2312 0.010705
      vertex 4.40618 29.7739 0.0960732
      vertex 4.80093 29.2594 0.010705
    endloop
  endfacet
  facet normal -0.154907 0.778713 -0.607956
    outer loop
      vertex 4.02705 32.6311 1.70327
      vertex 3.924 33.0157 2.22215
      vertex 4.45736 33.1218 2.22215
    endloop
  endfacet
  facet normal -0.438454 0.889259 -0.130294
    outer loop
      vertex 3.12335 33.5306 4.02455
      vertex 2.50535 33.3209 4.67298
      vertex 3.09068 33.6095 4.67298
    endloop
  endfacet
  facet normal -0.532155 0.46671 -0.706394
    outer loop
      vertex 2.38453 31.0069 1.2408
      vertex 2.34184 31.6582 1.70327
      vertex 2.66886 31.3311 1.2408
    endloop
  endfacet
  facet normal -0.4583 0.401938 -0.792721
    outer loop
      vertex 3.03576 30.9642 0.842651
      vertex 2.38453 31.0069 1.2408
      vertex 2.66886 31.3311 1.2408
    endloop
  endfacet
  facet normal -0.24557 0.0833829 -0.965786
    outer loop
      vertex 4.0988 29.3733 0.0960732
      vertex 3.44757 29.416 0.265348
      vertex 3.51514 29.615 0.265348
    endloop
  endfacet
  facet normal -0.491181 0.0976987 -0.865561
    outer loop
      vertex 2.80748 29.2887 0.515635
      vertex 2.24591 29.3626 0.842651
      vertex 2.3168 29.719 0.842651
    endloop
  endfacet
  facet normal -0.376015 0.0747922 -0.92359
    outer loop
      vertex 3.44757 29.416 0.265348
      vertex 2.80748 29.2887 0.515635
      vertex 2.86391 29.5724 0.515635
    endloop
  endfacet
  facet normal -0.474237 0.160988 -0.865553
    outer loop
      vertex 2.86391 29.5724 0.515635
      vertex 2.4336 30.063 0.842651
      vertex 2.95689 29.8463 0.515635
    endloop
  endfacet
  facet normal -0.449164 0.221495 -0.865558
    outer loop
      vertex 3.08483 30.1057 0.515635
      vertex 2.4336 30.063 0.842651
      vertex 2.59431 30.3889 0.842651
    endloop
  endfacet
  facet normal -0.169532 0.343889 -0.923579
    outer loop
      vertex 4.38495 30.4849 0.265348
      vertex 3.89428 30.9152 0.515635
      vertex 4.15372 31.0431 0.515635
    endloop
  endfacet
  facet normal -0.634888 0.313062 -0.706335
    outer loop
      vertex 1.95422 30.2616 1.2408
      vertex 1.74444 30.8796 1.70327
      vertex 2.14495 30.6484 1.2408
    endloop
  endfacet
  facet normal -0.596999 0.523502 -0.607895
    outer loop
      vertex 2.01763 31.2885 1.70327
      vertex 1.70175 31.5308 2.22215
      vertex 2.06031 31.9397 2.22215
    endloop
  endfacet
  facet normal -0.70635 0.0462911 -0.706348
    outer loop
      vertex 1.70327 29 1.2408
      vertex 1.27296 29.4907 1.70327
      vertex 1.73147 29.4303 1.2408
    endloop
  endfacet
  facet normal -0.694261 0.138089 -0.706352
    outer loop
      vertex 1.73147 29.4303 1.2408
      vertex 1.27296 29.4907 1.70327
      vertex 1.36889 29.973 1.70327
    endloop
  endfacet
  facet normal 0.032799 0.499703 -0.865576
    outer loop
      vertex 30.2887 31.1925 0.515635
      vertex 30 31.7779 0.842651
      vertex 30.3626 31.7541 0.842651
    endloop
  endfacet
  facet normal 0.0399271 0.608301 -0.792701
    outer loop
      vertex 30.3626 31.7541 0.842651
      vertex 30 31.7779 0.842651
      vertex 30.4303 32.2685 1.2408
    endloop
  endfacet
  facet normal 0.269579 0.546706 -0.792742
    outer loop
      vertex 31.3889 31.4057 0.842651
      vertex 31.063 31.5664 0.842651
      vertex 31.2616 32.0458 1.2408
    endloop
  endfacet
  facet normal 0.288213 0.252833 -0.923585
    outer loop
      vertex 31.7545 30.3462 0.515635
      vertex 31.2751 29.9784 0.265348
      vertex 31.5637 30.5637 0.515635
    endloop
  endfacet
  facet normal 0.221474 0.449182 -0.865555
    outer loop
      vertex 31.1057 30.9152 0.515635
      vertex 30.8463 31.0431 0.515635
      vertex 31.063 31.5664 0.842651
    endloop
  endfacet
  facet normal 0.213002 0.318773 -0.923587
    outer loop
      vertex 30.9784 30.2751 0.265348
      vertex 30.8036 30.3919 0.265348
      vertex 31.1057 30.9152 0.515635
    endloop
  endfacet
  facet normal 0.215626 0.144079 -0.965788
    outer loop
      vertex 31.3919 29.8036 0.265348
      vertex 30.8448 29.4877 0.0960732
      vertex 31.2751 29.9784 0.265348
    endloop
  endfacet
  facet normal 0.245584 0.083352 -0.965785
    outer loop
      vertex 30.9422 29.2525 0.0960732
      vertex 30.9012 29.3733 0.0960732
      vertex 31.5524 29.416 0.265348
    endloop
  endfacet
  facet normal -0.383197 0.777163 0.499177
    outer loop
      vertex 3.28391 33.143 89.2114
      vertex 2.75782 32.8836 89.2114
      vertex 3.40905 32.8409 89.7778
    endloop
  endfacet
  facet normal -0.255265 0.751797 0.60798
    outer loop
      vertex 4.02705 32.6311 90.2967
      vertex 3.40905 32.8409 89.7778
      vertex 3.56142 32.473 90.2967
    endloop
  endfacet
  facet normal -0.506776 0.338671 0.792767
    outer loop
      vertex 2.38453 31.0069 90.7592
      vertex 2.14495 30.6484 90.7592
      vertex 2.79618 30.691 91.1573
    endloop
  endfacet
  facet normal -0.720421 0.481428 0.49922
    outer loop
      vertex 1.44231 31.7299 89.2114
      vertex 1.39963 31.0787 89.7778
      vertex 1.70175 31.5308 89.7778
    endloop
  endfacet
  facet normal -0.532199 0.466714 0.706358
    outer loop
      vertex 2.34184 31.6582 90.2967
      vertex 2.01763 31.2885 90.2967
      vertex 2.38453 31.0069 90.7592
    endloop
  endfacet
  facet normal -0.577177 0.195955 0.79276
    outer loop
      vertex 1.95422 30.2616 90.7592
      vertex 1.8156 29.8533 90.7592
      vertex 2.3168 29.719 91.1573
    endloop
  endfacet
  facet normal -0.532172 0.466726 0.706371
    outer loop
      vertex 2.66886 31.3311 90.7592
      vertex 2.34184 31.6582 90.2967
      vertex 2.38453 31.0069 90.7592
    endloop
  endfacet
  facet normal -0.393314 0.588576 0.706316
    outer loop
      vertex 3.1204 32.2556 90.2967
      vertex 2.99308 31.6155 90.7592
      vertex 3.35163 31.8551 90.7592
    endloop
  endfacet
  facet normal -0.609374 0.694778 0.38203
    outer loop
      vertex 2.27009 32.5577 89.2114
      vertex 1.6521 32.3479 88.6072
      vertex 1.82908 32.1709 89.2114
    endloop
  endfacet
  facet normal -0.636932 0.726364 0.258288
    outer loop
      vertex 2.01468 32.8905 87.9754
      vertex 1.6521 32.3479 88.6072
      vertex 2.11773 32.7562 88.6072
    endloop
  endfacet
  facet normal -0.408729 0.828889 0.381947
    outer loop
      vertex 3.18813 33.3742 88.6072
      vertex 2.63267 33.1003 88.6072
      vertex 2.75782 32.8836 89.2114
    endloop
  endfacet
  facet normal -0.427252 0.866452 0.258295
    outer loop
      vertex 3.12335 33.5306 87.9754
      vertex 2.63267 33.1003 88.6072
      vertex 3.18813 33.3742 88.6072
    endloop
  endfacet
  facet normal -0.964002 0.0631832 0.25828
    outer loop
      vertex 0.138027 29.6401 87.9754
      vertex 0.0960732 29 87.9754
      vertex 0.265348 29 88.6072
    endloop
  endfacet
  facet normal -0.866422 0.427314 0.258293
    outer loop
      vertex 0.899672 31.3673 88.6072
      vertex 0.469362 30.8767 87.9754
      vertex 0.625752 30.8119 88.6072
    endloop
  endfacet
  facet normal -0.828844 0.408781 0.381988
    outer loop
      vertex 0.899672 31.3673 88.6072
      vertex 0.625752 30.8119 88.6072
      vertex 1.11643 31.2422 89.2114
    endloop
  endfacet
  facet normal -0.768413 0.513452 0.38198
    outer loop
      vertex 1.44231 31.7299 89.2114
      vertex 0.899672 31.3673 88.6072
      vertex 1.11643 31.2422 89.2114
    endloop
  endfacet
  facet normal -0.824408 0.550799 0.130275
    outer loop
      vertex 1.04173 32.0373 87.327
      vertex 0.679144 31.4946 87.327
      vertex 1.10945 31.9853 87.9754
    endloop
  endfacet
  facet normal -0.824368 0.55088 0.130188
    outer loop
      vertex 1.10945 31.9853 87.9754
      vertex 0.679144 31.4946 87.327
      vertex 0.753075 31.452 87.9754
    endloop
  endfacet
  facet normal -0.138057 0.694306 0.706314
    outer loop
      vertex 4.56969 32.2685 90.7592
      vertex 4.02705 32.6311 90.2967
      vertex 4.14674 32.1844 90.7592
    endloop
  endfacet
  facet normal -0.118939 0.597848 0.792737
    outer loop
      vertex 4.56969 32.2685 90.7592
      vertex 4.28104 31.6832 91.1573
      vertex 4.63742 31.7541 91.1573
    endloop
  endfacet
  facet normal -0.481457 0.72037 0.499266
    outer loop
      vertex 2.92133 32.6004 89.7778
      vertex 2.27009 32.5577 89.2114
      vertex 2.46917 32.2982 89.7778
    endloop
  endfacet
  facet normal -0.31305 0.634916 0.706315
    outer loop
      vertex 3.7384 32.0458 90.7592
      vertex 3.1204 32.2556 90.2967
      vertex 3.35163 31.8551 90.7592
    endloop
  endfacet
  facet normal -0.0328071 0.499798 0.865521
    outer loop
      vertex 5 31.7779 91.1573
      vertex 4.63742 31.7541 91.1573
      vertex 4.71135 31.1925 91.4844
    endloop
  endfacet
  facet normal -0.0518305 0.792262 0.607976
    outer loop
      vertex 5 33.1573 89.7778
      vertex 4.45736 33.1218 89.7778
      vertex 4.50933 32.727 90.2967
    endloop
  endfacet
  facet normal 0.0565658 0.86458 0.499301
    outer loop
      vertex 30 33.4844 89.2114
      vertex 30 33.1573 89.7778
      vertex 30.5426 33.1218 89.7778
    endloop
  endfacet
  facet normal -0.0398636 0.608288 0.792715
    outer loop
      vertex 5 32.2967 90.7592
      vertex 4.56969 32.2685 90.7592
      vertex 5 31.7779 91.1573
    endloop
  endfacet
  facet normal 0.123105 0.362932 0.923648
    outer loop
      vertex 30.5724 31.1361 91.4844
      vertex 30.416 30.5524 91.7346
      vertex 30.615 30.4849 91.7346
    endloop
  endfacet
  facet normal 0.09767 0.491294 0.8655
    outer loop
      vertex 30.719 31.6832 91.1573
      vertex 30.2887 31.1925 91.4844
      vertex 30.5724 31.1361 91.4844
    endloop
  endfacet
  facet normal 0.114709 0.232626 0.965778
    outer loop
      vertex 30.615 30.4849 91.7346
      vertex 30.4877 29.8448 91.9039
      vertex 30.8036 30.3919 91.7346
    endloop
  endfacet
  facet normal 0.144099 0.215656 0.965778
    outer loop
      vertex 30.8036 30.3919 91.7346
      vertex 30.4877 29.8448 91.9039
      vertex 30.9784 30.2751 91.7346
    endloop
  endfacet
  facet normal 0.161047 0.47431 0.865502
    outer loop
      vertex 31.063 31.5664 91.1573
      vertex 30.5724 31.1361 91.4844
      vertex 30.8463 31.0431 91.4844
    endloop
  endfacet
  facet normal 0.161046 0.474312 0.865501
    outer loop
      vertex 30.719 31.6832 91.1573
      vertex 30.5724 31.1361 91.4844
      vertex 31.063 31.5664 91.1573
    endloop
  endfacet
  facet normal 0.13056 -0.00861373 0.991403
    outer loop
      vertex 30.9755 5 91.9039
      vertex 30.3242 4.95732 91.9893
      vertex 30.9671 4.87268 91.9039
    endloop
  endfacet
  facet normal 0 -0.130575 0.991438
    outer loop
      vertex 5 4.67298 91.9893
      vertex 30 4.02455 91.9039
      vertex 30 4.67298 91.9893
    endloop
  endfacet
  facet normal 0 -0.130575 0.991438
    outer loop
      vertex 30 4.02455 91.9039
      vertex 5 4.67298 91.9893
      vertex 5 4.02455 91.9039
    endloop
  endfacet
  facet normal 0.0327177 0.499768 0.865541
    outer loop
      vertex 30 31.7779 91.1573
      vertex 30 31.2114 91.4844
      vertex 30.2887 31.1925 91.4844
    endloop
  endfacet
  facet normal 0.0250391 0.382475 0.923627
    outer loop
      vertex 30 31.2114 91.4844
      vertex 30 30.6072 91.7346
      vertex 30.2887 31.1925 91.4844
    endloop
  endfacet
  facet normal 0.072696 -0.108803 0.991402
    outer loop
      vertex 30.5938 4.22612 91.9039
      vertex 30.1991 4.74056 91.9893
      vertex 30.4877 4.15523 91.9039
    endloop
  endfacet
  facet normal -0.12832 0.0255722 0.991403
    outer loop
      vertex 4.68413 29.0846 91.9893
      vertex 4.05779 29.2525 91.9039
      vertex 4.67578 29.0427 91.9893
    endloop
  endfacet
  facet normal -0.215661 0.144091 0.965779
    outer loop
      vertex 3.72492 29.9784 91.7346
      vertex 3.60813 29.8036 91.7346
      vertex 4.15523 29.4877 91.9039
    endloop
  endfacet
  facet normal -0.117349 0.0578846 0.991402
    outer loop
      vertex 4.15523 29.4877 91.9039
      vertex 4.0988 29.3733 91.9039
      vertex 4.7168 29.1635 91.9893
    endloop
  endfacet
  facet normal -0.16954 0.343728 0.923638
    outer loop
      vertex 4.38495 30.4849 91.7346
      vertex 3.89428 30.9152 91.4844
      vertex 4.1964 30.3919 91.7346
    endloop
  endfacet
  facet normal 0.00856108 0.130557 0.991404
    outer loop
      vertex 30 29.9755 91.9039
      vertex 30 29.327 91.9893
      vertex 30.0427 29.3242 91.9893
    endloop
  endfacet
  facet normal -0.0983942 -0.0862517 0.991403
    outer loop
      vertex 4.74056 4.80093 91.9893
      vertex 4.22612 4.40618 91.9039
      vertex 4.76876 4.76876 91.9893
    endloop
  endfacet
  facet normal -0.108797 -0.0726942 0.991402
    outer loop
      vertex 4.7168 4.83649 91.9893
      vertex 4.15523 4.51227 91.9039
      vertex 4.74056 4.80093 91.9893
    endloop
  endfacet
  facet normal 0.00861511 0.13056 0.991403
    outer loop
      vertex 30.1273 29.9671 91.9039
      vertex 30 29.9755 91.9039
      vertex 30.0427 29.3242 91.9893
    endloop
  endfacet
  facet normal 0.0255235 0.128335 0.991402
    outer loop
      vertex 30.1273 29.9671 91.9039
      vertex 30.0427 29.3242 91.9893
      vertex 30.2525 29.9422 91.9039
    endloop
  endfacet
  facet normal -0.330354 0.376565 0.865485
    outer loop
      vertex 3.65376 30.7545 91.4844
      vertex 3.30895 31.2038 91.1573
      vertex 3.43627 30.5637 91.4844
    endloop
  endfacet
  facet normal -0.212935 0.318674 0.923637
    outer loop
      vertex 4.1964 30.3919 91.7346
      vertex 3.89428 30.9152 91.4844
      vertex 4.0216 30.2751 91.7346
    endloop
  endfacet
  facet normal -0.161011 0.474322 0.865502
    outer loop
      vertex 4.28104 31.6832 91.1573
      vertex 3.93696 31.5664 91.1573
      vertex 4.42764 31.1361 91.4844
    endloop
  endfacet
  facet normal -0.255215 0.751847 0.60794
    outer loop
      vertex 3.924 33.0157 89.7778
      vertex 3.40905 32.8409 89.7778
      vertex 4.02705 32.6311 90.2967
    endloop
  endfacet
  facet normal -0.416475 0.278303 0.865503
    outer loop
      vertex 3.24554 30.3462 91.4844
      vertex 2.79618 30.691 91.1573
      vertex 3.08483 30.1057 91.4844
    endloop
  endfacet
  facet normal -0.416479 0.2783 0.865502
    outer loop
      vertex 2.79618 30.691 91.1573
      vertex 2.59431 30.3889 91.1573
      vertex 3.08483 30.1057 91.4844
    endloop
  endfacet
  facet normal -0.343747 -0.169515 0.923636
    outer loop
      vertex 3.51514 4.38495 91.7346
      vertex 2.95689 4.15372 91.4844
      vertex 3.08483 3.89428 91.4844
    endloop
  endfacet
  facet normal -0.0862458 0.0983875 0.991404
    outer loop
      vertex 4.80093 29.2594 91.9893
      vertex 4.40618 29.7739 91.9039
      vertex 4.76876 29.2312 91.9893
    endloop
  endfacet
  facet normal -0.25522 -0.751859 0.607923
    outer loop
      vertex 4.02705 1.36889 90.2967
      vertex 3.40905 1.15911 89.7778
      vertex 3.924 0.984309 89.7778
    endloop
  endfacet
  facet normal -0.255221 -0.751858 0.607924
    outer loop
      vertex 3.56142 1.52695 90.2967
      vertex 3.40905 1.15911 89.7778
      vertex 4.02705 1.36889 90.2967
    endloop
  endfacet
  facet normal -0.441118 -0.660183 0.607925
    outer loop
      vertex 2.71154 2.01763 90.2967
      vertex 2.46917 1.70175 89.7778
      vertex 3.1204 1.74444 90.2967
    endloop
  endfacet
  facet normal -0.523517 -0.596958 0.607924
    outer loop
      vertex 2.71154 2.01763 90.2967
      vertex 2.06031 2.06031 89.7778
      vertex 2.46917 1.70175 89.7778
    endloop
  endfacet
  facet normal -0.351179 -0.712111 0.607924
    outer loop
      vertex 3.1204 1.74444 90.2967
      vertex 2.92133 1.39963 89.7778
      vertex 3.40905 1.15911 89.7778
    endloop
  endfacet
  facet normal -0.351179 -0.712111 0.607924
    outer loop
      vertex 3.56142 1.52695 90.2967
      vertex 3.1204 1.74444 90.2967
      vertex 3.40905 1.15911 89.7778
    endloop
  endfacet
  facet normal -0.777127 -0.383242 0.499199
    outer loop
      vertex 1.15911 3.40905 89.7778
      vertex 1.11643 2.75782 89.2114
      vertex 1.39963 2.92133 89.7778
    endloop
  endfacet
  facet normal -0.393279 -0.588587 0.706327
    outer loop
      vertex 2.99308 2.38453 90.7592
      vertex 2.71154 2.01763 90.2967
      vertex 3.1204 1.74444 90.2967
    endloop
  endfacet
  facet normal -0.866442 -0.427284 0.258276
    outer loop
      vertex 0.899672 2.63267 88.6072
      vertex 0.469362 3.12335 87.9754
      vertex 0.753075 2.54804 87.9754
    endloop
  endfacet
  facet normal -0.653731 -0.745434 0.130249
    outer loop
      vertex 1.5324 1.5324 87.9754
      vertex 1.47204 1.47204 87.327
      vertex 2.01468 1.10945 87.9754
    endloop
  endfacet
  facet normal -0.803262 -0.536716 0.258275
    outer loop
      vertex 0.899672 2.63267 88.6072
      vertex 0.753075 2.54804 87.9754
      vertex 1.10945 2.01468 87.9754
    endloop
  endfacet
  facet normal -0.88923 -0.438522 0.130262
    outer loop
      vertex 0.753075 2.54804 87.9754
      vertex 0.469362 3.12335 87.9754
      vertex 0.679144 2.50535 87.327
    endloop
  endfacet
  facet normal -0.875118 0.297037 0.382017
    outer loop
      vertex 0.625752 30.8119 88.6072
      vertex 0.426679 30.2254 88.6072
      vertex 0.668437 30.1606 89.2114
    endloop
  endfacet
  facet normal -0.914809 0.31051 0.258278
    outer loop
      vertex 0.625752 30.8119 88.6072
      vertex 0.26317 30.2692 87.9754
      vertex 0.426679 30.2254 88.6072
    endloop
  endfacet
  facet normal -0.751859 -0.25522 0.607923
    outer loop
      vertex 1.36889 4.02705 90.2967
      vertex 0.984309 3.924 89.7778
      vertex 1.15911 3.40905 89.7778
    endloop
  endfacet
  facet normal -0.875114 -0.297061 0.382008
    outer loop
      vertex 0.668437 3.83936 89.2114
      vertex 0.426679 3.77458 88.6072
      vertex 0.625752 3.18813 88.6072
    endloop
  endfacet
  facet normal -0.820503 -0.278522 0.499199
    outer loop
      vertex 0.984309 3.924 89.7778
      vertex 0.856988 3.28391 89.2114
      vertex 1.15911 3.40905 89.7778
    endloop
  endfacet
  facet normal -0.875113 -0.297063 0.38201
    outer loop
      vertex 0.668437 3.83936 89.2114
      vertex 0.625752 3.18813 88.6072
      vertex 0.856988 3.28391 89.2114
    endloop
  endfacet
  facet normal -0.596967 -0.523513 0.607918
    outer loop
      vertex 2.34184 2.34184 90.2967
      vertex 2.01763 2.71154 90.2967
      vertex 2.06031 2.06031 89.7778
    endloop
  endfacet
  facet normal -0.92218 -0.0604436 0.382009
    outer loop
      vertex 0.515635 5 89.2114
      vertex 0.265348 5 88.6072
      vertex 0.554 4.41467 89.2114
    endloop
  endfacet
  facet normal -0.92218 -0.0604446 0.382008
    outer loop
      vertex 0.554 4.41467 89.2114
      vertex 0.265348 5 88.6072
      vertex 0.305855 4.382 88.6072
    endloop
  endfacet
  facet normal -0.972429 -0.193427 0.130259
    outer loop
      vertex 0.138027 4.35991 87.9754
      vertex 0.0533886 4.34877 87.327
      vertex 0.26317 3.73077 87.9754
    endloop
  endfacet
  facet normal -0.947507 -0.18847 0.25828
    outer loop
      vertex 0.305855 4.382 88.6072
      vertex 0.138027 4.35991 87.9754
      vertex 0.26317 3.73077 87.9754
    endloop
  endfacet
  facet normal -0.97243 -0.193427 -0.130253
    outer loop
      vertex 0.26317 3.73077 4.02455
      vertex 0.0533886 4.34877 4.67298
      vertex 0.138027 4.35991 4.02455
    endloop
  endfacet
  facet normal -0.989358 -0.0648461 -0.130253
    outer loop
      vertex 0.138027 4.35991 4.02455
      vertex 0.0533886 4.34877 4.67298
      vertex 0.0960732 5 4.02455
    endloop
  endfacet
  facet normal -0.362933 -0.123195 0.923636
    outer loop
      vertex 3.51514 4.38495 91.7346
      vertex 2.86391 4.42764 91.4844
      vertex 2.95689 4.15372 91.4844
    endloop
  endfacet
  facet normal -0.117368 0.0578282 0.991403
    outer loop
      vertex 4.7168 29.1635 91.9893
      vertex 4.0988 29.3733 91.9039
      vertex 4.69788 29.1251 91.9893
    endloop
  endfacet
  facet normal 0 -0.258852 0.965917
    outer loop
      vertex 5 4.02455 91.9039
      vertex 30 3.3928 91.7346
      vertex 30 4.02455 91.9039
    endloop
  endfacet
  facet normal 0 -0.258852 0.965917
    outer loop
      vertex 30 3.3928 91.7346
      vertex 5 4.02455 91.9039
      vertex 5 3.3928 91.7346
    endloop
  endfacet
  facet normal -0.128334 -0.0255335 0.991402
    outer loop
      vertex 4.67578 4.95732 91.9893
      vertex 4.03289 4.87268 91.9039
      vertex 4.05779 4.74753 91.9039
    endloop
  endfacet
  facet normal -0.245609 -0.0833672 0.965777
    outer loop
      vertex 4.05779 4.74753 91.9039
      vertex 3.44757 4.58403 91.7346
      vertex 4.0988 4.62671 91.9039
    endloop
  endfacet
  facet normal -0.254385 -0.0506128 0.965778
    outer loop
      vertex 4.03289 4.87268 91.9039
      vertex 3.44757 4.58403 91.7346
      vertex 4.05779 4.74753 91.9039
    endloop
  endfacet
  facet normal -0.375908 -0.0747841 0.923634
    outer loop
      vertex 3.40655 4.79022 91.7346
      vertex 2.80748 4.71135 91.4844
      vertex 3.44757 4.58403 91.7346
    endloop
  endfacet
  facet normal -0.401894 -0.458277 0.792757
    outer loop
      vertex 3.03576 3.03576 91.1573
      vertex 2.66886 2.66886 90.7592
      vertex 2.99308 2.38453 90.7592
    endloop
  endfacet
  facet normal -0.330263 -0.3766 0.865505
    outer loop
      vertex 3.43627 3.43627 91.4844
      vertex 3.30895 2.79618 91.1573
      vertex 3.65376 3.24554 91.4844
    endloop
  endfacet
  facet normal -0.123906 -0.0420575 0.991402
    outer loop
      vertex 4.68413 4.91536 91.9893
      vertex 4.05779 4.74753 91.9039
      vertex 4.0988 4.62671 91.9039
    endloop
  endfacet
  facet normal -0.232626 -0.114707 0.965778
    outer loop
      vertex 4.0988 4.62671 91.9039
      vertex 3.51514 4.38495 91.7346
      vertex 4.15523 4.51227 91.9039
    endloop
  endfacet
  facet normal -0.00861373 0.13056 0.991403
    outer loop
      vertex 5 29.9755 91.9039
      vertex 4.87268 29.9671 91.9039
      vertex 4.95732 29.3242 91.9893
    endloop
  endfacet
  facet normal -0.144116 0.215646 0.965778
    outer loop
      vertex 4.51227 29.8448 91.9039
      vertex 4.0216 30.2751 91.7346
      vertex 4.40618 29.7739 91.9039
    endloop
  endfacet
  facet normal -0.792296 -0.0519305 0.607923
    outer loop
      vertex 1.27296 4.50933 90.2967
      vertex 0.842651 5 89.7778
      vertex 0.878218 4.45736 89.7778
    endloop
  endfacet
  facet normal -0.712111 -0.351179 0.607924
    outer loop
      vertex 1.74444 3.1204 90.2967
      vertex 1.15911 3.40905 89.7778
      vertex 1.39963 2.92133 89.7778
    endloop
  endfacet
  facet normal -0.597821 -0.118914 0.792761
    outer loop
      vertex 2.3168 4.28104 91.1573
      vertex 1.73147 4.56969 90.7592
      vertex 1.8156 4.14674 90.7592
    endloop
  endfacet
  facet normal -0.499824 -0.0327536 0.865508
    outer loop
      vertex 2.80748 4.71135 91.4844
      vertex 2.22215 5 91.1573
      vertex 2.24591 4.63742 91.1573
    endloop
  endfacet
  facet normal -0.499827 -0.0327619 0.865506
    outer loop
      vertex 2.78856 5 91.4844
      vertex 2.22215 5 91.1573
      vertex 2.80748 4.71135 91.4844
    endloop
  endfacet
  facet normal -0.382573 0 0.923925
    outer loop
      vertex 2.78856 29 91.4844
      vertex 3.3928 5 91.7346
      vertex 3.3928 29 91.7346
    endloop
  endfacet
  facet normal -0.382573 0 0.923925
    outer loop
      vertex 3.3928 5 91.7346
      vertex 2.78856 29 91.4844
      vertex 2.78856 5 91.4844
    endloop
  endfacet
  facet normal -0.608713 0 0.793391
    outer loop
      vertex 1.70327 29 90.7592
      vertex 2.22215 5 91.1573
      vertex 2.22215 29 91.1573
    endloop
  endfacet
  facet normal -0.608713 0 0.793391
    outer loop
      vertex 2.22215 5 91.1573
      vertex 1.70327 29 90.7592
      vertex 1.70327 5 90.7592
    endloop
  endfacet
  facet normal -0.382453 0.0250641 0.923635
    outer loop
      vertex 2.80748 29.2887 91.4844
      vertex 2.78856 29 91.4844
      vertex 3.3928 29 91.7346
    endloop
  endfacet
  facet normal -0.310534 -0.9148 0.258281
    outer loop
      vertex 3.18813 0.625752 88.6072
      vertex 3.12335 0.469362 87.9754
      vertex 3.73077 0.26317 87.9754
    endloop
  endfacet
  facet normal -0.427284 -0.866442 0.258276
    outer loop
      vertex 2.63267 0.899672 88.6072
      vertex 2.54804 0.753075 87.9754
      vertex 3.12335 0.469362 87.9754
    endloop
  endfacet
  facet normal -0.0747841 -0.375908 0.923634
    outer loop
      vertex 4.79022 3.40655 91.7346
      vertex 4.58403 3.44757 91.7346
      vertex 4.71135 2.80748 91.4844
    endloop
  endfacet
  facet normal -0.221542 -0.449245 0.865505
    outer loop
      vertex 3.89428 3.08483 91.4844
      vertex 3.61107 2.59431 91.1573
      vertex 3.93696 2.4336 91.1573
    endloop
  endfacet
  facet normal -0.118917 -0.597822 0.79276
    outer loop
      vertex 4.63742 2.24591 91.1573
      vertex 4.28104 2.3168 91.1573
      vertex 4.56969 1.73147 90.7592
    endloop
  endfacet
  facet normal -0.0398575 -0.60823 0.792759
    outer loop
      vertex 4.63742 2.24591 91.1573
      vertex 4.56969 1.73147 90.7592
      vertex 5 2.22215 91.1573
    endloop
  endfacet
  facet normal -0.169515 -0.343747 0.923636
    outer loop
      vertex 4.38495 3.51514 91.7346
      vertex 3.89428 3.08483 91.4844
      vertex 4.15372 2.95689 91.4844
    endloop
  endfacet
  facet normal -0.22154 -0.449245 0.865505
    outer loop
      vertex 4.15372 2.95689 91.4844
      vertex 3.89428 3.08483 91.4844
      vertex 3.93696 2.4336 91.1573
    endloop
  endfacet
  facet normal -0.0578677 -0.117356 0.991402
    outer loop
      vertex 4.83649 4.7168 91.9893
      vertex 4.62671 4.0988 91.9039
      vertex 4.87486 4.69788 91.9893
    endloop
  endfacet
  facet normal -0.0977149 -0.491276 0.865506
    outer loop
      vertex 4.42764 2.86391 91.4844
      vertex 4.28104 2.3168 91.1573
      vertex 4.71135 2.80748 91.4844
    endloop
  endfacet
  facet normal -0.144094 -0.215666 0.965777
    outer loop
      vertex 4.51227 4.15523 91.9039
      vertex 4.0216 3.72492 91.7346
      vertex 4.1964 3.60813 91.7346
    endloop
  endfacet
  facet normal -0.212922 -0.318681 0.923637
    outer loop
      vertex 4.0216 3.72492 91.7346
      vertex 3.89428 3.08483 91.4844
      vertex 4.1964 3.60813 91.7346
    endloop
  endfacet
  facet normal 0.660139 -0.441202 0.607913
    outer loop
      vertex 33.6004 2.92133 89.7778
      vertex 33.2556 3.1204 90.2967
      vertex 33.2982 2.46917 89.7778
    endloop
  endfacet
  facet normal 0.393334 -0.588572 0.706309
    outer loop
      vertex 32.0069 2.38453 90.7592
      vertex 31.6484 2.14495 90.7592
      vertex 31.8796 1.74444 90.2967
    endloop
  endfacet
  facet normal 0.546673 -0.26957 0.792768
    outer loop
      vertex 32.5664 3.93696 91.1573
      vertex 32.4057 3.61107 91.1573
      vertex 33.0458 3.7384 90.7592
    endloop
  endfacet
  facet normal 0.466726 -0.532172 0.706371
    outer loop
      vertex 32.3311 2.66886 90.7592
      vertex 32.0069 2.38453 90.7592
      vertex 32.6582 2.34184 90.2967
    endloop
  endfacet
  facet normal 0.375894 -0.0747257 0.923645
    outer loop
      vertex 32.1925 4.71135 91.4844
      vertex 31.5524 4.58403 91.7346
      vertex 32.1361 4.42764 91.4844
    endloop
  endfacet
  facet normal 0.546672 -0.269682 0.79273
    outer loop
      vertex 33.0458 3.7384 90.7592
      vertex 32.4057 3.61107 91.1573
      vertex 32.855 3.35163 90.7592
    endloop
  endfacet
  facet normal 0.922205 -0.0604358 0.381949
    outer loop
      vertex 34.7346 5 88.6072
      vertex 34.446 4.41467 89.2114
      vertex 34.6941 4.382 88.6072
    endloop
  endfacet
  facet normal 0.707107 -0 0.707107
    outer loop
      vertex 33.2967 5 90.7592
      vertex 33.7592 29 90.2967
      vertex 33.2967 29 90.7592
    endloop
  endfacet
  facet normal 0.707107 0 0.707107
    outer loop
      vertex 33.7592 29 90.2967
      vertex 33.2967 5 90.7592
      vertex 33.7592 5 90.2967
    endloop
  endfacet
  facet normal 0.15489 -0.77875 0.607913
    outer loop
      vertex 30.973 1.36889 90.2967
      vertex 30.5426 0.878218 89.7778
      vertex 31.076 0.984309 89.7778
    endloop
  endfacet
  facet normal 0.0519346 -0.792299 0.607919
    outer loop
      vertex 30.4907 1.27296 90.2967
      vertex 30 0.842651 89.7778
      vertex 30.5426 0.878218 89.7778
    endloop
  endfacet
  facet normal -0.0462977 -0.706371 0.706326
    outer loop
      vertex 5 1.70327 90.7592
      vertex 4.50933 1.27296 90.2967
      vertex 5 1.2408 90.2967
    endloop
  endfacet
  facet normal -0.0519294 -0.792295 0.607924
    outer loop
      vertex 5 1.2408 90.2967
      vertex 4.50933 1.27296 90.2967
      vertex 5 0.842651 89.7778
    endloop
  endfacet
  facet normal 0 -0.866022 0.500006
    outer loop
      vertex 5 0.515635 89.2114
      vertex 30 0.842651 89.7778
      vertex 5 0.842651 89.7778
    endloop
  endfacet
  facet normal 0 -0.866022 0.500006
    outer loop
      vertex 30 0.842651 89.7778
      vertex 5 0.515635 89.2114
      vertex 30 0.515635 89.2114
    endloop
  endfacet
  facet normal 0.171046 -0.194976 0.965778
    outer loop
      vertex 30.6897 4.31025 91.9039
      vertex 30.5938 4.22612 91.9039
      vertex 30.9784 3.72492 91.7346
    endloop
  endfacet
  facet normal 0.474302 -0.161033 0.865509
    outer loop
      vertex 32.1361 4.42764 91.4844
      vertex 32.0431 4.15372 91.4844
      vertex 32.5664 3.93696 91.1573
    endloop
  endfacet
  facet normal 0.50684 -0.338553 0.792777
    outer loop
      vertex 32.855 3.35163 90.7592
      vertex 32.2038 3.30895 91.1573
      vertex 32.6155 2.99308 90.7592
    endloop
  endfacet
  facet normal 0.0977175 -0.491275 0.865506
    outer loop
      vertex 30.719 2.3168 91.1573
      vertex 30.2887 2.80748 91.4844
      vertex 30.3626 2.24591 91.1573
    endloop
  endfacet
  facet normal 0.0398555 -0.608232 0.792758
    outer loop
      vertex 30.3626 2.24591 91.1573
      vertex 30 2.22215 91.1573
      vertex 30.4303 1.73147 90.7592
    endloop
  endfacet
  facet normal 0.438532 -0.889234 0.130203
    outer loop
      vertex 32.452 0.753075 87.9754
      vertex 31.8767 0.469362 87.9754
      vertex 32.4946 0.679144 87.327
    endloop
  endfacet
  facet normal 0.55088 -0.824368 0.130188
    outer loop
      vertex 32.9853 1.10945 87.9754
      vertex 32.452 0.753075 87.9754
      vertex 32.4946 0.679144 87.327
    endloop
  endfacet
  facet normal 0.523523 -0.596978 0.607899
    outer loop
      vertex 32.6582 2.34184 90.2967
      vertex 32.2885 2.01763 90.2967
      vertex 32.9397 2.06031 89.7778
    endloop
  endfacet
  facet normal 0.383228 -0.777114 0.499229
    outer loop
      vertex 32.2422 1.11643 89.2114
      vertex 31.5909 1.15911 89.7778
      vertex 31.7161 0.856988 89.2114
    endloop
  endfacet
  facet normal 0.169049 -0.849845 -0.499186
    outer loop
      vertex 31.1606 0.668437 2.78856
      vertex 30.5853 0.554 2.78856
      vertex 31.076 0.984309 2.22215
    endloop
  endfacet
  facet normal 0.1803 -0.906407 -0.381992
    outer loop
      vertex 31.2254 0.426679 3.3928
      vertex 30.5853 0.554 2.78856
      vertex 31.1606 0.668437 2.78856
    endloop
  endfacet
  facet normal -0.188471 -0.947502 -0.258301
    outer loop
      vertex 4.382 0.305855 3.3928
      vertex 3.73077 0.26317 4.02455
      vertex 3.77458 0.426679 3.3928
    endloop
  endfacet
  facet normal -0.180297 -0.90641 -0.381987
    outer loop
      vertex 4.41467 0.554 2.78856
      vertex 3.77458 0.426679 3.3928
      vertex 3.83936 0.668437 2.78856
    endloop
  endfacet
  facet normal -0.144074 -0.215636 -0.965787
    outer loop
      vertex 4.1964 3.60813 0.265348
      vertex 4.0216 3.72492 0.265348
      vertex 4.51227 4.15523 0.0960732
    endloop
  endfacet
  facet normal 0 -0.382687 -0.923878
    outer loop
      vertex 5 2.78856 0.515635
      vertex 30 3.3928 0.265348
      vertex 30 2.78856 0.515635
    endloop
  endfacet
  facet normal -0 -0.382687 -0.923878
    outer loop
      vertex 30 3.3928 0.265348
      vertex 5 2.78856 0.515635
      vertex 5 3.3928 0.265348
    endloop
  endfacet
  facet normal -0.195945 -0.577234 -0.792721
    outer loop
      vertex 4.28104 2.3168 0.842651
      vertex 3.7384 1.95422 1.2408
      vertex 3.93696 2.4336 0.842651
    endloop
  endfacet
  facet normal 0.269598 -0.546712 -0.792731
    outer loop
      vertex 31.2616 1.95422 1.2408
      vertex 31.063 2.4336 0.842651
      vertex 31.3889 2.59431 0.842651
    endloop
  endfacet
  facet normal 0.0250716 -0.382567 -0.923588
    outer loop
      vertex 30.2887 2.80748 0.515635
      vertex 30 2.78856 0.515635
      vertex 30 3.3928 0.265348
    endloop
  endfacet
  facet normal -0.169045 -0.84984 -0.499194
    outer loop
      vertex 4.41467 0.554 2.78856
      vertex 3.83936 0.668437 2.78856
      vertex 3.924 0.984309 2.22215
    endloop
  endfacet
  facet normal -0.0566718 -0.864634 -0.499195
    outer loop
      vertex 5 0.515635 2.78856
      vertex 4.41467 0.554 2.78856
      vertex 4.45736 0.878218 2.22215
    endloop
  endfacet
  facet normal -0.310531 -0.914796 -0.258301
    outer loop
      vertex 3.73077 0.26317 4.02455
      vertex 3.18813 0.625752 3.3928
      vertex 3.77458 0.426679 3.3928
    endloop
  endfacet
  facet normal -0.310532 -0.914795 -0.2583
    outer loop
      vertex 3.73077 0.26317 4.02455
      vertex 3.12335 0.469362 4.02455
      vertex 3.18813 0.625752 3.3928
    endloop
  endfacet
  facet normal -0.0976961 -0.491181 -0.865561
    outer loop
      vertex 4.71135 2.80748 0.515635
      vertex 4.28104 2.3168 0.842651
      vertex 4.42764 2.86391 0.515635
    endloop
  endfacet
  facet normal -0.278232 -0.416403 -0.865561
    outer loop
      vertex 3.61107 2.59431 0.842651
      vertex 3.30895 2.79618 0.842651
      vertex 3.89428 3.08483 0.515635
    endloop
  endfacet
  facet normal -0.0462902 -0.706352 -0.706345
    outer loop
      vertex 5 1.70327 1.2408
      vertex 4.50933 1.27296 1.70327
      vertex 4.56969 1.73147 1.2408
    endloop
  endfacet
  facet normal -0.255217 -0.751848 -0.607938
    outer loop
      vertex 3.924 0.984309 2.22215
      vertex 3.40905 1.15911 2.22215
      vertex 4.02705 1.36889 1.70327
    endloop
  endfacet
  facet normal -0.546721 -0.269607 -0.792722
    outer loop
      vertex 2.14495 3.35163 1.2408
      vertex 1.95422 3.7384 1.2408
      vertex 2.59431 3.61107 0.842651
    endloop
  endfacet
  facet normal -0.77713 -0.383243 -0.499192
    outer loop
      vertex 1.39963 2.92133 2.22215
      vertex 1.11643 2.75782 2.78856
      vertex 1.15911 3.40905 2.22215
    endloop
  endfacet
  facet normal -0.768422 -0.513426 -0.381996
    outer loop
      vertex 1.44231 2.27009 2.78856
      vertex 0.899672 2.63267 3.3928
      vertex 1.11643 2.75782 2.78856
    endloop
  endfacet
  facet normal -0.938864 -0.318699 -0.130253
    outer loop
      vertex 0.390492 3.09068 4.67298
      vertex 0.180711 3.70868 4.67298
      vertex 0.469362 3.12335 4.02455
    endloop
  endfacet
  facet normal -0.694265 -0.138098 -0.706346
    outer loop
      vertex 1.8156 4.14674 1.2408
      vertex 1.36889 4.02705 1.70327
      vertex 1.73147 4.56969 1.2408
    endloop
  endfacet
  facet normal -0.597867 -0.118923 -0.792724
    outer loop
      vertex 1.8156 4.14674 1.2408
      vertex 1.73147 4.56969 1.2408
      vertex 2.3168 4.28104 0.842651
    endloop
  endfacet
  facet normal -0.458313 -0.401925 -0.792721
    outer loop
      vertex 2.66886 2.66886 1.2408
      vertex 2.38453 2.99308 1.2408
      vertex 3.03576 3.03576 0.842651
    endloop
  endfacet
  facet normal -0.401925 -0.458313 -0.792721
    outer loop
      vertex 2.99308 2.38453 1.2408
      vertex 2.66886 2.66886 1.2408
      vertex 3.03576 3.03576 0.842651
    endloop
  endfacet
  facet normal -0.922189 -0.0604452 -0.381986
    outer loop
      vertex 0.305855 4.382 3.3928
      vertex 0.265348 5 3.3928
      vertex 0.554 4.41467 2.78856
    endloop
  endfacet
  facet normal -0.922189 -0.0604442 -0.381987
    outer loop
      vertex 0.554 4.41467 2.78856
      vertex 0.265348 5 3.3928
      vertex 0.515635 5 2.78856
    endloop
  endfacet
  facet normal -0.351174 -0.7121 -0.607939
    outer loop
      vertex 3.40905 1.15911 2.22215
      vertex 2.92133 1.39963 2.22215
      vertex 3.1204 1.74444 1.70327
    endloop
  endfacet
  facet normal -0.393266 -0.588568 -0.70635
    outer loop
      vertex 3.1204 1.74444 1.70327
      vertex 2.71154 2.01763 1.70327
      vertex 2.99308 2.38453 1.2408
    endloop
  endfacet
  facet normal -0.609359 -0.694814 -0.381988
    outer loop
      vertex 2.27009 1.44231 2.78856
      vertex 1.6521 1.6521 3.3928
      vertex 1.82908 1.82908 2.78856
    endloop
  endfacet
  facet normal -0.72046 -0.48139 -0.499199
    outer loop
      vertex 1.44231 2.27009 2.78856
      vertex 1.39963 2.92133 2.22215
      vertex 1.70175 2.46917 2.22215
    endloop
  endfacet
  facet normal -0.523505 -0.596959 -0.607933
    outer loop
      vertex 2.71154 2.01763 1.70327
      vertex 2.06031 2.06031 2.22215
      vertex 2.34184 2.34184 1.70327
    endloop
  endfacet
  facet normal -0.571331 -0.651454 -0.499187
    outer loop
      vertex 2.27009 1.44231 2.78856
      vertex 1.82908 1.82908 2.78856
      vertex 2.06031 2.06031 2.22215
    endloop
  endfacet
  facet normal -0.636976 -0.726326 0.258287
    outer loop
      vertex 2.11773 1.24375 88.6072
      vertex 1.6521 1.6521 88.6072
      vertex 2.01468 1.10945 87.9754
    endloop
  endfacet
  facet normal -0.481388 -0.720457 0.499206
    outer loop
      vertex 2.46917 1.70175 89.7778
      vertex 2.27009 1.44231 89.2114
      vertex 2.92133 1.39963 89.7778
    endloop
  endfacet
  facet normal -0.383242 -0.777127 0.499199
    outer loop
      vertex 2.92133 1.39963 89.7778
      vertex 2.75782 1.11643 89.2114
      vertex 3.40905 1.15911 89.7778
    endloop
  endfacet
  facet normal -0.609346 -0.69482 0.381998
    outer loop
      vertex 2.27009 1.44231 89.2114
      vertex 1.6521 1.6521 88.6072
      vertex 2.11773 1.24375 88.6072
    endloop
  endfacet
  facet normal -0.0983582 -0.0862201 -0.991409
    outer loop
      vertex 4.76876 4.76876 0.010705
      vertex 4.22612 4.40618 0.0960732
      vertex 4.74056 4.80093 0.010705
    endloop
  endfacet
  facet normal 0.117343 0.0577548 -0.991411
    outer loop
      vertex 30.3021 29.1251 0.010705
      vertex 30.2832 29.1635 0.010705
      vertex 30.9012 29.3733 0.0960732
    endloop
  endfacet
  facet normal 0.19497 -0.170966 -0.965794
    outer loop
      vertex 31.1365 3.86354 0.265348
      vertex 30.6897 4.31025 0.0960732
      vertex 31.2751 4.0216 0.265348
    endloop
  endfacet
  facet normal 0.0578071 -0.117325 -0.99141
    outer loop
      vertex 30.3733 4.0988 0.0960732
      vertex 30.1251 4.69788 0.010705
      vertex 30.1635 4.7168 0.010705
    endloop
  endfacet
  facet normal 0.215616 -0.144096 -0.965788
    outer loop
      vertex 31.2751 4.0216 0.265348
      vertex 30.7739 4.40618 0.0960732
      vertex 30.8448 4.51227 0.0960732
    endloop
  endfacet
  facet normal 0.660207 -0.44115 -0.607876
    outer loop
      vertex 33.2982 2.46917 2.22215
      vertex 32.9824 2.71154 1.70327
      vertex 33.2556 3.1204 1.70327
    endloop
  endfacet
  facet normal 0.278247 -0.416399 -0.865558
    outer loop
      vertex 31.3889 2.59431 0.842651
      vertex 31.1057 3.08483 0.515635
      vertex 31.691 2.79618 0.842651
    endloop
  endfacet
  facet normal -0.072753 0.108702 -0.991409
    outer loop
      vertex 4.80093 29.2594 0.010705
      vertex 4.51227 29.8448 0.0960732
      vertex 4.83649 29.2832 0.010705
    endloop
  endfacet
  facet normal 0.123798 -0.0421829 -0.99141
    outer loop
      vertex 30.9012 4.62671 0.0960732
      vertex 30.3021 4.87486 0.010705
      vertex 30.3159 4.91536 0.010705
    endloop
  endfacet
  facet normal 0.170927 0.194976 -0.965799
    outer loop
      vertex 31.1365 30.1365 0.265348
      vertex 30.6897 29.6897 0.0960732
      vertex 30.9784 30.2751 0.265348
    endloop
  endfacet
  facet normal 0.21562 0.144085 -0.965789
    outer loop
      vertex 30.8448 29.4877 0.0960732
      vertex 30.7739 29.5938 0.0960732
      vertex 31.2751 29.9784 0.265348
    endloop
  endfacet
  facet normal 0.363041 0.123267 -0.923584
    outer loop
      vertex 32.1361 29.5724 0.515635
      vertex 31.4849 29.615 0.265348
      vertex 32.0431 29.8463 0.515635
    endloop
  endfacet
  facet normal 0.49116 0.0977083 -0.865572
    outer loop
      vertex 32.7541 29.3626 0.842651
      vertex 32.1925 29.2887 0.515635
      vertex 32.6832 29.719 0.842651
    endloop
  endfacet
  facet normal 0.491199 0.0976512 -0.865556
    outer loop
      vertex 32.1925 29.2887 0.515635
      vertex 32.1361 29.5724 0.515635
      vertex 32.6832 29.719 0.842651
    endloop
  endfacet
  facet normal 0.338699 0.506776 -0.792755
    outer loop
      vertex 31.691 31.2038 0.842651
      vertex 31.6484 31.8551 1.2408
      vertex 32.0069 31.6155 1.2408
    endloop
  endfacet
  facet normal 0.712134 0.351103 -0.607941
    outer loop
      vertex 33.8409 30.5909 2.22215
      vertex 33.2556 30.8796 1.70327
      vertex 33.6004 31.0787 2.22215
    endloop
  endfacet
  facet normal 0.608301 0.0399271 -0.792701
    outer loop
      vertex 32.7779 29 0.842651
      vertex 32.7541 29.3626 0.842651
      vertex 33.2685 29.4303 1.2408
    endloop
  endfacet
  facet normal 0.499703 0.032799 -0.865576
    outer loop
      vertex 32.7779 29 0.842651
      vertex 32.1925 29.2887 0.515635
      vertex 32.7541 29.3626 0.842651
    endloop
  endfacet
  facet normal 0.215631 -0.144083 -0.965786
    outer loop
      vertex 31.2751 4.0216 0.265348
      vertex 30.8448 4.51227 0.0960732
      vertex 31.3919 4.1964 0.265348
    endloop
  endfacet
  facet normal 0.288197 -0.25283 -0.92359
    outer loop
      vertex 31.5637 3.43627 0.515635
      vertex 31.2751 4.0216 0.265348
      vertex 31.7545 3.65376 0.515635
    endloop
  endfacet
  facet normal -0.318776 -0.212985 -0.92359
    outer loop
      vertex 3.72492 4.0216 0.265348
      vertex 3.08483 3.89428 0.515635
      vertex 3.60813 4.1964 0.265348
    endloop
  endfacet
  facet normal -0.474225 -0.160978 -0.865562
    outer loop
      vertex 2.4336 3.93696 0.842651
      vertex 2.3168 4.28104 0.842651
      vertex 2.86391 4.42764 0.515635
    endloop
  endfacet
  facet normal -0.0833557 -0.245575 -0.965787
    outer loop
      vertex 4.74753 4.05779 0.0960732
      vertex 4.58403 3.44757 0.265348
      vertex 4.62671 4.0988 0.0960732
    endloop
  endfacet
  facet normal -0.0420351 0.12387 -0.991408
    outer loop
      vertex 4.91536 29.3159 0.010705
      vertex 4.62671 29.9012 0.0960732
      vertex 4.74753 29.9422 0.0960732
    endloop
  endfacet
  facet normal -0.458308 0.401908 -0.792732
    outer loop
      vertex 2.79618 30.691 0.842651
      vertex 2.38453 31.0069 1.2408
      vertex 3.03576 30.9642 0.842651
    endloop
  endfacet
  facet normal -0.318774 0.213015 -0.923584
    outer loop
      vertex 3.72492 29.9784 0.265348
      vertex 3.08483 30.1057 0.515635
      vertex 3.24554 30.3462 0.515635
    endloop
  endfacet
  facet normal -0.474229 -0.160973 -0.86556
    outer loop
      vertex 2.95689 4.15372 0.515635
      vertex 2.4336 3.93696 0.842651
      vertex 2.86391 4.42764 0.515635
    endloop
  endfacet
  facet normal -0.670296 -0.227535 -0.706351
    outer loop
      vertex 1.52695 3.56142 1.70327
      vertex 1.36889 4.02705 1.70327
      vertex 1.95422 3.7384 1.2408
    endloop
  endfacet
  facet normal -0.778729 -0.154896 -0.607938
    outer loop
      vertex 1.36889 4.02705 1.70327
      vertex 0.878218 4.45736 2.22215
      vertex 1.27296 4.50933 1.70327
    endloop
  endfacet
  facet normal -0.792285 -0.0519298 -0.607938
    outer loop
      vertex 0.878218 4.45736 2.22215
      vertex 0.842651 5 2.22215
      vertex 1.27296 4.50933 1.70327
    endloop
  endfacet
  facet normal -0.849845 0.169049 -0.499186
    outer loop
      vertex 0.984309 30.076 2.22215
      vertex 0.554 29.5853 2.78856
      vertex 0.668437 30.1606 2.78856
    endloop
  endfacet
  facet normal -0.778739 0.154888 -0.607928
    outer loop
      vertex 1.36889 29.973 1.70327
      vertex 0.878218 29.5426 2.22215
      vertex 0.984309 30.076 2.22215
    endloop
  endfacet
  facet normal -0.875126 0.29704 -0.381996
    outer loop
      vertex 0.668437 30.1606 2.78856
      vertex 0.625752 30.8119 3.3928
      vertex 0.856988 30.7161 2.78856
    endloop
  endfacet
  facet normal -0.828857 0.408744 -0.381999
    outer loop
      vertex 0.856988 30.7161 2.78856
      vertex 0.625752 30.8119 3.3928
      vertex 1.11643 31.2422 2.78856
    endloop
  endfacet
  facet normal -0.972429 0.193439 -0.130241
    outer loop
      vertex 0.138027 29.6401 4.02455
      vertex 0.0533886 29.6512 4.67298
      vertex 0.26317 30.2692 4.02455
    endloop
  endfacet
  facet normal -0.922188 0.0604451 -0.381989
    outer loop
      vertex 0.554 29.5853 2.78856
      vertex 0.265348 29 3.3928
      vertex 0.305855 29.618 3.3928
    endloop
  endfacet
  facet normal -0.938868 0.3187 -0.130219
    outer loop
      vertex 0.469362 30.8767 4.02455
      vertex 0.180711 30.2913 4.67298
      vertex 0.390492 30.9093 4.67298
    endloop
  endfacet
  facet normal -0.889229 0.438541 -0.130207
    outer loop
      vertex 0.469362 30.8767 4.02455
      vertex 0.390492 30.9093 4.67298
      vertex 0.679144 31.4946 4.67298
    endloop
  endfacet
  facet normal 0.694882 -0.609325 -0.381919
    outer loop
      vertex 33.7562 2.11773 3.3928
      vertex 33.3479 1.6521 3.3928
      vertex 33.5577 2.27009 2.78856
    endloop
  endfacet
  facet normal 0.609362 -0.694802 -0.382006
    outer loop
      vertex 33.3479 1.6521 3.3928
      vertex 32.7299 1.44231 2.78856
      vertex 33.1709 1.82908 2.78856
    endloop
  endfacet
  facet normal 0.777144 -0.383218 -0.499191
    outer loop
      vertex 33.8836 2.75782 2.78856
      vertex 33.6004 2.92133 2.22215
      vertex 33.8409 3.40905 2.22215
    endloop
  endfacet
  facet normal 0.720373 -0.481459 -0.49926
    outer loop
      vertex 33.5577 2.27009 2.78856
      vertex 33.2982 2.46917 2.22215
      vertex 33.6004 2.92133 2.22215
    endloop
  endfacet
  facet normal 0.513452 -0.768413 0.38198
    outer loop
      vertex 32.7299 1.44231 89.2114
      vertex 32.2422 1.11643 89.2114
      vertex 32.3673 0.899672 88.6072
    endloop
  endfacet
  facet normal 0.637008 -0.726315 0.25824
    outer loop
      vertex 33.3479 1.6521 88.6072
      vertex 32.8823 1.24375 88.6072
      vertex 32.9853 1.10945 87.9754
    endloop
  endfacet
  facet normal 0.972428 -0.193395 0.130317
    outer loop
      vertex 34.9466 4.34877 87.327
      vertex 34.7368 3.73077 87.9754
      vertex 34.8193 3.70868 87.327
    endloop
  endfacet
  facet normal 0.965922 -0 0.258833
    outer loop
      vertex 34.7346 5 88.6072
      vertex 34.9039 29 87.9754
      vertex 34.7346 29 88.6072
    endloop
  endfacet
  facet normal 0.965922 0 0.258833
    outer loop
      vertex 34.9039 29 87.9754
      vertex 34.7346 5 88.6072
      vertex 34.9039 5 87.9754
    endloop
  endfacet
  facet normal 0.864638 -0.0567237 0.499183
    outer loop
      vertex 34.4844 5 89.2114
      vertex 34.1218 4.45736 89.7778
      vertex 34.446 4.41467 89.2114
    endloop
  endfacet
  facet normal 0.694306 -0.138057 0.706314
    outer loop
      vertex 33.2685 4.56969 90.7592
      vertex 33.1844 4.14674 90.7592
      vertex 33.6311 4.02705 90.2967
    endloop
  endfacet
  facet normal 0.938851 -0.318711 0.130314
    outer loop
      vertex 34.7368 3.73077 87.9754
      vertex 34.5306 3.12335 87.9754
      vertex 34.8193 3.70868 87.327
    endloop
  endfacet
  facet normal 0.896905 -0.442224 0
    outer loop
      vertex 34.3209 2.50535 87.327
      vertex 34.6095 3.09068 4.67298
      vertex 34.6095 3.09068 87.327
    endloop
  endfacet
  facet normal 0.896905 -0.442224 0
    outer loop
      vertex 34.6095 3.09068 4.67298
      vertex 34.3209 2.50535 87.327
      vertex 34.3209 2.50535 4.67298
    endloop
  endfacet
  facet normal 0.393321 -0.588553 -0.706331
    outer loop
      vertex 31.8796 1.74444 1.70327
      vertex 31.6484 2.14495 1.2408
      vertex 32.0069 2.38453 1.2408
    endloop
  endfacet
  facet normal 0.458261 -0.401979 -0.792723
    outer loop
      vertex 32.3311 2.66886 1.2408
      vertex 31.9642 3.03576 0.842651
      vertex 32.6155 2.99308 1.2408
    endloop
  endfacet
  facet normal 0.313091 -0.634849 -0.706357
    outer loop
      vertex 31.4386 1.52695 1.70327
      vertex 31.2616 1.95422 1.2408
      vertex 31.8796 1.74444 1.70327
    endloop
  endfacet
  facet normal 0.138082 -0.694267 -0.706347
    outer loop
      vertex 30.973 1.36889 1.70327
      vertex 30.4303 1.73147 1.2408
      vertex 30.8533 1.8156 1.2408
    endloop
  endfacet
  facet normal 0.19597 -0.577222 -0.792724
    outer loop
      vertex 30.8533 1.8156 1.2408
      vertex 30.719 2.3168 0.842651
      vertex 31.2616 1.95422 1.2408
    endloop
  endfacet
  facet normal 0.195983 -0.577209 -0.79273
    outer loop
      vertex 31.2616 1.95422 1.2408
      vertex 30.719 2.3168 0.842651
      vertex 31.063 2.4336 0.842651
    endloop
  endfacet
  facet normal 0.72636 -0.636928 -0.258307
    outer loop
      vertex 33.8905 2.01468 4.02455
      vertex 33.3479 1.6521 3.3928
      vertex 33.7562 2.11773 3.3928
    endloop
  endfacet
  facet normal 0.651443 -0.571366 -0.499162
    outer loop
      vertex 33.1709 1.82908 2.78856
      vertex 32.9397 2.06031 2.22215
      vertex 33.5577 2.27009 2.78856
    endloop
  endfacet
  facet normal 0.94746 -0.188546 -0.258399
    outer loop
      vertex 34.7368 3.73077 4.02455
      vertex 34.6941 4.382 3.3928
      vertex 34.862 4.35991 4.02455
    endloop
  endfacet
  facet normal 0.466743 0.532061 -0.706443
    outer loop
      vertex 32.3311 31.3311 1.2408
      vertex 32.0069 31.6155 1.2408
      vertex 32.6582 31.6582 1.70327
    endloop
  endfacet
  facet normal 0.571382 0.651446 -0.49914
    outer loop
      vertex 32.9397 31.9397 2.22215
      vertex 32.7299 32.5577 2.78856
      vertex 33.1709 32.1709 2.78856
    endloop
  endfacet
  facet normal 0.938854 0.318724 -0.130262
    outer loop
      vertex 34.8193 30.2913 4.67298
      vertex 34.5306 30.8767 4.02455
      vertex 34.6095 30.9093 4.67298
    endloop
  endfacet
  facet normal 0.938864 0.318673 -0.130313
    outer loop
      vertex 34.7368 30.2692 4.02455
      vertex 34.5306 30.8767 4.02455
      vertex 34.8193 30.2913 4.67298
    endloop
  endfacet
  facet normal 0.906436 0.180272 -0.381937
    outer loop
      vertex 34.6941 29.618 3.3928
      vertex 34.446 29.5853 2.78856
      vertex 34.5733 30.2254 3.3928
    endloop
  endfacet
  facet normal 0.947512 0.188442 -0.258286
    outer loop
      vertex 34.6941 29.618 3.3928
      vertex 34.5733 30.2254 3.3928
      vertex 34.7368 30.2692 4.02455
    endloop
  endfacet
  facet normal 0.820483 0.278565 -0.499209
    outer loop
      vertex 34.3316 30.1606 2.78856
      vertex 34.0157 30.076 2.22215
      vertex 34.143 30.7161 2.78856
    endloop
  endfacet
  facet normal 0.751841 0.255237 -0.607939
    outer loop
      vertex 34.0157 30.076 2.22215
      vertex 33.6311 29.973 1.70327
      vertex 33.8409 30.5909 2.22215
    endloop
  endfacet
  facet normal 0.792254 0.0518338 -0.607986
    outer loop
      vertex 34.1573 29 2.22215
      vertex 33.727 29.4907 1.70327
      vertex 34.1218 29.5426 2.22215
    endloop
  endfacet
  facet normal 0.792318 0.0519923 -0.607889
    outer loop
      vertex 33.7592 29 1.70327
      vertex 33.727 29.4907 1.70327
      vertex 34.1573 29 2.22215
    endloop
  endfacet
  facet normal 0.0519931 0.792329 0.607875
    outer loop
      vertex 30 33.1573 89.7778
      vertex 30 32.7592 90.2967
      vertex 30.4907 32.727 90.2967
    endloop
  endfacet
  facet normal 0.227546 0.670326 0.706318
    outer loop
      vertex 30.973 32.6311 90.2967
      vertex 30.8533 32.1844 90.7592
      vertex 31.2616 32.0458 90.7592
    endloop
  endfacet
  facet normal 0.513488 0.76842 0.381917
    outer loop
      vertex 32.3673 33.1003 88.6072
      vertex 32.2422 32.8836 89.2114
      vertex 32.7299 32.5577 89.2114
    endloop
  endfacet
  facet normal 0.297112 0.875111 0.381975
    outer loop
      vertex 31.8119 33.3742 88.6072
      vertex 31.1606 33.3316 89.2114
      vertex 31.7161 33.143 89.2114
    endloop
  endfacet
  facet normal 0.726377 0.636917 0.258288
    outer loop
      vertex 33.4676 32.4676 87.9754
      vertex 33.3479 32.3479 88.6072
      vertex 33.8905 31.9853 87.9754
    endloop
  endfacet
  facet normal 0.803204 0.536775 0.258333
    outer loop
      vertex 34.2469 31.452 87.9754
      vertex 33.8905 31.9853 87.9754
      vertex 34.1003 31.3673 88.6072
    endloop
  endfacet
  facet normal 0.922204 0.0604357 0.381952
    outer loop
      vertex 34.6941 29.618 88.6072
      vertex 34.446 29.5853 89.2114
      vertex 34.7346 29 88.6072
    endloop
  endfacet
  facet normal 0.906427 0.180271 0.381959
    outer loop
      vertex 34.5733 30.2254 88.6072
      vertex 34.446 29.5853 89.2114
      vertex 34.6941 29.618 88.6072
    endloop
  endfacet
  facet normal 0.215656 0.144099 0.965778
    outer loop
      vertex 31.2751 29.9784 91.7346
      vertex 30.8448 29.4877 91.9039
      vertex 31.3919 29.8036 91.7346
    endloop
  endfacet
  facet normal -0.0578154 0.117374 0.991403
    outer loop
      vertex 4.87486 29.3021 91.9893
      vertex 4.62671 29.9012 91.9039
      vertex 4.83649 29.2832 91.9893
    endloop
  endfacet
  facet normal 0.128367 0.0254283 0.991401
    outer loop
      vertex 30.9422 29.2525 91.9039
      vertex 30.3159 29.0846 91.9893
      vertex 30.3242 29.0427 91.9893
    endloop
  endfacet
  facet normal 0.258817 0.0170782 0.965775
    outer loop
      vertex 31.5934 29.2098 91.7346
      vertex 30.9671 29.1273 91.9039
      vertex 30.9755 29 91.9039
    endloop
  endfacet
  facet normal 0.19491 0.171131 0.965776
    outer loop
      vertex 31.2751 29.9784 91.7346
      vertex 30.6897 29.6897 91.9039
      vertex 30.7739 29.5938 91.9039
    endloop
  endfacet
  facet normal 0.382475 -0.0250434 0.923626
    outer loop
      vertex 32.2114 5 91.4844
      vertex 31.6072 5 91.7346
      vertex 32.1925 4.71135 91.4844
    endloop
  endfacet
  facet normal 0.0863624 0.0983061 0.991402
    outer loop
      vertex 30.5938 29.7739 91.9039
      vertex 30.1991 29.2594 91.9893
      vertex 30.2312 29.2312 91.9893
    endloop
  endfacet
  facet normal 0.0983271 0.086331 0.991402
    outer loop
      vertex 30.6897 29.6897 91.9039
      vertex 30.2312 29.2312 91.9893
      vertex 30.7739 29.5938 91.9039
    endloop
  endfacet
  facet normal 0.41647 0.278336 0.865495
    outer loop
      vertex 32.2038 30.691 91.1573
      vertex 31.9152 30.1057 91.4844
      vertex 32.4057 30.3889 91.1573
    endloop
  endfacet
  facet normal 0.416512 0.278309 0.865484
    outer loop
      vertex 32.2038 30.691 91.1573
      vertex 31.7545 30.3462 91.4844
      vertex 31.9152 30.1057 91.4844
    endloop
  endfacet
  facet normal 0.608288 0.0398646 0.792715
    outer loop
      vertex 33.2685 29.4303 90.7592
      vertex 32.7779 29 91.1573
      vertex 33.2967 29 90.7592
    endloop
  endfacet
  facet normal 0.670326 0.227546 0.706318
    outer loop
      vertex 33.6311 29.973 90.2967
      vertex 33.0458 30.2616 90.7592
      vertex 33.1844 29.8533 90.7592
    endloop
  endfacet
  facet normal 0.506789 0.338698 0.792747
    outer loop
      vertex 32.855 30.6484 90.7592
      vertex 32.2038 30.691 91.1573
      vertex 32.4057 30.3889 91.1573
    endloop
  endfacet
  facet normal 0.546663 0.269657 0.792745
    outer loop
      vertex 32.855 30.6484 90.7592
      vertex 32.4057 30.3889 91.1573
      vertex 33.0458 30.2616 90.7592
    endloop
  endfacet
  facet normal 0.118933 0.597853 0.792734
    outer loop
      vertex 30.4303 32.2685 90.7592
      vertex 30.3626 31.7541 91.1573
      vertex 30.719 31.6832 91.1573
    endloop
  endfacet
  facet normal 0.039924 0.608254 0.792738
    outer loop
      vertex 30.4303 32.2685 90.7592
      vertex 30 31.7779 91.1573
      vertex 30.3626 31.7541 91.1573
    endloop
  endfacet
  facet normal 0.169046 0.84985 -0.499178
    outer loop
      vertex 31.076 33.0157 2.22215
      vertex 30.5426 33.1218 2.22215
      vertex 30.5853 33.446 2.78856
    endloop
  endfacet
  facet normal 0.154898 0.778722 -0.607946
    outer loop
      vertex 30.973 32.6311 1.70327
      vertex 30.5426 33.1218 2.22215
      vertex 31.076 33.0157 2.22215
    endloop
  endfacet
  facet normal 0.195944 0.577229 -0.792725
    outer loop
      vertex 31.2616 32.0458 1.2408
      vertex 30.719 31.6832 0.842651
      vertex 30.8533 32.1844 1.2408
    endloop
  endfacet
  facet normal 0.118869 0.59788 -0.792723
    outer loop
      vertex 30.719 31.6832 0.842651
      vertex 30.4303 32.2685 1.2408
      vertex 30.8533 32.1844 1.2408
    endloop
  endfacet
  facet normal 0 0.707084 -0.70713
    outer loop
      vertex 30 32.2967 1.2408
      vertex 5 32.7592 1.70327
      vertex 30 32.7592 1.70327
    endloop
  endfacet
  facet normal 0 0.707084 -0.70713
    outer loop
      vertex 5 32.7592 1.70327
      vertex 30 32.2967 1.2408
      vertex 5 32.2967 1.2408
    endloop
  endfacet
  facet normal -0.0976479 0.4912 -0.865556
    outer loop
      vertex 4.42764 31.1361 0.515635
      vertex 4.28104 31.6832 0.842651
      vertex 4.71135 31.1925 0.515635
    endloop
  endfacet
  facet normal -0.123263 0.363056 -0.923578
    outer loop
      vertex 4.38495 30.4849 0.265348
      vertex 4.15372 31.0431 0.515635
      vertex 4.42764 31.1361 0.515635
    endloop
  endfacet
  facet normal -0.16959 0.34383 -0.923591
    outer loop
      vertex 4.1964 30.3919 0.265348
      vertex 3.89428 30.9152 0.515635
      vertex 4.38495 30.4849 0.265348
    endloop
  endfacet
  facet normal -0.659341 0.751844 0
    outer loop
      vertex 1.96271 32.9583 4.67298
      vertex 1.47204 32.528 87.327
      vertex 1.96271 32.9583 87.327
    endloop
  endfacet
  facet normal -0.659341 0.751844 0
    outer loop
      vertex 1.47204 32.528 87.327
      vertex 1.96271 32.9583 4.67298
      vertex 1.47204 32.528 4.67298
    endloop
  endfacet
  facet normal -0.694797 0.609365 -0.382011
    outer loop
      vertex 1.44231 31.7299 2.78856
      vertex 1.24375 31.8823 3.3928
      vertex 1.6521 32.3479 3.3928
    endloop
  endfacet
  facet normal -0.803218 0.536746 -0.258349
    outer loop
      vertex 0.899672 31.3673 3.3928
      vertex 0.753075 31.452 4.02455
      vertex 1.10945 31.9853 4.02455
    endloop
  endfacet
  facet normal -0.824369 0.55088 -0.130182
    outer loop
      vertex 0.753075 31.452 4.02455
      vertex 0.679144 31.4946 4.67298
      vertex 1.10945 31.9853 4.02455
    endloop
  endfacet
  facet normal -0.383199 0.777166 -0.499171
    outer loop
      vertex 3.40905 32.8409 2.22215
      vertex 2.75782 32.8836 2.78856
      vertex 3.28391 33.143 2.78856
    endloop
  endfacet
  facet normal -0.550851 0.824362 -0.130345
    outer loop
      vertex 2.01468 32.8905 4.02455
      vertex 1.96271 32.9583 4.67298
      vertex 2.50535 33.3209 4.67298
    endloop
  endfacet
  facet normal 0.297115 0.87512 -0.381953
    outer loop
      vertex 31.7161 33.143 2.78856
      vertex 31.1606 33.3316 2.78856
      vertex 31.8119 33.3742 3.3928
    endloop
  endfacet
  facet normal 0.408699 0.828899 -0.381959
    outer loop
      vertex 32.2422 32.8836 2.78856
      vertex 31.7161 33.143 2.78856
      vertex 31.8119 33.3742 3.3928
    endloop
  endfacet
  facet normal 0.227613 0.670315 -0.706307
    outer loop
      vertex 31.2616 32.0458 1.2408
      vertex 30.973 32.6311 1.70327
      vertex 31.4386 32.473 1.70327
    endloop
  endfacet
  facet normal 0.227539 0.670305 -0.706341
    outer loop
      vertex 31.2616 32.0458 1.2408
      vertex 30.8533 32.1844 1.2408
      vertex 30.973 32.6311 1.70327
    endloop
  endfacet
  facet normal 0.824388 0.550807 -0.130369
    outer loop
      vertex 34.3209 31.4946 4.67298
      vertex 33.8905 31.9853 4.02455
      vertex 33.9583 32.0373 4.67298
    endloop
  endfacet
  facet normal 0.8032 0.536772 -0.258352
    outer loop
      vertex 34.1003 31.3673 3.3928
      vertex 33.8905 31.9853 4.02455
      vertex 34.2469 31.452 4.02455
    endloop
  endfacet
  facet normal 0.946922 0.321463 0
    outer loop
      vertex 34.8193 30.2913 87.327
      vertex 34.6095 30.9093 4.67298
      vertex 34.6095 30.9093 87.327
    endloop
  endfacet
  facet normal 0.946922 0.321463 0
    outer loop
      vertex 34.6095 30.9093 4.67298
      vertex 34.8193 30.2913 87.327
      vertex 34.8193 30.2913 4.67298
    endloop
  endfacet
  facet normal -0.0567237 0.864638 0.499183
    outer loop
      vertex 5 33.4844 89.2114
      vertex 4.41467 33.446 89.2114
      vertex 4.45736 33.1218 89.7778
    endloop
  endfacet
  facet normal -0.188436 0.947517 0.258269
    outer loop
      vertex 4.382 33.6941 88.6072
      vertex 3.73077 33.7368 87.9754
      vertex 3.77458 33.5733 88.6072
    endloop
  endfacet
  facet normal -0.193513 0.97242 0.130201
    outer loop
      vertex 4.34877 33.9466 87.327
      vertex 3.73077 33.7368 87.9754
      vertex 4.35991 33.862 87.9754
    endloop
  endfacet
  facet normal -0.0647637 0.98937 0.130201
    outer loop
      vertex 5 33.9039 87.9754
      vertex 4.34877 33.9466 87.327
      vertex 4.35991 33.862 87.9754
    endloop
  endfacet
  facet normal -0.42725 0.866448 -0.258314
    outer loop
      vertex 3.18813 33.3742 3.3928
      vertex 2.63267 33.1003 3.3928
      vertex 3.12335 33.5306 4.02455
    endloop
  endfacet
  facet normal 0.0631015 0.963992 -0.258336
    outer loop
      vertex 30.6401 33.862 4.02455
      vertex 30 33.7346 3.3928
      vertex 30 33.9039 4.02455
    endloop
  endfacet
  facet normal -0.31057 0.914786 -0.258288
    outer loop
      vertex 3.77458 33.5733 3.3928
      vertex 3.18813 33.3742 3.3928
      vertex 3.73077 33.7368 4.02455
    endloop
  endfacet
  facet normal 0.180271 0.906427 0.381959
    outer loop
      vertex 30.618 33.6941 88.6072
      vertex 30.5853 33.446 89.2114
      vertex 31.2254 33.5733 88.6072
    endloop
  endfacet
  facet normal 0.193392 0.972428 0.13032
    outer loop
      vertex 31.2913 33.8193 87.327
      vertex 30.6512 33.9466 87.327
      vertex 31.2692 33.7368 87.9754
    endloop
  endfacet
  facet normal 0.195055 0.980792 -0
    outer loop
      vertex 31.2913 33.8193 4.67298
      vertex 30.6512 33.9466 87.327
      vertex 31.2913 33.8193 87.327
    endloop
  endfacet
  facet normal 0.195055 0.980792 0
    outer loop
      vertex 30.6512 33.9466 87.327
      vertex 31.2913 33.8193 4.67298
      vertex 30.6512 33.9466 4.67298
    endloop
  endfacet
  facet normal 0.513493 0.768428 -0.381895
    outer loop
      vertex 32.7299 32.5577 2.78856
      vertex 32.2422 32.8836 2.78856
      vertex 32.3673 33.1003 3.3928
    endloop
  endfacet
  facet normal 0.536709 0.803269 -0.258267
    outer loop
      vertex 32.8823 32.7562 3.3928
      vertex 32.3673 33.1003 3.3928
      vertex 32.9853 32.8905 4.02455
    endloop
  endfacet
  facet normal 0.050588 0.254362 -0.965785
    outer loop
      vertex 30.2525 29.9422 0.0960732
      vertex 30.1273 29.9671 0.0960732
      vertex 30.416 30.5524 0.265348
    endloop
  endfacet
  facet normal 0.0747636 0.376006 -0.923596
    outer loop
      vertex 30.416 30.5524 0.265348
      vertex 30.2098 30.5934 0.265348
      vertex 30.2887 31.1925 0.515635
    endloop
  endfacet
  facet normal -0.278267 0.416395 -0.865553
    outer loop
      vertex 3.89428 30.9152 0.515635
      vertex 3.30895 31.2038 0.842651
      vertex 3.61107 31.4057 0.842651
    endloop
  endfacet
  facet normal -0.278238 0.41644 -0.865541
    outer loop
      vertex 3.65376 30.7545 0.515635
      vertex 3.30895 31.2038 0.842651
      vertex 3.89428 30.9152 0.515635
    endloop
  endfacet
  facet normal -0.318723 0.93885 -0.130296
    outer loop
      vertex 3.12335 33.5306 4.02455
      vertex 3.09068 33.6095 4.67298
      vertex 3.70868 33.8193 4.67298
    endloop
  endfacet
  facet normal -0.118883 0.597877 -0.792723
    outer loop
      vertex 4.28104 31.6832 0.842651
      vertex 4.14674 32.1844 1.2408
      vertex 4.56969 32.2685 1.2408
    endloop
  endfacet
  facet normal -0.60938 0.694784 -0.382009
    outer loop
      vertex 1.82908 32.1709 2.78856
      vertex 1.6521 32.3479 3.3928
      vertex 2.27009 32.5577 2.78856
    endloop
  endfacet
  facet normal -0.571366 0.651443 -0.499162
    outer loop
      vertex 2.06031 31.9397 2.22215
      vertex 1.82908 32.1709 2.78856
      vertex 2.27009 32.5577 2.78856
    endloop
  endfacet
  facet normal -0.0647638 0.989371 -0.130195
    outer loop
      vertex 4.35991 33.862 4.02455
      vertex 4.34877 33.9466 4.67298
      vertex 5 33.9039 4.02455
    endloop
  endfacet
  facet normal -0.401928 0.458275 -0.792741
    outer loop
      vertex 3.03576 30.9642 0.842651
      vertex 2.99308 31.6155 1.2408
      vertex 3.30895 31.2038 0.842651
    endloop
  endfacet
  facet normal -0.351038 0.71212 -0.607995
    outer loop
      vertex 3.56142 32.473 1.70327
      vertex 3.1204 32.2556 1.70327
      vertex 3.40905 32.8409 2.22215
    endloop
  endfacet
  facet normal -0.351153 0.712119 -0.60793
    outer loop
      vertex 3.1204 32.2556 1.70327
      vertex 2.92133 32.6004 2.22215
      vertex 3.40905 32.8409 2.22215
    endloop
  endfacet
  facet normal -0.025385 0.128332 -0.991406
    outer loop
      vertex 4.91536 29.3159 0.010705
      vertex 4.74753 29.9422 0.0960732
      vertex 4.95732 29.3242 0.010705
    endloop
  endfacet
  facet normal -0.254355 0.0505866 -0.965787
    outer loop
      vertex 4.03289 29.1273 0.0960732
      vertex 3.44757 29.416 0.265348
      vertex 4.05779 29.2525 0.0960732
    endloop
  endfacet
  facet normal -0.245572 0.0833683 -0.965787
    outer loop
      vertex 4.05779 29.2525 0.0960732
      vertex 3.44757 29.416 0.265348
      vertex 4.0988 29.3733 0.0960732
    endloop
  endfacet
  facet normal -0.466754 0.532106 -0.706402
    outer loop
      vertex 2.66886 31.3311 1.2408
      vertex 2.34184 31.6582 1.70327
      vertex 2.99308 31.6155 1.2408
    endloop
  endfacet
  facet normal -0.255262 0.751787 -0.607995
    outer loop
      vertex 3.56142 32.473 1.70327
      vertex 3.40905 32.8409 2.22215
      vertex 4.02705 32.6311 1.70327
    endloop
  endfacet
  facet normal -0.751858 0.255238 -0.607917
    outer loop
      vertex 1.36889 29.973 1.70327
      vertex 1.15911 30.5909 2.22215
      vertex 1.52695 30.4386 1.70327
    endloop
  endfacet
  facet normal -0.751853 0.255243 -0.607921
    outer loop
      vertex 1.36889 29.973 1.70327
      vertex 0.984309 30.076 2.22215
      vertex 1.15911 30.5909 2.22215
    endloop
  endfacet
  facet normal -0.59787 0.11891 -0.792724
    outer loop
      vertex 2.3168 29.719 0.842651
      vertex 1.73147 29.4303 1.2408
      vertex 1.8156 29.8533 1.2408
    endloop
  endfacet
  facet normal -0.694267 0.138082 -0.706347
    outer loop
      vertex 1.73147 29.4303 1.2408
      vertex 1.36889 29.973 1.70327
      vertex 1.8156 29.8533 1.2408
    endloop
  endfacet
  facet normal 0.33869 0.506777 -0.792758
    outer loop
      vertex 31.691 31.2038 0.842651
      vertex 31.3889 31.4057 0.842651
      vertex 31.6484 31.8551 1.2408
    endloop
  endfacet
  facet normal 0.376503 0.330284 -0.865539
    outer loop
      vertex 31.7545 30.3462 0.515635
      vertex 31.5637 30.5637 0.515635
      vertex 32.2038 30.691 0.842651
    endloop
  endfacet
  facet normal 0.161016 0.474219 -0.865558
    outer loop
      vertex 30.8463 31.0431 0.515635
      vertex 30.5724 31.1361 0.515635
      vertex 31.063 31.5664 0.842651
    endloop
  endfacet
  facet normal -0.906399 0.180298 0.382013
    outer loop
      vertex 0.668437 30.1606 89.2114
      vertex 0.426679 30.2254 88.6072
      vertex 0.554 29.5853 89.2114
    endloop
  endfacet
  facet normal -0.751869 0.255241 0.607902
    outer loop
      vertex 1.52695 30.4386 90.2967
      vertex 1.15911 30.5909 89.7778
      vertex 1.36889 29.973 90.2967
    endloop
  endfacet
  facet normal -0.660149 0.441151 0.607938
    outer loop
      vertex 1.70175 31.5308 89.7778
      vertex 1.39963 31.0787 89.7778
      vertex 1.74444 30.8796 90.2967
    endloop
  endfacet
  facet normal -0.634909 0.313072 0.706312
    outer loop
      vertex 2.14495 30.6484 90.7592
      vertex 1.74444 30.8796 90.2967
      vertex 1.95422 30.2616 90.7592
    endloop
  endfacet
  facet normal -0.571363 0.65144 0.499169
    outer loop
      vertex 2.27009 32.5577 89.2114
      vertex 1.82908 32.1709 89.2114
      vertex 2.06031 31.9397 89.7778
    endloop
  endfacet
  facet normal -0.651454 0.571345 0.499171
    outer loop
      vertex 1.82908 32.1709 89.2114
      vertex 1.44231 31.7299 89.2114
      vertex 2.06031 31.9397 89.7778
    endloop
  endfacet
  facet normal -0.726315 0.637008 0.25824
    outer loop
      vertex 1.6521 32.3479 88.6072
      vertex 1.10945 31.9853 87.9754
      vertex 1.24375 31.8823 88.6072
    endloop
  endfacet
  facet normal -0.69479 0.609359 0.382032
    outer loop
      vertex 1.6521 32.3479 88.6072
      vertex 1.24375 31.8823 88.6072
      vertex 1.44231 31.7299 89.2114
    endloop
  endfacet
  facet normal -0.938875 0.318664 0.130261
    outer loop
      vertex 0.469362 30.8767 87.9754
      vertex 0.180711 30.2913 87.327
      vertex 0.26317 30.2692 87.9754
    endloop
  endfacet
  facet normal -0.972429 0.193426 0.13026
    outer loop
      vertex 0.180711 30.2913 87.327
      vertex 0.0533886 29.6512 87.327
      vertex 0.26317 30.2692 87.9754
    endloop
  endfacet
  facet normal -0.169058 0.849845 0.499182
    outer loop
      vertex 4.41467 33.446 89.2114
      vertex 3.924 33.0157 89.7778
      vertex 4.45736 33.1218 89.7778
    endloop
  endfacet
  facet normal -0.0565616 0.86458 0.499301
    outer loop
      vertex 5 33.4844 89.2114
      vertex 4.45736 33.1218 89.7778
      vertex 5 33.1573 89.7778
    endloop
  endfacet
  facet normal -0.0605016 0.922224 0.381894
    outer loop
      vertex 5 33.7346 88.6072
      vertex 4.41467 33.446 89.2114
      vertex 5 33.4844 89.2114
    endloop
  endfacet
  facet normal -0.278584 0.820464 0.49923
    outer loop
      vertex 3.83936 33.3316 89.2114
      vertex 3.28391 33.143 89.2114
      vertex 3.924 33.0157 89.7778
    endloop
  endfacet
  facet normal -0.227609 0.670346 0.706279
    outer loop
      vertex 4.02705 32.6311 90.2967
      vertex 3.56142 32.473 90.2967
      vertex 3.7384 32.0458 90.7592
    endloop
  endfacet
  facet normal -0.351158 0.712129 0.607915
    outer loop
      vertex 3.40905 32.8409 89.7778
      vertex 2.92133 32.6004 89.7778
      vertex 3.1204 32.2556 90.2967
    endloop
  endfacet
  facet normal -0.0462922 0.706383 0.706315
    outer loop
      vertex 5 32.2967 90.7592
      vertex 4.50933 32.727 90.2967
      vertex 4.56969 32.2685 90.7592
    endloop
  endfacet
  facet normal -0.13806 0.694303 0.706316
    outer loop
      vertex 4.50933 32.727 90.2967
      vertex 4.02705 32.6311 90.2967
      vertex 4.56969 32.2685 90.7592
    endloop
  endfacet
  facet normal 0.221532 0.449267 0.865495
    outer loop
      vertex 31.3889 31.4057 91.1573
      vertex 31.063 31.5664 91.1573
      vertex 31.1057 30.9152 91.4844
    endloop
  endfacet
  facet normal 0.269558 0.546664 0.792778
    outer loop
      vertex 31.2616 32.0458 90.7592
      vertex 31.063 31.5664 91.1573
      vertex 31.3889 31.4057 91.1573
    endloop
  endfacet
  facet normal -0.245604 0.0833944 0.965776
    outer loop
      vertex 3.51514 29.615 91.7346
      vertex 3.44757 29.416 91.7346
      vertex 4.0988 29.3733 91.9039
    endloop
  endfacet
  facet normal -0.245606 0.0833799 0.965777
    outer loop
      vertex 4.0988 29.3733 91.9039
      vertex 3.44757 29.416 91.7346
      vertex 4.05779 29.2525 91.9039
    endloop
  endfacet
  facet normal -0.288204 0.252693 0.923626
    outer loop
      vertex 3.86354 30.1365 91.7346
      vertex 3.43627 30.5637 91.4844
      vertex 3.72492 29.9784 91.7346
    endloop
  endfacet
  facet normal -0.0421984 0.123843 0.991404
    outer loop
      vertex 4.91536 29.3159 91.9893
      vertex 4.62671 29.9012 91.9039
      vertex 4.87486 29.3021 91.9893
    endloop
  endfacet
  facet normal -0.0505874 0.254405 0.965774
    outer loop
      vertex 4.79022 30.5934 91.7346
      vertex 4.58403 30.5524 91.7346
      vertex 4.87268 29.9671 91.9039
    endloop
  endfacet
  facet normal -0.0747257 0.375894 0.923645
    outer loop
      vertex 4.71135 31.1925 91.4844
      vertex 4.42764 31.1361 91.4844
      vertex 4.58403 30.5524 91.7346
    endloop
  endfacet
  facet normal -0.114707 -0.232626 0.965778
    outer loop
      vertex 4.51227 4.15523 91.9039
      vertex 4.38495 3.51514 91.7346
      vertex 4.62671 4.0988 91.9039
    endloop
  endfacet
  facet normal 0.0254283 0.128367 0.991401
    outer loop
      vertex 30.2525 29.9422 91.9039
      vertex 30.0427 29.3242 91.9893
      vertex 30.0846 29.3159 91.9893
    endloop
  endfacet
  facet normal 0.0170782 0.258817 0.965775
    outer loop
      vertex 30.2098 30.5934 91.7346
      vertex 30 29.9755 91.9039
      vertex 30.1273 29.9671 91.9039
    endloop
  endfacet
  facet normal -0.278292 0.41652 0.865485
    outer loop
      vertex 3.89428 30.9152 91.4844
      vertex 3.30895 31.2038 91.1573
      vertex 3.65376 30.7545 91.4844
    endloop
  endfacet
  facet normal -0.278321 0.416475 0.865498
    outer loop
      vertex 3.61107 31.4057 91.1573
      vertex 3.30895 31.2038 91.1573
      vertex 3.89428 30.9152 91.4844
    endloop
  endfacet
  facet normal -0.26957 0.546673 0.792768
    outer loop
      vertex 3.7384 32.0458 90.7592
      vertex 3.61107 31.4057 91.1573
      vertex 3.93696 31.5664 91.1573
    endloop
  endfacet
  facet normal -0.221536 0.449262 0.865497
    outer loop
      vertex 3.93696 31.5664 91.1573
      vertex 3.61107 31.4057 91.1573
      vertex 3.89428 30.9152 91.4844
    endloop
  endfacet
  facet normal -0.523513 -0.596967 0.607918
    outer loop
      vertex 2.34184 2.34184 90.2967
      vertex 2.06031 2.06031 89.7778
      vertex 2.71154 2.01763 90.2967
    endloop
  endfacet
  facet normal -0.401896 -0.458276 0.792756
    outer loop
      vertex 3.03576 3.03576 91.1573
      vertex 2.99308 2.38453 90.7592
      vertex 3.30895 2.79618 91.1573
    endloop
  endfacet
  facet normal -0.33864 -0.506811 0.792758
    outer loop
      vertex 3.61107 2.59431 91.1573
      vertex 3.30895 2.79618 91.1573
      vertex 3.35163 2.14495 90.7592
    endloop
  endfacet
  facet normal -0.338646 -0.50681 0.792756
    outer loop
      vertex 3.30895 2.79618 91.1573
      vertex 2.99308 2.38453 90.7592
      vertex 3.35163 2.14495 90.7592
    endloop
  endfacet
  facet normal -0.777127 -0.383241 0.499199
    outer loop
      vertex 1.15911 3.40905 89.7778
      vertex 0.856988 3.28391 89.2114
      vertex 1.11643 2.75782 89.2114
    endloop
  endfacet
  facet normal -0.651451 -0.571329 0.499194
    outer loop
      vertex 2.06031 2.06031 89.7778
      vertex 1.44231 2.27009 89.2114
      vertex 1.82908 1.82908 89.2114
    endloop
  endfacet
  facet normal -0.866443 -0.427279 0.258281
    outer loop
      vertex 0.625752 3.18813 88.6072
      vertex 0.469362 3.12335 87.9754
      vertex 0.899672 2.63267 88.6072
    endloop
  endfacet
  facet normal -0.828852 -0.408741 0.382016
    outer loop
      vertex 1.11643 2.75782 89.2114
      vertex 0.625752 3.18813 88.6072
      vertex 0.899672 2.63267 88.6072
    endloop
  endfacet
  facet normal -0.90641 -0.180297 -0.381987
    outer loop
      vertex 0.668437 3.83936 2.78856
      vertex 0.426679 3.77458 3.3928
      vertex 0.554 4.41467 2.78856
    endloop
  endfacet
  facet normal -0.889233 -0.43852 -0.130253
    outer loop
      vertex 0.679144 2.50535 4.67298
      vertex 0.390492 3.09068 4.67298
      vertex 0.469362 3.12335 4.02455
    endloop
  endfacet
  facet normal -0.500095 0 0.86597
    outer loop
      vertex 2.22215 29 91.1573
      vertex 2.78856 5 91.4844
      vertex 2.78856 29 91.4844
    endloop
  endfacet
  facet normal -0.500095 0 0.86597
    outer loop
      vertex 2.78856 5 91.4844
      vertex 2.22215 29 91.1573
      vertex 2.22215 5 91.1573
    endloop
  endfacet
  facet normal -0.608229 0.0398607 0.79276
    outer loop
      vertex 1.73147 29.4303 90.7592
      vertex 1.70327 29 90.7592
      vertex 2.22215 29 91.1573
    endloop
  endfacet
  facet normal -0.0832821 0.245627 0.96578
    outer loop
      vertex 4.58403 30.5524 91.7346
      vertex 4.38495 30.4849 91.7346
      vertex 4.62671 29.9012 91.9039
    endloop
  endfacet
  facet normal -0.258818 -0.0169537 0.965777
    outer loop
      vertex 4.02455 5 91.9039
      vertex 3.40655 4.79022 91.7346
      vertex 4.03289 4.87268 91.9039
    endloop
  endfacet
  facet normal -0.258815 -0.016964 0.965778
    outer loop
      vertex 4.02455 5 91.9039
      vertex 3.3928 5 91.7346
      vertex 3.40655 4.79022 91.7346
    endloop
  endfacet
  facet normal -0.232622 -0.114726 0.965777
    outer loop
      vertex 4.15523 4.51227 91.9039
      vertex 3.51514 4.38495 91.7346
      vertex 3.60813 4.1964 91.7346
    endloop
  endfacet
  facet normal -0.245609 -0.0833626 0.965778
    outer loop
      vertex 4.0988 4.62671 91.9039
      vertex 3.44757 4.58403 91.7346
      vertex 3.51514 4.38495 91.7346
    endloop
  endfacet
  facet normal -0.3766 -0.330263 0.865505
    outer loop
      vertex 3.24554 3.65376 91.4844
      vertex 2.79618 3.30895 91.1573
      vertex 3.43627 3.43627 91.4844
    endloop
  endfacet
  facet normal -0.393288 -0.588585 0.706323
    outer loop
      vertex 3.35163 2.14495 90.7592
      vertex 2.99308 2.38453 90.7592
      vertex 3.1204 1.74444 90.2967
    endloop
  endfacet
  facet normal -0.117356 -0.057868 0.991402
    outer loop
      vertex 4.7168 4.83649 91.9893
      vertex 4.0988 4.62671 91.9039
      vertex 4.15523 4.51227 91.9039
    endloop
  endfacet
  facet normal -0.343736 -0.169525 0.923638
    outer loop
      vertex 3.51514 4.38495 91.7346
      vertex 3.08483 3.89428 91.4844
      vertex 3.60813 4.1964 91.7346
    endloop
  endfacet
  facet normal -0.474316 -0.161009 0.865506
    outer loop
      vertex 2.86391 4.42764 91.4844
      vertex 2.3168 4.28104 91.1573
      vertex 2.4336 3.93696 91.1573
    endloop
  endfacet
  facet normal -0.330266 -0.376599 0.865504
    outer loop
      vertex 3.43627 3.43627 91.4844
      vertex 3.03576 3.03576 91.1573
      vertex 3.30895 2.79618 91.1573
    endloop
  endfacet
  facet normal 0.245618 0.0833636 0.965776
    outer loop
      vertex 31.5524 29.416 91.7346
      vertex 30.9012 29.3733 91.9039
      vertex 30.9422 29.2525 91.9039
    endloop
  endfacet
  facet normal 0.130557 0.00856108 0.991404
    outer loop
      vertex 30.9755 29 91.9039
      vertex 30.3242 29.0427 91.9893
      vertex 30.327 29 91.9893
    endloop
  endfacet
  facet normal 0.00856199 -0.13057 0.991402
    outer loop
      vertex 30 4.67298 91.9893
      vertex 30 4.02455 91.9039
      vertex 30.0427 4.67578 91.9893
    endloop
  endfacet
  facet normal -0.215666 -0.144094 0.965777
    outer loop
      vertex 4.15523 4.51227 91.9039
      vertex 3.60813 4.1964 91.7346
      vertex 3.72492 4.0216 91.7346
    endloop
  endfacet
  facet normal -0.215656 -0.144103 0.965778
    outer loop
      vertex 4.15523 4.51227 91.9039
      vertex 3.72492 4.0216 91.7346
      vertex 4.22612 4.40618 91.9039
    endloop
  endfacet
  facet normal -0.171018 -0.195004 0.965778
    outer loop
      vertex 4.31025 4.31025 91.9039
      vertex 4.0216 3.72492 91.7346
      vertex 4.40618 4.22612 91.9039
    endloop
  endfacet
  facet normal -0.0983776 -0.0862765 0.991402
    outer loop
      vertex 4.76876 4.76876 91.9893
      vertex 4.22612 4.40618 91.9039
      vertex 4.31025 4.31025 91.9039
    endloop
  endfacet
  facet normal 0.0420624 -0.1239 0.991403
    outer loop
      vertex 30.3733 4.0988 91.9039
      vertex 30.0846 4.68413 91.9893
      vertex 30.2525 4.05779 91.9039
    endloop
  endfacet
  facet normal -0.0727796 0.108741 0.991402
    outer loop
      vertex 4.83649 29.2832 91.9893
      vertex 4.51227 29.8448 91.9039
      vertex 4.80093 29.2594 91.9893
    endloop
  endfacet
  facet normal -0.849837 -0.169044 0.499201
    outer loop
      vertex 0.984309 3.924 89.7778
      vertex 0.554 4.41467 89.2114
      vertex 0.668437 3.83936 89.2114
    endloop
  endfacet
  facet normal -0.820501 -0.278524 0.499201
    outer loop
      vertex 0.984309 3.924 89.7778
      vertex 0.668437 3.83936 89.2114
      vertex 0.856988 3.28391 89.2114
    endloop
  endfacet
  facet normal -0.258815 0.0169624 0.965778
    outer loop
      vertex 3.40655 29.2098 91.7346
      vertex 3.3928 29 91.7346
      vertex 4.02455 29 91.9039
    endloop
  endfacet
  facet normal -0.31868 0.212952 0.923631
    outer loop
      vertex 3.24554 30.3462 91.4844
      vertex 3.08483 30.1057 91.4844
      vertex 3.72492 29.9784 91.7346
    endloop
  endfacet
  facet normal -0.318687 0.212926 0.923635
    outer loop
      vertex 3.72492 29.9784 91.7346
      vertex 3.08483 30.1057 91.4844
      vertex 3.60813 29.8036 91.7346
    endloop
  endfacet
  facet normal -0.37661 0.330257 0.865503
    outer loop
      vertex 3.43627 30.5637 91.4844
      vertex 2.79618 30.691 91.1573
      vertex 3.24554 30.3462 91.4844
    endloop
  endfacet
  facet normal -0.875118 0.297038 0.382017
    outer loop
      vertex 0.856988 30.7161 89.2114
      vertex 0.625752 30.8119 88.6072
      vertex 0.668437 30.1606 89.2114
    endloop
  endfacet
  facet normal -0.064846 -0.989357 0.130259
    outer loop
      vertex 4.35991 0.138027 87.9754
      vertex 4.34877 0.0533886 87.327
      vertex 5 0.0960732 87.9754
    endloop
  endfacet
  facet normal -0.0631841 -0.964002 0.25828
    outer loop
      vertex 5 0.265348 88.6072
      vertex 4.35991 0.138027 87.9754
      vertex 5 0.0960732 87.9754
    endloop
  endfacet
  facet normal -0.438519 -0.889232 0.130259
    outer loop
      vertex 3.12335 0.469362 87.9754
      vertex 2.50535 0.679144 87.327
      vertex 3.09068 0.390492 87.327
    endloop
  endfacet
  facet normal -0.318698 -0.938863 0.130259
    outer loop
      vertex 3.12335 0.469362 87.9754
      vertex 3.09068 0.390492 87.327
      vertex 3.70868 0.180711 87.327
    endloop
  endfacet
  facet normal -0.0977221 -0.491271 0.865508
    outer loop
      vertex 4.71135 2.80748 91.4844
      vertex 4.28104 2.3168 91.1573
      vertex 4.63742 2.24591 91.1573
    endloop
  endfacet
  facet normal -0.0327536 -0.499824 0.865508
    outer loop
      vertex 4.71135 2.80748 91.4844
      vertex 4.63742 2.24591 91.1573
      vertex 5 2.22215 91.1573
    endloop
  endfacet
  facet normal -0.123183 -0.362933 0.923637
    outer loop
      vertex 4.58403 3.44757 91.7346
      vertex 4.38495 3.51514 91.7346
      vertex 4.42764 2.86391 91.4844
    endloop
  endfacet
  facet normal -0.008566 -0.13057 0.991402
    outer loop
      vertex 5 4.67298 91.9893
      vertex 4.95732 4.67578 91.9893
      vertex 5 4.02455 91.9039
    endloop
  endfacet
  facet normal -0.057868 -0.117356 0.991402
    outer loop
      vertex 4.83649 4.7168 91.9893
      vertex 4.51227 4.15523 91.9039
      vertex 4.62671 4.0988 91.9039
    endloop
  endfacet
  facet normal 0.0833799 -0.245606 0.965777
    outer loop
      vertex 30.3733 4.0988 91.9039
      vertex 30.2525 4.05779 91.9039
      vertex 30.416 3.44757 91.7346
    endloop
  endfacet
  facet normal 0.169529 -0.343723 0.923642
    outer loop
      vertex 31.1057 3.08483 91.4844
      vertex 30.615 3.51514 91.7346
      vertex 30.8463 2.95689 91.4844
    endloop
  endfacet
  facet normal 0.828889 -0.408729 0.381947
    outer loop
      vertex 34.3742 3.18813 88.6072
      vertex 33.8836 2.75782 89.2114
      vertex 34.1003 2.63267 88.6072
    endloop
  endfacet
  facet normal 0.466714 -0.532199 0.706358
    outer loop
      vertex 32.6582 2.34184 90.2967
      vertex 32.0069 2.38453 90.7592
      vertex 32.2885 2.01763 90.2967
    endloop
  endfacet
  facet normal 0.318674 -0.212935 0.923637
    outer loop
      vertex 31.3919 4.1964 91.7346
      vertex 31.2751 4.0216 91.7346
      vertex 31.9152 3.89428 91.4844
    endloop
  endfacet
  facet normal 0.532229 -0.466726 0.706328
    outer loop
      vertex 32.9824 2.71154 90.2967
      vertex 32.6155 2.99308 90.7592
      vertex 32.6582 2.34184 90.2967
    endloop
  endfacet
  facet normal 0.499799 0.0328054 0.86552
    outer loop
      vertex 32.7541 29.3626 91.1573
      vertex 32.1925 29.2887 91.4844
      vertex 32.7779 29 91.1573
    endloop
  endfacet
  facet normal 0.449268 0.221517 0.865499
    outer loop
      vertex 32.5664 30.063 91.1573
      vertex 31.9152 30.1057 91.4844
      vertex 32.0431 29.8463 91.4844
    endloop
  endfacet
  facet normal 0.793402 -0 0.608698
    outer loop
      vertex 33.7592 5 90.2967
      vertex 34.1573 29 89.7778
      vertex 33.7592 29 90.2967
    endloop
  endfacet
  facet normal 0.793402 0 0.608698
    outer loop
      vertex 34.1573 29 89.7778
      vertex 33.7592 5 90.2967
      vertex 34.1573 5 89.7778
    endloop
  endfacet
  facet normal -0.138101 -0.694289 0.706322
    outer loop
      vertex 4.56969 1.73147 90.7592
      vertex 4.02705 1.36889 90.2967
      vertex 4.50933 1.27296 90.2967
    endloop
  endfacet
  facet normal -0.154899 -0.77874 0.607923
    outer loop
      vertex 4.50933 1.27296 90.2967
      vertex 4.02705 1.36889 90.2967
      vertex 4.45736 0.878218 89.7778
    endloop
  endfacet
  facet normal 0.0462949 -0.706372 0.706326
    outer loop
      vertex 30 1.70327 90.7592
      vertex 30 1.2408 90.2967
      vertex 30.4907 1.27296 90.2967
    endloop
  endfacet
  facet normal 0.0566758 -0.86463 0.499202
    outer loop
      vertex 30 0.842651 89.7778
      vertex 30 0.515635 89.2114
      vertex 30.5426 0.878218 89.7778
    endloop
  endfacet
  facet normal 0.382426 -0.0251572 0.923644
    outer loop
      vertex 31.6072 5 91.7346
      vertex 31.5934 4.79022 91.7346
      vertex 32.1925 4.71135 91.4844
    endloop
  endfacet
  facet normal 0.258818 -0.0170756 0.965775
    outer loop
      vertex 30.9755 5 91.9039
      vertex 30.9671 4.87268 91.9039
      vertex 31.5934 4.79022 91.7346
    endloop
  endfacet
  facet normal 0.128379 -0.0253943 0.9914
    outer loop
      vertex 30.3242 4.95732 91.9893
      vertex 30.3159 4.91536 91.9893
      vertex 30.9422 4.74753 91.9039
    endloop
  endfacet
  facet normal 0.0983405 -0.0863158 0.991402
    outer loop
      vertex 30.7739 4.40618 91.9039
      vertex 30.2312 4.76876 91.9893
      vertex 30.6897 4.31025 91.9039
    endloop
  endfacet
  facet normal 0.170981 -0.195009 0.965783
    outer loop
      vertex 31.1365 3.86354 91.7346
      vertex 30.6897 4.31025 91.9039
      vertex 30.9784 3.72492 91.7346
    endloop
  endfacet
  facet normal 0.123843 -0.0421984 0.991404
    outer loop
      vertex 30.3159 4.91536 91.9893
      vertex 30.3021 4.87486 91.9893
      vertex 30.9012 4.62671 91.9039
    endloop
  endfacet
  facet normal 0.130557 -0.00856509 0.991404
    outer loop
      vertex 30.327 5 91.9893
      vertex 30.3242 4.95732 91.9893
      vertex 30.9755 5 91.9039
    endloop
  endfacet
  facet normal 0.0169624 -0.258815 0.965778
    outer loop
      vertex 30 4.02455 91.9039
      vertex 30 3.3928 91.7346
      vertex 30.2098 3.40655 91.7346
    endloop
  endfacet
  facet normal 0.427285 -0.866428 0.25832
    outer loop
      vertex 32.3673 0.899672 88.6072
      vertex 31.8767 0.469362 87.9754
      vertex 32.452 0.753075 87.9754
    endloop
  endfacet
  facet normal 0.536749 -0.803222 0.25833
    outer loop
      vertex 32.9853 1.10945 87.9754
      vertex 32.3673 0.899672 88.6072
      vertex 32.452 0.753075 87.9754
    endloop
  endfacet
  facet normal -0.258816 0 -0.965927
    outer loop
      vertex 3.3928 5 0.265348
      vertex 4.02455 29 0.0960732
      vertex 4.02455 5 0.0960732
    endloop
  endfacet
  facet normal -0.258816 0 -0.965927
    outer loop
      vertex 4.02455 29 0.0960732
      vertex 3.3928 5 0.265348
      vertex 3.3928 29 0.265348
    endloop
  endfacet
  facet normal -0.0420421 -0.123861 -0.991409
    outer loop
      vertex 4.74753 4.05779 0.0960732
      vertex 4.62671 4.0988 0.0960732
      vertex 4.91536 4.68413 0.010705
    endloop
  endfacet
  facet normal 0.11892 -0.597873 -0.79272
    outer loop
      vertex 30.4303 1.73147 1.2408
      vertex 30.3626 2.24591 0.842651
      vertex 30.719 2.3168 0.842651
    endloop
  endfacet
  facet normal 0.0398585 -0.608279 -0.792722
    outer loop
      vertex 30.4303 1.73147 1.2408
      vertex 30 2.22215 0.842651
      vertex 30.3626 2.24591 0.842651
    endloop
  endfacet
  facet normal 0.161013 -0.474215 -0.865561
    outer loop
      vertex 30.719 2.3168 0.842651
      vertex 30.5724 2.86391 0.515635
      vertex 31.063 2.4336 0.842651
    endloop
  endfacet
  facet normal 0.169579 -0.343825 -0.923595
    outer loop
      vertex 30.8463 2.95689 0.515635
      vertex 30.615 3.51514 0.265348
      vertex 31.1057 3.08483 0.515635
    endloop
  endfacet
  facet normal -0.138096 -0.694266 -0.706345
    outer loop
      vertex 4.50933 1.27296 1.70327
      vertex 4.02705 1.36889 1.70327
      vertex 4.56969 1.73147 1.2408
    endloop
  endfacet
  facet normal -0.154896 -0.778729 -0.607938
    outer loop
      vertex 4.45736 0.878218 2.22215
      vertex 4.02705 1.36889 1.70327
      vertex 4.50933 1.27296 1.70327
    endloop
  endfacet
  facet normal -0.408753 -0.828859 -0.381988
    outer loop
      vertex 3.18813 0.625752 3.3928
      vertex 2.75782 1.11643 2.78856
      vertex 3.28391 0.856988 2.78856
    endloop
  endfacet
  facet normal -0.383243 -0.777131 -0.499192
    outer loop
      vertex 3.28391 0.856988 2.78856
      vertex 2.75782 1.11643 2.78856
      vertex 3.40905 1.15911 2.22215
    endloop
  endfacet
  facet normal -0.506849 -0.338672 -0.79272
    outer loop
      vertex 2.38453 2.99308 1.2408
      vertex 2.14495 3.35163 1.2408
      vertex 2.79618 3.30895 0.842651
    endloop
  endfacet
  facet normal -0.36304 -0.12322 -0.92359
    outer loop
      vertex 3.51514 4.38495 0.265348
      vertex 2.86391 4.42764 0.515635
      vertex 3.44757 4.58403 0.265348
    endloop
  endfacet
  facet normal -0.255218 -0.751848 -0.607938
    outer loop
      vertex 4.02705 1.36889 1.70327
      vertex 3.40905 1.15911 2.22215
      vertex 3.56142 1.52695 1.70327
    endloop
  endfacet
  facet normal -0.269611 -0.546721 -0.792721
    outer loop
      vertex 3.7384 1.95422 1.2408
      vertex 3.61107 2.59431 0.842651
      vertex 3.93696 2.4336 0.842651
    endloop
  endfacet
  facet normal -0.313076 -0.634869 -0.706346
    outer loop
      vertex 3.7384 1.95422 1.2408
      vertex 3.1204 1.74444 1.70327
      vertex 3.35163 2.14495 1.2408
    endloop
  endfacet
  facet normal -0.393275 -0.588566 -0.706346
    outer loop
      vertex 3.1204 1.74444 1.70327
      vertex 2.99308 2.38453 1.2408
      vertex 3.35163 2.14495 1.2408
    endloop
  endfacet
  facet normal -0.0462962 -0.706349 -0.706349
    outer loop
      vertex 5 1.2408 1.70327
      vertex 4.50933 1.27296 1.70327
      vertex 5 1.70327 1.2408
    endloop
  endfacet
  facet normal -0.0519287 -0.792284 -0.607939
    outer loop
      vertex 5 0.842651 2.22215
      vertex 4.50933 1.27296 1.70327
      vertex 5 1.2408 1.70327
    endloop
  endfacet
  facet normal -0.63486 -0.313083 -0.706351
    outer loop
      vertex 1.74444 3.1204 1.70327
      vertex 1.52695 3.56142 1.70327
      vertex 1.95422 3.7384 1.2408
    endloop
  endfacet
  facet normal -0.588568 -0.393266 -0.70635
    outer loop
      vertex 2.01763 2.71154 1.70327
      vertex 1.74444 3.1204 1.70327
      vertex 2.38453 2.99308 1.2408
    endloop
  endfacet
  facet normal -0.50685 -0.338666 -0.792722
    outer loop
      vertex 2.79618 3.30895 0.842651
      vertex 2.14495 3.35163 1.2408
      vertex 2.59431 3.61107 0.842651
    endloop
  endfacet
  facet normal -0.376527 -0.330199 -0.865561
    outer loop
      vertex 3.43627 3.43627 0.515635
      vertex 2.79618 3.30895 0.842651
      vertex 3.24554 3.65376 0.515635
    endloop
  endfacet
  facet normal -0.449159 -0.221499 -0.86556
    outer loop
      vertex 2.59431 3.61107 0.842651
      vertex 2.4336 3.93696 0.842651
      vertex 3.08483 3.89428 0.515635
    endloop
  endfacet
  facet normal -0.449159 -0.221498 -0.865561
    outer loop
      vertex 3.08483 3.89428 0.515635
      vertex 2.4336 3.93696 0.842651
      vertex 2.95689 4.15372 0.515635
    endloop
  endfacet
  facet normal -0.48139 -0.72046 -0.499199
    outer loop
      vertex 2.92133 1.39963 2.22215
      vertex 2.27009 1.44231 2.78856
      vertex 2.46917 1.70175 2.22215
    endloop
  endfacet
  facet normal -0.44111 -0.660176 -0.607939
    outer loop
      vertex 2.92133 1.39963 2.22215
      vertex 2.46917 1.70175 2.22215
      vertex 3.1204 1.74444 1.70327
    endloop
  endfacet
  facet normal -0.596949 -0.523509 -0.607939
    outer loop
      vertex 2.06031 2.06031 2.22215
      vertex 1.70175 2.46917 2.22215
      vertex 2.01763 2.71154 1.70327
    endloop
  endfacet
  facet normal -0.596959 -0.523505 -0.607933
    outer loop
      vertex 2.06031 2.06031 2.22215
      vertex 2.01763 2.71154 1.70327
      vertex 2.34184 2.34184 1.70327
    endloop
  endfacet
  facet normal -0.513449 -0.768417 -0.381977
    outer loop
      vertex 2.63267 0.899672 3.3928
      vertex 2.11773 1.24375 3.3928
      vertex 2.27009 1.44231 2.78856
    endloop
  endfacet
  facet normal -0.536722 -0.803248 -0.258307
    outer loop
      vertex 2.63267 0.899672 3.3928
      vertex 2.01468 1.10945 4.02455
      vertex 2.11773 1.24375 3.3928
    endloop
  endfacet
  facet normal -0.651454 -0.571331 -0.499187
    outer loop
      vertex 1.82908 1.82908 2.78856
      vertex 1.44231 2.27009 2.78856
      vertex 2.06031 2.06031 2.22215
    endloop
  endfacet
  facet normal -0.65146 -0.571314 -0.4992
    outer loop
      vertex 2.06031 2.06031 2.22215
      vertex 1.44231 2.27009 2.78856
      vertex 1.70175 2.46917 2.22215
    endloop
  endfacet
  facet normal -0.726326 -0.636976 0.258287
    outer loop
      vertex 1.24375 2.11773 88.6072
      vertex 1.10945 2.01468 87.9754
      vertex 1.6521 1.6521 88.6072
    endloop
  endfacet
  facet normal -0.69482 -0.609346 0.381998
    outer loop
      vertex 1.44231 2.27009 89.2114
      vertex 1.24375 2.11773 88.6072
      vertex 1.6521 1.6521 88.6072
    endloop
  endfacet
  facet normal -0.726327 -0.636974 0.258289
    outer loop
      vertex 1.6521 1.6521 88.6072
      vertex 1.10945 2.01468 87.9754
      vertex 1.5324 1.5324 87.9754
    endloop
  endfacet
  facet normal -0.745434 -0.653731 0.130249
    outer loop
      vertex 1.5324 1.5324 87.9754
      vertex 1.10945 2.01468 87.9754
      vertex 1.47204 1.47204 87.327
    endloop
  endfacet
  facet normal -0.571311 -0.651457 0.499207
    outer loop
      vertex 2.46917 1.70175 89.7778
      vertex 2.06031 2.06031 89.7778
      vertex 2.27009 1.44231 89.2114
    endloop
  endfacet
  facet normal -0.571329 -0.651451 0.499194
    outer loop
      vertex 2.06031 2.06031 89.7778
      vertex 1.82908 1.82908 89.2114
      vertex 2.27009 1.44231 89.2114
    endloop
  endfacet
  facet normal 0.0578634 -0.117306 -0.991409
    outer loop
      vertex 30.3733 4.0988 0.0960732
      vertex 30.1635 4.7168 0.010705
      vertex 30.4877 4.15523 0.0960732
    endloop
  endfacet
  facet normal 0.123265 -0.363026 -0.92359
    outer loop
      vertex 30.5724 2.86391 0.515635
      vertex 30.416 3.44757 0.265348
      vertex 30.615 3.51514 0.265348
    endloop
  endfacet
  facet normal 0.0976994 -0.49118 -0.865561
    outer loop
      vertex 30.719 2.3168 0.842651
      vertex 30.2887 2.80748 0.515635
      vertex 30.5724 2.86391 0.515635
    endloop
  endfacet
  facet normal 0.474211 -0.161002 -0.865565
    outer loop
      vertex 32.5664 3.93696 0.842651
      vertex 32.0431 4.15372 0.515635
      vertex 32.1361 4.42764 0.515635
    endloop
  endfacet
  facet normal 0.232584 -0.114719 -0.965787
    outer loop
      vertex 31.3919 4.1964 0.265348
      vertex 30.8448 4.51227 0.0960732
      vertex 31.4849 4.38495 0.265348
    endloop
  endfacet
  facet normal 0.288277 -0.252785 -0.923578
    outer loop
      vertex 31.5637 3.43627 0.515635
      vertex 31.1365 3.86354 0.265348
      vertex 31.2751 4.0216 0.265348
    endloop
  endfacet
  facet normal 0.212989 -0.318781 -0.923588
    outer loop
      vertex 31.1057 3.08483 0.515635
      vertex 30.8036 3.60813 0.265348
      vertex 30.9784 3.72492 0.265348
    endloop
  endfacet
  facet normal 0.0863367 -0.0982768 -0.991407
    outer loop
      vertex 30.5938 4.22612 0.0960732
      vertex 30.1991 4.74056 0.010705
      vertex 30.2312 4.76876 0.010705
    endloop
  endfacet
  facet normal 0.130512 0.00861196 -0.991409
    outer loop
      vertex 30.9755 29 0.0960732
      vertex 30.3242 29.0427 0.010705
      vertex 30.9671 29.1273 0.0960732
    endloop
  endfacet
  facet normal -0.0421829 0.123798 -0.99141
    outer loop
      vertex 4.87486 29.3021 0.010705
      vertex 4.62671 29.9012 0.0960732
      vertex 4.91536 29.3159 0.010705
    endloop
  endfacet
  facet normal 0.108742 -0.0726721 -0.99141
    outer loop
      vertex 30.7739 4.40618 0.0960732
      vertex 30.2594 4.80093 0.010705
      vertex 30.8448 4.51227 0.0960732
    endloop
  endfacet
  facet normal 0.330193 -0.376538 -0.865559
    outer loop
      vertex 31.691 2.79618 0.842651
      vertex 31.3462 3.24554 0.515635
      vertex 31.5637 3.43627 0.515635
    endloop
  endfacet
  facet normal 0.278249 -0.416395 -0.865559
    outer loop
      vertex 31.691 2.79618 0.842651
      vertex 31.1057 3.08483 0.515635
      vertex 31.3462 3.24554 0.515635
    endloop
  endfacet
  facet normal 0.338697 -0.506816 -0.792731
    outer loop
      vertex 32.0069 2.38453 1.2408
      vertex 31.6484 2.14495 1.2408
      vertex 31.691 2.79618 0.842651
    endloop
  endfacet
  facet normal 0.338668 -0.50682 -0.792741
    outer loop
      vertex 31.6484 2.14495 1.2408
      vertex 31.3889 2.59431 0.842651
      vertex 31.691 2.79618 0.842651
    endloop
  endfacet
  facet normal -0.138056 0.694281 -0.706339
    outer loop
      vertex 4.56969 32.2685 1.2408
      vertex 4.02705 32.6311 1.70327
      vertex 4.50933 32.727 1.70327
    endloop
  endfacet
  facet normal 0.0982911 0.0862994 -0.991409
    outer loop
      vertex 30.7739 29.5938 0.0960732
      vertex 30.2312 29.2312 0.010705
      vertex 30.6897 29.6897 0.0960732
    endloop
  endfacet
  facet normal 0.144085 0.21562 -0.965789
    outer loop
      vertex 30.5938 29.7739 0.0960732
      vertex 30.4877 29.8448 0.0960732
      vertex 30.9784 30.2751 0.265348
    endloop
  endfacet
  facet normal 0.171107 0.194883 -0.965786
    outer loop
      vertex 30.6897 29.6897 0.0960732
      vertex 30.5938 29.7739 0.0960732
      vertex 30.9784 30.2751 0.265348
    endloop
  endfacet
  facet normal 0.28833 0.252767 -0.923566
    outer loop
      vertex 31.2751 29.9784 0.265348
      vertex 31.1365 30.1365 0.265348
      vertex 31.5637 30.5637 0.515635
    endloop
  endfacet
  facet normal 0.194976 0.170927 -0.965799
    outer loop
      vertex 31.2751 29.9784 0.265348
      vertex 30.6897 29.6897 0.0960732
      vertex 31.1365 30.1365 0.265348
    endloop
  endfacet
  facet normal 0.254367 0.0505774 -0.965784
    outer loop
      vertex 31.5934 29.2098 0.265348
      vertex 30.9671 29.1273 0.0960732
      vertex 31.5524 29.416 0.265348
    endloop
  endfacet
  facet normal -0.0982768 0.0863367 -0.991407
    outer loop
      vertex 4.74056 29.1991 0.010705
      vertex 4.22612 29.5938 0.0960732
      vertex 4.76876 29.2312 0.010705
    endloop
  endfacet
  facet normal 0.382708 0 -0.923869
    outer loop
      vertex 31.6072 5 0.265348
      vertex 32.2114 29 0.515635
      vertex 32.2114 5 0.515635
    endloop
  endfacet
  facet normal 0.382708 0 -0.923869
    outer loop
      vertex 32.2114 29 0.515635
      vertex 31.6072 5 0.265348
      vertex 31.6072 29 0.265348
    endloop
  endfacet
  facet normal 0.245588 0.0833023 -0.965789
    outer loop
      vertex 31.5524 29.416 0.265348
      vertex 30.9012 29.3733 0.0960732
      vertex 31.4849 29.615 0.265348
    endloop
  endfacet
  facet normal 0.376004 0.0747502 -0.923598
    outer loop
      vertex 32.1925 29.2887 0.515635
      vertex 31.5524 29.416 0.265348
      vertex 32.1361 29.5724 0.515635
    endloop
  endfacet
  facet normal 0.634784 0.313125 -0.706401
    outer loop
      vertex 33.0458 30.2616 1.2408
      vertex 32.855 30.6484 1.2408
      vertex 33.2556 30.8796 1.70327
    endloop
  endfacet
  facet normal 0.474219 0.161016 -0.865558
    outer loop
      vertex 32.1361 29.5724 0.515635
      vertex 32.0431 29.8463 0.515635
      vertex 32.5664 30.063 0.842651
    endloop
  endfacet
  facet normal 0.458248 0.401992 -0.792724
    outer loop
      vertex 32.6155 31.0069 1.2408
      vertex 31.9642 30.9642 0.842651
      vertex 32.3311 31.3311 1.2408
    endloop
  endfacet
  facet normal 0.40191 0.458271 -0.792752
    outer loop
      vertex 31.9642 30.9642 0.842651
      vertex 31.691 31.2038 0.842651
      vertex 32.0069 31.6155 1.2408
    endloop
  endfacet
  facet normal 0.416395 -0.278267 -0.865553
    outer loop
      vertex 32.2038 3.30895 0.842651
      vertex 31.9152 3.89428 0.515635
      vertex 32.4057 3.61107 0.842651
    endloop
  endfacet
  facet normal 0.499702 -0.0328008 -0.865576
    outer loop
      vertex 32.7541 4.63742 0.842651
      vertex 32.1925 4.71135 0.515635
      vertex 32.7779 5 0.842651
    endloop
  endfacet
  facet normal 0.458275 -0.401928 -0.792741
    outer loop
      vertex 32.6155 2.99308 1.2408
      vertex 31.9642 3.03576 0.842651
      vertex 32.2038 3.30895 0.842651
    endloop
  endfacet
  facet normal 0.751836 -0.255211 -0.607955
    outer loop
      vertex 33.8409 3.40905 2.22215
      vertex 33.6311 4.02705 1.70327
      vertex 34.0157 3.924 2.22215
    endloop
  endfacet
  facet normal -0.597868 -0.118926 -0.792723
    outer loop
      vertex 2.3168 4.28104 0.842651
      vertex 1.73147 4.56969 1.2408
      vertex 2.24591 4.63742 0.842651
    endloop
  endfacet
  facet normal -0.0983282 0.0862602 -0.991408
    outer loop
      vertex 4.76876 29.2312 0.010705
      vertex 4.22612 29.5938 0.0960732
      vertex 4.31025 29.6897 0.0960732
    endloop
  endfacet
  facet normal -0.170966 0.19497 -0.965794
    outer loop
      vertex 4.31025 29.6897 0.0960732
      vertex 3.86354 30.1365 0.265348
      vertex 4.0216 30.2751 0.265348
    endloop
  endfacet
  facet normal -0.194949 0.171022 -0.965788
    outer loop
      vertex 4.22612 29.5938 0.0960732
      vertex 3.72492 29.9784 0.265348
      vertex 4.31025 29.6897 0.0960732
    endloop
  endfacet
  facet normal -0.343825 0.169579 -0.923595
    outer loop
      vertex 3.51514 29.615 0.265348
      vertex 2.95689 29.8463 0.515635
      vertex 3.08483 30.1057 0.515635
    endloop
  endfacet
  facet normal -0.376019 -0.0748063 -0.923587
    outer loop
      vertex 3.44757 4.58403 0.265348
      vertex 2.80748 4.71135 0.515635
      vertex 3.40655 4.79022 0.265348
    endloop
  endfacet
  facet normal -0.232594 -0.114691 -0.965788
    outer loop
      vertex 4.15523 4.51227 0.0960732
      vertex 3.51514 4.38495 0.265348
      vertex 4.0988 4.62671 0.0960732
    endloop
  endfacet
  facet normal -0.922189 0.0604472 -0.381987
    outer loop
      vertex 0.515635 29 2.78856
      vertex 0.265348 29 3.3928
      vertex 0.554 29.5853 2.78856
    endloop
  endfacet
  facet normal -0.963996 0.0631854 -0.258301
    outer loop
      vertex 0.265348 29 3.3928
      vertex 0.138027 29.6401 4.02455
      vertex 0.305855 29.618 3.3928
    endloop
  endfacet
  facet normal -0.947499 0.18848 -0.258302
    outer loop
      vertex 0.305855 29.618 3.3928
      vertex 0.138027 29.6401 4.02455
      vertex 0.26317 30.2692 4.02455
    endloop
  endfacet
  facet normal -0.947501 0.188477 -0.258299
    outer loop
      vertex 0.305855 29.618 3.3928
      vertex 0.26317 30.2692 4.02455
      vertex 0.426679 30.2254 3.3928
    endloop
  endfacet
  facet normal 0.694784 -0.60938 -0.382009
    outer loop
      vertex 33.3479 1.6521 3.3928
      vertex 33.1709 1.82908 2.78856
      vertex 33.5577 2.27009 2.78856
    endloop
  endfacet
  facet normal 0.571347 -0.651457 -0.499165
    outer loop
      vertex 33.1709 1.82908 2.78856
      vertex 32.7299 1.44231 2.78856
      vertex 32.9397 2.06031 2.22215
    endloop
  endfacet
  facet normal 0.651484 -0.571239 -0.499254
    outer loop
      vertex 33.5577 2.27009 2.78856
      vertex 32.9397 2.06031 2.22215
      vertex 33.2982 2.46917 2.22215
    endloop
  endfacet
  facet normal 0.660129 -0.441196 -0.607927
    outer loop
      vertex 33.2982 2.46917 2.22215
      vertex 33.2556 3.1204 1.70327
      vertex 33.6004 2.92133 2.22215
    endloop
  endfacet
  facet normal 0.706324 -0.0463522 -0.70637
    outer loop
      vertex 33.727 4.50933 1.70327
      vertex 33.2967 5 1.2408
      vertex 33.7592 5 1.70327
    endloop
  endfacet
  facet normal 0.70636 -0.0462907 -0.706338
    outer loop
      vertex 33.727 4.50933 1.70327
      vertex 33.2685 4.56969 1.2408
      vertex 33.2967 5 1.2408
    endloop
  endfacet
  facet normal 0.532212 -0.466711 -0.706351
    outer loop
      vertex 32.6582 2.34184 1.70327
      vertex 32.6155 2.99308 1.2408
      vertex 32.9824 2.71154 1.70327
    endloop
  endfacet
  facet normal 0.792318 -0.0519955 -0.607889
    outer loop
      vertex 34.1573 5 2.22215
      vertex 33.727 4.50933 1.70327
      vertex 33.7592 5 1.70327
    endloop
  endfacet
  facet normal 0.401938 -0.4583 -0.792721
    outer loop
      vertex 32.0069 2.38453 1.2408
      vertex 31.9642 3.03576 0.842651
      vertex 32.3311 2.66886 1.2408
    endloop
  endfacet
  facet normal 0.57722 -0.195941 -0.792732
    outer loop
      vertex 33.0458 3.7384 1.2408
      vertex 32.5664 3.93696 0.842651
      vertex 32.6832 4.28104 0.842651
    endloop
  endfacet
  facet normal 0.778713 -0.154907 -0.607956
    outer loop
      vertex 34.0157 3.924 2.22215
      vertex 33.6311 4.02705 1.70327
      vertex 34.1218 4.45736 2.22215
    endloop
  endfacet
  facet normal 0.694283 -0.138052 -0.706337
    outer loop
      vertex 33.6311 4.02705 1.70327
      vertex 33.1844 4.14674 1.2408
      vertex 33.2685 4.56969 1.2408
    endloop
  endfacet
  facet normal 0.71213 -0.351043 0.60798
    outer loop
      vertex 33.473 3.56142 90.2967
      vertex 33.2556 3.1204 90.2967
      vertex 33.8409 3.40905 89.7778
    endloop
  endfacet
  facet normal 0.803236 -0.536749 0.258288
    outer loop
      vertex 34.1003 2.63267 88.6072
      vertex 33.7562 2.11773 88.6072
      vertex 33.8905 2.01468 87.9754
    endloop
  endfacet
  facet normal 0.58858 -0.393289 0.706327
    outer loop
      vertex 33.2556 3.1204 90.2967
      vertex 32.6155 2.99308 90.7592
      vertex 32.9824 2.71154 90.2967
    endloop
  endfacet
  facet normal 0.588596 -0.393163 0.706384
    outer loop
      vertex 32.855 3.35163 90.7592
      vertex 32.6155 2.99308 90.7592
      vertex 33.2556 3.1204 90.2967
    endloop
  endfacet
  facet normal 0.441104 -0.660228 0.607887
    outer loop
      vertex 32.2885 2.01763 90.2967
      vertex 31.8796 1.74444 90.2967
      vertex 32.5308 1.70175 89.7778
    endloop
  endfacet
  facet normal 0.609359 -0.69479 0.382032
    outer loop
      vertex 33.3479 1.6521 88.6072
      vertex 32.7299 1.44231 89.2114
      vertex 32.8823 1.24375 88.6072
    endloop
  endfacet
  facet normal 0.991438 -0 0.130581
    outer loop
      vertex 34.9039 5 87.9754
      vertex 34.9893 29 87.327
      vertex 34.9039 29 87.9754
    endloop
  endfacet
  facet normal 0.991438 0 0.130581
    outer loop
      vertex 34.9893 29 87.327
      vertex 34.9039 5 87.9754
      vertex 34.9893 5 87.327
    endloop
  endfacet
  facet normal 0.875106 -0.297137 0.381967
    outer loop
      vertex 34.3316 3.83936 89.2114
      vertex 34.143 3.28391 89.2114
      vertex 34.3742 3.18813 88.6072
    endloop
  endfacet
  facet normal 0.947465 -0.188547 0.25838
    outer loop
      vertex 34.862 4.35991 87.9754
      vertex 34.6941 4.382 88.6072
      vertex 34.7368 3.73077 87.9754
    endloop
  endfacet
  facet normal 0.97242 -0.193513 0.130201
    outer loop
      vertex 34.862 4.35991 87.9754
      vertex 34.7368 3.73077 87.9754
      vertex 34.9466 4.34877 87.327
    endloop
  endfacet
  facet normal 0.86458 -0.0565616 0.499301
    outer loop
      vertex 34.1573 5 89.7778
      vertex 34.1218 4.45736 89.7778
      vertex 34.4844 5 89.2114
    endloop
  endfacet
  facet normal 0.792262 -0.0518305 0.607976
    outer loop
      vertex 34.1573 5 89.7778
      vertex 33.727 4.50933 90.2967
      vertex 34.1218 4.45736 89.7778
    endloop
  endfacet
  facet normal 0.914791 -0.310572 0.258269
    outer loop
      vertex 34.5733 3.77458 88.6072
      vertex 34.3742 3.18813 88.6072
      vertex 34.7368 3.73077 87.9754
    endloop
  endfacet
  facet normal 0.947517 -0.188436 0.258269
    outer loop
      vertex 34.6941 4.382 88.6072
      vertex 34.5733 3.77458 88.6072
      vertex 34.7368 3.73077 87.9754
    endloop
  endfacet
  facet normal 0.914793 -0.310544 0.258295
    outer loop
      vertex 34.7368 3.73077 87.9754
      vertex 34.3742 3.18813 88.6072
      vertex 34.5306 3.12335 87.9754
    endloop
  endfacet
  facet normal 0.889258 -0.438453 0.1303
    outer loop
      vertex 34.5306 3.12335 87.9754
      vertex 34.3209 2.50535 87.327
      vertex 34.6095 3.09068 87.327
    endloop
  endfacet
  facet normal 0.441098 -0.660218 -0.607901
    outer loop
      vertex 32.5308 1.70175 2.22215
      vertex 31.8796 1.74444 1.70327
      vertex 32.2885 2.01763 1.70327
    endloop
  endfacet
  facet normal 0.393226 -0.588565 -0.706374
    outer loop
      vertex 32.2885 2.01763 1.70327
      vertex 31.8796 1.74444 1.70327
      vertex 32.0069 2.38453 1.2408
    endloop
  endfacet
  facet normal 0.864642 -0.056724 -0.499176
    outer loop
      vertex 34.446 4.41467 2.78856
      vertex 34.1218 4.45736 2.22215
      vertex 34.4844 5 2.78856
    endloop
  endfacet
  facet normal 0.914786 -0.31057 -0.258288
    outer loop
      vertex 34.7368 3.73077 4.02455
      vertex 34.3742 3.18813 3.3928
      vertex 34.5733 3.77458 3.3928
    endloop
  endfacet
  facet normal 0.768424 -0.513486 -0.381913
    outer loop
      vertex 33.7562 2.11773 3.3928
      vertex 33.5577 2.27009 2.78856
      vertex 34.1003 2.63267 3.3928
    endloop
  endfacet
  facet normal 0.803232 -0.536746 -0.258307
    outer loop
      vertex 33.8905 2.01468 4.02455
      vertex 33.7562 2.11773 3.3928
      vertex 34.1003 2.63267 3.3928
    endloop
  endfacet
  facet normal 0.963992 -0.0631025 -0.258336
    outer loop
      vertex 34.862 4.35991 4.02455
      vertex 34.7346 5 3.3928
      vertex 34.9039 5 4.02455
    endloop
  endfacet
  facet normal 0.96397 -0.0631728 -0.258403
    outer loop
      vertex 34.862 4.35991 4.02455
      vertex 34.6941 4.382 3.3928
      vertex 34.7346 5 3.3928
    endloop
  endfacet
  facet normal 0.393348 0.588544 -0.706324
    outer loop
      vertex 32.0069 31.6155 1.2408
      vertex 31.6484 31.8551 1.2408
      vertex 31.8796 32.2556 1.70327
    endloop
  endfacet
  facet normal 0.313026 0.634915 -0.706327
    outer loop
      vertex 31.6484 31.8551 1.2408
      vertex 31.2616 32.0458 1.2408
      vertex 31.8796 32.2556 1.70327
    endloop
  endfacet
  facet normal 0.866427 0.427285 -0.258326
    outer loop
      vertex 34.3742 30.8119 3.3928
      vertex 34.1003 31.3673 3.3928
      vertex 34.5306 30.8767 4.02455
    endloop
  endfacet
  facet normal 0.82889 0.408774 -0.381898
    outer loop
      vertex 34.3742 30.8119 3.3928
      vertex 33.8836 31.2422 2.78856
      vertex 34.1003 31.3673 3.3928
    endloop
  endfacet
  facet normal 0.914795 0.310547 -0.258284
    outer loop
      vertex 34.5733 30.2254 3.3928
      vertex 34.3742 30.8119 3.3928
      vertex 34.7368 30.2692 4.02455
    endloop
  endfacet
  facet normal 0.875143 0.297086 -0.381923
    outer loop
      vertex 34.5733 30.2254 3.3928
      vertex 34.3316 30.1606 2.78856
      vertex 34.3742 30.8119 3.3928
    endloop
  endfacet
  facet normal 0.777172 0.383169 -0.499185
    outer loop
      vertex 33.8409 30.5909 2.22215
      vertex 33.6004 31.0787 2.22215
      vertex 33.8836 31.2422 2.78856
    endloop
  endfacet
  facet normal 0.8205 0.278546 -0.499191
    outer loop
      vertex 34.0157 30.076 2.22215
      vertex 33.8409 30.5909 2.22215
      vertex 34.143 30.7161 2.78856
    endloop
  endfacet
  facet normal 0.1549 0.778733 0.607931
    outer loop
      vertex 31.076 33.0157 89.7778
      vertex 30.5426 33.1218 89.7778
      vertex 30.973 32.6311 90.2967
    endloop
  endfacet
  facet normal 0.169045 0.849846 0.499185
    outer loop
      vertex 30.5853 33.446 89.2114
      vertex 30.5426 33.1218 89.7778
      vertex 31.076 33.0157 89.7778
    endloop
  endfacet
  facet normal 0.11886 0.597834 0.792759
    outer loop
      vertex 30.8533 32.1844 90.7592
      vertex 30.4303 32.2685 90.7592
      vertex 30.719 31.6832 91.1573
    endloop
  endfacet
  facet normal 0.195929 0.577185 0.792761
    outer loop
      vertex 30.8533 32.1844 90.7592
      vertex 30.719 31.6832 91.1573
      vertex 31.2616 32.0458 90.7592
    endloop
  endfacet
  facet normal 0.571379 0.651443 0.499147
    outer loop
      vertex 33.1709 32.1709 89.2114
      vertex 32.7299 32.5577 89.2114
      vertex 32.9397 31.9397 89.7778
    endloop
  endfacet
  facet normal 0.651502 0.571199 0.499277
    outer loop
      vertex 33.5577 31.7299 89.2114
      vertex 32.9397 31.9397 89.7778
      vertex 33.2982 31.5308 89.7778
    endloop
  endfacet
  facet normal 0.427288 0.866431 0.258307
    outer loop
      vertex 31.8767 33.5306 87.9754
      vertex 31.8119 33.3742 88.6072
      vertex 32.3673 33.1003 88.6072
    endloop
  endfacet
  facet normal 0.408695 0.828891 0.38198
    outer loop
      vertex 31.8119 33.3742 88.6072
      vertex 31.7161 33.143 89.2114
      vertex 32.2422 32.8836 89.2114
    endloop
  endfacet
  facet normal 0.383183 0.77715 0.499208
    outer loop
      vertex 31.7161 33.143 89.2114
      vertex 31.5909 32.8409 89.7778
      vertex 32.2422 32.8836 89.2114
    endloop
  endfacet
  facet normal 0.40877 0.828882 0.381919
    outer loop
      vertex 32.3673 33.1003 88.6072
      vertex 31.8119 33.3742 88.6072
      vertex 32.2422 32.8836 89.2114
    endloop
  endfacet
  facet normal 0.803274 0.536712 0.258248
    outer loop
      vertex 33.8905 31.9853 87.9754
      vertex 33.7562 31.8823 88.6072
      vertex 34.1003 31.3673 88.6072
    endloop
  endfacet
  facet normal 0.768434 0.513433 0.381962
    outer loop
      vertex 33.7562 31.8823 88.6072
      vertex 33.5577 31.7299 89.2114
      vertex 34.1003 31.3673 88.6072
    endloop
  endfacet
  facet normal 0.820479 0.278564 0.499216
    outer loop
      vertex 34.143 30.7161 89.2114
      vertex 34.0157 30.076 89.7778
      vertex 34.3316 30.1606 89.2114
    endloop
  endfacet
  facet normal 0.90644 0.180248 0.381938
    outer loop
      vertex 34.5733 30.2254 88.6072
      vertex 34.3316 30.1606 89.2114
      vertex 34.446 29.5853 89.2114
    endloop
  endfacet
  facet normal 0.117358 0.0578582 0.991403
    outer loop
      vertex 30.8448 29.4877 91.9039
      vertex 30.2832 29.1635 91.9893
      vertex 30.9012 29.3733 91.9039
    endloop
  endfacet
  facet normal 0.00855422 -0.13057 0.991402
    outer loop
      vertex 30.0427 4.67578 91.9893
      vertex 30 4.02455 91.9039
      vertex 30.1273 4.03289 91.9039
    endloop
  endfacet
  facet normal 0.382425 0.0251548 0.923644
    outer loop
      vertex 32.1925 29.2887 91.4844
      vertex 31.5934 29.2098 91.7346
      vertex 31.6072 29 91.7346
    endloop
  endfacet
  facet normal 0.499768 -0.0327234 0.865541
    outer loop
      vertex 32.2114 5 91.4844
      vertex 32.1925 4.71135 91.4844
      vertex 32.7779 5 91.1573
    endloop
  endfacet
  facet normal 0.362933 0.12323 0.923631
    outer loop
      vertex 32.0431 29.8463 91.4844
      vertex 31.4849 29.615 91.7346
      vertex 32.1361 29.5724 91.4844
    endloop
  endfacet
  facet normal 0.12391 0.0420554 0.991402
    outer loop
      vertex 30.9012 29.3733 91.9039
      vertex 30.3159 29.0846 91.9893
      vertex 30.9422 29.2525 91.9039
    endloop
  endfacet
  facet normal 0.170951 0.195003 0.96579
    outer loop
      vertex 30.9784 30.2751 91.7346
      vertex 30.6897 29.6897 91.9039
      vertex 31.1365 30.1365 91.7346
    endloop
  endfacet
  facet normal 0.195003 0.170951 0.96579
    outer loop
      vertex 31.1365 30.1365 91.7346
      vertex 30.6897 29.6897 91.9039
      vertex 31.2751 29.9784 91.7346
    endloop
  endfacet
  facet normal 0.171131 0.19491 0.965776
    outer loop
      vertex 30.9784 30.2751 91.7346
      vertex 30.5938 29.7739 91.9039
      vertex 30.6897 29.6897 91.9039
    endloop
  endfacet
  facet normal 0.114688 0.23263 0.965779
    outer loop
      vertex 30.615 30.4849 91.7346
      vertex 30.3733 29.9012 91.9039
      vertex 30.4877 29.8448 91.9039
    endloop
  endfacet
  facet normal 0.0255238 -0.128337 0.991402
    outer loop
      vertex 30.2525 4.05779 91.9039
      vertex 30.0427 4.67578 91.9893
      vertex 30.1273 4.03289 91.9039
    endloop
  endfacet
  facet normal -0.0983642 0.0862918 0.991402
    outer loop
      vertex 4.31025 29.6897 91.9039
      vertex 4.22612 29.5938 91.9039
      vertex 4.76876 29.2312 91.9893
    endloop
  endfacet
  facet normal 0.10879 0.0726972 0.991403
    outer loop
      vertex 30.7739 29.5938 91.9039
      vertex 30.2594 29.1991 91.9893
      vertex 30.8448 29.4877 91.9039
    endloop
  endfacet
  facet normal 0.21565 0.144105 0.965779
    outer loop
      vertex 31.2751 29.9784 91.7346
      vertex 30.7739 29.5938 91.9039
      vertex 30.8448 29.4877 91.9039
    endloop
  endfacet
  facet normal 0.597834 0.11886 0.792759
    outer loop
      vertex 33.1844 29.8533 90.7592
      vertex 32.6832 29.719 91.1573
      vertex 33.2685 29.4303 90.7592
    endloop
  endfacet
  facet normal 0.597853 0.118933 0.792734
    outer loop
      vertex 33.2685 29.4303 90.7592
      vertex 32.6832 29.719 91.1573
      vertex 32.7541 29.3626 91.1573
    endloop
  endfacet
  facet normal 0.188442 0.947512 -0.258286
    outer loop
      vertex 31.2254 33.5733 3.3928
      vertex 30.618 33.6941 3.3928
      vertex 31.2692 33.7368 4.02455
    endloop
  endfacet
  facet normal 0.180272 0.906436 -0.381937
    outer loop
      vertex 31.2254 33.5733 3.3928
      vertex 30.5853 33.446 2.78856
      vertex 30.618 33.6941 3.3928
    endloop
  endfacet
  facet normal 0.056566 0.864584 -0.499294
    outer loop
      vertex 30.5426 33.1218 2.22215
      vertex 30 33.1573 2.22215
      vertex 30 33.4844 2.78856
    endloop
  endfacet
  facet normal 0.0567268 0.864641 -0.499177
    outer loop
      vertex 30.5426 33.1218 2.22215
      vertex 30 33.4844 2.78856
      vertex 30.5853 33.446 2.78856
    endloop
  endfacet
  facet normal -0.0398667 0.608335 -0.792679
    outer loop
      vertex 5 31.7779 0.842651
      vertex 4.56969 32.2685 1.2408
      vertex 5 32.2967 1.2408
    endloop
  endfacet
  facet normal 0 0.793391 -0.608713
    outer loop
      vertex 30 32.7592 1.70327
      vertex 5 33.1573 2.22215
      vertex 30 33.1573 2.22215
    endloop
  endfacet
  facet normal 0 0.793391 -0.608713
    outer loop
      vertex 5 33.1573 2.22215
      vertex 30 32.7592 1.70327
      vertex 5 32.7592 1.70327
    endloop
  endfacet
  facet normal 0.0518338 0.792254 -0.607986
    outer loop
      vertex 30.4907 32.727 1.70327
      vertex 30 33.1573 2.22215
      vertex 30.5426 33.1218 2.22215
    endloop
  endfacet
  facet normal 0.154837 0.778707 -0.607981
    outer loop
      vertex 30.973 32.6311 1.70327
      vertex 30.4907 32.727 1.70327
      vertex 30.5426 33.1218 2.22215
    endloop
  endfacet
  facet normal 0.0505774 0.254367 -0.965784
    outer loop
      vertex 30.416 30.5524 0.265348
      vertex 30.1273 29.9671 0.0960732
      vertex 30.2098 30.5934 0.265348
    endloop
  endfacet
  facet normal 0.0747502 0.376004 -0.923598
    outer loop
      vertex 30.416 30.5524 0.265348
      vertex 30.2887 31.1925 0.515635
      vertex 30.5724 31.1361 0.515635
    endloop
  endfacet
  facet normal -0.751857 0.659326 0
    outer loop
      vertex 1.04173 32.0373 4.67298
      vertex 1.47204 32.528 87.327
      vertex 1.47204 32.528 4.67298
    endloop
  endfacet
  facet normal -0.751857 0.659326 0
    outer loop
      vertex 1.47204 32.528 87.327
      vertex 1.04173 32.0373 4.67298
      vertex 1.04173 32.0373 87.327
    endloop
  endfacet
  facet normal -0.383218 0.777144 -0.499191
    outer loop
      vertex 2.92133 32.6004 2.22215
      vertex 2.75782 32.8836 2.78856
      vertex 3.40905 32.8409 2.22215
    endloop
  endfacet
  facet normal -0.768435 0.513401 -0.382005
    outer loop
      vertex 1.44231 31.7299 2.78856
      vertex 0.899672 31.3673 3.3928
      vertex 1.24375 31.8823 3.3928
    endloop
  endfacet
  facet normal -0.310542 0.914788 -0.258314
    outer loop
      vertex 3.18813 33.3742 3.3928
      vertex 3.12335 33.5306 4.02455
      vertex 3.73077 33.7368 4.02455
    endloop
  endfacet
  facet normal -0.636928 0.72636 -0.258307
    outer loop
      vertex 2.11773 32.7562 3.3928
      vertex 1.6521 32.3479 3.3928
      vertex 2.01468 32.8905 4.02455
    endloop
  endfacet
  facet normal 0.278565 0.820483 -0.499209
    outer loop
      vertex 31.7161 33.143 2.78856
      vertex 31.076 33.0157 2.22215
      vertex 31.1606 33.3316 2.78856
    endloop
  endfacet
  facet normal 0.168993 0.849838 -0.499216
    outer loop
      vertex 31.076 33.0157 2.22215
      vertex 30.5853 33.446 2.78856
      vertex 31.1606 33.3316 2.78856
    endloop
  endfacet
  facet normal -0.0631028 0.963997 0.258317
    outer loop
      vertex 5 33.9039 87.9754
      vertex 4.35991 33.862 87.9754
      vertex 5 33.7346 88.6072
    endloop
  endfacet
  facet normal 0.0648729 0.989349 0.130306
    outer loop
      vertex 30 33.9893 87.327
      vertex 30 33.9039 87.9754
      vertex 30.6512 33.9466 87.327
    endloop
  endfacet
  facet normal -0.193395 0.972428 0.130317
    outer loop
      vertex 4.34877 33.9466 87.327
      vertex 3.70868 33.8193 87.327
      vertex 3.73077 33.7368 87.9754
    endloop
  endfacet
  facet normal -0.0631728 0.96397 -0.258403
    outer loop
      vertex 4.382 33.6941 3.3928
      vertex 4.35991 33.862 4.02455
      vertex 5 33.7346 3.3928
    endloop
  endfacet
  facet normal 0.0631731 0.963974 0.258385
    outer loop
      vertex 30.6401 33.862 87.9754
      vertex 30 33.7346 88.6072
      vertex 30.618 33.6941 88.6072
    endloop
  endfacet
  facet normal 0.0604357 0.922204 0.381952
    outer loop
      vertex 30.618 33.6941 88.6072
      vertex 30 33.7346 88.6072
      vertex 30.5853 33.446 89.2114
    endloop
  endfacet
  facet normal 0.188559 0.947462 0.258382
    outer loop
      vertex 30.6401 33.862 87.9754
      vertex 30.618 33.6941 88.6072
      vertex 31.2692 33.7368 87.9754
    endloop
  endfacet
  facet normal 0.188443 0.947517 0.258266
    outer loop
      vertex 31.2692 33.7368 87.9754
      vertex 30.618 33.6941 88.6072
      vertex 31.2254 33.5733 88.6072
    endloop
  endfacet
  facet normal 0.427266 0.866431 -0.258343
    outer loop
      vertex 32.3673 33.1003 3.3928
      vertex 31.8767 33.5306 4.02455
      vertex 32.452 33.2469 4.02455
    endloop
  endfacet
  facet normal 0.43851 0.889232 -0.13029
    outer loop
      vertex 32.452 33.2469 4.02455
      vertex 31.8767 33.5306 4.02455
      vertex 32.4946 33.3209 4.67298
    endloop
  endfacet
  facet normal 0.651504 0.571202 -0.49927
    outer loop
      vertex 33.2982 31.5308 2.22215
      vertex 32.9397 31.9397 2.22215
      vertex 33.5577 31.7299 2.78856
    endloop
  endfacet
  facet normal 0.513438 0.768442 -0.38194
    outer loop
      vertex 32.7299 32.5577 2.78856
      vertex 32.3673 33.1003 3.3928
      vertex 32.8823 32.7562 3.3928
    endloop
  endfacet
  facet normal 0.144079 0.215626 -0.965788
    outer loop
      vertex 30.9784 30.2751 0.265348
      vertex 30.4877 29.8448 0.0960732
      vertex 30.8036 30.3919 0.265348
    endloop
  endfacet
  facet normal 0.169557 0.343854 -0.923588
    outer loop
      vertex 30.8036 30.3919 0.265348
      vertex 30.615 30.4849 0.265348
      vertex 31.1057 30.9152 0.515635
    endloop
  endfacet
  facet normal 0.128288 0.0255141 -0.991409
    outer loop
      vertex 30.9671 29.1273 0.0960732
      vertex 30.3242 29.0427 0.010705
      vertex 30.9422 29.2525 0.0960732
    endloop
  endfacet
  facet normal 0.130509 0.00855795 -0.99141
    outer loop
      vertex 30.327 29 0.010705
      vertex 30.3242 29.0427 0.010705
      vertex 30.9755 29 0.0960732
    endloop
  endfacet
  facet normal -0.0505804 0.25437 -0.965783
    outer loop
      vertex 4.87268 29.9671 0.0960732
      vertex 4.58403 30.5524 0.265348
      vertex 4.79022 30.5934 0.265348
    endloop
  endfacet
  facet normal -0.0578205 0.117322 -0.991409
    outer loop
      vertex 4.83649 29.2832 0.010705
      vertex 4.51227 29.8448 0.0960732
      vertex 4.62671 29.9012 0.0960732
    endloop
  endfacet
  facet normal -0.0833394 0.245587 -0.965785
    outer loop
      vertex 4.62671 29.9012 0.0960732
      vertex 4.58403 30.5524 0.265348
      vertex 4.74753 29.9422 0.0960732
    endloop
  endfacet
  facet normal 0.00855109 -0.130522 -0.991409
    outer loop
      vertex 30.1273 4.03289 0.0960732
      vertex 30 4.02455 0.0960732
      vertex 30.0427 4.67578 0.010705
    endloop
  endfacet
  facet normal 0.108737 0.0726953 -0.991409
    outer loop
      vertex 30.2832 29.1635 0.010705
      vertex 30.2594 29.1991 0.010705
      vertex 30.8448 29.4877 0.0960732
    endloop
  endfacet
  facet normal -0.278526 0.820521 -0.499168
    outer loop
      vertex 3.40905 32.8409 2.22215
      vertex 3.28391 33.143 2.78856
      vertex 3.924 33.0157 2.22215
    endloop
  endfacet
  facet normal -0.255211 0.751836 -0.607955
    outer loop
      vertex 4.02705 32.6311 1.70327
      vertex 3.40905 32.8409 2.22215
      vertex 3.924 33.0157 2.22215
    endloop
  endfacet
  facet normal -0.154841 0.778696 -0.607994
    outer loop
      vertex 4.50933 32.727 1.70327
      vertex 4.02705 32.6311 1.70327
      vertex 4.45736 33.1218 2.22215
    endloop
  endfacet
  facet normal -0.481406 0.720455 -0.499192
    outer loop
      vertex 2.92133 32.6004 2.22215
      vertex 2.27009 32.5577 2.78856
      vertex 2.75782 32.8836 2.78856
    endloop
  endfacet
  facet normal -0.50682 0.338668 -0.792741
    outer loop
      vertex 2.59431 30.3889 0.842651
      vertex 2.14495 30.6484 1.2408
      vertex 2.79618 30.691 0.842651
    endloop
  endfacet
  facet normal -0.571239 0.651484 -0.499254
    outer loop
      vertex 2.46917 32.2982 2.22215
      vertex 2.06031 31.9397 2.22215
      vertex 2.27009 32.5577 2.78856
    endloop
  endfacet
  facet normal -0.188435 0.947512 -0.258288
    outer loop
      vertex 3.77458 33.5733 3.3928
      vertex 3.73077 33.7368 4.02455
      vertex 4.382 33.6941 3.3928
    endloop
  endfacet
  facet normal -0.180267 0.90644 -0.38193
    outer loop
      vertex 4.41467 33.446 2.78856
      vertex 3.77458 33.5733 3.3928
      vertex 4.382 33.6941 3.3928
    endloop
  endfacet
  facet normal -0.536746 0.803232 -0.258307
    outer loop
      vertex 2.11773 32.7562 3.3928
      vertex 2.01468 32.8905 4.02455
      vertex 2.63267 33.1003 3.3928
    endloop
  endfacet
  facet normal -0.318711 0.938852 -0.130308
    outer loop
      vertex 3.73077 33.7368 4.02455
      vertex 3.12335 33.5306 4.02455
      vertex 3.70868 33.8193 4.67298
    endloop
  endfacet
  facet normal -0.0328008 0.499702 -0.865576
    outer loop
      vertex 4.71135 31.1925 0.515635
      vertex 4.63742 31.7541 0.842651
      vertex 5 31.7779 0.842651
    endloop
  endfacet
  facet normal -0.0747479 0.376006 -0.923597
    outer loop
      vertex 4.58403 30.5524 0.265348
      vertex 4.42764 31.1361 0.515635
      vertex 4.71135 31.1925 0.515635
    endloop
  endfacet
  facet normal -0.31304 0.634896 -0.706338
    outer loop
      vertex 3.35163 31.8551 1.2408
      vertex 3.1204 32.2556 1.70327
      vertex 3.7384 32.0458 1.2408
    endloop
  endfacet
  facet normal -0.221493 0.449175 -0.865553
    outer loop
      vertex 3.89428 30.9152 0.515635
      vertex 3.61107 31.4057 0.842651
      vertex 3.93696 31.5664 0.842651
    endloop
  endfacet
  facet normal -0.393302 0.588557 -0.706338
    outer loop
      vertex 3.35163 31.8551 1.2408
      vertex 2.99308 31.6155 1.2408
      vertex 3.1204 32.2556 1.70327
    endloop
  endfacet
  facet normal -0.330221 0.376515 -0.865558
    outer loop
      vertex 3.43627 30.5637 0.515635
      vertex 3.03576 30.9642 0.842651
      vertex 3.30895 31.2038 0.842651
    endloop
  endfacet
  facet normal -0.546712 0.269582 -0.792736
    outer loop
      vertex 2.59431 30.3889 0.842651
      vertex 1.95422 30.2616 1.2408
      vertex 2.14495 30.6484 1.2408
    endloop
  endfacet
  facet normal -0.588565 0.393226 -0.706374
    outer loop
      vertex 2.38453 31.0069 1.2408
      vertex 1.74444 30.8796 1.70327
      vertex 2.01763 31.2885 1.70327
    endloop
  endfacet
  facet normal -0.634849 0.313091 -0.706357
    outer loop
      vertex 1.95422 30.2616 1.2408
      vertex 1.52695 30.4386 1.70327
      vertex 1.74444 30.8796 1.70327
    endloop
  endfacet
  facet normal -0.670286 0.227546 -0.706357
    outer loop
      vertex 1.95422 30.2616 1.2408
      vertex 1.36889 29.973 1.70327
      vertex 1.52695 30.4386 1.70327
    endloop
  endfacet
  facet normal 0.252833 0.288213 -0.923585
    outer loop
      vertex 31.5637 30.5637 0.515635
      vertex 30.9784 30.2751 0.265348
      vertex 31.3462 30.7545 0.515635
    endloop
  endfacet
  facet normal 0.213002 0.318773 -0.923587
    outer loop
      vertex 31.3462 30.7545 0.515635
      vertex 30.9784 30.2751 0.265348
      vertex 31.1057 30.9152 0.515635
    endloop
  endfacet
  facet normal -0.922179 0.0604445 0.38201
    outer loop
      vertex 0.305855 29.618 88.6072
      vertex 0.265348 29 88.6072
      vertex 0.554 29.5853 89.2114
    endloop
  endfacet
  facet normal -0.92218 0.0604467 0.382009
    outer loop
      vertex 0.554 29.5853 89.2114
      vertex 0.265348 29 88.6072
      vertex 0.515635 29 89.2114
    endloop
  endfacet
  facet normal -0.706372 0.0462949 0.706326
    outer loop
      vertex 1.27296 29.4907 90.2967
      vertex 1.2408 29 90.2967
      vertex 1.70327 29 90.7592
    endloop
  endfacet
  facet normal -0.69429 0.138086 0.706324
    outer loop
      vertex 1.8156 29.8533 90.7592
      vertex 1.36889 29.973 90.2967
      vertex 1.73147 29.4303 90.7592
    endloop
  endfacet
  facet normal -0.77875 0.15489 0.607913
    outer loop
      vertex 0.984309 30.076 89.7778
      vertex 0.878218 29.5426 89.7778
      vertex 1.36889 29.973 90.2967
    endloop
  endfacet
  facet normal -0.712125 0.351202 0.607894
    outer loop
      vertex 1.74444 30.8796 90.2967
      vertex 1.15911 30.5909 89.7778
      vertex 1.52695 30.4386 90.2967
    endloop
  endfacet
  facet normal -0.751863 0.255247 0.607907
    outer loop
      vertex 1.15911 30.5909 89.7778
      vertex 0.984309 30.076 89.7778
      vertex 1.36889 29.973 90.2967
    endloop
  endfacet
  facet normal -0.670308 0.227553 0.706334
    outer loop
      vertex 1.52695 30.4386 90.2967
      vertex 1.36889 29.973 90.2967
      vertex 1.95422 30.2616 90.7592
    endloop
  endfacet
  facet normal -0.609319 0.694875 0.381941
    outer loop
      vertex 2.11773 32.7562 88.6072
      vertex 1.6521 32.3479 88.6072
      vertex 2.27009 32.5577 89.2114
    endloop
  endfacet
  facet normal -0.513481 0.768416 0.381934
    outer loop
      vertex 2.63267 33.1003 88.6072
      vertex 2.11773 32.7562 88.6072
      vertex 2.27009 32.5577 89.2114
    endloop
  endfacet
  facet normal -0.947504 0.188481 0.258283
    outer loop
      vertex 0.26317 30.2692 87.9754
      vertex 0.138027 29.6401 87.9754
      vertex 0.305855 29.618 88.6072
    endloop
  endfacet
  facet normal -0.972428 0.193439 0.130247
    outer loop
      vertex 0.26317 30.2692 87.9754
      vertex 0.0533886 29.6512 87.327
      vertex 0.138027 29.6401 87.9754
    endloop
  endfacet
  facet normal -0.0604358 0.922205 0.381949
    outer loop
      vertex 5 33.7346 88.6072
      vertex 4.382 33.6941 88.6072
      vertex 4.41467 33.446 89.2114
    endloop
  endfacet
  facet normal -0.180266 0.906431 0.381951
    outer loop
      vertex 4.382 33.6941 88.6072
      vertex 3.77458 33.5733 88.6072
      vertex 4.41467 33.446 89.2114
    endloop
  endfacet
  facet normal -0.118874 0.597831 0.792759
    outer loop
      vertex 4.56969 32.2685 90.7592
      vertex 4.14674 32.1844 90.7592
      vertex 4.28104 31.6832 91.1573
    endloop
  endfacet
  facet normal -0.154844 0.778707 0.60798
    outer loop
      vertex 4.45736 33.1218 89.7778
      vertex 4.02705 32.6311 90.2967
      vertex 4.50933 32.727 90.2967
    endloop
  endfacet
  facet normal -0.466769 0.532123 0.706379
    outer loop
      vertex 2.99308 31.6155 90.7592
      vertex 2.34184 31.6582 90.2967
      vertex 2.66886 31.3311 90.7592
    endloop
  endfacet
  facet normal -0.401947 0.458226 0.792759
    outer loop
      vertex 2.99308 31.6155 90.7592
      vertex 2.66886 31.3311 90.7592
      vertex 3.03576 30.9642 91.1573
    endloop
  endfacet
  facet normal -0.0519962 0.792329 0.607875
    outer loop
      vertex 5 33.1573 89.7778
      vertex 4.50933 32.727 90.2967
      vertex 5 32.7592 90.2967
    endloop
  endfacet
  facet normal -0.0463537 0.706347 0.706347
    outer loop
      vertex 5 32.7592 90.2967
      vertex 4.50933 32.727 90.2967
      vertex 5 32.2967 90.7592
    endloop
  endfacet
  facet normal 0.0727219 0.108777 0.991403
    outer loop
      vertex 30.4877 29.8448 91.9039
      vertex 30.1635 29.2832 91.9893
      vertex 30.1991 29.2594 91.9893
    endloop
  endfacet
  facet normal -0.00856509 0.130557 0.991404
    outer loop
      vertex 5 29.9755 91.9039
      vertex 4.95732 29.3242 91.9893
      vertex 5 29.327 91.9893
    endloop
  endfacet
  facet normal -0.195009 0.170981 0.965783
    outer loop
      vertex 3.86354 30.1365 91.7346
      vertex 3.72492 29.9784 91.7346
      vertex 4.31025 29.6897 91.9039
    endloop
  endfacet
  facet normal -0.21292 0.318678 0.923639
    outer loop
      vertex 3.89428 30.9152 91.4844
      vertex 3.65376 30.7545 91.4844
      vertex 4.0216 30.2751 91.7346
    endloop
  endfacet
  facet normal -0.252755 0.288112 0.923638
    outer loop
      vertex 3.65376 30.7545 91.4844
      vertex 3.43627 30.5637 91.4844
      vertex 4.0216 30.2751 91.7346
    endloop
  endfacet
  facet normal -0.0976667 0.491295 0.8655
    outer loop
      vertex 4.71135 31.1925 91.4844
      vertex 4.28104 31.6832 91.1573
      vertex 4.42764 31.1361 91.4844
    endloop
  endfacet
  facet normal -0.169482 0.343787 0.923627
    outer loop
      vertex 4.15372 31.0431 91.4844
      vertex 3.89428 30.9152 91.4844
      vertex 4.38495 30.4849 91.7346
    endloop
  endfacet
  facet normal -0.0578417 0.117365 0.991403
    outer loop
      vertex 4.62671 29.9012 91.9039
      vertex 4.51227 29.8448 91.9039
      vertex 4.83649 29.2832 91.9893
    endloop
  endfacet
  facet normal -0.0420505 0.123916 0.991401
    outer loop
      vertex 4.74753 29.9422 91.9039
      vertex 4.62671 29.9012 91.9039
      vertex 4.91536 29.3159 91.9893
    endloop
  endfacet
  facet normal -0.083351 0.245621 0.965776
    outer loop
      vertex 4.74753 29.9422 91.9039
      vertex 4.58403 30.5524 91.7346
      vertex 4.62671 29.9012 91.9039
    endloop
  endfacet
  facet normal 0.108781 -0.0726987 0.991404
    outer loop
      vertex 30.8448 4.51227 91.9039
      vertex 30.2594 4.80093 91.9893
      vertex 30.7739 4.40618 91.9039
    endloop
  endfacet
  facet normal -0.0170269 0.258834 0.965772
    outer loop
      vertex 5 30.6072 91.7346
      vertex 4.79022 30.5934 91.7346
      vertex 5 29.9755 91.9039
    endloop
  endfacet
  facet normal 0.0747414 0.375895 0.923643
    outer loop
      vertex 30.2887 31.1925 91.4844
      vertex 30.2098 30.5934 91.7346
      vertex 30.416 30.5524 91.7346
    endloop
  endfacet
  facet normal 0.0251548 0.382425 0.923644
    outer loop
      vertex 30.2887 31.1925 91.4844
      vertex 30 30.6072 91.7346
      vertex 30.2098 30.5934 91.7346
    endloop
  endfacet
  facet normal 0.0420554 0.12391 0.991402
    outer loop
      vertex 30.2525 29.9422 91.9039
      vertex 30.0846 29.3159 91.9893
      vertex 30.3733 29.9012 91.9039
    endloop
  endfacet
  facet normal 0.0833636 0.245618 0.965776
    outer loop
      vertex 30.416 30.5524 91.7346
      vertex 30.2525 29.9422 91.9039
      vertex 30.3733 29.9012 91.9039
    endloop
  endfacet
  facet normal -0.401897 0.45824 0.792777
    outer loop
      vertex 3.30895 31.2038 91.1573
      vertex 2.99308 31.6155 90.7592
      vertex 3.03576 30.9642 91.1573
    endloop
  endfacet
  facet normal -0.330285 0.376588 0.865502
    outer loop
      vertex 3.30895 31.2038 91.1573
      vertex 3.03576 30.9642 91.1573
      vertex 3.43627 30.5637 91.4844
    endloop
  endfacet
  facet normal -0.720465 -0.481383 0.4992
    outer loop
      vertex 1.39963 2.92133 89.7778
      vertex 1.11643 2.75782 89.2114
      vertex 1.44231 2.27009 89.2114
    endloop
  endfacet
  facet normal -0.651457 -0.571311 0.499207
    outer loop
      vertex 1.70175 2.46917 89.7778
      vertex 1.44231 2.27009 89.2114
      vertex 2.06031 2.06031 89.7778
    endloop
  endfacet
  facet normal -0.751858 -0.255221 0.607924
    outer loop
      vertex 1.36889 4.02705 90.2967
      vertex 1.15911 3.40905 89.7778
      vertex 1.52695 3.56142 90.2967
    endloop
  endfacet
  facet normal -0.546679 -0.269587 0.792758
    outer loop
      vertex 2.59431 3.61107 91.1573
      vertex 1.95422 3.7384 90.7592
      vertex 2.14495 3.35163 90.7592
    endloop
  endfacet
  facet normal -0.313086 -0.634889 0.706323
    outer loop
      vertex 3.35163 2.14495 90.7592
      vertex 3.1204 1.74444 90.2967
      vertex 3.7384 1.95422 90.7592
    endloop
  endfacet
  facet normal -0.269587 -0.546679 0.792758
    outer loop
      vertex 3.61107 2.59431 91.1573
      vertex 3.35163 2.14495 90.7592
      vertex 3.7384 1.95422 90.7592
    endloop
  endfacet
  facet normal -0.466734 -0.532222 0.706328
    outer loop
      vertex 2.99308 2.38453 90.7592
      vertex 2.34184 2.34184 90.2967
      vertex 2.71154 2.01763 90.2967
    endloop
  endfacet
  facet normal -0.466736 -0.532217 0.70633
    outer loop
      vertex 2.66886 2.66886 90.7592
      vertex 2.34184 2.34184 90.2967
      vertex 2.99308 2.38453 90.7592
    endloop
  endfacet
  facet normal -0.875122 -0.297064 -0.381987
    outer loop
      vertex 0.625752 3.18813 3.3928
      vertex 0.426679 3.77458 3.3928
      vertex 0.668437 3.83936 2.78856
    endloop
  endfacet
  facet normal -0.875121 -0.297065 -0.381988
    outer loop
      vertex 0.856988 3.28391 2.78856
      vertex 0.625752 3.18813 3.3928
      vertex 0.668437 3.83936 2.78856
    endloop
  endfacet
  facet normal -0.47432 -0.161004 0.865504
    outer loop
      vertex 2.86391 4.42764 91.4844
      vertex 2.4336 3.93696 91.1573
      vertex 2.95689 4.15372 91.4844
    endloop
  endfacet
  facet normal -0.491276 -0.0977149 0.865506
    outer loop
      vertex 2.80748 4.71135 91.4844
      vertex 2.3168 4.28104 91.1573
      vertex 2.86391 4.42764 91.4844
    endloop
  endfacet
  facet normal -0.212934 -0.318679 0.923636
    outer loop
      vertex 4.0216 3.72492 91.7346
      vertex 3.65376 3.24554 91.4844
      vertex 3.89428 3.08483 91.4844
    endloop
  endfacet
  facet normal -0.252705 -0.288161 0.923636
    outer loop
      vertex 4.0216 3.72492 91.7346
      vertex 3.43627 3.43627 91.4844
      vertex 3.65376 3.24554 91.4844
    endloop
  endfacet
  facet normal -0.506811 -0.33864 0.792758
    outer loop
      vertex 2.59431 3.61107 91.1573
      vertex 2.14495 3.35163 90.7592
      vertex 2.79618 3.30895 91.1573
    endloop
  endfacet
  facet normal -0.458277 -0.401894 0.792757
    outer loop
      vertex 3.03576 3.03576 91.1573
      vertex 2.38453 2.99308 90.7592
      vertex 2.66886 2.66886 90.7592
    endloop
  endfacet
  facet normal -0.195003 -0.17102 0.965777
    outer loop
      vertex 4.31025 4.31025 91.9039
      vertex 3.72492 4.0216 91.7346
      vertex 3.86354 3.86354 91.7346
    endloop
  endfacet
  facet normal -0.288151 -0.252711 0.923637
    outer loop
      vertex 3.72492 4.0216 91.7346
      vertex 3.43627 3.43627 91.4844
      vertex 3.86354 3.86354 91.7346
    endloop
  endfacet
  facet normal -0.416484 -0.278285 0.865505
    outer loop
      vertex 3.08483 3.89428 91.4844
      vertex 2.79618 3.30895 91.1573
      vertex 3.24554 3.65376 91.4844
    endloop
  endfacet
  facet normal -0.416484 -0.278285 0.865505
    outer loop
      vertex 3.08483 3.89428 91.4844
      vertex 2.59431 3.61107 91.1573
      vertex 2.79618 3.30895 91.1573
    endloop
  endfacet
  facet normal -0.144103 -0.215656 0.965778
    outer loop
      vertex 4.40618 4.22612 91.9039
      vertex 4.0216 3.72492 91.7346
      vertex 4.51227 4.15523 91.9039
    endloop
  endfacet
  facet normal -0.0726974 -0.108795 0.991402
    outer loop
      vertex 4.80093 4.74056 91.9893
      vertex 4.40618 4.22612 91.9039
      vertex 4.51227 4.15523 91.9039
    endloop
  endfacet
  facet normal -0.670319 -0.227555 0.706323
    outer loop
      vertex 1.8156 4.14674 90.7592
      vertex 1.36889 4.02705 90.2967
      vertex 1.95422 3.7384 90.7592
    endloop
  endfacet
  facet normal -0.706375 -0.0462917 0.706322
    outer loop
      vertex 1.70327 5 90.7592
      vertex 1.27296 4.50933 90.2967
      vertex 1.73147 4.56969 90.7592
    endloop
  endfacet
  facet normal -0.375904 0.07477 0.923637
    outer loop
      vertex 2.86391 29.5724 91.4844
      vertex 2.80748 29.2887 91.4844
      vertex 3.44757 29.416 91.7346
    endloop
  endfacet
  facet normal -0.362919 0.123228 0.923637
    outer loop
      vertex 3.51514 29.615 91.7346
      vertex 2.86391 29.5724 91.4844
      vertex 3.44757 29.416 91.7346
    endloop
  endfacet
  facet normal -0.375905 0.07478 0.923636
    outer loop
      vertex 3.44757 29.416 91.7346
      vertex 2.80748 29.2887 91.4844
      vertex 3.40655 29.2098 91.7346
    endloop
  endfacet
  facet normal -0.382453 0.0250654 0.923635
    outer loop
      vertex 3.40655 29.2098 91.7346
      vertex 2.80748 29.2887 91.4844
      vertex 3.3928 29 91.7346
    endloop
  endfacet
  facet normal -0.588572 0.393334 0.706309
    outer loop
      vertex 2.38453 31.0069 90.7592
      vertex 1.74444 30.8796 90.2967
      vertex 2.14495 30.6484 90.7592
    endloop
  endfacet
  facet normal -0.588584 0.393239 0.706351
    outer loop
      vertex 2.01763 31.2885 90.2967
      vertex 1.74444 30.8796 90.2967
      vertex 2.38453 31.0069 90.7592
    endloop
  endfacet
  facet normal -0.70713 0 0.707084
    outer loop
      vertex 1.2408 5 90.2967
      vertex 1.70327 29 90.7592
      vertex 1.2408 29 90.2967
    endloop
  endfacet
  facet normal -0.70713 0 0.707084
    outer loop
      vertex 1.70327 29 90.7592
      vertex 1.2408 5 90.2967
      vertex 1.70327 5 90.7592
    endloop
  endfacet
  facet normal -0.597824 0.118901 0.79276
    outer loop
      vertex 1.8156 29.8533 90.7592
      vertex 1.73147 29.4303 90.7592
      vertex 2.3168 29.719 91.1573
    endloop
  endfacet
  facet normal -0.50678 0.338642 0.792777
    outer loop
      vertex 2.79618 30.691 91.1573
      vertex 2.14495 30.6484 90.7592
      vertex 2.59431 30.3889 91.1573
    endloop
  endfacet
  facet normal -0.123195 -0.362933 0.923636
    outer loop
      vertex 4.38495 3.51514 91.7346
      vertex 4.15372 2.95689 91.4844
      vertex 4.42764 2.86391 91.4844
    endloop
  endfacet
  facet normal -0.161004 -0.47432 0.865504
    outer loop
      vertex 4.15372 2.95689 91.4844
      vertex 3.93696 2.4336 91.1573
      vertex 4.42764 2.86391 91.4844
    endloop
  endfacet
  facet normal 0.269561 -0.54667 0.792773
    outer loop
      vertex 31.3889 2.59431 91.1573
      vertex 31.2616 1.95422 90.7592
      vertex 31.6484 2.14495 90.7592
    endloop
  endfacet
  facet normal 0.45824 -0.401897 0.792777
    outer loop
      vertex 32.2038 3.30895 91.1573
      vertex 31.9642 3.03576 91.1573
      vertex 32.6155 2.99308 90.7592
    endloop
  endfacet
  facet normal -0.00855286 -0.13057 0.991402
    outer loop
      vertex 4.95732 4.67578 91.9893
      vertex 4.87268 4.03289 91.9039
      vertex 5 4.02455 91.9039
    endloop
  endfacet
  facet normal -0.025538 -0.128332 0.991402
    outer loop
      vertex 4.91536 4.68413 91.9893
      vertex 4.74753 4.05779 91.9039
      vertex 4.95732 4.67578 91.9893
    endloop
  endfacet
  facet normal 0.778707 -0.154844 0.60798
    outer loop
      vertex 33.727 4.50933 90.2967
      vertex 33.6311 4.02705 90.2967
      vertex 34.1218 4.45736 89.7778
    endloop
  endfacet
  facet normal 0.52351 -0.597008 0.607881
    outer loop
      vertex 32.9397 2.06031 89.7778
      vertex 32.2885 2.01763 90.2967
      vertex 32.5308 1.70175 89.7778
    endloop
  endfacet
  facet normal 0.706347 0.0463509 0.706347
    outer loop
      vertex 33.727 29.4907 90.2967
      vertex 33.2967 29 90.7592
      vertex 33.7592 29 90.2967
    endloop
  endfacet
  facet normal 0.792329 0.0519931 0.607875
    outer loop
      vertex 34.1573 29 89.7778
      vertex 33.727 29.4907 90.2967
      vertex 33.7592 29 90.2967
    endloop
  endfacet
  facet normal 0.154894 -0.778751 0.60791
    outer loop
      vertex 30.973 1.36889 90.2967
      vertex 30.4907 1.27296 90.2967
      vertex 30.5426 0.878218 89.7778
    endloop
  endfacet
  facet normal 0.138094 -0.694284 0.706329
    outer loop
      vertex 30.973 1.36889 90.2967
      vertex 30.4303 1.73147 90.7592
      vertex 30.4907 1.27296 90.2967
    endloop
  endfacet
  facet normal 0.375897 -0.0747456 0.923642
    outer loop
      vertex 31.5934 4.79022 91.7346
      vertex 31.5524 4.58403 91.7346
      vertex 32.1925 4.71135 91.4844
    endloop
  endfacet
  facet normal 0.449262 -0.221536 0.865497
    outer loop
      vertex 32.5664 3.93696 91.1573
      vertex 31.9152 3.89428 91.4844
      vertex 32.4057 3.61107 91.1573
    endloop
  endfacet
  facet normal 0.245621 -0.083351 0.965776
    outer loop
      vertex 30.9422 4.74753 91.9039
      vertex 30.9012 4.62671 91.9039
      vertex 31.5524 4.58403 91.7346
    endloop
  endfacet
  facet normal -0.0983128 0.0863683 0.991401
    outer loop
      vertex 4.76876 29.2312 91.9893
      vertex 4.22612 29.5938 91.9039
      vertex 4.74056 29.1991 91.9893
    endloop
  endfacet
  facet normal 0.0863683 -0.0983128 0.991401
    outer loop
      vertex 30.2312 4.76876 91.9893
      vertex 30.1991 4.74056 91.9893
      vertex 30.5938 4.22612 91.9039
    endloop
  endfacet
  facet normal 0.0726365 -0.108832 0.991403
    outer loop
      vertex 30.1991 4.74056 91.9893
      vertex 30.1635 4.7168 91.9893
      vertex 30.4877 4.15523 91.9039
    endloop
  endfacet
  facet normal 0.12384 0.0421973 0.991405
    outer loop
      vertex 30.9012 29.3733 91.9039
      vertex 30.3021 29.1251 91.9893
      vertex 30.3159 29.0846 91.9893
    endloop
  endfacet
  facet normal 0.0506055 -0.254385 0.965778
    outer loop
      vertex 30.416 3.44757 91.7346
      vertex 30.1273 4.03289 91.9039
      vertex 30.2098 3.40655 91.7346
    endloop
  endfacet
  facet normal 0.0505936 -0.25439 0.965777
    outer loop
      vertex 30.2525 4.05779 91.9039
      vertex 30.1273 4.03289 91.9039
      vertex 30.416 3.44757 91.7346
    endloop
  endfacet
  facet normal 0 -0.130527 -0.991445
    outer loop
      vertex 5 4.02455 0.0960732
      vertex 30 4.67298 0.010705
      vertex 30 4.02455 0.0960732
    endloop
  endfacet
  facet normal -0 -0.130527 -0.991445
    outer loop
      vertex 30 4.67298 0.010705
      vertex 5 4.02455 0.0960732
      vertex 5 4.67298 0.010705
    endloop
  endfacet
  facet normal -0.0250759 -0.382566 -0.923588
    outer loop
      vertex 5 2.78856 0.515635
      vertex 4.71135 2.80748 0.515635
      vertex 5 3.3928 0.265348
    endloop
  endfacet
  facet normal 0.0976987 -0.491181 -0.865561
    outer loop
      vertex 30.3626 2.24591 0.842651
      vertex 30.2887 2.80748 0.515635
      vertex 30.719 2.3168 0.842651
    endloop
  endfacet
  facet normal 0.0327456 -0.499729 -0.865563
    outer loop
      vertex 30.3626 2.24591 0.842651
      vertex 30 2.22215 0.842651
      vertex 30.2887 2.80748 0.515635
    endloop
  endfacet
  facet normal -0.351174 -0.7121 -0.607939
    outer loop
      vertex 3.40905 1.15911 2.22215
      vertex 3.1204 1.74444 1.70327
      vertex 3.56142 1.52695 1.70327
    endloop
  endfacet
  facet normal -0.169042 -0.84984 -0.499196
    outer loop
      vertex 4.41467 0.554 2.78856
      vertex 3.924 0.984309 2.22215
      vertex 4.45736 0.878218 2.22215
    endloop
  endfacet
  facet normal -0.278526 -0.820505 -0.499195
    outer loop
      vertex 3.83936 0.668437 2.78856
      vertex 3.28391 0.856988 2.78856
      vertex 3.924 0.984309 2.22215
    endloop
  endfacet
  facet normal -0.297065 -0.875121 -0.381988
    outer loop
      vertex 3.83936 0.668437 2.78856
      vertex 3.18813 0.625752 3.3928
      vertex 3.28391 0.856988 2.78856
    endloop
  endfacet
  facet normal -0.221499 -0.449159 -0.86556
    outer loop
      vertex 3.93696 2.4336 0.842651
      vertex 3.61107 2.59431 0.842651
      vertex 3.89428 3.08483 0.515635
    endloop
  endfacet
  facet normal -0.278231 -0.416404 -0.865561
    outer loop
      vertex 3.89428 3.08483 0.515635
      vertex 3.30895 2.79618 0.842651
      vertex 3.65376 3.24554 0.515635
    endloop
  endfacet
  facet normal -0.0327473 -0.499728 -0.865563
    outer loop
      vertex 5 2.22215 0.842651
      vertex 4.63742 2.24591 0.842651
      vertex 4.71135 2.80748 0.515635
    endloop
  endfacet
  facet normal -0.0398606 -0.608277 -0.792723
    outer loop
      vertex 5 2.22215 0.842651
      vertex 4.56969 1.73147 1.2408
      vertex 4.63742 2.24591 0.842651
    endloop
  endfacet
  facet normal -0.195952 -0.577227 -0.792724
    outer loop
      vertex 4.14674 1.8156 1.2408
      vertex 3.7384 1.95422 1.2408
      vertex 4.28104 2.3168 0.842651
    endloop
  endfacet
  facet normal -0.118923 -0.597867 -0.792724
    outer loop
      vertex 4.56969 1.73147 1.2408
      vertex 4.14674 1.8156 1.2408
      vertex 4.28104 2.3168 0.842651
    endloop
  endfacet
  facet normal -0.491176 -0.0977033 -0.865563
    outer loop
      vertex 2.3168 4.28104 0.842651
      vertex 2.24591 4.63742 0.842651
      vertex 2.80748 4.71135 0.515635
    endloop
  endfacet
  facet normal -0.546721 -0.269611 -0.792721
    outer loop
      vertex 2.59431 3.61107 0.842651
      vertex 1.95422 3.7384 1.2408
      vertex 2.4336 3.93696 0.842651
    endloop
  endfacet
  facet normal -0.660176 -0.44111 -0.607939
    outer loop
      vertex 1.70175 2.46917 2.22215
      vertex 1.39963 2.92133 2.22215
      vertex 1.74444 3.1204 1.70327
    endloop
  endfacet
  facet normal -0.7121 -0.351174 -0.607939
    outer loop
      vertex 1.39963 2.92133 2.22215
      vertex 1.15911 3.40905 2.22215
      vertex 1.74444 3.1204 1.70327
    endloop
  endfacet
  facet normal -0.401927 -0.458312 -0.79272
    outer loop
      vertex 3.30895 2.79618 0.842651
      vertex 2.99308 2.38453 1.2408
      vertex 3.03576 3.03576 0.842651
    endloop
  endfacet
  facet normal -0.330203 -0.376526 -0.86556
    outer loop
      vertex 3.30895 2.79618 0.842651
      vertex 3.03576 3.03576 0.842651
      vertex 3.43627 3.43627 0.515635
    endloop
  endfacet
  facet normal -0.499728 -0.0327473 -0.865563
    outer loop
      vertex 2.24591 4.63742 0.842651
      vertex 2.22215 5 0.842651
      vertex 2.80748 4.71135 0.515635
    endloop
  endfacet
  facet normal -0.382566 -0.0250759 -0.923588
    outer loop
      vertex 2.80748 4.71135 0.515635
      vertex 2.78856 5 0.515635
      vertex 3.3928 5 0.265348
    endloop
  endfacet
  facet normal -0.288246 -0.25278 -0.923589
    outer loop
      vertex 3.43627 3.43627 0.515635
      vertex 3.24554 3.65376 0.515635
      vertex 3.72492 4.0216 0.265348
    endloop
  endfacet
  facet normal -0.416404 -0.278231 -0.865561
    outer loop
      vertex 3.24554 3.65376 0.515635
      vertex 2.79618 3.30895 0.842651
      vertex 3.08483 3.89428 0.515635
    endloop
  endfacet
  facet normal -0.5322 -0.466721 -0.706353
    outer loop
      vertex 2.66886 2.66886 1.2408
      vertex 2.34184 2.34184 1.70327
      vertex 2.38453 2.99308 1.2408
    endloop
  endfacet
  facet normal -0.466721 -0.5322 -0.706353
    outer loop
      vertex 2.99308 2.38453 1.2408
      vertex 2.34184 2.34184 1.70327
      vertex 2.66886 2.66886 1.2408
    endloop
  endfacet
  facet normal -0.523509 -0.596949 -0.607939
    outer loop
      vertex 2.46917 1.70175 2.22215
      vertex 2.06031 2.06031 2.22215
      vertex 2.71154 2.01763 1.70327
    endloop
  endfacet
  facet normal -0.571314 -0.65146 -0.4992
    outer loop
      vertex 2.27009 1.44231 2.78856
      vertex 2.06031 2.06031 2.22215
      vertex 2.46917 1.70175 2.22215
    endloop
  endfacet
  facet normal -0.803252 -0.536725 0.258288
    outer loop
      vertex 1.24375 2.11773 88.6072
      vertex 0.899672 2.63267 88.6072
      vertex 1.10945 2.01468 87.9754
    endloop
  endfacet
  facet normal -0.768409 -0.513444 0.381999
    outer loop
      vertex 1.44231 2.27009 89.2114
      vertex 0.899672 2.63267 88.6072
      vertex 1.24375 2.11773 88.6072
    endloop
  endfacet
  facet normal -0.408749 -0.828851 0.382009
    outer loop
      vertex 3.28391 0.856988 89.2114
      vertex 2.75782 1.11643 89.2114
      vertex 3.18813 0.625752 88.6072
    endloop
  endfacet
  facet normal -0.383241 -0.777127 0.499199
    outer loop
      vertex 3.40905 1.15911 89.7778
      vertex 2.75782 1.11643 89.2114
      vertex 3.28391 0.856988 89.2114
    endloop
  endfacet
  facet normal -0.194982 0.170958 -0.965793
    outer loop
      vertex 4.31025 29.6897 0.0960732
      vertex 3.72492 29.9784 0.265348
      vertex 3.86354 30.1365 0.265348
    endloop
  endfacet
  facet normal 0.0748022 -0.376017 -0.923589
    outer loop
      vertex 30.2887 2.80748 0.515635
      vertex 30.2098 3.40655 0.265348
      vertex 30.416 3.44757 0.265348
    endloop
  endfacet
  facet normal 0.0250728 -0.382566 -0.923588
    outer loop
      vertex 30.2887 2.80748 0.515635
      vertex 30 3.3928 0.265348
      vertex 30.2098 3.40655 0.265348
    endloop
  endfacet
  facet normal 0.0255629 -0.128274 -0.991409
    outer loop
      vertex 30.2525 4.05779 0.0960732
      vertex 30.0427 4.67578 0.010705
      vertex 30.0846 4.68413 0.010705
    endloop
  endfacet
  facet normal 0.0726099 -0.108793 -0.991409
    outer loop
      vertex 30.4877 4.15523 0.0960732
      vertex 30.1635 4.7168 0.010705
      vertex 30.1991 4.74056 0.010705
    endloop
  endfacet
  facet normal 0.245593 -0.0832706 -0.96579
    outer loop
      vertex 31.4849 4.38495 0.265348
      vertex 30.9012 4.62671 0.0960732
      vertex 31.5524 4.58403 0.265348
    endloop
  endfacet
  facet normal 0.254357 -0.0506072 -0.965785
    outer loop
      vertex 31.5524 4.58403 0.265348
      vertex 30.9422 4.74753 0.0960732
      vertex 30.9671 4.87268 0.0960732
    endloop
  endfacet
  facet normal 0.252768 -0.288289 -0.923579
    outer loop
      vertex 31.5637 3.43627 0.515635
      vertex 30.9784 3.72492 0.265348
      vertex 31.1365 3.86354 0.265348
    endloop
  endfacet
  facet normal 0.0983045 -0.0862842 -0.991409
    outer loop
      vertex 30.6897 4.31025 0.0960732
      vertex 30.2312 4.76876 0.010705
      vertex 30.7739 4.40618 0.0960732
    endloop
  endfacet
  facet normal -0.130523 -0.00856287 -0.991408
    outer loop
      vertex 4.67578 4.95732 0.010705
      vertex 4.02455 5 0.0960732
      vertex 4.67298 5 0.010705
    endloop
  endfacet
  facet normal 0.0982701 0.0863308 -0.991408
    outer loop
      vertex 30.2594 29.1991 0.010705
      vertex 30.2312 29.2312 0.010705
      vertex 30.7739 29.5938 0.0960732
    endloop
  endfacet
  facet normal 0.221534 -0.449162 -0.86555
    outer loop
      vertex 31.063 2.4336 0.842651
      vertex 30.8463 2.95689 0.515635
      vertex 31.1057 3.08483 0.515635
    endloop
  endfacet
  facet normal 0.160988 -0.474237 -0.865553
    outer loop
      vertex 31.063 2.4336 0.842651
      vertex 30.5724 2.86391 0.515635
      vertex 30.8463 2.95689 0.515635
    endloop
  endfacet
  facet normal 0.213015 -0.318774 -0.923584
    outer loop
      vertex 31.1057 3.08483 0.515635
      vertex 30.9784 3.72492 0.265348
      vertex 31.3462 3.24554 0.515635
    endloop
  endfacet
  facet normal 0.252783 -0.288262 -0.923583
    outer loop
      vertex 31.3462 3.24554 0.515635
      vertex 30.9784 3.72492 0.265348
      vertex 31.5637 3.43627 0.515635
    endloop
  endfacet
  facet normal 0.401908 -0.458308 -0.792732
    outer loop
      vertex 32.0069 2.38453 1.2408
      vertex 31.691 2.79618 0.842651
      vertex 31.9642 3.03576 0.842651
    endloop
  endfacet
  facet normal 0.330199 -0.376536 -0.865557
    outer loop
      vertex 31.691 2.79618 0.842651
      vertex 31.5637 3.43627 0.515635
      vertex 31.9642 3.03576 0.842651
    endloop
  endfacet
  facet normal -0.117313 -0.0578465 -0.991409
    outer loop
      vertex 4.7168 4.83649 0.010705
      vertex 4.0988 4.62671 0.0960732
      vertex 4.69788 4.87486 0.010705
    endloop
  endfacet
  facet normal 0.232598 0.114672 -0.965789
    outer loop
      vertex 30.9012 29.3733 0.0960732
      vertex 30.8448 29.4877 0.0960732
      vertex 31.4849 29.615 0.265348
    endloop
  endfacet
  facet normal 0.258798 0.0170229 -0.965782
    outer loop
      vertex 31.6072 29 0.265348
      vertex 30.9755 29 0.0960732
      vertex 31.5934 29.2098 0.265348
    endloop
  endfacet
  facet normal -0.0577942 0.117331 -0.99141
    outer loop
      vertex 4.83649 29.2832 0.010705
      vertex 4.62671 29.9012 0.0960732
      vertex 4.87486 29.3021 0.010705
    endloop
  endfacet
  facet normal 0.128332 -0.025385 -0.991406
    outer loop
      vertex 30.9422 4.74753 0.0960732
      vertex 30.3159 4.91536 0.010705
      vertex 30.3242 4.95732 0.010705
    endloop
  endfacet
  facet normal 0.382588 0.0250465 -0.923579
    outer loop
      vertex 32.2114 29 0.515635
      vertex 31.6072 29 0.265348
      vertex 32.1925 29.2887 0.515635
    endloop
  endfacet
  facet normal 0.363039 0.123141 -0.923601
    outer loop
      vertex 31.5524 29.416 0.265348
      vertex 31.4849 29.615 0.265348
      vertex 32.1361 29.5724 0.515635
    endloop
  endfacet
  facet normal 0.376006 -0.0747479 -0.923597
    outer loop
      vertex 32.1361 4.42764 0.515635
      vertex 31.5524 4.58403 0.265348
      vertex 32.1925 4.71135 0.515635
    endloop
  endfacet
  facet normal 0.491155 -0.0977128 -0.865574
    outer loop
      vertex 32.6832 4.28104 0.842651
      vertex 32.1925 4.71135 0.515635
      vertex 32.7541 4.63742 0.842651
    endloop
  endfacet
  facet normal 0.343854 0.169557 -0.923588
    outer loop
      vertex 31.4849 29.615 0.265348
      vertex 31.3919 29.8036 0.265348
      vertex 31.9152 30.1057 0.515635
    endloop
  endfacet
  facet normal 0.232593 0.114693 -0.965788
    outer loop
      vertex 31.4849 29.615 0.265348
      vertex 30.8448 29.4877 0.0960732
      vertex 31.3919 29.8036 0.265348
    endloop
  endfacet
  facet normal 0.449182 0.221474 -0.865555
    outer loop
      vertex 32.0431 29.8463 0.515635
      vertex 31.9152 30.1057 0.515635
      vertex 32.5664 30.063 0.842651
    endloop
  endfacet
  facet normal 0.546706 0.269579 -0.792742
    outer loop
      vertex 32.5664 30.063 0.842651
      vertex 32.4057 30.3889 0.842651
      vertex 33.0458 30.2616 1.2408
    endloop
  endfacet
  facet normal 0.258781 0.0170759 -0.965785
    outer loop
      vertex 30.9755 29 0.0960732
      vertex 30.9671 29.1273 0.0960732
      vertex 31.5934 29.2098 0.265348
    endloop
  endfacet
  facet normal 0.254362 0.050588 -0.965785
    outer loop
      vertex 30.9671 29.1273 0.0960732
      vertex 30.9422 29.2525 0.0960732
      vertex 31.5524 29.416 0.265348
    endloop
  endfacet
  facet normal 0.751797 0.255282 -0.607974
    outer loop
      vertex 33.6311 29.973 1.70327
      vertex 33.473 30.4386 1.70327
      vertex 33.8409 30.5909 2.22215
    endloop
  endfacet
  facet normal 0.588563 0.393196 -0.706392
    outer loop
      vertex 32.855 30.6484 1.2408
      vertex 32.6155 31.0069 1.2408
      vertex 33.2556 30.8796 1.70327
    endloop
  endfacet
  facet normal 0.694285 0.138036 -0.706338
    outer loop
      vertex 33.2685 29.4303 1.2408
      vertex 33.1844 29.8533 1.2408
      vertex 33.6311 29.973 1.70327
    endloop
  endfacet
  facet normal 0.59788 0.118869 -0.792723
    outer loop
      vertex 33.2685 29.4303 1.2408
      vertex 32.6832 29.719 0.842651
      vertex 33.1844 29.8533 1.2408
    endloop
  endfacet
  facet normal 0.41639 0.278283 -0.865551
    outer loop
      vertex 32.4057 30.3889 0.842651
      vertex 31.9152 30.1057 0.515635
      vertex 32.2038 30.691 0.842651
    endloop
  endfacet
  facet normal 0.416431 0.278256 -0.865539
    outer loop
      vertex 31.9152 30.1057 0.515635
      vertex 31.7545 30.3462 0.515635
      vertex 32.2038 30.691 0.842651
    endloop
  endfacet
  facet normal 0.44123 0.660093 -0.607942
    outer loop
      vertex 32.5308 32.2982 2.22215
      vertex 31.8796 32.2556 1.70327
      vertex 32.0787 32.6004 2.22215
    endloop
  endfacet
  facet normal 0.401992 0.458248 -0.792724
    outer loop
      vertex 32.3311 31.3311 1.2408
      vertex 31.9642 30.9642 0.842651
      vertex 32.0069 31.6155 1.2408
    endloop
  endfacet
  facet normal 0.506879 -0.338579 -0.792741
    outer loop
      vertex 32.6155 2.99308 1.2408
      vertex 32.2038 3.30895 0.842651
      vertex 32.855 3.35163 1.2408
    endloop
  endfacet
  facet normal 0.318772 -0.212983 -0.923592
    outer loop
      vertex 31.7545 3.65376 0.515635
      vertex 31.2751 4.0216 0.265348
      vertex 31.9152 3.89428 0.515635
    endloop
  endfacet
  facet normal 0.792251 -0.0518298 -0.607991
    outer loop
      vertex 34.1218 4.45736 2.22215
      vertex 33.727 4.50933 1.70327
      vertex 34.1573 5 2.22215
    endloop
  endfacet
  facet normal 0.670313 -0.22752 -0.706339
    outer loop
      vertex 33.6311 4.02705 1.70327
      vertex 33.0458 3.7384 1.2408
      vertex 33.1844 4.14674 1.2408
    endloop
  endfacet
  facet normal -0.363026 0.123235 -0.923594
    outer loop
      vertex 3.51514 29.615 0.265348
      vertex 2.86391 29.5724 0.515635
      vertex 2.95689 29.8463 0.515635
    endloop
  endfacet
  facet normal -0.108763 0.0726694 -0.991408
    outer loop
      vertex 4.74056 29.1991 0.010705
      vertex 4.15523 29.4877 0.0960732
      vertex 4.22612 29.5938 0.0960732
    endloop
  endfacet
  facet normal -0.123861 -0.0420421 -0.991409
    outer loop
      vertex 4.0988 4.62671 0.0960732
      vertex 4.05779 4.74753 0.0960732
      vertex 4.68413 4.91536 0.010705
    endloop
  endfacet
  facet normal -0.258779 -0.0169616 -0.965788
    outer loop
      vertex 3.40655 4.79022 0.265348
      vertex 3.3928 5 0.265348
      vertex 4.02455 5 0.0960732
    endloop
  endfacet
  facet normal 0.10875 0.0726706 -0.991409
    outer loop
      vertex 30.8448 29.4877 0.0960732
      vertex 30.2594 29.1991 0.010705
      vertex 30.7739 29.5938 0.0960732
    endloop
  endfacet
  facet normal -0.108793 0.0726099 -0.991409
    outer loop
      vertex 4.7168 29.1635 0.010705
      vertex 4.15523 29.4877 0.0960732
      vertex 4.74056 29.1991 0.010705
    endloop
  endfacet
  facet normal -0.117306 0.0578634 -0.991409
    outer loop
      vertex 4.7168 29.1635 0.010705
      vertex 4.0988 29.3733 0.0960732
      vertex 4.15523 29.4877 0.0960732
    endloop
  endfacet
  facet normal -0.252785 0.288277 -0.923578
    outer loop
      vertex 3.86354 30.1365 0.265348
      vertex 3.43627 30.5637 0.515635
      vertex 4.0216 30.2751 0.265348
    endloop
  endfacet
  facet normal -0.343862 0.169543 -0.923588
    outer loop
      vertex 3.51514 29.615 0.265348
      vertex 3.08483 30.1057 0.515635
      vertex 3.60813 29.8036 0.265348
    endloop
  endfacet
  facet normal -0.171079 0.194912 -0.965785
    outer loop
      vertex 4.31025 29.6897 0.0960732
      vertex 4.0216 30.2751 0.265348
      vertex 4.40618 29.7739 0.0960732
    endloop
  endfacet
  facet normal -0.0862842 0.0983045 -0.991409
    outer loop
      vertex 4.76876 29.2312 0.010705
      vertex 4.31025 29.6897 0.0960732
      vertex 4.40618 29.7739 0.0960732
    endloop
  endfacet
  facet normal -0.577234 -0.195945 -0.792721
    outer loop
      vertex 2.4336 3.93696 0.842651
      vertex 1.95422 3.7384 1.2408
      vertex 2.3168 4.28104 0.842651
    endloop
  endfacet
  facet normal -0.577227 -0.195952 -0.792724
    outer loop
      vertex 1.95422 3.7384 1.2408
      vertex 1.8156 4.14674 1.2408
      vertex 2.3168 4.28104 0.842651
    endloop
  endfacet
  facet normal 0.588577 -0.39315 -0.706407
    outer loop
      vertex 33.2556 3.1204 1.70327
      vertex 32.6155 2.99308 1.2408
      vertex 32.855 3.35163 1.2408
    endloop
  endfacet
  facet normal 0.506859 -0.338722 -0.792693
    outer loop
      vertex 32.855 3.35163 1.2408
      vertex 32.2038 3.30895 0.842651
      vertex 32.4057 3.61107 0.842651
    endloop
  endfacet
  facet normal 0.778696 -0.154841 -0.607994
    outer loop
      vertex 34.1218 4.45736 2.22215
      vertex 33.6311 4.02705 1.70327
      vertex 33.727 4.50933 1.70327
    endloop
  endfacet
  facet normal 0.577234 -0.195927 -0.792725
    outer loop
      vertex 33.0458 3.7384 1.2408
      vertex 32.6832 4.28104 0.842651
      vertex 33.1844 4.14674 1.2408
    endloop
  endfacet
  facet normal 0.449175 -0.221493 -0.865553
    outer loop
      vertex 32.4057 3.61107 0.842651
      vertex 31.9152 3.89428 0.515635
      vertex 32.5664 3.93696 0.842651
    endloop
  endfacet
  facet normal 0.546715 -0.269591 -0.792731
    outer loop
      vertex 33.0458 3.7384 1.2408
      vertex 32.4057 3.61107 0.842651
      vertex 32.5664 3.93696 0.842651
    endloop
  endfacet
  facet normal 0.906452 -0.180247 -0.381911
    outer loop
      vertex 34.5733 3.77458 3.3928
      vertex 34.3316 3.83936 2.78856
      vertex 34.446 4.41467 2.78856
    endloop
  endfacet
  facet normal 0.8289 -0.408707 -0.381947
    outer loop
      vertex 34.3742 3.18813 3.3928
      vertex 33.8836 2.75782 2.78856
      vertex 34.143 3.28391 2.78856
    endloop
  endfacet
  facet normal 0.712119 -0.351153 -0.60793
    outer loop
      vertex 33.6004 2.92133 2.22215
      vertex 33.2556 3.1204 1.70327
      vertex 33.8409 3.40905 2.22215
    endloop
  endfacet
  facet normal 0.634951 -0.312998 -0.706307
    outer loop
      vertex 33.2556 3.1204 1.70327
      vertex 33.0458 3.7384 1.2408
      vertex 33.473 3.56142 1.70327
    endloop
  endfacet
  facet normal 0.922233 -0.0605022 -0.381872
    outer loop
      vertex 34.7346 5 3.3928
      vertex 34.446 4.41467 2.78856
      vertex 34.4844 5 2.78856
    endloop
  endfacet
  facet normal 0.922214 -0.0604364 -0.381927
    outer loop
      vertex 34.6941 4.382 3.3928
      vertex 34.446 4.41467 2.78856
      vertex 34.7346 5 3.3928
    endloop
  endfacet
  facet normal 0.828892 -0.408703 0.381969
    outer loop
      vertex 34.143 3.28391 89.2114
      vertex 33.8836 2.75782 89.2114
      vertex 34.3742 3.18813 88.6072
    endloop
  endfacet
  facet normal 0.768422 -0.513458 0.381954
    outer loop
      vertex 33.8836 2.75782 89.2114
      vertex 33.5577 2.27009 89.2114
      vertex 34.1003 2.63267 88.6072
    endloop
  endfacet
  facet normal 0.768416 -0.513481 0.381934
    outer loop
      vertex 34.1003 2.63267 88.6072
      vertex 33.5577 2.27009 89.2114
      vertex 33.7562 2.11773 88.6072
    endloop
  endfacet
  facet normal 0.694875 -0.609319 0.381941
    outer loop
      vertex 33.5577 2.27009 89.2114
      vertex 33.3479 1.6521 88.6072
      vertex 33.7562 2.11773 88.6072
    endloop
  endfacet
  facet normal 0.50682 -0.338696 0.792729
    outer loop
      vertex 32.4057 3.61107 91.1573
      vertex 32.2038 3.30895 91.1573
      vertex 32.855 3.35163 90.7592
    endloop
  endfacet
  facet normal 0.532123 -0.466769 0.706379
    outer loop
      vertex 32.6155 2.99308 90.7592
      vertex 32.3311 2.66886 90.7592
      vertex 32.6582 2.34184 90.2967
    endloop
  endfacet
  facet normal 0.441151 -0.660149 0.607938
    outer loop
      vertex 32.5308 1.70175 89.7778
      vertex 31.8796 1.74444 90.2967
      vertex 32.0787 1.39963 89.7778
    endloop
  endfacet
  facet normal 0.351129 -0.712126 0.607936
    outer loop
      vertex 31.8796 1.74444 90.2967
      vertex 31.5909 1.15911 89.7778
      vertex 32.0787 1.39963 89.7778
    endloop
  endfacet
  facet normal 0.481428 -0.720421 0.49922
    outer loop
      vertex 32.5308 1.70175 89.7778
      vertex 32.0787 1.39963 89.7778
      vertex 32.7299 1.44231 89.2114
    endloop
  endfacet
  facet normal 0.481406 -0.720455 0.499193
    outer loop
      vertex 32.7299 1.44231 89.2114
      vertex 32.0787 1.39963 89.7778
      vertex 32.2422 1.11643 89.2114
    endloop
  endfacet
  facet normal 0.98937 -0.0647637 0.130201
    outer loop
      vertex 34.9039 5 87.9754
      vertex 34.862 4.35991 87.9754
      vertex 34.9466 4.34877 87.327
    endloop
  endfacet
  facet normal 0.866452 -0.427252 0.258295
    outer loop
      vertex 34.3742 3.18813 88.6072
      vertex 34.1003 2.63267 88.6072
      vertex 34.5306 3.12335 87.9754
    endloop
  endfacet
  facet normal 0.866449 -0.427268 0.25828
    outer loop
      vertex 34.5306 3.12335 87.9754
      vertex 34.1003 2.63267 88.6072
      vertex 34.2469 2.54804 87.9754
    endloop
  endfacet
  facet normal 0.963997 -0.0631028 0.258317
    outer loop
      vertex 34.9039 5 87.9754
      vertex 34.7346 5 88.6072
      vertex 34.862 4.35991 87.9754
    endloop
  endfacet
  facet normal 0.963975 -0.0631731 0.258384
    outer loop
      vertex 34.7346 5 88.6072
      vertex 34.6941 4.382 88.6072
      vertex 34.862 4.35991 87.9754
    endloop
  endfacet
  facet normal 0.87513 -0.297107 0.381936
    outer loop
      vertex 34.5733 3.77458 88.6072
      vertex 34.3316 3.83936 89.2114
      vertex 34.3742 3.18813 88.6072
    endloop
  endfacet
  facet normal 0.906431 -0.180266 0.381951
    outer loop
      vertex 34.6941 4.382 88.6072
      vertex 34.446 4.41467 89.2114
      vertex 34.5733 3.77458 88.6072
    endloop
  endfacet
  facet normal 0.660093 0.44123 -0.607942
    outer loop
      vertex 33.6004 31.0787 2.22215
      vertex 33.2556 30.8796 1.70327
      vertex 33.2982 31.5308 2.22215
    endloop
  endfacet
  facet normal 0.597075 0.523481 -0.60784
    outer loop
      vertex 32.9824 31.2885 1.70327
      vertex 32.9397 31.9397 2.22215
      vertex 33.2982 31.5308 2.22215
    endloop
  endfacet
  facet normal 0.803269 0.536709 -0.258267
    outer loop
      vertex 34.1003 31.3673 3.3928
      vertex 33.7562 31.8823 3.3928
      vertex 33.8905 31.9853 4.02455
    endloop
  endfacet
  facet normal 0.866431 0.427266 -0.258343
    outer loop
      vertex 34.5306 30.8767 4.02455
      vertex 34.1003 31.3673 3.3928
      vertex 34.2469 31.452 4.02455
    endloop
  endfacet
  facet normal 0.828899 0.408699 -0.381959
    outer loop
      vertex 34.143 30.7161 2.78856
      vertex 33.8836 31.2422 2.78856
      vertex 34.3742 30.8119 3.3928
    endloop
  endfacet
  facet normal 0.87512 0.297115 -0.381953
    outer loop
      vertex 34.3316 30.1606 2.78856
      vertex 34.143 30.7161 2.78856
      vertex 34.3742 30.8119 3.3928
    endloop
  endfacet
  facet normal 0.0462931 0.70638 0.706317
    outer loop
      vertex 30.4907 32.727 90.2967
      vertex 30 32.2967 90.7592
      vertex 30.4303 32.2685 90.7592
    endloop
  endfacet
  facet normal 0.138053 0.694298 0.706322
    outer loop
      vertex 30.4907 32.727 90.2967
      vertex 30.4303 32.2685 90.7592
      vertex 30.973 32.6311 90.2967
    endloop
  endfacet
  facet normal 0.726354 0.636963 0.258241
    outer loop
      vertex 33.8905 31.9853 87.9754
      vertex 33.3479 32.3479 88.6072
      vertex 33.7562 31.8823 88.6072
    endloop
  endfacet
  facet normal 0.694845 0.609332 0.381974
    outer loop
      vertex 33.7562 31.8823 88.6072
      vertex 33.3479 32.3479 88.6072
      vertex 33.5577 31.7299 89.2114
    endloop
  endfacet
  facet normal 0.383167 0.777168 0.499191
    outer loop
      vertex 32.2422 32.8836 89.2114
      vertex 31.5909 32.8409 89.7778
      vertex 32.0787 32.6004 89.7778
    endloop
  endfacet
  facet normal 0.481427 0.720441 0.499192
    outer loop
      vertex 32.2422 32.8836 89.2114
      vertex 32.0787 32.6004 89.7778
      vertex 32.7299 32.5577 89.2114
    endloop
  endfacet
  facet normal 0.778733 0.1549 0.607931
    outer loop
      vertex 34.0157 30.076 89.7778
      vertex 33.6311 29.973 90.2967
      vertex 34.1218 29.5426 89.7778
    endloop
  endfacet
  facet normal 0.864637 0.0567266 0.499184
    outer loop
      vertex 34.446 29.5853 89.2114
      vertex 34.1218 29.5426 89.7778
      vertex 34.4844 29 89.2114
    endloop
  endfacet
  facet normal 0.343752 0.169507 0.923635
    outer loop
      vertex 31.9152 30.1057 91.4844
      vertex 31.3919 29.8036 91.7346
      vertex 31.4849 29.615 91.7346
    endloop
  endfacet
  facet normal 0.474312 0.161046 0.865501
    outer loop
      vertex 32.5664 30.063 91.1573
      vertex 32.1361 29.5724 91.4844
      vertex 32.6832 29.719 91.1573
    endloop
  endfacet
  facet normal 0.0578582 0.117358 0.991403
    outer loop
      vertex 30.3733 29.9012 91.9039
      vertex 30.1635 29.2832 91.9893
      vertex 30.4877 29.8448 91.9039
    endloop
  endfacet
  facet normal 0.0577759 0.117386 0.991404
    outer loop
      vertex 30.3733 29.9012 91.9039
      vertex 30.1251 29.3021 91.9893
      vertex 30.1635 29.2832 91.9893
    endloop
  endfacet
  facet normal 0.144105 0.21565 0.965779
    outer loop
      vertex 30.9784 30.2751 91.7346
      vertex 30.4877 29.8448 91.9039
      vertex 30.5938 29.7739 91.9039
    endloop
  endfacet
  facet normal 0.0726972 0.10879 0.991403
    outer loop
      vertex 30.4877 29.8448 91.9039
      vertex 30.1991 29.2594 91.9893
      vertex 30.5938 29.7739 91.9039
    endloop
  endfacet
  facet normal 0.0983875 -0.0862458 0.991404
    outer loop
      vertex 30.2594 4.80093 91.9893
      vertex 30.2312 4.76876 91.9893
      vertex 30.7739 4.40618 91.9039
    endloop
  endfacet
  facet normal 0.608254 0.039924 0.792738
    outer loop
      vertex 33.2685 29.4303 90.7592
      vertex 32.7541 29.3626 91.1573
      vertex 32.7779 29 91.1573
    endloop
  endfacet
  facet normal 0.577185 0.195929 0.792761
    outer loop
      vertex 33.0458 30.2616 90.7592
      vertex 32.6832 29.719 91.1573
      vertex 33.1844 29.8533 90.7592
    endloop
  endfacet
  facet normal 0.694298 0.138053 0.706322
    outer loop
      vertex 33.6311 29.973 90.2967
      vertex 33.2685 29.4303 90.7592
      vertex 33.727 29.4907 90.2967
    endloop
  endfacet
  facet normal 0.694308 0.138041 0.706315
    outer loop
      vertex 33.6311 29.973 90.2967
      vertex 33.1844 29.8533 90.7592
      vertex 33.2685 29.4303 90.7592
    endloop
  endfacet
  facet normal 0.0605053 0.922232 -0.381872
    outer loop
      vertex 30.5853 33.446 2.78856
      vertex 30 33.4844 2.78856
      vertex 30 33.7346 3.3928
    endloop
  endfacet
  facet normal -0.0631025 0.963992 -0.258336
    outer loop
      vertex 5 33.7346 3.3928
      vertex 4.35991 33.862 4.02455
      vertex 5 33.9039 4.02455
    endloop
  endfacet
  facet normal -0.138052 0.694283 -0.706337
    outer loop
      vertex 4.14674 32.1844 1.2408
      vertex 4.02705 32.6311 1.70327
      vertex 4.56969 32.2685 1.2408
    endloop
  endfacet
  facet normal -0.0463522 0.706324 -0.70637
    outer loop
      vertex 5 32.2967 1.2408
      vertex 4.50933 32.727 1.70327
      vertex 5 32.7592 1.70327
    endloop
  endfacet
  facet normal 0.138049 0.694276 -0.706345
    outer loop
      vertex 30.973 32.6311 1.70327
      vertex 30.4303 32.2685 1.2408
      vertex 30.4907 32.727 1.70327
    endloop
  endfacet
  facet normal 0.0462916 0.706358 -0.70634
    outer loop
      vertex 30.4303 32.2685 1.2408
      vertex 30 32.2967 1.2408
      vertex 30.4907 32.727 1.70327
    endloop
  endfacet
  facet normal -0.636928 0.72636 -0.258307
    outer loop
      vertex 1.6521 32.3479 3.3928
      vertex 1.5324 32.4676 4.02455
      vertex 2.01468 32.8905 4.02455
    endloop
  endfacet
  facet normal -0.726336 0.636956 -0.258308
    outer loop
      vertex 1.6521 32.3479 3.3928
      vertex 1.10945 31.9853 4.02455
      vertex 1.5324 32.4676 4.02455
    endloop
  endfacet
  facet normal -0.720458 0.481408 -0.499186
    outer loop
      vertex 1.39963 31.0787 2.22215
      vertex 1.11643 31.2422 2.78856
      vertex 1.44231 31.7299 2.78856
    endloop
  endfacet
  facet normal -0.720424 0.48143 -0.499214
    outer loop
      vertex 1.70175 31.5308 2.22215
      vertex 1.39963 31.0787 2.22215
      vertex 1.44231 31.7299 2.78856
    endloop
  endfacet
  facet normal -0.195058 0.980792 0
    outer loop
      vertex 4.34877 33.9466 4.67298
      vertex 3.70868 33.8193 87.327
      vertex 4.34877 33.9466 87.327
    endloop
  endfacet
  facet normal -0.195058 0.980792 0
    outer loop
      vertex 3.70868 33.8193 87.327
      vertex 4.34877 33.9466 4.67298
      vertex 3.70868 33.8193 4.67298
    endloop
  endfacet
  facet normal 0 0.965922 0.258833
    outer loop
      vertex 30 33.9039 87.9754
      vertex 5 33.7346 88.6072
      vertex 30 33.7346 88.6072
    endloop
  endfacet
  facet normal 0 0.965922 0.258833
    outer loop
      vertex 5 33.7346 88.6072
      vertex 30 33.9039 87.9754
      vertex 5 33.9039 87.9754
    endloop
  endfacet
  facet normal -0.188546 0.94746 -0.258399
    outer loop
      vertex 4.382 33.6941 3.3928
      vertex 3.73077 33.7368 4.02455
      vertex 4.35991 33.862 4.02455
    endloop
  endfacet
  facet normal -0.193513 0.972421 -0.130195
    outer loop
      vertex 4.35991 33.862 4.02455
      vertex 3.73077 33.7368 4.02455
      vertex 4.34877 33.9466 4.67298
    endloop
  endfacet
  facet normal 0.63696 0.72635 -0.25826
    outer loop
      vertex 33.3479 32.3479 3.3928
      vertex 32.8823 32.7562 3.3928
      vertex 32.9853 32.8905 4.02455
    endloop
  endfacet
  facet normal 0.313007 0.63494 -0.706313
    outer loop
      vertex 31.8796 32.2556 1.70327
      vertex 31.2616 32.0458 1.2408
      vertex 31.4386 32.473 1.70327
    endloop
  endfacet
  facet normal 0.636914 0.726374 -0.258307
    outer loop
      vertex 33.3479 32.3479 3.3928
      vertex 32.9853 32.8905 4.02455
      vertex 33.4676 32.4676 4.02455
    endloop
  endfacet
  facet normal 0.726374 0.636914 -0.258307
    outer loop
      vertex 33.8905 31.9853 4.02455
      vertex 33.3479 32.3479 3.3928
      vertex 33.4676 32.4676 4.02455
    endloop
  endfacet
  facet normal 0.123141 0.363039 -0.923601
    outer loop
      vertex 30.615 30.4849 0.265348
      vertex 30.416 30.5524 0.265348
      vertex 30.5724 31.1361 0.515635
    endloop
  endfacet
  facet normal 0.123267 0.363041 -0.923584
    outer loop
      vertex 30.615 30.4849 0.265348
      vertex 30.5724 31.1361 0.515635
      vertex 30.8463 31.0431 0.515635
    endloop
  endfacet
  facet normal -0.0170733 0.258782 -0.965785
    outer loop
      vertex 4.87268 29.9671 0.0960732
      vertex 4.79022 30.5934 0.265348
      vertex 5 29.9755 0.0960732
    endloop
  endfacet
  facet normal -0.00861058 0.130512 -0.991409
    outer loop
      vertex 4.95732 29.3242 0.010705
      vertex 4.87268 29.9671 0.0960732
      vertex 5 29.9755 0.0960732
    endloop
  endfacet
  facet normal -0.114635 0.232603 -0.965792
    outer loop
      vertex 4.51227 29.8448 0.0960732
      vertex 4.38495 30.4849 0.265348
      vertex 4.62671 29.9012 0.0960732
    endloop
  endfacet
  facet normal -0.114719 0.232584 -0.965787
    outer loop
      vertex 4.51227 29.8448 0.0960732
      vertex 4.1964 30.3919 0.265348
      vertex 4.38495 30.4849 0.265348
    endloop
  endfacet
  facet normal 0.12832 0.025419 -0.991407
    outer loop
      vertex 30.3242 29.0427 0.010705
      vertex 30.3159 29.0846 0.010705
      vertex 30.9422 29.2525 0.0960732
    endloop
  endfacet
  facet normal -0.169058 0.849849 -0.499176
    outer loop
      vertex 4.45736 33.1218 2.22215
      vertex 3.924 33.0157 2.22215
      vertex 4.41467 33.446 2.78856
    endloop
  endfacet
  facet normal -0.0518298 0.792251 -0.607991
    outer loop
      vertex 4.50933 32.727 1.70327
      vertex 4.45736 33.1218 2.22215
      vertex 5 33.1573 2.22215
    endloop
  endfacet
  facet normal -0.29711 0.875138 -0.381914
    outer loop
      vertex 3.83936 33.3316 2.78856
      vertex 3.18813 33.3742 3.3928
      vertex 3.77458 33.5733 3.3928
    endloop
  endfacet
  facet normal -0.180247 0.906452 -0.381911
    outer loop
      vertex 3.83936 33.3316 2.78856
      vertex 3.77458 33.5733 3.3928
      vertex 4.41467 33.446 2.78856
    endloop
  endfacet
  facet normal -0.523507 0.596979 -0.607911
    outer loop
      vertex 2.34184 31.6582 1.70327
      vertex 2.06031 31.9397 2.22215
      vertex 2.71154 31.9824 1.70327
    endloop
  endfacet
  facet normal -0.481459 0.720373 -0.49926
    outer loop
      vertex 2.46917 32.2982 2.22215
      vertex 2.27009 32.5577 2.78856
      vertex 2.92133 32.6004 2.22215
    endloop
  endfacet
  facet normal -0.438501 0.889228 -0.130349
    outer loop
      vertex 2.54804 33.2469 4.02455
      vertex 2.50535 33.3209 4.67298
      vertex 3.12335 33.5306 4.02455
    endloop
  endfacet
  facet normal -0.427266 0.866444 -0.258299
    outer loop
      vertex 2.63267 33.1003 3.3928
      vertex 2.54804 33.2469 4.02455
      vertex 3.12335 33.5306 4.02455
    endloop
  endfacet
  facet normal -0.408733 0.828897 -0.381926
    outer loop
      vertex 2.75782 32.8836 2.78856
      vertex 2.63267 33.1003 3.3928
      vertex 3.18813 33.3742 3.3928
    endloop
  endfacet
  facet normal -0.408707 0.8289 -0.381947
    outer loop
      vertex 3.28391 33.143 2.78856
      vertex 2.75782 32.8836 2.78856
      vertex 3.18813 33.3742 3.3928
    endloop
  endfacet
  facet normal -0.513486 0.768424 -0.381913
    outer loop
      vertex 2.27009 32.5577 2.78856
      vertex 2.11773 32.7562 3.3928
      vertex 2.63267 33.1003 3.3928
    endloop
  endfacet
  facet normal -0.609325 0.694882 -0.381919
    outer loop
      vertex 2.27009 32.5577 2.78856
      vertex 1.6521 32.3479 3.3928
      vertex 2.11773 32.7562 3.3928
    endloop
  endfacet
  facet normal -0.118948 0.597894 -0.792701
    outer loop
      vertex 4.63742 31.7541 0.842651
      vertex 4.28104 31.6832 0.842651
      vertex 4.56969 32.2685 1.2408
    endloop
  endfacet
  facet normal -0.0399292 0.6083 -0.792703
    outer loop
      vertex 4.63742 31.7541 0.842651
      vertex 4.56969 32.2685 1.2408
      vertex 5 31.7779 0.842651
    endloop
  endfacet
  facet normal -0.312998 0.634951 -0.706307
    outer loop
      vertex 3.7384 32.0458 1.2408
      vertex 3.1204 32.2556 1.70327
      vertex 3.56142 32.473 1.70327
    endloop
  endfacet
  facet normal -0.16098 0.474231 -0.865558
    outer loop
      vertex 4.42764 31.1361 0.515635
      vertex 3.93696 31.5664 0.842651
      vertex 4.28104 31.6832 0.842651
    endloop
  endfacet
  facet normal -0.44115 0.660207 -0.607876
    outer loop
      vertex 2.71154 31.9824 1.70327
      vertex 2.46917 32.2982 2.22215
      vertex 3.1204 32.2556 1.70327
    endloop
  endfacet
  facet normal -0.441196 0.660129 -0.607927
    outer loop
      vertex 3.1204 32.2556 1.70327
      vertex 2.46917 32.2982 2.22215
      vertex 2.92133 32.6004 2.22215
    endloop
  endfacet
  facet normal -0.338674 0.50681 -0.792745
    outer loop
      vertex 3.30895 31.2038 0.842651
      vertex 2.99308 31.6155 1.2408
      vertex 3.35163 31.8551 1.2408
    endloop
  endfacet
  facet normal -0.338688 0.506808 -0.79274
    outer loop
      vertex 3.61107 31.4057 0.842651
      vertex 3.30895 31.2038 0.842651
      vertex 3.35163 31.8551 1.2408
    endloop
  endfacet
  facet normal -0.376536 0.330199 -0.865557
    outer loop
      vertex 3.43627 30.5637 0.515635
      vertex 2.79618 30.691 0.842651
      vertex 3.03576 30.9642 0.842651
    endloop
  endfacet
  facet normal -0.376538 0.330193 -0.865559
    outer loop
      vertex 3.24554 30.3462 0.515635
      vertex 2.79618 30.691 0.842651
      vertex 3.43627 30.5637 0.515635
    endloop
  endfacet
  facet normal -0.588553 0.393321 -0.706331
    outer loop
      vertex 2.14495 30.6484 1.2408
      vertex 1.74444 30.8796 1.70327
      vertex 2.38453 31.0069 1.2408
    endloop
  endfacet
  facet normal -0.506816 0.338697 -0.792731
    outer loop
      vertex 2.79618 30.691 0.842651
      vertex 2.14495 30.6484 1.2408
      vertex 2.38453 31.0069 1.2408
    endloop
  endfacet
  facet normal -0.820486 0.278543 -0.499215
    outer loop
      vertex 0.984309 30.076 2.22215
      vertex 0.856988 30.7161 2.78856
      vertex 1.15911 30.5909 2.22215
    endloop
  endfacet
  facet normal -0.777118 0.383229 -0.499223
    outer loop
      vertex 1.15911 30.5909 2.22215
      vertex 0.856988 30.7161 2.78856
      vertex 1.11643 31.2422 2.78856
    endloop
  endfacet
  facet normal 0.330284 0.376503 -0.865539
    outer loop
      vertex 31.5637 30.5637 0.515635
      vertex 31.3462 30.7545 0.515635
      vertex 31.691 31.2038 0.842651
    endloop
  endfacet
  facet normal 0.278256 0.416431 -0.865539
    outer loop
      vertex 31.3462 30.7545 0.515635
      vertex 31.1057 30.9152 0.515635
      vertex 31.691 31.2038 0.842651
    endloop
  endfacet
  facet normal -0.820517 0.278504 0.499187
    outer loop
      vertex 0.856988 30.7161 89.2114
      vertex 0.668437 30.1606 89.2114
      vertex 0.984309 30.076 89.7778
    endloop
  endfacet
  facet normal -0.86463 0.0566744 0.499203
    outer loop
      vertex 0.554 29.5853 89.2114
      vertex 0.515635 29 89.2114
      vertex 0.878218 29.5426 89.7778
    endloop
  endfacet
  facet normal -0.849841 0.169048 0.499192
    outer loop
      vertex 0.668437 30.1606 89.2114
      vertex 0.554 29.5853 89.2114
      vertex 0.984309 30.076 89.7778
    endloop
  endfacet
  facet normal -0.849837 0.169029 0.499206
    outer loop
      vertex 0.984309 30.076 89.7778
      vertex 0.554 29.5853 89.2114
      vertex 0.878218 29.5426 89.7778
    endloop
  endfacet
  facet normal -0.351043 0.71213 0.60798
    outer loop
      vertex 3.40905 32.8409 89.7778
      vertex 3.1204 32.2556 90.2967
      vertex 3.56142 32.473 90.2967
    endloop
  endfacet
  facet normal -0.313008 0.634972 0.706284
    outer loop
      vertex 3.56142 32.473 90.2967
      vertex 3.1204 32.2556 90.2967
      vertex 3.7384 32.0458 90.7592
    endloop
  endfacet
  facet normal -0.227527 0.670335 0.706316
    outer loop
      vertex 4.02705 32.6311 90.2967
      vertex 3.7384 32.0458 90.7592
      vertex 4.14674 32.1844 90.7592
    endloop
  endfacet
  facet normal -0.195911 0.57719 0.792762
    outer loop
      vertex 4.14674 32.1844 90.7592
      vertex 3.7384 32.0458 90.7592
      vertex 4.28104 31.6832 91.1573
    endloop
  endfacet
  facet normal -0.338662 0.506768 0.792776
    outer loop
      vertex 3.35163 31.8551 90.7592
      vertex 3.30895 31.2038 91.1573
      vertex 3.61107 31.4057 91.1573
    endloop
  endfacet
  facet normal -0.269541 0.546673 0.792777
    outer loop
      vertex 3.7384 32.0458 90.7592
      vertex 3.35163 31.8551 90.7592
      vertex 3.61107 31.4057 91.1573
    endloop
  endfacet
  facet normal 0 0.793402 0.608698
    outer loop
      vertex 30 33.1573 89.7778
      vertex 5 32.7592 90.2967
      vertex 30 32.7592 90.2967
    endloop
  endfacet
  facet normal 0 0.793402 0.608698
    outer loop
      vertex 5 32.7592 90.2967
      vertex 30 33.1573 89.7778
      vertex 5 33.1573 89.7778
    endloop
  endfacet
  facet normal -0.194976 0.171046 0.965778
    outer loop
      vertex 4.31025 29.6897 91.9039
      vertex 3.72492 29.9784 91.7346
      vertex 4.22612 29.5938 91.9039
    endloop
  endfacet
  facet normal -0.21566 0.144092 0.965779
    outer loop
      vertex 4.22612 29.5938 91.9039
      vertex 3.72492 29.9784 91.7346
      vertex 4.15523 29.4877 91.9039
    endloop
  endfacet
  facet normal -0.170989 0.194997 0.965784
    outer loop
      vertex 4.0216 30.2751 91.7346
      vertex 3.86354 30.1365 91.7346
      vertex 4.31025 29.6897 91.9039
    endloop
  endfacet
  facet normal -0.25271 0.288192 0.923625
    outer loop
      vertex 4.0216 30.2751 91.7346
      vertex 3.43627 30.5637 91.4844
      vertex 3.86354 30.1365 91.7346
    endloop
  endfacet
  facet normal -0.0506143 0.254393 0.965776
    outer loop
      vertex 4.87268 29.9671 91.9039
      vertex 4.58403 30.5524 91.7346
      vertex 4.74753 29.9422 91.9039
    endloop
  endfacet
  facet normal -0.0170756 0.258818 0.965775
    outer loop
      vertex 5 29.9755 91.9039
      vertex 4.79022 30.5934 91.7346
      vertex 4.87268 29.9671 91.9039
    endloop
  endfacet
  facet normal -0.114735 0.232617 0.965777
    outer loop
      vertex 4.38495 30.4849 91.7346
      vertex 4.1964 30.3919 91.7346
      vertex 4.51227 29.8448 91.9039
    endloop
  endfacet
  facet normal -0.144103 0.215661 0.965777
    outer loop
      vertex 4.1964 30.3919 91.7346
      vertex 4.0216 30.2751 91.7346
      vertex 4.51227 29.8448 91.9039
    endloop
  endfacet
  facet normal 0.0255722 -0.12832 0.991403
    outer loop
      vertex 30.0846 4.68413 91.9893
      vertex 30.0427 4.67578 91.9893
      vertex 30.2525 4.05779 91.9039
    endloop
  endfacet
  facet normal -0.694289 -0.138101 0.706322
    outer loop
      vertex 1.73147 4.56969 90.7592
      vertex 1.27296 4.50933 90.2967
      vertex 1.36889 4.02705 90.2967
    endloop
  endfacet
  facet normal -0.77874 -0.154899 0.607923
    outer loop
      vertex 1.27296 4.50933 90.2967
      vertex 0.878218 4.45736 89.7778
      vertex 1.36889 4.02705 90.2967
    endloop
  endfacet
  facet normal -0.634889 -0.313086 0.706323
    outer loop
      vertex 1.95422 3.7384 90.7592
      vertex 1.74444 3.1204 90.2967
      vertex 2.14495 3.35163 90.7592
    endloop
  endfacet
  facet normal -0.712111 -0.351179 0.607924
    outer loop
      vertex 1.52695 3.56142 90.2967
      vertex 1.15911 3.40905 89.7778
      vertex 1.74444 3.1204 90.2967
    endloop
  endfacet
  facet normal -0.866437 -0.427282 -0.258295
    outer loop
      vertex 0.753075 2.54804 4.02455
      vertex 0.469362 3.12335 4.02455
      vertex 0.899672 2.63267 3.3928
    endloop
  endfacet
  facet normal -0.889231 -0.438522 -0.130257
    outer loop
      vertex 0.679144 2.50535 4.67298
      vertex 0.469362 3.12335 4.02455
      vertex 0.753075 2.54804 4.02455
    endloop
  endfacet
  facet normal -0.947502 -0.188471 -0.258301
    outer loop
      vertex 0.426679 3.77458 3.3928
      vertex 0.26317 3.73077 4.02455
      vertex 0.305855 4.382 3.3928
    endloop
  endfacet
  facet normal -0.90641 -0.180297 -0.381986
    outer loop
      vertex 0.426679 3.77458 3.3928
      vertex 0.305855 4.382 3.3928
      vertex 0.554 4.41467 2.78856
    endloop
  endfacet
  facet normal -0.597822 -0.118917 0.79276
    outer loop
      vertex 2.24591 4.63742 91.1573
      vertex 1.73147 4.56969 90.7592
      vertex 2.3168 4.28104 91.1573
    endloop
  endfacet
  facet normal -0.491271 -0.0977221 0.865508
    outer loop
      vertex 2.80748 4.71135 91.4844
      vertex 2.24591 4.63742 91.1573
      vertex 2.3168 4.28104 91.1573
    endloop
  endfacet
  facet normal -0.577189 -0.19593 0.792757
    outer loop
      vertex 2.3168 4.28104 91.1573
      vertex 1.95422 3.7384 90.7592
      vertex 2.4336 3.93696 91.1573
    endloop
  endfacet
  facet normal -0.546679 -0.26959 0.792757
    outer loop
      vertex 2.4336 3.93696 91.1573
      vertex 1.95422 3.7384 90.7592
      vertex 2.59431 3.61107 91.1573
    endloop
  endfacet
  facet normal -0.458276 -0.401896 0.792756
    outer loop
      vertex 2.79618 3.30895 91.1573
      vertex 2.38453 2.99308 90.7592
      vertex 3.03576 3.03576 91.1573
    endloop
  endfacet
  facet normal -0.376599 -0.330266 0.865504
    outer loop
      vertex 3.43627 3.43627 91.4844
      vertex 2.79618 3.30895 91.1573
      vertex 3.03576 3.03576 91.1573
    endloop
  endfacet
  facet normal -0.54667 0.269561 0.792773
    outer loop
      vertex 2.14495 30.6484 90.7592
      vertex 1.95422 30.2616 90.7592
      vertex 2.59431 30.3889 91.1573
    endloop
  endfacet
  facet normal -0.343723 0.169529 0.923642
    outer loop
      vertex 3.08483 30.1057 91.4844
      vertex 2.95689 29.8463 91.4844
      vertex 3.51514 29.615 91.7346
    endloop
  endfacet
  facet normal -0.491275 0.0977175 0.865506
    outer loop
      vertex 2.3168 29.719 91.1573
      vertex 2.24591 29.3626 91.1573
      vertex 2.80748 29.2887 91.4844
    endloop
  endfacet
  facet normal -0.449249 0.221576 0.865494
    outer loop
      vertex 3.08483 30.1057 91.4844
      vertex 2.4336 30.063 91.1573
      vertex 2.95689 29.8463 91.4844
    endloop
  endfacet
  facet normal -0.712126 0.351129 0.607936
    outer loop
      vertex 1.39963 31.0787 89.7778
      vertex 1.15911 30.5909 89.7778
      vertex 1.74444 30.8796 90.2967
    endloop
  endfacet
  facet normal -0.634869 0.313101 0.706334
    outer loop
      vertex 1.74444 30.8796 90.2967
      vertex 1.52695 30.4386 90.2967
      vertex 1.95422 30.2616 90.7592
    endloop
  endfacet
  facet normal -0.499825 0.0327519 0.865507
    outer loop
      vertex 2.24591 29.3626 91.1573
      vertex 2.22215 29 91.1573
      vertex 2.80748 29.2887 91.4844
    endloop
  endfacet
  facet normal -0.597827 0.118911 0.792757
    outer loop
      vertex 2.3168 29.719 91.1573
      vertex 1.73147 29.4303 90.7592
      vertex 2.24591 29.3626 91.1573
    endloop
  endfacet
  facet normal 0.221576 -0.449249 0.865494
    outer loop
      vertex 31.1057 3.08483 91.4844
      vertex 30.8463 2.95689 91.4844
      vertex 31.063 2.4336 91.1573
    endloop
  endfacet
  facet normal 0.330257 -0.37661 0.865503
    outer loop
      vertex 31.5637 3.43627 91.4844
      vertex 31.3462 3.24554 91.4844
      vertex 31.691 2.79618 91.1573
    endloop
  endfacet
  facet normal 0.0169563 -0.258817 0.965778
    outer loop
      vertex 30.1273 4.03289 91.9039
      vertex 30 4.02455 91.9039
      vertex 30.2098 3.40655 91.7346
    endloop
  endfacet
  facet normal 0.215646 -0.144116 0.965778
    outer loop
      vertex 30.8448 4.51227 91.9039
      vertex 30.7739 4.40618 91.9039
      vertex 31.2751 4.0216 91.7346
    endloop
  endfacet
  facet normal 0.0977182 -0.491275 0.865506
    outer loop
      vertex 30.5724 2.86391 91.4844
      vertex 30.2887 2.80748 91.4844
      vertex 30.719 2.3168 91.1573
    endloop
  endfacet
  facet normal 0.195967 -0.577164 0.792766
    outer loop
      vertex 31.063 2.4336 91.1573
      vertex 30.719 2.3168 91.1573
      vertex 31.2616 1.95422 90.7592
    endloop
  endfacet
  facet normal -0.0747677 -0.375905 0.923637
    outer loop
      vertex 4.58403 3.44757 91.7346
      vertex 4.42764 2.86391 91.4844
      vertex 4.71135 2.80748 91.4844
    endloop
  endfacet
  facet normal -0.0420575 -0.123906 0.991402
    outer loop
      vertex 4.91536 4.68413 91.9893
      vertex 4.62671 4.0988 91.9039
      vertex 4.74753 4.05779 91.9039
    endloop
  endfacet
  facet normal -0.016964 -0.258815 0.965778
    outer loop
      vertex 5 4.02455 91.9039
      vertex 4.79022 3.40655 91.7346
      vertex 5 3.3928 91.7346
    endloop
  endfacet
  facet normal -0.0833672 -0.245609 0.965777
    outer loop
      vertex 4.62671 4.0988 91.9039
      vertex 4.58403 3.44757 91.7346
      vertex 4.74753 4.05779 91.9039
    endloop
  endfacet
  facet normal 0.499798 -0.0328071 0.865521
    outer loop
      vertex 32.7779 5 91.1573
      vertex 32.1925 4.71135 91.4844
      vertex 32.7541 4.63742 91.1573
    endloop
  endfacet
  facet normal 0.608288 -0.0398636 0.792715
    outer loop
      vertex 33.2967 5 90.7592
      vertex 32.7779 5 91.1573
      vertex 33.2685 4.56969 90.7592
    endloop
  endfacet
  facet normal 0.712129 -0.351158 0.607915
    outer loop
      vertex 33.8409 3.40905 89.7778
      vertex 33.2556 3.1204 90.2967
      vertex 33.6004 2.92133 89.7778
    endloop
  endfacet
  facet normal 0.634972 -0.313008 0.706284
    outer loop
      vertex 33.473 3.56142 90.2967
      vertex 33.0458 3.7384 90.7592
      vertex 33.2556 3.1204 90.2967
    endloop
  endfacet
  facet normal 0.706347 -0.0463537 0.706347
    outer loop
      vertex 33.7592 5 90.2967
      vertex 33.2967 5 90.7592
      vertex 33.727 4.50933 90.2967
    endloop
  endfacet
  facet normal 0.694303 -0.13806 0.706316
    outer loop
      vertex 33.727 4.50933 90.2967
      vertex 33.2685 4.56969 90.7592
      vertex 33.6311 4.02705 90.2967
    endloop
  endfacet
  facet normal 0.117365 -0.0578417 0.991403
    outer loop
      vertex 30.9012 4.62671 91.9039
      vertex 30.2832 4.83649 91.9893
      vertex 30.8448 4.51227 91.9039
    endloop
  endfacet
  facet normal 0.254393 -0.0506143 0.965776
    outer loop
      vertex 30.9671 4.87268 91.9039
      vertex 30.9422 4.74753 91.9039
      vertex 31.5524 4.58403 91.7346
    endloop
  endfacet
  facet normal 0.254405 -0.0505874 0.965774
    outer loop
      vertex 31.5934 4.79022 91.7346
      vertex 30.9671 4.87268 91.9039
      vertex 31.5524 4.58403 91.7346
    endloop
  endfacet
  facet normal 0.597831 -0.118874 0.792759
    outer loop
      vertex 33.2685 4.56969 90.7592
      vertex 32.6832 4.28104 91.1573
      vertex 33.1844 4.14674 90.7592
    endloop
  endfacet
  facet normal 0.597848 -0.118939 0.792737
    outer loop
      vertex 32.7541 4.63742 91.1573
      vertex 32.6832 4.28104 91.1573
      vertex 33.2685 4.56969 90.7592
    endloop
  endfacet
  facet normal 0.500036 0 0.866005
    outer loop
      vertex 32.2114 29 91.4844
      vertex 32.7779 5 91.1573
      vertex 32.7779 29 91.1573
    endloop
  endfacet
  facet normal 0.500036 0 0.866005
    outer loop
      vertex 32.7779 5 91.1573
      vertex 32.2114 29 91.4844
      vertex 32.2114 5 91.4844
    endloop
  endfacet
  facet normal 0.499768 0.0327177 0.865541
    outer loop
      vertex 32.7779 29 91.1573
      vertex 32.1925 29.2887 91.4844
      vertex 32.2114 29 91.4844
    endloop
  endfacet
  facet normal 0.117374 -0.0578154 0.991403
    outer loop
      vertex 30.3021 4.87486 91.9893
      vertex 30.2832 4.83649 91.9893
      vertex 30.9012 4.62671 91.9039
    endloop
  endfacet
  facet normal 0 -0.258816 -0.965927
    outer loop
      vertex 5 3.3928 0.265348
      vertex 30 4.02455 0.0960732
      vertex 30 3.3928 0.265348
    endloop
  endfacet
  facet normal -0 -0.258816 -0.965927
    outer loop
      vertex 30 4.02455 0.0960732
      vertex 5 3.3928 0.265348
      vertex 5 4.02455 0.0960732
    endloop
  endfacet
  facet normal -0.212985 -0.318776 -0.92359
    outer loop
      vertex 4.1964 3.60813 0.265348
      vertex 3.89428 3.08483 0.515635
      vertex 4.0216 3.72492 0.265348
    endloop
  endfacet
  facet normal -0.0420501 -0.123857 -0.991409
    outer loop
      vertex 4.91536 4.68413 0.010705
      vertex 4.62671 4.0988 0.0960732
      vertex 4.87486 4.69788 0.010705
    endloop
  endfacet
  facet normal -0.227547 -0.670297 -0.706345
    outer loop
      vertex 4.02705 1.36889 1.70327
      vertex 3.7384 1.95422 1.2408
      vertex 4.14674 1.8156 1.2408
    endloop
  endfacet
  facet normal -0.138098 -0.694265 -0.706346
    outer loop
      vertex 4.56969 1.73147 1.2408
      vertex 4.02705 1.36889 1.70327
      vertex 4.14674 1.8156 1.2408
    endloop
  endfacet
  facet normal -0.114691 -0.232594 -0.965788
    outer loop
      vertex 4.62671 4.0988 0.0960732
      vertex 4.38495 3.51514 0.265348
      vertex 4.51227 4.15523 0.0960732
    endloop
  endfacet
  facet normal -0.0747899 -0.376017 -0.92359
    outer loop
      vertex 4.71135 2.80748 0.515635
      vertex 4.42764 2.86391 0.515635
      vertex 4.58403 3.44757 0.265348
    endloop
  endfacet
  facet normal -0.25278 -0.288246 -0.923589
    outer loop
      vertex 3.65376 3.24554 0.515635
      vertex 3.43627 3.43627 0.515635
      vertex 4.0216 3.72492 0.265348
    endloop
  endfacet
  facet normal -0.160973 -0.474229 -0.86556
    outer loop
      vertex 4.42764 2.86391 0.515635
      vertex 3.93696 2.4336 0.842651
      vertex 4.15372 2.95689 0.515635
    endloop
  endfacet
  facet normal -0.123231 -0.363041 -0.923588
    outer loop
      vertex 4.42764 2.86391 0.515635
      vertex 4.15372 2.95689 0.515635
      vertex 4.38495 3.51514 0.265348
    endloop
  endfacet
  facet normal -0.221498 -0.449159 -0.865561
    outer loop
      vertex 3.93696 2.4336 0.842651
      vertex 3.89428 3.08483 0.515635
      vertex 4.15372 2.95689 0.515635
    endloop
  endfacet
  facet normal -0.318773 -0.212997 -0.923589
    outer loop
      vertex 3.24554 3.65376 0.515635
      vertex 3.08483 3.89428 0.515635
      vertex 3.72492 4.0216 0.265348
    endloop
  endfacet
  facet normal -0.458312 -0.401927 -0.79272
    outer loop
      vertex 3.03576 3.03576 0.842651
      vertex 2.38453 2.99308 1.2408
      vertex 2.79618 3.30895 0.842651
    endloop
  endfacet
  facet normal -0.330199 -0.376527 -0.865561
    outer loop
      vertex 3.65376 3.24554 0.515635
      vertex 3.30895 2.79618 0.842651
      vertex 3.43627 3.43627 0.515635
    endloop
  endfacet
  facet normal -0.376526 -0.330203 -0.86556
    outer loop
      vertex 3.03576 3.03576 0.842651
      vertex 2.79618 3.30895 0.842651
      vertex 3.43627 3.43627 0.515635
    endloop
  endfacet
  facet normal -0.338666 -0.50685 -0.792722
    outer loop
      vertex 3.35163 2.14495 1.2408
      vertex 3.30895 2.79618 0.842651
      vertex 3.61107 2.59431 0.842651
    endloop
  endfacet
  facet normal -0.338672 -0.506849 -0.79272
    outer loop
      vertex 3.35163 2.14495 1.2408
      vertex 2.99308 2.38453 1.2408
      vertex 3.30895 2.79618 0.842651
    endloop
  endfacet
  facet normal -0.491181 -0.0976961 -0.865561
    outer loop
      vertex 2.86391 4.42764 0.515635
      vertex 2.3168 4.28104 0.842651
      vertex 2.80748 4.71135 0.515635
    endloop
  endfacet
  facet normal -0.376017 -0.0747899 -0.92359
    outer loop
      vertex 2.86391 4.42764 0.515635
      vertex 2.80748 4.71135 0.515635
      vertex 3.44757 4.58403 0.265348
    endloop
  endfacet
  facet normal 0.042047 -0.123855 -0.991409
    outer loop
      vertex 30.2525 4.05779 0.0960732
      vertex 30.0846 4.68413 0.010705
      vertex 30.3733 4.0988 0.0960732
    endloop
  endfacet
  facet normal 0.0420491 -0.123854 -0.991409
    outer loop
      vertex 30.3733 4.0988 0.0960732
      vertex 30.0846 4.68413 0.010705
      vertex 30.1251 4.69788 0.010705
    endloop
  endfacet
  facet normal 0.0505866 -0.254355 -0.965787
    outer loop
      vertex 30.416 3.44757 0.265348
      vertex 30.1273 4.03289 0.0960732
      vertex 30.2525 4.05779 0.0960732
    endloop
  endfacet
  facet normal 0.0505985 -0.254349 -0.965788
    outer loop
      vertex 30.2098 3.40655 0.265348
      vertex 30.1273 4.03289 0.0960732
      vertex 30.416 3.44757 0.265348
    endloop
  endfacet
  facet normal 0.25437 -0.0505804 -0.965783
    outer loop
      vertex 31.5524 4.58403 0.265348
      vertex 30.9671 4.87268 0.0960732
      vertex 31.5934 4.79022 0.265348
    endloop
  endfacet
  facet normal 0.130512 -0.00861058 -0.991409
    outer loop
      vertex 30.9671 4.87268 0.0960732
      vertex 30.3242 4.95732 0.010705
      vertex 30.9755 5 0.0960732
    endloop
  endfacet
  facet normal 0.194912 -0.171079 -0.965785
    outer loop
      vertex 31.2751 4.0216 0.265348
      vertex 30.6897 4.31025 0.0960732
      vertex 30.7739 4.40618 0.0960732
    endloop
  endfacet
  facet normal 0.144072 -0.21563 -0.965788
    outer loop
      vertex 30.9784 3.72492 0.265348
      vertex 30.4877 4.15523 0.0960732
      vertex 30.5938 4.22612 0.0960732
    endloop
  endfacet
  facet normal 0.12387 -0.0420351 -0.991408
    outer loop
      vertex 30.9012 4.62671 0.0960732
      vertex 30.3159 4.91536 0.010705
      vertex 30.9422 4.74753 0.0960732
    endloop
  endfacet
  facet normal 0.6083 -0.0399292 -0.792703
    outer loop
      vertex 33.2685 4.56969 1.2408
      vertex 32.7541 4.63742 0.842651
      vertex 32.7779 5 0.842651
    endloop
  endfacet
  facet normal 0.597894 -0.118948 -0.792701
    outer loop
      vertex 33.2685 4.56969 1.2408
      vertex 32.6832 4.28104 0.842651
      vertex 32.7541 4.63742 0.842651
    endloop
  endfacet
  facet normal 0.232603 -0.114635 -0.965792
    outer loop
      vertex 31.4849 4.38495 0.265348
      vertex 30.8448 4.51227 0.0960732
      vertex 30.9012 4.62671 0.0960732
    endloop
  endfacet
  facet normal 0.376009 -0.0747677 -0.923595
    outer loop
      vertex 32.1925 4.71135 0.515635
      vertex 31.5524 4.58403 0.265348
      vertex 31.5934 4.79022 0.265348
    endloop
  endfacet
  facet normal 0.376006 0.0747636 -0.923596
    outer loop
      vertex 31.5934 29.2098 0.265348
      vertex 31.5524 29.416 0.265348
      vertex 32.1925 29.2887 0.515635
    endloop
  endfacet
  facet normal 0.382539 0.0251622 -0.923597
    outer loop
      vertex 31.6072 29 0.265348
      vertex 31.5934 29.2098 0.265348
      vertex 32.1925 29.2887 0.515635
    endloop
  endfacet
  facet normal 0.670315 0.227613 -0.706307
    outer loop
      vertex 33.6311 29.973 1.70327
      vertex 33.0458 30.2616 1.2408
      vertex 33.473 30.4386 1.70327
    endloop
  endfacet
  facet normal 0.63494 0.313007 -0.706313
    outer loop
      vertex 33.473 30.4386 1.70327
      vertex 33.0458 30.2616 1.2408
      vertex 33.2556 30.8796 1.70327
    endloop
  endfacet
  facet normal 0.546705 0.269678 -0.792709
    outer loop
      vertex 33.0458 30.2616 1.2408
      vertex 32.4057 30.3889 0.842651
      vertex 32.855 30.6484 1.2408
    endloop
  endfacet
  facet normal 0.376525 0.330217 -0.865555
    outer loop
      vertex 32.2038 30.691 0.842651
      vertex 31.5637 30.5637 0.515635
      vertex 31.9642 30.9642 0.842651
    endloop
  endfacet
  facet normal 0.577196 0.195978 -0.792741
    outer loop
      vertex 32.6832 29.719 0.842651
      vertex 32.5664 30.063 0.842651
      vertex 33.0458 30.2616 1.2408
    endloop
  endfacet
  facet normal 0.474221 0.161015 -0.865557
    outer loop
      vertex 32.6832 29.719 0.842651
      vertex 32.1361 29.5724 0.515635
      vertex 32.5664 30.063 0.842651
    endloop
  endfacet
  facet normal 0.458271 0.40191 -0.792752
    outer loop
      vertex 32.2038 30.691 0.842651
      vertex 31.9642 30.9642 0.842651
      vertex 32.6155 31.0069 1.2408
    endloop
  endfacet
  facet normal 0.506845 0.338604 -0.792752
    outer loop
      vertex 32.855 30.6484 1.2408
      vertex 32.2038 30.691 0.842651
      vertex 32.6155 31.0069 1.2408
    endloop
  endfacet
  facet normal 0.571202 0.651504 -0.49927
    outer loop
      vertex 32.9397 31.9397 2.22215
      vertex 32.5308 32.2982 2.22215
      vertex 32.7299 32.5577 2.78856
    endloop
  endfacet
  facet normal 0.660251 0.441136 -0.607838
    outer loop
      vertex 33.2556 30.8796 1.70327
      vertex 32.9824 31.2885 1.70327
      vertex 33.2982 31.5308 2.22215
    endloop
  endfacet
  facet normal 0.351061 0.712134 -0.607965
    outer loop
      vertex 31.8796 32.2556 1.70327
      vertex 31.4386 32.473 1.70327
      vertex 31.5909 32.8409 2.22215
    endloop
  endfacet
  facet normal 0.481499 0.720336 -0.499274
    outer loop
      vertex 32.5308 32.2982 2.22215
      vertex 32.0787 32.6004 2.22215
      vertex 32.7299 32.5577 2.78856
    endloop
  endfacet
  facet normal 0.41644 -0.278238 -0.865541
    outer loop
      vertex 32.2038 3.30895 0.842651
      vertex 31.7545 3.65376 0.515635
      vertex 31.9152 3.89428 0.515635
    endloop
  endfacet
  facet normal 0.376493 -0.33029 -0.865541
    outer loop
      vertex 32.2038 3.30895 0.842651
      vertex 31.5637 3.43627 0.515635
      vertex 31.7545 3.65376 0.515635
    endloop
  endfacet
  facet normal 0.34383 -0.16959 -0.923591
    outer loop
      vertex 31.9152 3.89428 0.515635
      vertex 31.3919 4.1964 0.265348
      vertex 31.4849 4.38495 0.265348
    endloop
  endfacet
  facet normal 0.318768 -0.212998 -0.92359
    outer loop
      vertex 31.9152 3.89428 0.515635
      vertex 31.2751 4.0216 0.265348
      vertex 31.3919 4.1964 0.265348
    endloop
  endfacet
  facet normal -0.376017 0.0748022 -0.923589
    outer loop
      vertex 3.40655 29.2098 0.265348
      vertex 2.80748 29.2887 0.515635
      vertex 3.44757 29.416 0.265348
    endloop
  endfacet
  facet normal -0.254349 0.0505985 -0.965788
    outer loop
      vertex 4.03289 29.1273 0.0960732
      vertex 3.40655 29.2098 0.265348
      vertex 3.44757 29.416 0.265348
    endloop
  endfacet
  facet normal -0.288289 0.252768 -0.923579
    outer loop
      vertex 3.72492 29.9784 0.265348
      vertex 3.43627 30.5637 0.515635
      vertex 3.86354 30.1365 0.265348
    endloop
  endfacet
  facet normal -0.232589 0.114729 -0.965784
    outer loop
      vertex 4.0988 29.3733 0.0960732
      vertex 3.51514 29.615 0.265348
      vertex 4.15523 29.4877 0.0960732
    endloop
  endfacet
  facet normal -0.0578465 -0.117313 -0.991409
    outer loop
      vertex 4.87486 4.69788 0.010705
      vertex 4.62671 4.0988 0.0960732
      vertex 4.83649 4.7168 0.010705
    endloop
  endfacet
  facet normal -0.215627 -0.144083 -0.965787
    outer loop
      vertex 4.22612 4.40618 0.0960732
      vertex 3.72492 4.0216 0.265348
      vertex 4.15523 4.51227 0.0960732
    endloop
  endfacet
  facet normal -0.108757 -0.0726676 -0.991409
    outer loop
      vertex 4.74056 4.80093 0.010705
      vertex 4.15523 4.51227 0.0960732
      vertex 4.7168 4.83649 0.010705
    endloop
  endfacet
  facet normal -0.108755 -0.0726708 -0.991409
    outer loop
      vertex 4.22612 4.40618 0.0960732
      vertex 4.15523 4.51227 0.0960732
      vertex 4.74056 4.80093 0.010705
    endloop
  endfacet
  facet normal -0.258782 -0.0169513 -0.965787
    outer loop
      vertex 4.03289 4.87268 0.0960732
      vertex 3.40655 4.79022 0.265348
      vertex 4.02455 5 0.0960732
    endloop
  endfacet
  facet normal -0.254352 -0.0506015 -0.965787
    outer loop
      vertex 3.44757 4.58403 0.265348
      vertex 3.40655 4.79022 0.265348
      vertex 4.03289 4.87268 0.0960732
    endloop
  endfacet
  facet normal -0.499999 0 -0.866026
    outer loop
      vertex 2.22215 5 0.842651
      vertex 2.78856 29 0.515635
      vertex 2.78856 5 0.515635
    endloop
  endfacet
  facet normal -0.499999 0 -0.866026
    outer loop
      vertex 2.78856 29 0.515635
      vertex 2.22215 5 0.842651
      vertex 2.22215 29 0.842651
    endloop
  endfacet
  facet normal 0.532106 -0.466754 -0.706402
    outer loop
      vertex 32.6582 2.34184 1.70327
      vertex 32.3311 2.66886 1.2408
      vertex 32.6155 2.99308 1.2408
    endloop
  endfacet
  facet normal 0.46671 -0.532155 -0.706394
    outer loop
      vertex 32.6582 2.34184 1.70327
      vertex 32.0069 2.38453 1.2408
      vertex 32.3311 2.66886 1.2408
    endloop
  endfacet
  facet normal 0.449178 -0.221438 -0.865566
    outer loop
      vertex 32.5664 3.93696 0.842651
      vertex 31.9152 3.89428 0.515635
      vertex 32.0431 4.15372 0.515635
    endloop
  endfacet
  facet normal 0.474231 -0.16098 -0.865558
    outer loop
      vertex 32.5664 3.93696 0.842651
      vertex 32.1361 4.42764 0.515635
      vertex 32.6832 4.28104 0.842651
    endloop
  endfacet
  facet normal 0.546714 -0.269703 -0.792694
    outer loop
      vertex 32.855 3.35163 1.2408
      vertex 32.4057 3.61107 0.842651
      vertex 33.0458 3.7384 1.2408
    endloop
  endfacet
  facet normal 0.634765 -0.31314 -0.706411
    outer loop
      vertex 33.2556 3.1204 1.70327
      vertex 32.855 3.35163 1.2408
      vertex 33.0458 3.7384 1.2408
    endloop
  endfacet
  facet normal 0.875138 -0.29711 -0.381914
    outer loop
      vertex 34.3742 3.18813 3.3928
      vertex 34.3316 3.83936 2.78856
      vertex 34.5733 3.77458 3.3928
    endloop
  endfacet
  facet normal 0.777166 -0.383199 -0.499171
    outer loop
      vertex 33.8836 2.75782 2.78856
      vertex 33.8409 3.40905 2.22215
      vertex 34.143 3.28391 2.78856
    endloop
  endfacet
  facet normal 0.670324 -0.227602 -0.706302
    outer loop
      vertex 33.473 3.56142 1.70327
      vertex 33.0458 3.7384 1.2408
      vertex 33.6311 4.02705 1.70327
    endloop
  endfacet
  facet normal 0.751787 -0.255262 -0.607995
    outer loop
      vertex 33.8409 3.40905 2.22215
      vertex 33.473 3.56142 1.70327
      vertex 33.6311 4.02705 1.70327
    endloop
  endfacet
  facet normal 0.875115 -0.29714 -0.381945
    outer loop
      vertex 34.3742 3.18813 3.3928
      vertex 34.143 3.28391 2.78856
      vertex 34.3316 3.83936 2.78856
    endloop
  endfacet
  facet normal 0.849834 -0.168989 -0.499224
    outer loop
      vertex 34.3316 3.83936 2.78856
      vertex 34.0157 3.924 2.22215
      vertex 34.446 4.41467 2.78856
    endloop
  endfacet
  facet normal 0.720452 -0.481404 0.499199
    outer loop
      vertex 33.6004 2.92133 89.7778
      vertex 33.5577 2.27009 89.2114
      vertex 33.8836 2.75782 89.2114
    endloop
  endfacet
  facet normal 0.596988 -0.523515 0.607896
    outer loop
      vertex 32.9824 2.71154 90.2967
      vertex 32.6582 2.34184 90.2967
      vertex 32.9397 2.06031 89.7778
    endloop
  endfacet
  facet normal 0.820517 -0.278525 0.499175
    outer loop
      vertex 34.0157 3.924 89.7778
      vertex 33.8409 3.40905 89.7778
      vertex 34.143 3.28391 89.2114
    endloop
  endfacet
  facet normal 0.77714 -0.383216 0.499198
    outer loop
      vertex 33.8409 3.40905 89.7778
      vertex 33.6004 2.92133 89.7778
      vertex 33.8836 2.75782 89.2114
    endloop
  endfacet
  facet normal 0.84983 -0.168988 0.499231
    outer loop
      vertex 34.446 4.41467 89.2114
      vertex 34.0157 3.924 89.7778
      vertex 34.3316 3.83936 89.2114
    endloop
  endfacet
  facet normal 0.820464 -0.278584 0.49923
    outer loop
      vertex 34.3316 3.83936 89.2114
      vertex 34.0157 3.924 89.7778
      vertex 34.143 3.28391 89.2114
    endloop
  endfacet
  facet normal 0.588558 0.393236 -0.706375
    outer loop
      vertex 33.2556 30.8796 1.70327
      vertex 32.6155 31.0069 1.2408
      vertex 32.9824 31.2885 1.70327
    endloop
  endfacet
  facet normal 0.523517 0.59699 -0.607892
    outer loop
      vertex 32.6582 31.6582 1.70327
      vertex 32.2885 31.9824 1.70327
      vertex 32.9397 31.9397 2.22215
    endloop
  endfacet
  facet normal 0.824341 0.550901 -0.130268
    outer loop
      vertex 34.2469 31.452 4.02455
      vertex 33.8905 31.9853 4.02455
      vertex 34.3209 31.4946 4.67298
    endloop
  endfacet
  facet normal 0.889232 0.43851 -0.13029
    outer loop
      vertex 34.5306 30.8767 4.02455
      vertex 34.2469 31.452 4.02455
      vertex 34.3209 31.4946 4.67298
    endloop
  endfacet
  facet normal 0.636963 0.726354 0.258241
    outer loop
      vertex 32.9853 32.8905 87.9754
      vertex 32.8823 32.7562 88.6072
      vertex 33.3479 32.3479 88.6072
    endloop
  endfacet
  facet normal 0.609332 0.694845 0.381974
    outer loop
      vertex 32.8823 32.7562 88.6072
      vertex 32.7299 32.5577 89.2114
      vertex 33.3479 32.3479 88.6072
    endloop
  endfacet
  facet normal 0.255241 0.751851 0.607924
    outer loop
      vertex 31.076 33.0157 89.7778
      vertex 30.973 32.6311 90.2967
      vertex 31.5909 32.8409 89.7778
    endloop
  endfacet
  facet normal 0.441236 0.660102 0.607927
    outer loop
      vertex 32.0787 32.6004 89.7778
      vertex 31.8796 32.2556 90.2967
      vertex 32.5308 32.2982 89.7778
    endloop
  endfacet
  facet normal 0.778718 0.154839 0.607967
    outer loop
      vertex 34.1218 29.5426 89.7778
      vertex 33.6311 29.973 90.2967
      vertex 33.727 29.4907 90.2967
    endloop
  endfacet
  facet normal 0.792265 0.0518345 0.607972
    outer loop
      vertex 34.1218 29.5426 89.7778
      vertex 33.727 29.4907 90.2967
      vertex 34.1573 29 89.7778
    endloop
  endfacet
  facet normal 0.254398 0.0505951 0.965775
    outer loop
      vertex 31.5524 29.416 91.7346
      vertex 30.9422 29.2525 91.9039
      vertex 30.9671 29.1273 91.9039
    endloop
  endfacet
  facet normal 0.254403 0.0505844 0.965775
    outer loop
      vertex 31.5524 29.416 91.7346
      vertex 30.9671 29.1273 91.9039
      vertex 31.5934 29.2098 91.7346
    endloop
  endfacet
  facet normal 0.47431 0.161047 0.865502
    outer loop
      vertex 32.5664 30.063 91.1573
      vertex 32.0431 29.8463 91.4844
      vertex 32.1361 29.5724 91.4844
    endloop
  endfacet
  facet normal 0.343763 0.169496 0.923633
    outer loop
      vertex 31.9152 30.1057 91.4844
      vertex 31.4849 29.615 91.7346
      vertex 32.0431 29.8463 91.4844
    endloop
  endfacet
  facet normal -0.0605022 0.922233 -0.381872
    outer loop
      vertex 5 33.4844 2.78856
      vertex 4.41467 33.446 2.78856
      vertex 5 33.7346 3.3928
    endloop
  endfacet
  facet normal -0.0327171 0.499672 -0.865597
    outer loop
      vertex 5 31.2114 0.515635
      vertex 4.71135 31.1925 0.515635
      vertex 5 31.7779 0.842651
    endloop
  endfacet
  facet normal -0.0977128 0.491155 -0.865574
    outer loop
      vertex 4.71135 31.1925 0.515635
      vertex 4.28104 31.6832 0.842651
      vertex 4.63742 31.7541 0.842651
    endloop
  endfacet
  facet normal -0.523488 0.597025 -0.607883
    outer loop
      vertex 2.71154 31.9824 1.70327
      vertex 2.06031 31.9397 2.22215
      vertex 2.46917 32.2982 2.22215
    endloop
  endfacet
  facet normal -0.694802 0.609362 -0.382006
    outer loop
      vertex 1.82908 32.1709 2.78856
      vertex 1.44231 31.7299 2.78856
      vertex 1.6521 32.3479 3.3928
    endloop
  endfacet
  facet normal -0.712116 0.351124 -0.60795
    outer loop
      vertex 1.74444 30.8796 1.70327
      vertex 1.15911 30.5909 2.22215
      vertex 1.39963 31.0787 2.22215
    endloop
  endfacet
  facet normal -0.777159 0.383194 -0.499186
    outer loop
      vertex 1.15911 30.5909 2.22215
      vertex 1.11643 31.2422 2.78856
      vertex 1.39963 31.0787 2.22215
    endloop
  endfacet
  facet normal 0.768428 0.513493 -0.381895
    outer loop
      vertex 33.8836 31.2422 2.78856
      vertex 33.5577 31.7299 2.78856
      vertex 34.1003 31.3673 3.3928
    endloop
  endfacet
  facet normal 0.720445 0.481429 -0.499185
    outer loop
      vertex 33.6004 31.0787 2.22215
      vertex 33.5577 31.7299 2.78856
      vertex 33.8836 31.2422 2.78856
    endloop
  endfacet
  facet normal -0.0250508 0.382588 -0.923579
    outer loop
      vertex 5 30.6072 0.265348
      vertex 4.71135 31.1925 0.515635
      vertex 5 31.2114 0.515635
    endloop
  endfacet
  facet normal 0 0.382708 -0.923869
    outer loop
      vertex 5 30.6072 0.265348
      vertex 30 31.2114 0.515635
      vertex 30 30.6072 0.265348
    endloop
  endfacet
  facet normal 0 0.382708 -0.923869
    outer loop
      vertex 30 31.2114 0.515635
      vertex 5 30.6072 0.265348
      vertex 5 31.2114 0.515635
    endloop
  endfacet
  facet normal 0.114693 0.232593 -0.965788
    outer loop
      vertex 30.8036 30.3919 0.265348
      vertex 30.4877 29.8448 0.0960732
      vertex 30.615 30.4849 0.265348
    endloop
  endfacet
  facet normal 0.114672 0.232598 -0.965789
    outer loop
      vertex 30.4877 29.8448 0.0960732
      vertex 30.3733 29.9012 0.0960732
      vertex 30.615 30.4849 0.265348
    endloop
  endfacet
  facet normal -0.0506072 0.254357 -0.965785
    outer loop
      vertex 4.74753 29.9422 0.0960732
      vertex 4.58403 30.5524 0.265348
      vertex 4.87268 29.9671 0.0960732
    endloop
  endfacet
  facet normal -0.0255238 0.128285 -0.991409
    outer loop
      vertex 4.95732 29.3242 0.010705
      vertex 4.74753 29.9422 0.0960732
      vertex 4.87268 29.9671 0.0960732
    endloop
  endfacet
  facet normal -0.269591 0.546715 -0.792731
    outer loop
      vertex 3.93696 31.5664 0.842651
      vertex 3.61107 31.4057 0.842651
      vertex 3.7384 32.0458 1.2408
    endloop
  endfacet
  facet normal -0.269562 0.546715 -0.792741
    outer loop
      vertex 3.61107 31.4057 0.842651
      vertex 3.35163 31.8551 1.2408
      vertex 3.7384 32.0458 1.2408
    endloop
  endfacet
  facet normal -0.65148 0.571276 -0.499216
    outer loop
      vertex 1.70175 31.5308 2.22215
      vertex 1.44231 31.7299 2.78856
      vertex 2.06031 31.9397 2.22215
    endloop
  endfacet
  facet normal -0.651457 0.571347 -0.499165
    outer loop
      vertex 2.06031 31.9397 2.22215
      vertex 1.44231 31.7299 2.78856
      vertex 1.82908 32.1709 2.78856
    endloop
  endfacet
  facet normal -0.536738 0.80324 -0.258297
    outer loop
      vertex 2.63267 33.1003 3.3928
      vertex 2.01468 32.8905 4.02455
      vertex 2.54804 33.2469 4.02455
    endloop
  endfacet
  facet normal -0.550852 0.824362 -0.130344
    outer loop
      vertex 2.54804 33.2469 4.02455
      vertex 2.01468 32.8905 4.02455
      vertex 2.50535 33.3209 4.67298
    endloop
  endfacet
  facet normal 0 0.258835 -0.965922
    outer loop
      vertex 5 29.9755 0.0960732
      vertex 30 30.6072 0.265348
      vertex 30 29.9755 0.0960732
    endloop
  endfacet
  facet normal 0 0.258835 -0.965922
    outer loop
      vertex 30 30.6072 0.265348
      vertex 5 29.9755 0.0960732
      vertex 5 30.6072 0.265348
    endloop
  endfacet
  facet normal -0.0747677 0.376009 -0.923595
    outer loop
      vertex 4.79022 30.5934 0.265348
      vertex 4.58403 30.5524 0.265348
      vertex 4.71135 31.1925 0.515635
    endloop
  endfacet
  facet normal -0.0832706 0.245593 -0.96579
    outer loop
      vertex 4.62671 29.9012 0.0960732
      vertex 4.38495 30.4849 0.265348
      vertex 4.58403 30.5524 0.265348
    endloop
  endfacet
  facet normal -0.123097 0.363053 -0.923601
    outer loop
      vertex 4.58403 30.5524 0.265348
      vertex 4.38495 30.4849 0.265348
      vertex 4.42764 31.1361 0.515635
    endloop
  endfacet
  facet normal -0.221438 0.449178 -0.865566
    outer loop
      vertex 4.15372 31.0431 0.515635
      vertex 3.89428 30.9152 0.515635
      vertex 3.93696 31.5664 0.842651
    endloop
  endfacet
  facet normal -0.161002 0.474211 -0.865565
    outer loop
      vertex 4.15372 31.0431 0.515635
      vertex 3.93696 31.5664 0.842651
      vertex 4.42764 31.1361 0.515635
    endloop
  endfacet
  facet normal -0.25283 0.288197 -0.92359
    outer loop
      vertex 4.0216 30.2751 0.265348
      vertex 3.43627 30.5637 0.515635
      vertex 3.65376 30.7545 0.515635
    endloop
  endfacet
  facet normal -0.33029 0.376493 -0.865541
    outer loop
      vertex 3.43627 30.5637 0.515635
      vertex 3.30895 31.2038 0.842651
      vertex 3.65376 30.7545 0.515635
    endloop
  endfacet
  facet normal -0.466711 0.532212 -0.706351
    outer loop
      vertex 2.99308 31.6155 1.2408
      vertex 2.34184 31.6582 1.70327
      vertex 2.71154 31.9824 1.70327
    endloop
  endfacet
  facet normal -0.393276 0.588561 -0.70635
    outer loop
      vertex 2.99308 31.6155 1.2408
      vertex 2.71154 31.9824 1.70327
      vertex 3.1204 32.2556 1.70327
    endloop
  endfacet
  facet normal -0.288262 0.252783 -0.923583
    outer loop
      vertex 3.72492 29.9784 0.265348
      vertex 3.24554 30.3462 0.515635
      vertex 3.43627 30.5637 0.515635
    endloop
  endfacet
  facet normal -0.416395 0.278249 -0.865559
    outer loop
      vertex 3.08483 30.1057 0.515635
      vertex 2.79618 30.691 0.842651
      vertex 3.24554 30.3462 0.515635
    endloop
  endfacet
  facet normal -0.694284 0.138094 0.706329
    outer loop
      vertex 1.36889 29.973 90.2967
      vertex 1.27296 29.4907 90.2967
      vertex 1.73147 29.4303 90.7592
    endloop
  endfacet
  facet normal -0.778751 0.154894 0.60791
    outer loop
      vertex 1.36889 29.973 90.2967
      vertex 0.878218 29.5426 89.7778
      vertex 1.27296 29.4907 90.2967
    endloop
  endfacet
  facet normal -0.777114 0.383228 0.499229
    outer loop
      vertex 1.11643 31.2422 89.2114
      vertex 0.856988 30.7161 89.2114
      vertex 1.15911 30.5909 89.7778
    endloop
  endfacet
  facet normal -0.820483 0.278542 0.499222
    outer loop
      vertex 1.15911 30.5909 89.7778
      vertex 0.856988 30.7161 89.2114
      vertex 0.984309 30.076 89.7778
    endloop
  endfacet
  facet normal 0 0.707107 0.707107
    outer loop
      vertex 30 32.7592 90.2967
      vertex 5 32.2967 90.7592
      vertex 30 32.2967 90.7592
    endloop
  endfacet
  facet normal 0 0.707107 0.707107
    outer loop
      vertex 5 32.2967 90.7592
      vertex 30 32.7592 90.2967
      vertex 5 32.7592 90.2967
    endloop
  endfacet
  facet normal 0 0 1
    outer loop
      vertex 30 29.327 91.9893
      vertex 30.327 29 91.9893
      vertex 30.3242 29.0427 91.9893
    endloop
  endfacet
  facet normal 0 0 1
    outer loop
      vertex 30.327 29 91.9893
      vertex 30 29.327 91.9893
      vertex 30.327 5 91.9893
    endloop
  endfacet
  facet normal 0 0 1
    outer loop
      vertex 30 29.327 91.9893
      vertex 30.3242 29.0427 91.9893
      vertex 30.3159 29.0846 91.9893
    endloop
  endfacet
  facet normal 0 0 1
    outer loop
      vertex 30 4.67298 91.9893
      vertex 30.327 5 91.9893
      vertex 30 29.327 91.9893
    endloop
  endfacet
  facet normal 0 0 1
    outer loop
      vertex 30 29.327 91.9893
      vertex 30.3159 29.0846 91.9893
      vertex 30.3021 29.1251 91.9893
    endloop
  endfacet
  facet normal 0 0 1
    outer loop
      vertex 30.327 5 91.9893
      vertex 30 4.67298 91.9893
      vertex 30.3242 4.95732 91.9893
    endloop
  endfacet
  facet normal 0 0 1
    outer loop
      vertex 30 29.327 91.9893
      vertex 30.3021 29.1251 91.9893
      vertex 30.2832 29.1635 91.9893
    endloop
  endfacet
  facet normal 0 0 1
    outer loop
      vertex 30.3242 4.95732 91.9893
      vertex 30 4.67298 91.9893
      vertex 30.3159 4.91536 91.9893
    endloop
  endfacet
  facet normal 0 0 1
    outer loop
      vertex 30 29.327 91.9893
      vertex 30.2832 29.1635 91.9893
      vertex 30.2594 29.1991 91.9893
    endloop
  endfacet
  facet normal 0 0 1
    outer loop
      vertex 30.3159 4.91536 91.9893
      vertex 30 4.67298 91.9893
      vertex 30.3021 4.87486 91.9893
    endloop
  endfacet
  facet normal 0 0 1
    outer loop
      vertex 30 29.327 91.9893
      vertex 30.2594 29.1991 91.9893
      vertex 30.2312 29.2312 91.9893
    endloop
  endfacet
  facet normal 0 0 1
    outer loop
      vertex 30.3021 4.87486 91.9893
      vertex 30 4.67298 91.9893
      vertex 30.2832 4.83649 91.9893
    endloop
  endfacet
  facet normal 0 0 1
    outer loop
      vertex 30 29.327 91.9893
      vertex 30.2312 29.2312 91.9893
      vertex 30.1991 29.2594 91.9893
    endloop
  endfacet
  facet normal 0 0 1
    outer loop
      vertex 30.2832 4.83649 91.9893
      vertex 30 4.67298 91.9893
      vertex 30.2594 4.80093 91.9893
    endloop
  endfacet
  facet normal 0 0 1
    outer loop
      vertex 30 29.327 91.9893
      vertex 30.1991 29.2594 91.9893
      vertex 30.1635 29.2832 91.9893
    endloop
  endfacet
  facet normal 0 0 1
    outer loop
      vertex 30.2594 4.80093 91.9893
      vertex 30 4.67298 91.9893
      vertex 30.2312 4.76876 91.9893
    endloop
  endfacet
  facet normal 0 0 1
    outer loop
      vertex 30 29.327 91.9893
      vertex 30.1635 29.2832 91.9893
      vertex 30.1251 29.3021 91.9893
    endloop
  endfacet
  facet normal 0 0 1
    outer loop
      vertex 30.2312 4.76876 91.9893
      vertex 30 4.67298 91.9893
      vertex 30.1991 4.74056 91.9893
    endloop
  endfacet
  facet normal 0 0 1
    outer loop
      vertex 30 29.327 91.9893
      vertex 30.1251 29.3021 91.9893
      vertex 30.0846 29.3159 91.9893
    endloop
  endfacet
  facet normal 0 0 1
    outer loop
      vertex 30.1991 4.74056 91.9893
      vertex 30 4.67298 91.9893
      vertex 30.1635 4.7168 91.9893
    endloop
  endfacet
  facet normal 0 0 1
    outer loop
      vertex 30 29.327 91.9893
      vertex 30.0846 29.3159 91.9893
      vertex 30.0427 29.3242 91.9893
    endloop
  endfacet
  facet normal 0 0 1
    outer loop
      vertex 30.1635 4.7168 91.9893
      vertex 30 4.67298 91.9893
      vertex 30.1251 4.69788 91.9893
    endloop
  endfacet
  facet normal 0 0 1
    outer loop
      vertex 30.1251 4.69788 91.9893
      vertex 30 4.67298 91.9893
      vertex 30.0846 4.68413 91.9893
    endloop
  endfacet
  facet normal 0 0 1
    outer loop
      vertex 30.0846 4.68413 91.9893
      vertex 30 4.67298 91.9893
      vertex 30.0427 4.67578 91.9893
    endloop
  endfacet
  facet normal -0 0 1
    outer loop
      vertex 5 29.327 91.9893
      vertex 30 4.67298 91.9893
      vertex 30 29.327 91.9893
    endloop
  endfacet
  facet normal 0 0 1
    outer loop
      vertex 5 29.327 91.9893
      vertex 5 4.67298 91.9893
      vertex 30 4.67298 91.9893
    endloop
  endfacet
  facet normal 0 0 1
    outer loop
      vertex 4.67298 29 91.9893
      vertex 5 29.327 91.9893
      vertex 4.95732 29.3242 91.9893
    endloop
  endfacet
  facet normal 0 0 1
    outer loop
      vertex 5 29.327 91.9893
      vertex 4.67298 29 91.9893
      vertex 5 4.67298 91.9893
    endloop
  endfacet
  facet normal 0 0 1
    outer loop
      vertex 4.67298 29 91.9893
      vertex 4.95732 29.3242 91.9893
      vertex 4.91536 29.3159 91.9893
    endloop
  endfacet
  facet normal -0 0 1
    outer loop
      vertex 4.67298 5 91.9893
      vertex 5 4.67298 91.9893
      vertex 4.67298 29 91.9893
    endloop
  endfacet
  facet normal 0 0 1
    outer loop
      vertex 4.67298 29 91.9893
      vertex 4.91536 29.3159 91.9893
      vertex 4.87486 29.3021 91.9893
    endloop
  endfacet
  facet normal 0 0 1
    outer loop
      vertex 5 4.67298 91.9893
      vertex 4.67298 5 91.9893
      vertex 4.95732 4.67578 91.9893
    endloop
  endfacet
  facet normal 0 0 1
    outer loop
      vertex 4.67298 29 91.9893
      vertex 4.87486 29.3021 91.9893
      vertex 4.83649 29.2832 91.9893
    endloop
  endfacet
  facet normal 0 0 1
    outer loop
      vertex 4.95732 4.67578 91.9893
      vertex 4.67298 5 91.9893
      vertex 4.91536 4.68413 91.9893
    endloop
  endfacet
  facet normal 0 0 1
    outer loop
      vertex 4.67298 29 91.9893
      vertex 4.83649 29.2832 91.9893
      vertex 4.80093 29.2594 91.9893
    endloop
  endfacet
  facet normal 0 0 1
    outer loop
      vertex 4.91536 4.68413 91.9893
      vertex 4.67298 5 91.9893
      vertex 4.87486 4.69788 91.9893
    endloop
  endfacet
  facet normal 0 0 1
    outer loop
      vertex 4.67298 29 91.9893
      vertex 4.80093 29.2594 91.9893
      vertex 4.76876 29.2312 91.9893
    endloop
  endfacet
  facet normal 0 0 1
    outer loop
      vertex 4.87486 4.69788 91.9893
      vertex 4.67298 5 91.9893
      vertex 4.83649 4.7168 91.9893
    endloop
  endfacet
  facet normal 0 0 1
    outer loop
      vertex 4.67298 29 91.9893
      vertex 4.76876 29.2312 91.9893
      vertex 4.74056 29.1991 91.9893
    endloop
  endfacet
  facet normal 0 0 1
    outer loop
      vertex 4.83649 4.7168 91.9893
      vertex 4.67298 5 91.9893
      vertex 4.80093 4.74056 91.9893
    endloop
  endfacet
  facet normal 0 0 1
    outer loop
      vertex 4.67298 29 91.9893
      vertex 4.74056 29.1991 91.9893
      vertex 4.7168 29.1635 91.9893
    endloop
  endfacet
  facet normal 0 0 1
    outer loop
      vertex 4.80093 4.74056 91.9893
      vertex 4.67298 5 91.9893
      vertex 4.76876 4.76876 91.9893
    endloop
  endfacet
  facet normal 0 0 1
    outer loop
      vertex 4.67298 29 91.9893
      vertex 4.7168 29.1635 91.9893
      vertex 4.69788 29.1251 91.9893
    endloop
  endfacet
  facet normal 0 0 1
    outer loop
      vertex 4.76876 4.76876 91.9893
      vertex 4.67298 5 91.9893
      vertex 4.74056 4.80093 91.9893
    endloop
  endfacet
  facet normal 0 0 1
    outer loop
      vertex 4.67298 29 91.9893
      vertex 4.69788 29.1251 91.9893
      vertex 4.68413 29.0846 91.9893
    endloop
  endfacet
  facet normal 0 0 1
    outer loop
      vertex 4.74056 4.80093 91.9893
      vertex 4.67298 5 91.9893
      vertex 4.7168 4.83649 91.9893
    endloop
  endfacet
  facet normal 0 0 1
    outer loop
      vertex 4.67298 29 91.9893
      vertex 4.68413 29.0846 91.9893
      vertex 4.67578 29.0427 91.9893
    endloop
  endfacet
  facet normal 0 0 1
    outer loop
      vertex 4.7168 4.83649 91.9893
      vertex 4.67298 5 91.9893
      vertex 4.69788 4.87486 91.9893
    endloop
  endfacet
  facet normal 0 0 1
    outer loop
      vertex 4.69788 4.87486 91.9893
      vertex 4.67298 5 91.9893
      vertex 4.68413 4.91536 91.9893
    endloop
  endfacet
  facet normal 0 0 1
    outer loop
      vertex 4.68413 4.91536 91.9893
      vertex 4.67298 5 91.9893
      vertex 4.67578 4.95732 91.9893
    endloop
  endfacet
  facet normal -0.0251572 0.382426 0.923644
    outer loop
      vertex 5 30.6072 91.7346
      vertex 4.71135 31.1925 91.4844
      vertex 4.79022 30.5934 91.7346
    endloop
  endfacet
  facet normal -0.0747456 0.375897 0.923642
    outer loop
      vertex 4.71135 31.1925 91.4844
      vertex 4.58403 30.5524 91.7346
      vertex 4.79022 30.5934 91.7346
    endloop
  endfacet
  facet normal -0.634881 -0.313093 0.706328
    outer loop
      vertex 1.95422 3.7384 90.7592
      vertex 1.52695 3.56142 90.2967
      vertex 1.74444 3.1204 90.2967
    endloop
  endfacet
  facet normal -0.670317 -0.227542 0.706328
    outer loop
      vertex 1.95422 3.7384 90.7592
      vertex 1.36889 4.02705 90.2967
      vertex 1.52695 3.56142 90.2967
    endloop
  endfacet
  facet normal -0.660186 -0.441117 0.607924
    outer loop
      vertex 1.74444 3.1204 90.2967
      vertex 1.39963 2.92133 89.7778
      vertex 1.70175 2.46917 89.7778
    endloop
  endfacet
  facet normal -0.720457 -0.481388 0.499206
    outer loop
      vertex 1.70175 2.46917 89.7778
      vertex 1.39963 2.92133 89.7778
      vertex 1.44231 2.27009 89.2114
    endloop
  endfacet
  facet normal -0.54667 0.269578 0.792767
    outer loop
      vertex 2.59431 30.3889 91.1573
      vertex 1.95422 30.2616 90.7592
      vertex 2.4336 30.063 91.1573
    endloop
  endfacet
  facet normal -0.449251 0.221538 0.865503
    outer loop
      vertex 2.59431 30.3889 91.1573
      vertex 2.4336 30.063 91.1573
      vertex 3.08483 30.1057 91.4844
    endloop
  endfacet
  facet normal -0.474306 0.161043 0.865505
    outer loop
      vertex 2.4336 30.063 91.1573
      vertex 2.3168 29.719 91.1573
      vertex 2.86391 29.5724 91.4844
    endloop
  endfacet
  facet normal -0.491275 0.0977182 0.865506
    outer loop
      vertex 2.86391 29.5724 91.4844
      vertex 2.3168 29.719 91.1573
      vertex 2.80748 29.2887 91.4844
    endloop
  endfacet
  facet normal 0.288112 -0.252755 0.923638
    outer loop
      vertex 31.7545 3.65376 91.4844
      vertex 31.2751 4.0216 91.7346
      vertex 31.5637 3.43627 91.4844
    endloop
  endfacet
  facet normal 0.491295 -0.0976667 0.8655
    outer loop
      vertex 32.1925 4.71135 91.4844
      vertex 32.1361 4.42764 91.4844
      vertex 32.6832 4.28104 91.1573
    endloop
  endfacet
  facet normal 0.0578846 -0.117349 0.991402
    outer loop
      vertex 30.4877 4.15523 91.9039
      vertex 30.1635 4.7168 91.9893
      vertex 30.3733 4.0988 91.9039
    endloop
  endfacet
  facet normal 0.114745 -0.232621 0.965775
    outer loop
      vertex 30.4877 4.15523 91.9039
      vertex 30.3733 4.0988 91.9039
      vertex 30.615 3.51514 91.7346
    endloop
  endfacet
  facet normal 0.0250641 -0.382453 0.923635
    outer loop
      vertex 30 3.3928 91.7346
      vertex 30 2.78856 91.4844
      vertex 30.2887 2.80748 91.4844
    endloop
  endfacet
  facet normal 0.161043 -0.474306 0.865505
    outer loop
      vertex 31.063 2.4336 91.1573
      vertex 30.5724 2.86391 91.4844
      vertex 30.719 2.3168 91.1573
    endloop
  endfacet
  facet normal 0.252708 -0.288177 0.92363
    outer loop
      vertex 31.5637 3.43627 91.4844
      vertex 30.9784 3.72492 91.7346
      vertex 31.3462 3.24554 91.4844
    endloop
  endfacet
  facet normal 0.269578 -0.54667 0.792767
    outer loop
      vertex 31.3889 2.59431 91.1573
      vertex 31.063 2.4336 91.1573
      vertex 31.2616 1.95422 90.7592
    endloop
  endfacet
  facet normal -0.0506085 -0.254387 0.965777
    outer loop
      vertex 4.87268 4.03289 91.9039
      vertex 4.58403 3.44757 91.7346
      vertex 4.79022 3.40655 91.7346
    endloop
  endfacet
  facet normal -0.0169537 -0.258818 0.965777
    outer loop
      vertex 4.87268 4.03289 91.9039
      vertex 4.79022 3.40655 91.7346
      vertex 5 4.02455 91.9039
    endloop
  endfacet
  facet normal 0.670346 -0.227609 0.706279
    outer loop
      vertex 33.6311 4.02705 90.2967
      vertex 33.0458 3.7384 90.7592
      vertex 33.473 3.56142 90.2967
    endloop
  endfacet
  facet normal 0.670335 -0.227527 0.706316
    outer loop
      vertex 33.1844 4.14674 90.7592
      vertex 33.0458 3.7384 90.7592
      vertex 33.6311 4.02705 90.2967
    endloop
  endfacet
  facet normal 0.778724 -0.15491 0.607941
    outer loop
      vertex 34.1218 4.45736 89.7778
      vertex 33.6311 4.02705 90.2967
      vertex 34.0157 3.924 89.7778
    endloop
  endfacet
  facet normal 0.777163 -0.383197 0.499177
    outer loop
      vertex 34.143 3.28391 89.2114
      vertex 33.8409 3.40905 89.7778
      vertex 33.8836 2.75782 89.2114
    endloop
  endfacet
  facet normal 0.608253 -0.0399261 0.792739
    outer loop
      vertex 32.7779 5 91.1573
      vertex 32.7541 4.63742 91.1573
      vertex 33.2685 4.56969 90.7592
    endloop
  endfacet
  facet normal 0.49125 -0.0977316 0.865519
    outer loop
      vertex 32.7541 4.63742 91.1573
      vertex 32.1925 4.71135 91.4844
      vertex 32.6832 4.28104 91.1573
    endloop
  endfacet
  facet normal 0.577176 -0.195926 0.792768
    outer loop
      vertex 32.6832 4.28104 91.1573
      vertex 32.5664 3.93696 91.1573
      vertex 33.0458 3.7384 90.7592
    endloop
  endfacet
  facet normal 0.57719 -0.195911 0.792762
    outer loop
      vertex 33.1844 4.14674 90.7592
      vertex 32.6832 4.28104 91.1573
      vertex 33.0458 3.7384 90.7592
    endloop
  endfacet
  facet normal 0.382475 0.0250391 0.923627
    outer loop
      vertex 32.1925 29.2887 91.4844
      vertex 31.6072 29 91.7346
      vertex 32.2114 29 91.4844
    endloop
  endfacet
  facet normal 0.382595 0 0.923916
    outer loop
      vertex 31.6072 29 91.7346
      vertex 32.2114 5 91.4844
      vertex 32.2114 29 91.4844
    endloop
  endfacet
  facet normal 0.382595 0 0.923916
    outer loop
      vertex 32.2114 5 91.4844
      vertex 31.6072 29 91.7346
      vertex 31.6072 5 91.7346
    endloop
  endfacet
  facet normal -0.00854973 -0.130522 -0.991409
    outer loop
      vertex 5 4.02455 0.0960732
      vertex 4.87268 4.03289 0.0960732
      vertex 4.95732 4.67578 0.010705
    endloop
  endfacet
  facet normal -0.0506015 -0.254352 -0.965787
    outer loop
      vertex 4.79022 3.40655 0.265348
      vertex 4.58403 3.44757 0.265348
      vertex 4.87268 4.03289 0.0960732
    endloop
  endfacet
  facet normal -0.169565 -0.343849 -0.923588
    outer loop
      vertex 4.15372 2.95689 0.515635
      vertex 3.89428 3.08483 0.515635
      vertex 4.38495 3.51514 0.265348
    endloop
  endfacet
  facet normal -0.0578469 -0.117313 -0.991409
    outer loop
      vertex 4.62671 4.0988 0.0960732
      vertex 4.51227 4.15523 0.0960732
      vertex 4.83649 4.7168 0.010705
    endloop
  endfacet
  facet normal 0.117331 -0.0577942 -0.99141
    outer loop
      vertex 30.9012 4.62671 0.0960732
      vertex 30.2832 4.83649 0.010705
      vertex 30.3021 4.87486 0.010705
    endloop
  endfacet
  facet normal 0.108702 -0.072753 -0.991409
    outer loop
      vertex 30.8448 4.51227 0.0960732
      vertex 30.2594 4.80093 0.010705
      vertex 30.2832 4.83649 0.010705
    endloop
  endfacet
  facet normal -0.313083 -0.63486 -0.706351
    outer loop
      vertex 3.56142 1.52695 1.70327
      vertex 3.1204 1.74444 1.70327
      vertex 3.7384 1.95422 1.2408
    endloop
  endfacet
  facet normal -0.227535 -0.670296 -0.706351
    outer loop
      vertex 4.02705 1.36889 1.70327
      vertex 3.56142 1.52695 1.70327
      vertex 3.7384 1.95422 1.2408
    endloop
  endfacet
  facet normal -0.0506058 -0.25435 -0.965787
    outer loop
      vertex 4.87268 4.03289 0.0960732
      vertex 4.58403 3.44757 0.265348
      vertex 4.74753 4.05779 0.0960732
    endloop
  endfacet
  facet normal -0.0748063 -0.376019 -0.923587
    outer loop
      vertex 4.71135 2.80748 0.515635
      vertex 4.58403 3.44757 0.265348
      vertex 4.79022 3.40655 0.265348
    endloop
  endfacet
  facet normal 0.169543 -0.343862 -0.923588
    outer loop
      vertex 31.1057 3.08483 0.515635
      vertex 30.615 3.51514 0.265348
      vertex 30.8036 3.60813 0.265348
    endloop
  endfacet
  facet normal 0.144071 -0.215631 -0.965788
    outer loop
      vertex 30.8036 3.60813 0.265348
      vertex 30.4877 4.15523 0.0960732
      vertex 30.9784 3.72492 0.265348
    endloop
  endfacet
  facet normal 0.258835 0 -0.965922
    outer loop
      vertex 30.9755 5 0.0960732
      vertex 31.6072 29 0.265348
      vertex 31.6072 5 0.265348
    endloop
  endfacet
  facet normal 0.258835 0 -0.965922
    outer loop
      vertex 31.6072 29 0.265348
      vertex 30.9755 5 0.0960732
      vertex 30.9755 29 0.0960732
    endloop
  endfacet
  facet normal 0 0 -1
    outer loop
      vertex 30 4.67298 0.010705
      vertex 30.327 5 0.010705
      vertex 30.3242 4.95732 0.010705
    endloop
  endfacet
  facet normal -0 0 -1
    outer loop
      vertex 30.327 5 0.010705
      vertex 30 4.67298 0.010705
      vertex 30.327 29 0.010705
    endloop
  endfacet
  facet normal 0 0 -1
    outer loop
      vertex 30 4.67298 0.010705
      vertex 30.3242 4.95732 0.010705
      vertex 30.3159 4.91536 0.010705
    endloop
  endfacet
  facet normal 0 0 -1
    outer loop
      vertex 30 29.327 0.010705
      vertex 30.327 29 0.010705
      vertex 30 4.67298 0.010705
    endloop
  endfacet
  facet normal 0 0 -1
    outer loop
      vertex 30 4.67298 0.010705
      vertex 30.3159 4.91536 0.010705
      vertex 30.3021 4.87486 0.010705
    endloop
  endfacet
  facet normal 0 0 -1
    outer loop
      vertex 30.327 29 0.010705
      vertex 30 29.327 0.010705
      vertex 30.3242 29.0427 0.010705
    endloop
  endfacet
  facet normal 0 0 -1
    outer loop
      vertex 30 4.67298 0.010705
      vertex 30.3021 4.87486 0.010705
      vertex 30.2832 4.83649 0.010705
    endloop
  endfacet
  facet normal 0 0 -1
    outer loop
      vertex 30.3242 29.0427 0.010705
      vertex 30 29.327 0.010705
      vertex 30.3159 29.0846 0.010705
    endloop
  endfacet
  facet normal 0 0 -1
    outer loop
      vertex 30 4.67298 0.010705
      vertex 30.2832 4.83649 0.010705
      vertex 30.2594 4.80093 0.010705
    endloop
  endfacet
  facet normal 0 0 -1
    outer loop
      vertex 30.3159 29.0846 0.010705
      vertex 30 29.327 0.010705
      vertex 30.3021 29.1251 0.010705
    endloop
  endfacet
  facet normal 0 0 -1
    outer loop
      vertex 30 4.67298 0.010705
      vertex 30.2594 4.80093 0.010705
      vertex 30.2312 4.76876 0.010705
    endloop
  endfacet
  facet normal 0 0 -1
    outer loop
      vertex 30.3021 29.1251 0.010705
      vertex 30 29.327 0.010705
      vertex 30.2832 29.1635 0.010705
    endloop
  endfacet
  facet normal 0 0 -1
    outer loop
      vertex 30 4.67298 0.010705
      vertex 30.2312 4.76876 0.010705
      vertex 30.1991 4.74056 0.010705
    endloop
  endfacet
  facet normal 0 0 -1
    outer loop
      vertex 30.2832 29.1635 0.010705
      vertex 30 29.327 0.010705
      vertex 30.2594 29.1991 0.010705
    endloop
  endfacet
  facet normal 0 0 -1
    outer loop
      vertex 30 4.67298 0.010705
      vertex 30.1991 4.74056 0.010705
      vertex 30.1635 4.7168 0.010705
    endloop
  endfacet
  facet normal 0 0 -1
    outer loop
      vertex 30.2594 29.1991 0.010705
      vertex 30 29.327 0.010705
      vertex 30.2312 29.2312 0.010705
    endloop
  endfacet
  facet normal 0 0 -1
    outer loop
      vertex 30 4.67298 0.010705
      vertex 30.1635 4.7168 0.010705
      vertex 30.1251 4.69788 0.010705
    endloop
  endfacet
  facet normal 0 0 -1
    outer loop
      vertex 30.2312 29.2312 0.010705
      vertex 30 29.327 0.010705
      vertex 30.1991 29.2594 0.010705
    endloop
  endfacet
  facet normal 0 0 -1
    outer loop
      vertex 30 4.67298 0.010705
      vertex 30.1251 4.69788 0.010705
      vertex 30.0846 4.68413 0.010705
    endloop
  endfacet
  facet normal 0 0 -1
    outer loop
      vertex 30.1991 29.2594 0.010705
      vertex 30 29.327 0.010705
      vertex 30.1635 29.2832 0.010705
    endloop
  endfacet
  facet normal 0 0 -1
    outer loop
      vertex 30 4.67298 0.010705
      vertex 30.0846 4.68413 0.010705
      vertex 30.0427 4.67578 0.010705
    endloop
  endfacet
  facet normal 0 0 -1
    outer loop
      vertex 30.1635 29.2832 0.010705
      vertex 30 29.327 0.010705
      vertex 30.1251 29.3021 0.010705
    endloop
  endfacet
  facet normal 0 0 -1
    outer loop
      vertex 30.1251 29.3021 0.010705
      vertex 30 29.327 0.010705
      vertex 30.0846 29.3159 0.010705
    endloop
  endfacet
  facet normal 0 0 -1
    outer loop
      vertex 30.0846 29.3159 0.010705
      vertex 30 29.327 0.010705
      vertex 30.0427 29.3242 0.010705
    endloop
  endfacet
  facet normal 0 0 -1
    outer loop
      vertex 5 4.67298 0.010705
      vertex 30 29.327 0.010705
      vertex 30 4.67298 0.010705
    endloop
  endfacet
  facet normal 0 0 -1
    outer loop
      vertex 5 4.67298 0.010705
      vertex 5 29.327 0.010705
      vertex 30 29.327 0.010705
    endloop
  endfacet
  facet normal 0 0 -1
    outer loop
      vertex 4.67298 5 0.010705
      vertex 5 4.67298 0.010705
      vertex 4.95732 4.67578 0.010705
    endloop
  endfacet
  facet normal 0 0 -1
    outer loop
      vertex 5 4.67298 0.010705
      vertex 4.67298 5 0.010705
      vertex 5 29.327 0.010705
    endloop
  endfacet
  facet normal 0 0 -1
    outer loop
      vertex 4.67298 5 0.010705
      vertex 4.95732 4.67578 0.010705
      vertex 4.91536 4.68413 0.010705
    endloop
  endfacet
  facet normal 0 0 -1
    outer loop
      vertex 4.67298 29 0.010705
      vertex 5 29.327 0.010705
      vertex 4.67298 5 0.010705
    endloop
  endfacet
  facet normal 0 0 -1
    outer loop
      vertex 4.67298 5 0.010705
      vertex 4.91536 4.68413 0.010705
      vertex 4.87486 4.69788 0.010705
    endloop
  endfacet
  facet normal 0 0 -1
    outer loop
      vertex 5 29.327 0.010705
      vertex 4.67298 29 0.010705
      vertex 4.95732 29.3242 0.010705
    endloop
  endfacet
  facet normal 0 0 -1
    outer loop
      vertex 4.67298 5 0.010705
      vertex 4.87486 4.69788 0.010705
      vertex 4.83649 4.7168 0.010705
    endloop
  endfacet
  facet normal 0 0 -1
    outer loop
      vertex 4.95732 29.3242 0.010705
      vertex 4.67298 29 0.010705
      vertex 4.91536 29.3159 0.010705
    endloop
  endfacet
  facet normal 0 0 -1
    outer loop
      vertex 4.67298 5 0.010705
      vertex 4.83649 4.7168 0.010705
      vertex 4.80093 4.74056 0.010705
    endloop
  endfacet
  facet normal 0 0 -1
    outer loop
      vertex 4.91536 29.3159 0.010705
      vertex 4.67298 29 0.010705
      vertex 4.87486 29.3021 0.010705
    endloop
  endfacet
  facet normal 0 0 -1
    outer loop
      vertex 4.67298 5 0.010705
      vertex 4.80093 4.74056 0.010705
      vertex 4.76876 4.76876 0.010705
    endloop
  endfacet
  facet normal 0 0 -1
    outer loop
      vertex 4.87486 29.3021 0.010705
      vertex 4.67298 29 0.010705
      vertex 4.83649 29.2832 0.010705
    endloop
  endfacet
  facet normal 0 0 -1
    outer loop
      vertex 4.67298 5 0.010705
      vertex 4.76876 4.76876 0.010705
      vertex 4.74056 4.80093 0.010705
    endloop
  endfacet
  facet normal 0 0 -1
    outer loop
      vertex 4.83649 29.2832 0.010705
      vertex 4.67298 29 0.010705
      vertex 4.80093 29.2594 0.010705
    endloop
  endfacet
  facet normal 0 0 -1
    outer loop
      vertex 4.67298 5 0.010705
      vertex 4.74056 4.80093 0.010705
      vertex 4.7168 4.83649 0.010705
    endloop
  endfacet
  facet normal 0 0 -1
    outer loop
      vertex 4.80093 29.2594 0.010705
      vertex 4.67298 29 0.010705
      vertex 4.76876 29.2312 0.010705
    endloop
  endfacet
  facet normal 0 0 -1
    outer loop
      vertex 4.67298 5 0.010705
      vertex 4.7168 4.83649 0.010705
      vertex 4.69788 4.87486 0.010705
    endloop
  endfacet
  facet normal 0 0 -1
    outer loop
      vertex 4.76876 29.2312 0.010705
      vertex 4.67298 29 0.010705
      vertex 4.74056 29.1991 0.010705
    endloop
  endfacet
  facet normal 0 0 -1
    outer loop
      vertex 4.67298 5 0.010705
      vertex 4.69788 4.87486 0.010705
      vertex 4.68413 4.91536 0.010705
    endloop
  endfacet
  facet normal 0 0 -1
    outer loop
      vertex 4.74056 29.1991 0.010705
      vertex 4.67298 29 0.010705
      vertex 4.7168 29.1635 0.010705
    endloop
  endfacet
  facet normal 0 0 -1
    outer loop
      vertex 4.67298 5 0.010705
      vertex 4.68413 4.91536 0.010705
      vertex 4.67578 4.95732 0.010705
    endloop
  endfacet
  facet normal 0 0 -1
    outer loop
      vertex 4.7168 29.1635 0.010705
      vertex 4.67298 29 0.010705
      vertex 4.69788 29.1251 0.010705
    endloop
  endfacet
  facet normal 0 0 -1
    outer loop
      vertex 4.69788 29.1251 0.010705
      vertex 4.67298 29 0.010705
      vertex 4.68413 29.0846 0.010705
    endloop
  endfacet
  facet normal 0 0 -1
    outer loop
      vertex 4.68413 29.0846 0.010705
      vertex 4.67298 29 0.010705
      vertex 4.67578 29.0427 0.010705
    endloop
  endfacet
  facet normal 0.114684 -0.232599 -0.965787
    outer loop
      vertex 30.615 3.51514 0.265348
      vertex 30.4877 4.15523 0.0960732
      vertex 30.8036 3.60813 0.265348
    endloop
  endfacet
  facet normal 0.114729 -0.232589 -0.965784
    outer loop
      vertex 30.615 3.51514 0.265348
      vertex 30.3733 4.0988 0.0960732
      vertex 30.4877 4.15523 0.0960732
    endloop
  endfacet
  facet normal 0.170958 -0.194982 -0.965793
    outer loop
      vertex 30.9784 3.72492 0.265348
      vertex 30.6897 4.31025 0.0960732
      vertex 31.1365 3.86354 0.265348
    endloop
  endfacet
  facet normal 0.171022 -0.194949 -0.965788
    outer loop
      vertex 30.9784 3.72492 0.265348
      vertex 30.5938 4.22612 0.0960732
      vertex 30.6897 4.31025 0.0960732
    endloop
  endfacet
  facet normal 0.4912 -0.0976479 -0.865556
    outer loop
      vertex 32.6832 4.28104 0.842651
      vertex 32.1361 4.42764 0.515635
      vertex 32.1925 4.71135 0.515635
    endloop
  endfacet
  facet normal 0.38254 -0.0251647 -0.923596
    outer loop
      vertex 32.1925 4.71135 0.515635
      vertex 31.5934 4.79022 0.265348
      vertex 31.6072 5 0.265348
    endloop
  endfacet
  facet normal 0.351103 0.712134 -0.607941
    outer loop
      vertex 31.8796 32.2556 1.70327
      vertex 31.5909 32.8409 2.22215
      vertex 32.0787 32.6004 2.22215
    endloop
  endfacet
  facet normal 0.383169 0.777172 -0.499185
    outer loop
      vertex 32.0787 32.6004 2.22215
      vertex 31.5909 32.8409 2.22215
      vertex 32.2422 32.8836 2.78856
    endloop
  endfacet
  facet normal -0.245575 -0.0833511 -0.965787
    outer loop
      vertex 3.51514 4.38495 0.265348
      vertex 3.44757 4.58403 0.265348
      vertex 4.0988 4.62671 0.0960732
    endloop
  endfacet
  facet normal -0.144083 -0.215627 -0.965787
    outer loop
      vertex 4.51227 4.15523 0.0960732
      vertex 4.0216 3.72492 0.265348
      vertex 4.40618 4.22612 0.0960732
    endloop
  endfacet
  facet normal -0.245575 -0.0833557 -0.965787
    outer loop
      vertex 4.0988 4.62671 0.0960732
      vertex 3.44757 4.58403 0.265348
      vertex 4.05779 4.74753 0.0960732
    endloop
  endfacet
  facet normal -0.0983416 -0.0862449 -0.991408
    outer loop
      vertex 4.31025 4.31025 0.0960732
      vertex 4.22612 4.40618 0.0960732
      vertex 4.76876 4.76876 0.010705
    endloop
  endfacet
  facet normal -0.0726676 -0.108757 -0.991409
    outer loop
      vertex 4.83649 4.7168 0.010705
      vertex 4.51227 4.15523 0.0960732
      vertex 4.80093 4.74056 0.010705
    endloop
  endfacet
  facet normal 0.820467 -0.278585 -0.499223
    outer loop
      vertex 34.143 3.28391 2.78856
      vertex 34.0157 3.924 2.22215
      vertex 34.3316 3.83936 2.78856
    endloop
  endfacet
  facet normal 0.820521 -0.278526 -0.499168
    outer loop
      vertex 34.143 3.28391 2.78856
      vertex 33.8409 3.40905 2.22215
      vertex 34.0157 3.924 2.22215
    endloop
  endfacet
  facet normal 0.571274 -0.651477 0.499223
    outer loop
      vertex 32.9397 2.06031 89.7778
      vertex 32.5308 1.70175 89.7778
      vertex 32.7299 1.44231 89.2114
    endloop
  endfacet
  facet normal 0.65144 -0.571363 0.499169
    outer loop
      vertex 33.5577 2.27009 89.2114
      vertex 32.9397 2.06031 89.7778
      vertex 33.1709 1.82908 89.2114
    endloop
  endfacet
  facet normal 0.751847 -0.255215 0.60794
    outer loop
      vertex 34.0157 3.924 89.7778
      vertex 33.6311 4.02705 90.2967
      vertex 33.8409 3.40905 89.7778
    endloop
  endfacet
  facet normal 0.751797 -0.255265 0.60798
    outer loop
      vertex 33.6311 4.02705 90.2967
      vertex 33.473 3.56142 90.2967
      vertex 33.8409 3.40905 89.7778
    endloop
  endfacet
  facet normal 0.532189 0.466691 -0.706381
    outer loop
      vertex 32.9824 31.2885 1.70327
      vertex 32.6155 31.0069 1.2408
      vertex 32.6582 31.6582 1.70327
    endloop
  endfacet
  facet normal 0.532061 0.466743 -0.706443
    outer loop
      vertex 32.6155 31.0069 1.2408
      vertex 32.3311 31.3311 1.2408
      vertex 32.6582 31.6582 1.70327
    endloop
  endfacet
  facet normal 0.651443 0.571379 0.499147
    outer loop
      vertex 33.1709 32.1709 89.2114
      vertex 32.9397 31.9397 89.7778
      vertex 33.5577 31.7299 89.2114
    endloop
  endfacet
  facet normal 0.694765 0.609377 0.382048
    outer loop
      vertex 33.3479 32.3479 88.6072
      vertex 33.1709 32.1709 89.2114
      vertex 33.5577 31.7299 89.2114
    endloop
  endfacet
  facet normal 0.351066 0.712144 0.60795
    outer loop
      vertex 31.5909 32.8409 89.7778
      vertex 31.4386 32.473 90.2967
      vertex 31.8796 32.2556 90.2967
    endloop
  endfacet
  facet normal 0.351108 0.712144 0.607926
    outer loop
      vertex 32.0787 32.6004 89.7778
      vertex 31.5909 32.8409 89.7778
      vertex 31.8796 32.2556 90.2967
    endloop
  endfacet
  facet normal 0.23263 0.114688 0.965779
    outer loop
      vertex 31.4849 29.615 91.7346
      vertex 30.8448 29.4877 91.9039
      vertex 30.9012 29.3733 91.9039
    endloop
  endfacet
  facet normal 0.245622 0.0833139 0.965779
    outer loop
      vertex 31.4849 29.615 91.7346
      vertex 30.9012 29.3733 91.9039
      vertex 31.5524 29.416 91.7346
    endloop
  endfacet
  facet normal -0.0565619 0.864584 -0.499295
    outer loop
      vertex 5 33.1573 2.22215
      vertex 4.45736 33.1218 2.22215
      vertex 5 33.4844 2.78856
    endloop
  endfacet
  facet normal -0.056724 0.864642 -0.499176
    outer loop
      vertex 4.45736 33.1218 2.22215
      vertex 4.41467 33.446 2.78856
      vertex 5 33.4844 2.78856
    endloop
  endfacet
  facet normal 0.609383 0.694772 -0.382026
    outer loop
      vertex 33.1709 32.1709 2.78856
      vertex 32.7299 32.5577 2.78856
      vertex 33.3479 32.3479 3.3928
    endloop
  endfacet
  facet normal 0.694772 0.609383 -0.382026
    outer loop
      vertex 33.5577 31.7299 2.78856
      vertex 33.1709 32.1709 2.78856
      vertex 33.3479 32.3479 3.3928
    endloop
  endfacet
  facet normal 0.0250465 0.382588 -0.923579
    outer loop
      vertex 30.2887 31.1925 0.515635
      vertex 30 30.6072 0.265348
      vertex 30 31.2114 0.515635
    endloop
  endfacet
  facet normal 0.0251622 0.382539 -0.923597
    outer loop
      vertex 30.2098 30.5934 0.265348
      vertex 30 30.6072 0.265348
      vertex 30.2887 31.1925 0.515635
    endloop
  endfacet
  facet normal -0.278585 0.820467 -0.499223
    outer loop
      vertex 3.924 33.0157 2.22215
      vertex 3.28391 33.143 2.78856
      vertex 3.83936 33.3316 2.78856
    endloop
  endfacet
  facet normal -0.168989 0.849834 -0.499224
    outer loop
      vertex 3.924 33.0157 2.22215
      vertex 3.83936 33.3316 2.78856
      vertex 4.41467 33.446 2.78856
    endloop
  endfacet
  facet normal -0.195927 0.577234 -0.792725
    outer loop
      vertex 4.28104 31.6832 0.842651
      vertex 3.7384 32.0458 1.2408
      vertex 4.14674 32.1844 1.2408
    endloop
  endfacet
  facet normal -0.195941 0.57722 -0.792732
    outer loop
      vertex 3.93696 31.5664 0.842651
      vertex 3.7384 32.0458 1.2408
      vertex 4.28104 31.6832 0.842651
    endloop
  endfacet
  facet normal -0.660218 0.441098 -0.607901
    outer loop
      vertex 1.74444 30.8796 1.70327
      vertex 1.70175 31.5308 2.22215
      vertex 2.01763 31.2885 1.70327
    endloop
  endfacet
  facet normal -0.66014 0.441145 -0.607953
    outer loop
      vertex 1.74444 30.8796 1.70327
      vertex 1.39963 31.0787 2.22215
      vertex 1.70175 31.5308 2.22215
    endloop
  endfacet
  facet normal -0.21563 0.144072 -0.965788
    outer loop
      vertex 4.15523 29.4877 0.0960732
      vertex 3.72492 29.9784 0.265348
      vertex 4.22612 29.5938 0.0960732
    endloop
  endfacet
  facet normal -0.318781 0.212989 -0.923588
    outer loop
      vertex 3.60813 29.8036 0.265348
      vertex 3.08483 30.1057 0.515635
      vertex 3.72492 29.9784 0.265348
    endloop
  endfacet
  facet normal -0.660183 -0.441118 0.607925
    outer loop
      vertex 1.74444 3.1204 90.2967
      vertex 1.70175 2.46917 89.7778
      vertex 2.01763 2.71154 90.2967
    endloop
  endfacet
  facet normal -0.596958 -0.523517 0.607924
    outer loop
      vertex 2.01763 2.71154 90.2967
      vertex 1.70175 2.46917 89.7778
      vertex 2.06031 2.06031 89.7778
    endloop
  endfacet
  facet normal -0.362918 0.123199 0.923641
    outer loop
      vertex 2.95689 29.8463 91.4844
      vertex 2.86391 29.5724 91.4844
      vertex 3.51514 29.615 91.7346
    endloop
  endfacet
  facet normal -0.474328 0.161019 0.865497
    outer loop
      vertex 2.95689 29.8463 91.4844
      vertex 2.4336 30.063 91.1573
      vertex 2.86391 29.5724 91.4844
    endloop
  endfacet
  facet normal 0.376588 -0.330285 0.865502
    outer loop
      vertex 32.2038 3.30895 91.1573
      vertex 31.5637 3.43627 91.4844
      vertex 31.9642 3.03576 91.1573
    endloop
  endfacet
  facet normal 0.416475 -0.278321 0.865498
    outer loop
      vertex 32.4057 3.61107 91.1573
      vertex 31.9152 3.89428 91.4844
      vertex 32.2038 3.30895 91.1573
    endloop
  endfacet
  facet normal 0.144092 -0.21566 0.965779
    outer loop
      vertex 30.5938 4.22612 91.9039
      vertex 30.4877 4.15523 91.9039
      vertex 30.9784 3.72492 91.7346
    endloop
  endfacet
  facet normal 0.338642 -0.50678 0.792777
    outer loop
      vertex 31.691 2.79618 91.1573
      vertex 31.3889 2.59431 91.1573
      vertex 31.6484 2.14495 90.7592
    endloop
  endfacet
  facet normal 0.07478 -0.375905 0.923636
    outer loop
      vertex 30.416 3.44757 91.7346
      vertex 30.2098 3.40655 91.7346
      vertex 30.2887 2.80748 91.4844
    endloop
  endfacet
  facet normal 0.0250654 -0.382453 0.923635
    outer loop
      vertex 30.2098 3.40655 91.7346
      vertex 30 3.3928 91.7346
      vertex 30.2887 2.80748 91.4844
    endloop
  endfacet
  facet normal 0.338671 -0.506776 0.792767
    outer loop
      vertex 31.691 2.79618 91.1573
      vertex 31.6484 2.14495 90.7592
      vertex 32.0069 2.38453 90.7592
    endloop
  endfacet
  facet normal 0.401877 -0.458272 0.792768
    outer loop
      vertex 31.9642 3.03576 91.1573
      vertex 31.691 2.79618 91.1573
      vertex 32.0069 2.38453 90.7592
    endloop
  endfacet
  facet normal -0.0255335 -0.128334 0.991402
    outer loop
      vertex 4.95732 4.67578 91.9893
      vertex 4.74753 4.05779 91.9039
      vertex 4.87268 4.03289 91.9039
    endloop
  endfacet
  facet normal -0.0506128 -0.254385 0.965778
    outer loop
      vertex 4.74753 4.05779 91.9039
      vertex 4.58403 3.44757 91.7346
      vertex 4.87268 4.03289 91.9039
    endloop
  endfacet
  facet normal -0.0169513 -0.258782 -0.965787
    outer loop
      vertex 5 4.02455 0.0960732
      vertex 4.79022 3.40655 0.265348
      vertex 4.87268 4.03289 0.0960732
    endloop
  endfacet
  facet normal -0.0169616 -0.258779 -0.965788
    outer loop
      vertex 5 3.3928 0.265348
      vertex 4.79022 3.40655 0.265348
      vertex 5 4.02455 0.0960732
    endloop
  endfacet
  facet normal -0.169576 -0.343838 -0.923591
    outer loop
      vertex 4.38495 3.51514 0.265348
      vertex 3.89428 3.08483 0.515635
      vertex 4.1964 3.60813 0.265348
    endloop
  endfacet
  facet normal -0.11471 -0.23259 -0.965787
    outer loop
      vertex 4.38495 3.51514 0.265348
      vertex 4.1964 3.60813 0.265348
      vertex 4.51227 4.15523 0.0960732
    endloop
  endfacet
  facet normal 0.128285 -0.0255238 -0.991409
    outer loop
      vertex 30.9422 4.74753 0.0960732
      vertex 30.3242 4.95732 0.010705
      vertex 30.9671 4.87268 0.0960732
    endloop
  endfacet
  facet normal 0.363056 -0.123263 -0.923578
    outer loop
      vertex 32.0431 4.15372 0.515635
      vertex 31.4849 4.38495 0.265348
      vertex 32.1361 4.42764 0.515635
    endloop
  endfacet
  facet normal 0.363053 -0.123097 -0.923601
    outer loop
      vertex 32.1361 4.42764 0.515635
      vertex 31.4849 4.38495 0.265348
      vertex 31.5524 4.58403 0.265348
    endloop
  endfacet
  facet normal 0.258782 -0.0170733 -0.965785
    outer loop
      vertex 31.5934 4.79022 0.265348
      vertex 30.9671 4.87268 0.0960732
      vertex 30.9755 5 0.0960732
    endloop
  endfacet
  facet normal 0.258798 -0.0170245 -0.965782
    outer loop
      vertex 31.5934 4.79022 0.265348
      vertex 30.9755 5 0.0960732
      vertex 31.6072 5 0.265348
    endloop
  endfacet
  facet normal 0.441136 0.660251 -0.607838
    outer loop
      vertex 32.2885 31.9824 1.70327
      vertex 31.8796 32.2556 1.70327
      vertex 32.5308 32.2982 2.22215
    endloop
  endfacet
  facet normal 0.523481 0.597075 -0.60784
    outer loop
      vertex 32.9397 31.9397 2.22215
      vertex 32.2885 31.9824 1.70327
      vertex 32.5308 32.2982 2.22215
    endloop
  endfacet
  facet normal -0.252786 -0.288236 -0.92359
    outer loop
      vertex 4.0216 3.72492 0.265348
      vertex 3.43627 3.43627 0.515635
      vertex 3.86354 3.86354 0.265348
    endloop
  endfacet
  facet normal -0.170996 -0.194976 -0.965787
    outer loop
      vertex 4.0216 3.72492 0.265348
      vertex 3.86354 3.86354 0.265348
      vertex 4.31025 4.31025 0.0960732
    endloop
  endfacet
  facet normal -0.194977 -0.170994 -0.965787
    outer loop
      vertex 4.31025 4.31025 0.0960732
      vertex 3.72492 4.0216 0.265348
      vertex 4.22612 4.40618 0.0960732
    endloop
  endfacet
  facet normal -0.288236 -0.252786 -0.92359
    outer loop
      vertex 3.86354 3.86354 0.265348
      vertex 3.43627 3.43627 0.515635
      vertex 3.72492 4.0216 0.265348
    endloop
  endfacet
  facet normal -0.194976 -0.170996 -0.965787
    outer loop
      vertex 3.86354 3.86354 0.265348
      vertex 3.72492 4.0216 0.265348
      vertex 4.31025 4.31025 0.0960732
    endloop
  endfacet
  facet normal -0.25435 -0.0506058 -0.965787
    outer loop
      vertex 4.05779 4.74753 0.0960732
      vertex 3.44757 4.58403 0.265348
      vertex 4.03289 4.87268 0.0960732
    endloop
  endfacet
  facet normal -0.128287 -0.0255241 -0.991409
    outer loop
      vertex 4.05779 4.74753 0.0960732
      vertex 4.03289 4.87268 0.0960732
      vertex 4.67578 4.95732 0.010705
    endloop
  endfacet
  facet normal 0.597033 -0.523496 0.607868
    outer loop
      vertex 32.9824 2.71154 90.2967
      vertex 32.9397 2.06031 89.7778
      vertex 33.2982 2.46917 89.7778
    endloop
  endfacet
  facet normal 0.651481 -0.571237 0.49926
    outer loop
      vertex 33.2982 2.46917 89.7778
      vertex 32.9397 2.06031 89.7778
      vertex 33.5577 2.27009 89.2114
    endloop
  endfacet
  facet normal 0.609356 -0.694795 0.382027
    outer loop
      vertex 33.1709 1.82908 89.2114
      vertex 32.7299 1.44231 89.2114
      vertex 33.3479 1.6521 88.6072
    endloop
  endfacet
  facet normal 0.694778 -0.609374 0.38203
    outer loop
      vertex 33.5577 2.27009 89.2114
      vertex 33.1709 1.82908 89.2114
      vertex 33.3479 1.6521 88.6072
    endloop
  endfacet
  facet normal -0.0170245 0.258798 -0.965782
    outer loop
      vertex 5 29.9755 0.0960732
      vertex 4.79022 30.5934 0.265348
      vertex 5 30.6072 0.265348
    endloop
  endfacet
  facet normal -0.0251647 0.38254 -0.923596
    outer loop
      vertex 4.79022 30.5934 0.265348
      vertex 4.71135 31.1925 0.515635
      vertex 5 30.6072 0.265348
    endloop
  endfacet
  facet normal -0.22752 0.670313 -0.706339
    outer loop
      vertex 4.14674 32.1844 1.2408
      vertex 3.7384 32.0458 1.2408
      vertex 4.02705 32.6311 1.70327
    endloop
  endfacet
  facet normal -0.227602 0.670324 -0.706302
    outer loop
      vertex 3.7384 32.0458 1.2408
      vertex 3.56142 32.473 1.70327
      vertex 4.02705 32.6311 1.70327
    endloop
  endfacet
  facet normal -0.215631 0.144071 -0.965788
    outer loop
      vertex 4.15523 29.4877 0.0960732
      vertex 3.60813 29.8036 0.265348
      vertex 3.72492 29.9784 0.265348
    endloop
  endfacet
  facet normal -0.232599 0.114684 -0.965787
    outer loop
      vertex 4.15523 29.4877 0.0960732
      vertex 3.51514 29.615 0.265348
      vertex 3.60813 29.8036 0.265348
    endloop
  endfacet
  facet normal -0.532222 -0.466734 0.706328
    outer loop
      vertex 2.38453 2.99308 90.7592
      vertex 2.01763 2.71154 90.2967
      vertex 2.34184 2.34184 90.2967
    endloop
  endfacet
  facet normal -0.588587 -0.393279 0.706327
    outer loop
      vertex 2.38453 2.99308 90.7592
      vertex 1.74444 3.1204 90.2967
      vertex 2.01763 2.71154 90.2967
    endloop
  endfacet
  facet normal 0.232635 -0.114651 0.965783
    outer loop
      vertex 30.9012 4.62671 91.9039
      vertex 30.8448 4.51227 91.9039
      vertex 31.4849 4.38495 91.7346
    endloop
  endfacet
  facet normal 0.41652 -0.278292 0.865485
    outer loop
      vertex 31.9152 3.89428 91.4844
      vertex 31.7545 3.65376 91.4844
      vertex 32.2038 3.30895 91.1573
    endloop
  endfacet
  facet normal 0.221538 -0.449251 0.865503
    outer loop
      vertex 31.1057 3.08483 91.4844
      vertex 31.063 2.4336 91.1573
      vertex 31.3889 2.59431 91.1573
    endloop
  endfacet
  facet normal 0.252693 -0.288204 0.923626
    outer loop
      vertex 31.1365 3.86354 91.7346
      vertex 30.9784 3.72492 91.7346
      vertex 31.5637 3.43627 91.4844
    endloop
  endfacet
  facet normal 0.123228 -0.362919 0.923637
    outer loop
      vertex 30.615 3.51514 91.7346
      vertex 30.416 3.44757 91.7346
      vertex 30.5724 2.86391 91.4844
    endloop
  endfacet
  facet normal 0.07477 -0.375904 0.923637
    outer loop
      vertex 30.416 3.44757 91.7346
      vertex 30.2887 2.80748 91.4844
      vertex 30.5724 2.86391 91.4844
    endloop
  endfacet
  facet normal -0.128285 -0.0255287 -0.991409
    outer loop
      vertex 4.68413 4.91536 0.010705
      vertex 4.05779 4.74753 0.0960732
      vertex 4.67578 4.95732 0.010705
    endloop
  endfacet
  facet normal -0.123857 -0.0420501 -0.991409
    outer loop
      vertex 4.69788 4.87486 0.010705
      vertex 4.0988 4.62671 0.0960732
      vertex 4.68413 4.91536 0.010705
    endloop
  endfacet
  facet normal 0.466691 0.532189 -0.706381
    outer loop
      vertex 32.6582 31.6582 1.70327
      vertex 32.0069 31.6155 1.2408
      vertex 32.2885 31.9824 1.70327
    endloop
  endfacet
  facet normal 0.393236 0.588558 -0.706375
    outer loop
      vertex 32.0069 31.6155 1.2408
      vertex 31.8796 32.2556 1.70327
      vertex 32.2885 31.9824 1.70327
    endloop
  endfacet
  facet normal -0.343849 -0.169565 -0.923588
    outer loop
      vertex 3.08483 3.89428 0.515635
      vertex 2.95689 4.15372 0.515635
      vertex 3.51514 4.38495 0.265348
    endloop
  endfacet
  facet normal -0.363041 -0.123231 -0.923588
    outer loop
      vertex 2.95689 4.15372 0.515635
      vertex 2.86391 4.42764 0.515635
      vertex 3.51514 4.38495 0.265348
    endloop
  endfacet
  facet normal -0.0862449 -0.0983416 -0.991408
    outer loop
      vertex 4.40618 4.22612 0.0960732
      vertex 4.31025 4.31025 0.0960732
      vertex 4.76876 4.76876 0.010705
    endloop
  endfacet
  facet normal -0.170994 -0.194977 -0.965787
    outer loop
      vertex 4.40618 4.22612 0.0960732
      vertex 4.0216 3.72492 0.265348
      vertex 4.31025 4.31025 0.0960732
    endloop
  endfacet
  facet normal 0.2783 -0.416479 0.865502
    outer loop
      vertex 31.691 2.79618 91.1573
      vertex 31.1057 3.08483 91.4844
      vertex 31.3889 2.59431 91.1573
    endloop
  endfacet
  facet normal 0.330263 -0.376608 0.865502
    outer loop
      vertex 31.9642 3.03576 91.1573
      vertex 31.5637 3.43627 91.4844
      vertex 31.691 2.79618 91.1573
    endloop
  endfacet
  facet normal 0.362948 -0.123226 0.923626
    outer loop
      vertex 32.1361 4.42764 91.4844
      vertex 31.4849 4.38495 91.7346
      vertex 32.0431 4.15372 91.4844
    endloop
  endfacet
  facet normal 0.474322 -0.161011 0.865502
    outer loop
      vertex 32.6832 4.28104 91.1573
      vertex 32.1361 4.42764 91.4844
      vertex 32.5664 3.93696 91.1573
    endloop
  endfacet
  facet normal 0.343728 -0.16954 0.923638
    outer loop
      vertex 31.4849 4.38495 91.7346
      vertex 31.3919 4.1964 91.7346
      vertex 31.9152 3.89428 91.4844
    endloop
  endfacet
  facet normal 0.232617 -0.114735 0.965777
    outer loop
      vertex 31.4849 4.38495 91.7346
      vertex 30.8448 4.51227 91.9039
      vertex 31.3919 4.1964 91.7346
    endloop
  endfacet
  facet normal 0.144091 -0.215661 0.965779
    outer loop
      vertex 30.9784 3.72492 91.7346
      vertex 30.4877 4.15523 91.9039
      vertex 30.8036 3.60813 91.7346
    endloop
  endfacet
  facet normal 0.1147 -0.232631 0.965778
    outer loop
      vertex 30.8036 3.60813 91.7346
      vertex 30.4877 4.15523 91.9039
      vertex 30.615 3.51514 91.7346
    endloop
  endfacet
  facet normal 0.161019 -0.474328 0.865497
    outer loop
      vertex 30.8463 2.95689 91.4844
      vertex 30.5724 2.86391 91.4844
      vertex 31.063 2.4336 91.1573
    endloop
  endfacet
  facet normal 0.123199 -0.362918 0.923641
    outer loop
      vertex 30.615 3.51514 91.7346
      vertex 30.5724 2.86391 91.4844
      vertex 30.8463 2.95689 91.4844
    endloop
  endfacet
  facet normal -0.343838 -0.169576 -0.923591
    outer loop
      vertex 3.60813 4.1964 0.265348
      vertex 3.08483 3.89428 0.515635
      vertex 3.51514 4.38495 0.265348
    endloop
  endfacet
  facet normal -0.23259 -0.11471 -0.965787
    outer loop
      vertex 3.60813 4.1964 0.265348
      vertex 3.51514 4.38495 0.265348
      vertex 4.15523 4.51227 0.0960732
    endloop
  endfacet
  facet normal -0.0862201 -0.0983582 -0.991409
    outer loop
      vertex 4.80093 4.74056 0.010705
      vertex 4.40618 4.22612 0.0960732
      vertex 4.76876 4.76876 0.010705
    endloop
  endfacet
  facet normal -0.0726708 -0.108755 -0.991409
    outer loop
      vertex 4.51227 4.15523 0.0960732
      vertex 4.40618 4.22612 0.0960732
      vertex 4.80093 4.74056 0.010705
    endloop
  endfacet
  facet normal 0.215661 -0.144103 0.965777
    outer loop
      vertex 31.3919 4.1964 91.7346
      vertex 30.8448 4.51227 91.9039
      vertex 31.2751 4.0216 91.7346
    endloop
  endfacet
  facet normal 0.376565 -0.330354 0.865485
    outer loop
      vertex 31.7545 3.65376 91.4844
      vertex 31.5637 3.43627 91.4844
      vertex 32.2038 3.30895 91.1573
    endloop
  endfacet
  facet normal 0.362946 -0.12306 0.923648
    outer loop
      vertex 31.5524 4.58403 91.7346
      vertex 31.4849 4.38495 91.7346
      vertex 32.1361 4.42764 91.4844
    endloop
  endfacet
  facet normal 0.245627 -0.0832821 0.96578
    outer loop
      vertex 31.5524 4.58403 91.7346
      vertex 30.9012 4.62671 91.9039
      vertex 31.4849 4.38495 91.7346
    endloop
  endfacet
  facet normal 0.194939 -0.171102 0.965776
    outer loop
      vertex 30.7739 4.40618 91.9039
      vertex 30.6897 4.31025 91.9039
      vertex 31.2751 4.0216 91.7346
    endloop
  endfacet
  facet normal 0.194997 -0.170989 0.965784
    outer loop
      vertex 31.2751 4.0216 91.7346
      vertex 30.6897 4.31025 91.9039
      vertex 31.1365 3.86354 91.7346
    endloop
  endfacet
  facet normal 0.212926 -0.318687 0.923635
    outer loop
      vertex 30.9784 3.72492 91.7346
      vertex 30.8036 3.60813 91.7346
      vertex 31.1057 3.08483 91.4844
    endloop
  endfacet
  facet normal 0.169492 -0.34376 0.923635
    outer loop
      vertex 30.8036 3.60813 91.7346
      vertex 30.615 3.51514 91.7346
      vertex 31.1057 3.08483 91.4844
    endloop
  endfacet
  facet normal 0.343787 -0.169482 0.923627
    outer loop
      vertex 32.0431 4.15372 91.4844
      vertex 31.4849 4.38495 91.7346
      vertex 31.9152 3.89428 91.4844
    endloop
  endfacet
  facet normal 0.449265 -0.221481 0.86551
    outer loop
      vertex 32.0431 4.15372 91.4844
      vertex 31.9152 3.89428 91.4844
      vertex 32.5664 3.93696 91.1573
    endloop
  endfacet
  facet normal 0.212952 -0.31868 0.923631
    outer loop
      vertex 31.3462 3.24554 91.4844
      vertex 30.9784 3.72492 91.7346
      vertex 31.1057 3.08483 91.4844
    endloop
  endfacet
  facet normal 0.278303 -0.416475 0.865503
    outer loop
      vertex 31.3462 3.24554 91.4844
      vertex 31.1057 3.08483 91.4844
      vertex 31.691 2.79618 91.1573
    endloop
  endfacet
  facet normal -1 0 0
    outer loop
      vertex 29.4 16.5 39.4
      vertex 29.4 33.9893 52.6
      vertex 29.4 33.9893 39.4
    endloop
  endfacet
  facet normal -1 -0 0
    outer loop
      vertex 29.4 33.9893 52.6
      vertex 29.4 16.5 39.4
      vertex 29.4 16.5 52.6
    endloop
  endfacet
  facet normal 0 0 -1
    outer loop
      vertex 5.6 16.5 52.6
      vertex 29.4 33.9893 52.6
      vertex 29.4 16.5 52.6
    endloop
  endfacet
  facet normal -0 0 -1
    outer loop
      vertex 29.4 33.9893 52.6
      vertex 5.6 16.5 52.6
      vertex 5.6 33.9893 52.6
    endloop
  endfacet
  facet normal -0 0 1
    outer loop
      vertex 5.6 33.9893 39.4
      vertex 29.4 16.5 39.4
      vertex 29.4 33.9893 39.4
    endloop
  endfacet
  facet normal 0 0 1
    outer loop
      vertex 29.4 16.5 39.4
      vertex 5.6 33.9893 39.4
      vertex 5.6 16.5 39.4
    endloop
  endfacet
  facet normal 1 -0 0
    outer loop
      vertex 5.6 16.5 52.6
      vertex 5.6 33.9893 39.4
      vertex 5.6 33.9893 52.6
    endloop
  endfacet
  facet normal 1 0 0
    outer loop
      vertex 5.6 33.9893 39.4
      vertex 5.6 16.5 52.6
      vertex 5.6 16.5 39.4
    endloop
  endfacet
  facet normal 0 1 -0
    outer loop
      vertex 29.4 16.5 39.4
      vertex 5.6 16.5 52.6
      vertex 29.4 16.5 52.6
    endloop
  endfacet
  facet normal 0 1 0
    outer loop
      vertex 5.6 16.5 52.6
      vertex 29.4 16.5 39.4
      vertex 5.6 16.5 39.4
    endloop
  endfacet
endsolid OpenSCAD_Model
