solid OpenSCAD_Model
  facet normal 0.555575 -0.831466 0
    outer loop
      vertex 26.2343 5.95015 1
      vertex 27.05 6.49519 2.6
      vertex 26.2343 5.95015 2.6
    endloop
  endfacet
  facet normal 0.555575 -0.831466 0
    outer loop
      vertex 27.05 6.49519 2.6
      vertex 26.2343 5.95015 1
      vertex 27.05 6.49519 1
    endloop
  endfacet
  facet normal -0.980784 -0.195098 0
    outer loop
      vertex 38.2358 0.978946 1
      vertex 38.0444 1.94114 2.6
      vertex 38.0444 1.94114 1
    endloop
  endfacet
  facet normal -0.980784 -0.195098 0
    outer loop
      vertex 38.0444 1.94114 2.6
      vertex 38.2358 0.978946 1
      vertex 38.2358 0.978946 2.6
    endloop
  endfacet
  facet normal -0.997856 -0.0654402 0
    outer loop
      vertex 38.3 0 1
      vertex 38.2358 0.978946 2.6
      vertex 38.2358 0.978946 1
    endloop
  endfacet
  facet normal -0.997856 -0.0654402 0
    outer loop
      vertex 38.2358 0.978946 2.6
      vertex 38.3 0 1
      vertex 38.3 0 2.6
    endloop
  endfacet
  facet normal -0.946944 -0.321397 0
    outer loop
      vertex 38.0444 1.94114 1
      vertex 37.7291 2.87012 2.6
      vertex 37.7291 2.87012 1
    endloop
  endfacet
  facet normal -0.946944 -0.321397 0
    outer loop
      vertex 37.7291 2.87012 2.6
      vertex 38.0444 1.94114 1
      vertex 38.0444 1.94114 2.6
    endloop
  endfacet
  facet normal 0.321428 -0.946934 0
    outer loop
      vertex 27.9299 6.9291 1
      vertex 28.8589 7.24444 2.6
      vertex 27.9299 6.9291 2.6
    endloop
  endfacet
  facet normal 0.321428 -0.946934 0
    outer loop
      vertex 28.8589 7.24444 2.6
      vertex 27.9299 6.9291 1
      vertex 28.8589 7.24444 1
    endloop
  endfacet
  facet normal -0.195097 -0.980784 0
    outer loop
      vertex 31.7789 7.43584 1
      vertex 32.7411 7.24444 2.6
      vertex 31.7789 7.43584 2.6
    endloop
  endfacet
  facet normal -0.195097 -0.980784 -0
    outer loop
      vertex 32.7411 7.24444 2.6
      vertex 31.7789 7.43584 1
      vertex 32.7411 7.24444 1
    endloop
  endfacet
  facet normal 0.946944 -0.321397 0
    outer loop
      vertex 23.5556 1.94114 2.6
      vertex 23.8709 2.87012 1
      vertex 23.8709 2.87012 2.6
    endloop
  endfacet
  facet normal 0.946944 -0.321397 0
    outer loop
      vertex 23.8709 2.87012 1
      vertex 23.5556 1.94114 2.6
      vertex 23.5556 1.94114 1
    endloop
  endfacet
  facet normal -0.896876 -0.442281 0
    outer loop
      vertex 37.7291 2.87012 1
      vertex 37.2952 3.75 2.6
      vertex 37.2952 3.75 1
    endloop
  endfacet
  facet normal -0.896876 -0.442281 0
    outer loop
      vertex 37.2952 3.75 2.6
      vertex 37.7291 2.87012 1
      vertex 37.7291 2.87012 2.6
    endloop
  endfacet
  facet normal -0.896876 0.442281 0
    outer loop
      vertex 37.2952 -3.75 1
      vertex 37.7291 -2.87012 2.6
      vertex 37.7291 -2.87012 1
    endloop
  endfacet
  facet normal -0.896876 0.442281 0
    outer loop
      vertex 37.7291 -2.87012 2.6
      vertex 37.2952 -3.75 1
      vertex 37.2952 -3.75 2.6
    endloop
  endfacet
  facet normal -0.831441 -0.555613 0
    outer loop
      vertex 37.2952 3.75 1
      vertex 36.7501 4.56571 2.6
      vertex 36.7501 4.56571 1
    endloop
  endfacet
  facet normal -0.831441 -0.555613 0
    outer loop
      vertex 36.7501 4.56571 2.6
      vertex 37.2952 3.75 1
      vertex 37.2952 3.75 2.6
    endloop
  endfacet
  facet normal -0.751865 -0.659318 0
    outer loop
      vertex 36.7501 4.56571 1
      vertex 36.1033 5.3033 2.6
      vertex 36.1033 5.3033 1
    endloop
  endfacet
  facet normal -0.751865 -0.659318 0
    outer loop
      vertex 36.1033 5.3033 2.6
      vertex 36.7501 4.56571 1
      vertex 36.7501 4.56571 2.6
    endloop
  endfacet
  facet normal -0.946944 0.321397 0
    outer loop
      vertex 37.7291 -2.87012 1
      vertex 38.0444 -1.94114 2.6
      vertex 38.0444 -1.94114 1
    endloop
  endfacet
  facet normal -0.946944 0.321397 0
    outer loop
      vertex 38.0444 -1.94114 2.6
      vertex 37.7291 -2.87012 1
      vertex 37.7291 -2.87012 2.6
    endloop
  endfacet
  facet normal 0.659341 -0.751844 0
    outer loop
      vertex 25.4967 5.3033 1
      vertex 26.2343 5.95015 2.6
      vertex 25.4967 5.3033 2.6
    endloop
  endfacet
  facet normal 0.659341 -0.751844 0
    outer loop
      vertex 26.2343 5.95015 2.6
      vertex 25.4967 5.3033 1
      vertex 26.2343 5.95015 1
    endloop
  endfacet
  facet normal -0.321428 -0.946934 0
    outer loop
      vertex 32.7411 7.24444 1
      vertex 33.6701 6.9291 2.6
      vertex 32.7411 7.24444 2.6
    endloop
  endfacet
  facet normal -0.321428 -0.946934 -0
    outer loop
      vertex 33.6701 6.9291 2.6
      vertex 32.7411 7.24444 1
      vertex 33.6701 6.9291 1
    endloop
  endfacet
  facet normal -0.751893 0.659285 0
    outer loop
      vertex 36.3693 -5 1
      vertex 36.7501 -4.56571 2.6
      vertex 36.7501 -4.56571 1
    endloop
  endfacet
  facet normal -0.751893 0.659285 0
    outer loop
      vertex 36.7501 -4.56571 2.6
      vertex 36.3693 -5 1
      vertex 36.3693 -5 2.6
    endloop
  endfacet
  facet normal 0.980784 0.195098 0
    outer loop
      vertex 23.5556 -1.94114 2.6
      vertex 23.3642 -0.978946 1
      vertex 23.3642 -0.978946 2.6
    endloop
  endfacet
  facet normal 0.980784 0.195098 0
    outer loop
      vertex 23.3642 -0.978946 1
      vertex 23.5556 -1.94114 2.6
      vertex 23.5556 -1.94114 1
    endloop
  endfacet
  facet normal 0.751814 -0.659375 0
    outer loop
      vertex 24.8498 4.56571 2.6
      vertex 25.4967 5.3033 1
      vertex 25.4967 5.3033 2.6
    endloop
  endfacet
  facet normal 0.751814 -0.659375 0
    outer loop
      vertex 25.4967 5.3033 1
      vertex 24.8498 4.56571 2.6
      vertex 24.8498 4.56571 1
    endloop
  endfacet
  facet normal 0.946944 0.321397 0
    outer loop
      vertex 23.8709 -2.87012 2.6
      vertex 23.5556 -1.94114 1
      vertex 23.5556 -1.94114 2.6
    endloop
  endfacet
  facet normal 0.946944 0.321397 0
    outer loop
      vertex 23.5556 -1.94114 1
      vertex 23.8709 -2.87012 2.6
      vertex 23.8709 -2.87012 1
    endloop
  endfacet
  facet normal -0.831441 0.555613 0
    outer loop
      vertex 36.7501 -4.56571 1
      vertex 37.2952 -3.75 2.6
      vertex 37.2952 -3.75 1
    endloop
  endfacet
  facet normal -0.831441 0.555613 0
    outer loop
      vertex 37.2952 -3.75 2.6
      vertex 36.7501 -4.56571 1
      vertex 36.7501 -4.56571 2.6
    endloop
  endfacet
  facet normal -0.442282 -0.896876 0
    outer loop
      vertex 33.6701 6.9291 1
      vertex 34.55 6.49519 2.6
      vertex 33.6701 6.9291 2.6
    endloop
  endfacet
  facet normal -0.442282 -0.896876 -0
    outer loop
      vertex 34.55 6.49519 2.6
      vertex 33.6701 6.9291 1
      vertex 34.55 6.49519 1
    endloop
  endfacet
  facet normal -0.997856 0.0654402 0
    outer loop
      vertex 38.2358 -0.978946 1
      vertex 38.3 0 2.6
      vertex 38.3 0 1
    endloop
  endfacet
  facet normal -0.997856 0.0654402 0
    outer loop
      vertex 38.3 0 2.6
      vertex 38.2358 -0.978946 1
      vertex 38.2358 -0.978946 2.6
    endloop
  endfacet
  facet normal 0.997856 0.0654402 0
    outer loop
      vertex 23.3642 -0.978946 2.6
      vertex 23.3 0 1
      vertex 23.3 0 2.6
    endloop
  endfacet
  facet normal 0.997856 0.0654402 0
    outer loop
      vertex 23.3 0 1
      vertex 23.3642 -0.978946 2.6
      vertex 23.3642 -0.978946 1
    endloop
  endfacet
  facet normal 0.442282 -0.896876 0
    outer loop
      vertex 27.05 6.49519 1
      vertex 27.9299 6.9291 2.6
      vertex 27.05 6.49519 2.6
    endloop
  endfacet
  facet normal 0.442282 -0.896876 0
    outer loop
      vertex 27.9299 6.9291 2.6
      vertex 27.05 6.49519 1
      vertex 27.9299 6.9291 1
    endloop
  endfacet
  facet normal -0.555575 -0.831466 0
    outer loop
      vertex 34.55 6.49519 1
      vertex 35.3657 5.95015 2.6
      vertex 34.55 6.49519 2.6
    endloop
  endfacet
  facet normal -0.555575 -0.831466 -0
    outer loop
      vertex 35.3657 5.95015 2.6
      vertex 34.55 6.49519 1
      vertex 35.3657 5.95015 1
    endloop
  endfacet
  facet normal 0.0654026 -0.997859 0
    outer loop
      vertex 29.8211 7.43584 1
      vertex 30.8 7.5 2.6
      vertex 29.8211 7.43584 2.6
    endloop
  endfacet
  facet normal 0.0654026 -0.997859 0
    outer loop
      vertex 30.8 7.5 2.6
      vertex 29.8211 7.43584 1
      vertex 30.8 7.5 1
    endloop
  endfacet
  facet normal -0.659341 -0.751844 0
    outer loop
      vertex 35.3657 5.95015 1
      vertex 36.1033 5.3033 2.6
      vertex 35.3657 5.95015 2.6
    endloop
  endfacet
  facet normal -0.659341 -0.751844 -0
    outer loop
      vertex 36.1033 5.3033 2.6
      vertex 35.3657 5.95015 1
      vertex 36.1033 5.3033 1
    endloop
  endfacet
  facet normal 0.997856 -0.0654402 0
    outer loop
      vertex 23.3 0 2.6
      vertex 23.3642 0.978946 1
      vertex 23.3642 0.978946 2.6
    endloop
  endfacet
  facet normal 0.997856 -0.0654402 0
    outer loop
      vertex 23.3642 0.978946 1
      vertex 23.3 0 2.6
      vertex 23.3 0 1
    endloop
  endfacet
  facet normal 0.896876 0.442281 0
    outer loop
      vertex 24.3048 -3.75 2.6
      vertex 23.8709 -2.87012 1
      vertex 23.8709 -2.87012 2.6
    endloop
  endfacet
  facet normal 0.896876 0.442281 0
    outer loop
      vertex 23.8709 -2.87012 1
      vertex 24.3048 -3.75 2.6
      vertex 24.3048 -3.75 1
    endloop
  endfacet
  facet normal 0.896876 -0.442281 0
    outer loop
      vertex 23.8709 2.87012 2.6
      vertex 24.3048 3.75 1
      vertex 24.3048 3.75 2.6
    endloop
  endfacet
  facet normal 0.896876 -0.442281 0
    outer loop
      vertex 24.3048 3.75 1
      vertex 23.8709 2.87012 2.6
      vertex 23.8709 2.87012 1
    endloop
  endfacet
  facet normal 0.831488 0.555542 0
    outer loop
      vertex 24.8498 -4.56571 2.6
      vertex 24.3048 -3.75 1
      vertex 24.3048 -3.75 2.6
    endloop
  endfacet
  facet normal 0.831488 0.555542 0
    outer loop
      vertex 24.3048 -3.75 1
      vertex 24.8498 -4.56571 2.6
      vertex 24.8498 -4.56571 1
    endloop
  endfacet
  facet normal -0.980784 0.195098 0
    outer loop
      vertex 38.0444 -1.94114 1
      vertex 38.2358 -0.978946 2.6
      vertex 38.2358 -0.978946 1
    endloop
  endfacet
  facet normal -0.980784 0.195098 0
    outer loop
      vertex 38.2358 -0.978946 2.6
      vertex 38.0444 -1.94114 1
      vertex 38.0444 -1.94114 2.6
    endloop
  endfacet
  facet normal 0 0 1
    outer loop
      vertex 38.2358 0.978946 1
      vertex 38.2358 -0.978946 1
      vertex 38.3 0 1
    endloop
  endfacet
  facet normal 0 0 1
    outer loop
      vertex 38.0444 1.94114 1
      vertex 38.2358 -0.978946 1
      vertex 38.2358 0.978946 1
    endloop
  endfacet
  facet normal 0 0 1
    outer loop
      vertex 38.0444 1.94114 1
      vertex 38.0444 -1.94114 1
      vertex 38.2358 -0.978946 1
    endloop
  endfacet
  facet normal 0 0 1
    outer loop
      vertex 37.7291 2.87012 1
      vertex 38.0444 -1.94114 1
      vertex 38.0444 1.94114 1
    endloop
  endfacet
  facet normal 0 0 1
    outer loop
      vertex 37.7291 2.87012 1
      vertex 37.7291 -2.87012 1
      vertex 38.0444 -1.94114 1
    endloop
  endfacet
  facet normal 0 0 1
    outer loop
      vertex 37.2952 3.75 1
      vertex 37.7291 -2.87012 1
      vertex 37.7291 2.87012 1
    endloop
  endfacet
  facet normal 0 0 1
    outer loop
      vertex 37.2952 3.75 1
      vertex 37.2952 -3.75 1
      vertex 37.7291 -2.87012 1
    endloop
  endfacet
  facet normal 0 0 1
    outer loop
      vertex 36.7501 4.56571 1
      vertex 37.2952 -3.75 1
      vertex 37.2952 3.75 1
    endloop
  endfacet
  facet normal 0 0 1
    outer loop
      vertex 36.3693 -5 1
      vertex 37.2952 -3.75 1
      vertex 36.7501 4.56571 1
    endloop
  endfacet
  facet normal 0 0 1
    outer loop
      vertex 37.2952 -3.75 1
      vertex 36.3693 -5 1
      vertex 36.7501 -4.56571 1
    endloop
  endfacet
  facet normal 0 0 1
    outer loop
      vertex 36.1033 5.3033 1
      vertex 36.3693 -5 1
      vertex 36.7501 4.56571 1
    endloop
  endfacet
  facet normal 0 0 1
    outer loop
      vertex 35.3657 5.95015 1
      vertex 36.3693 -5 1
      vertex 36.1033 5.3033 1
    endloop
  endfacet
  facet normal 0 0 1
    outer loop
      vertex 34.55 6.49519 1
      vertex 36.3693 -5 1
      vertex 35.3657 5.95015 1
    endloop
  endfacet
  facet normal 0 0 1
    outer loop
      vertex 33.6701 6.9291 1
      vertex 36.3693 -5 1
      vertex 34.55 6.49519 1
    endloop
  endfacet
  facet normal 0 0 1
    outer loop
      vertex 32.7411 7.24444 1
      vertex 36.3693 -5 1
      vertex 33.6701 6.9291 1
    endloop
  endfacet
  facet normal 0 0 1
    outer loop
      vertex 31.7789 7.43584 1
      vertex 36.3693 -5 1
      vertex 32.7411 7.24444 1
    endloop
  endfacet
  facet normal 0 0 1
    outer loop
      vertex 30.8 7.5 1
      vertex 36.3693 -5 1
      vertex 31.7789 7.43584 1
    endloop
  endfacet
  facet normal -0 0 1
    outer loop
      vertex 29.8211 7.43584 1
      vertex 36.3693 -5 1
      vertex 30.8 7.5 1
    endloop
  endfacet
  facet normal -0 0 1
    outer loop
      vertex 28.8589 7.24444 1
      vertex 36.3693 -5 1
      vertex 29.8211 7.43584 1
    endloop
  endfacet
  facet normal -0 0 1
    outer loop
      vertex 27.9299 6.9291 1
      vertex 36.3693 -5 1
      vertex 28.8589 7.24444 1
    endloop
  endfacet
  facet normal -0 0 1
    outer loop
      vertex 27.05 6.49519 1
      vertex 36.3693 -5 1
      vertex 27.9299 6.9291 1
    endloop
  endfacet
  facet normal -0 0 1
    outer loop
      vertex 26.2343 5.95015 1
      vertex 36.3693 -5 1
      vertex 27.05 6.49519 1
    endloop
  endfacet
  facet normal -0 0 1
    outer loop
      vertex 25.4967 5.3033 1
      vertex 36.3693 -5 1
      vertex 26.2343 5.95015 1
    endloop
  endfacet
  facet normal 0 0 1
    outer loop
      vertex 25.4967 5.3033 1
      vertex 25.2307 -5 1
      vertex 36.3693 -5 1
    endloop
  endfacet
  facet normal -0 0 1
    outer loop
      vertex 24.8498 4.56571 1
      vertex 25.2307 -5 1
      vertex 25.4967 5.3033 1
    endloop
  endfacet
  facet normal -0 0 1
    outer loop
      vertex 24.3048 3.75 1
      vertex 25.2307 -5 1
      vertex 24.8498 4.56571 1
    endloop
  endfacet
  facet normal -0 0 1
    outer loop
      vertex 24.3048 -3.75 1
      vertex 25.2307 -5 1
      vertex 24.3048 3.75 1
    endloop
  endfacet
  facet normal 0 0 1
    outer loop
      vertex 25.2307 -5 1
      vertex 24.3048 -3.75 1
      vertex 24.8498 -4.56571 1
    endloop
  endfacet
  facet normal -0 0 1
    outer loop
      vertex 23.8709 2.87012 1
      vertex 24.3048 -3.75 1
      vertex 24.3048 3.75 1
    endloop
  endfacet
  facet normal 0 0 1
    outer loop
      vertex 23.8709 2.87012 1
      vertex 23.8709 -2.87012 1
      vertex 24.3048 -3.75 1
    endloop
  endfacet
  facet normal -0 0 1
    outer loop
      vertex 23.5556 1.94114 1
      vertex 23.8709 -2.87012 1
      vertex 23.8709 2.87012 1
    endloop
  endfacet
  facet normal 0 0 1
    outer loop
      vertex 23.5556 1.94114 1
      vertex 23.5556 -1.94114 1
      vertex 23.8709 -2.87012 1
    endloop
  endfacet
  facet normal -0 0 1
    outer loop
      vertex 23.3642 0.978946 1
      vertex 23.5556 -1.94114 1
      vertex 23.5556 1.94114 1
    endloop
  endfacet
  facet normal 0 0 1
    outer loop
      vertex 23.3642 0.978946 1
      vertex 23.3642 -0.978946 1
      vertex 23.5556 -1.94114 1
    endloop
  endfacet
  facet normal 0 -0 1
    outer loop
      vertex 23.3642 -0.978946 1
      vertex 23.3642 0.978946 1
      vertex 23.3 0 1
    endloop
  endfacet
  facet normal -0.0654026 -0.997859 0
    outer loop
      vertex 30.8 7.5 1
      vertex 31.7789 7.43584 2.6
      vertex 30.8 7.5 2.6
    endloop
  endfacet
  facet normal -0.0654026 -0.997859 -0
    outer loop
      vertex 31.7789 7.43584 2.6
      vertex 30.8 7.5 1
      vertex 31.7789 7.43584 1
    endloop
  endfacet
  facet normal 0.195097 -0.980784 0
    outer loop
      vertex 28.8589 7.24444 1
      vertex 29.8211 7.43584 2.6
      vertex 28.8589 7.24444 2.6
    endloop
  endfacet
  facet normal 0.195097 -0.980784 0
    outer loop
      vertex 29.8211 7.43584 2.6
      vertex 28.8589 7.24444 1
      vertex 29.8211 7.43584 1
    endloop
  endfacet
  facet normal 0.751807 0.659383 0
    outer loop
      vertex 25.2307 -5 2.6
      vertex 24.8498 -4.56571 1
      vertex 24.8498 -4.56571 2.6
    endloop
  endfacet
  facet normal 0.751807 0.659383 0
    outer loop
      vertex 24.8498 -4.56571 1
      vertex 25.2307 -5 2.6
      vertex 25.2307 -5 1
    endloop
  endfacet
  facet normal 0.980784 -0.195098 0
    outer loop
      vertex 23.3642 0.978946 2.6
      vertex 23.5556 1.94114 1
      vertex 23.5556 1.94114 2.6
    endloop
  endfacet
  facet normal 0.980784 -0.195098 0
    outer loop
      vertex 23.5556 1.94114 1
      vertex 23.3642 0.978946 2.6
      vertex 23.3642 0.978946 1
    endloop
  endfacet
  facet normal 0.831488 -0.555542 0
    outer loop
      vertex 24.3048 3.75 2.6
      vertex 24.8498 4.56571 1
      vertex 24.8498 4.56571 2.6
    endloop
  endfacet
  facet normal 0.831488 -0.555542 0
    outer loop
      vertex 24.8498 4.56571 1
      vertex 24.3048 3.75 2.6
      vertex 24.3048 3.75 1
    endloop
  endfacet
  facet normal -0.659341 -0.751844 0
    outer loop
      vertex 69.7657 5.95015 1
      vertex 70.5033 5.3033 2.6
      vertex 69.7657 5.95015 2.6
    endloop
  endfacet
  facet normal -0.659341 -0.751844 -0
    outer loop
      vertex 70.5033 5.3033 2.6
      vertex 69.7657 5.95015 1
      vertex 70.5033 5.3033 1
    endloop
  endfacet
  facet normal -0.980784 -0.195098 0
    outer loop
      vertex 72.6358 0.978946 1
      vertex 72.4444 1.94114 2.6
      vertex 72.4444 1.94114 1
    endloop
  endfacet
  facet normal -0.980784 -0.195098 0
    outer loop
      vertex 72.4444 1.94114 2.6
      vertex 72.6358 0.978946 1
      vertex 72.6358 0.978946 2.6
    endloop
  endfacet
  facet normal -0.997856 -0.0654402 0
    outer loop
      vertex 72.7 0 1
      vertex 72.6358 0.978946 2.6
      vertex 72.6358 0.978946 1
    endloop
  endfacet
  facet normal -0.997856 -0.0654402 0
    outer loop
      vertex 72.6358 0.978946 2.6
      vertex 72.7 0 1
      vertex 72.7 0 2.6
    endloop
  endfacet
  facet normal -0.946944 -0.321397 0
    outer loop
      vertex 72.4444 1.94114 1
      vertex 72.1291 2.87012 2.6
      vertex 72.1291 2.87012 1
    endloop
  endfacet
  facet normal -0.946944 -0.321397 0
    outer loop
      vertex 72.1291 2.87012 2.6
      vertex 72.4444 1.94114 1
      vertex 72.4444 1.94114 2.6
    endloop
  endfacet
  facet normal -0.321428 -0.946934 0
    outer loop
      vertex 67.1411 7.24444 1
      vertex 68.0701 6.9291 2.6
      vertex 67.1411 7.24444 2.6
    endloop
  endfacet
  facet normal -0.321428 -0.946934 -0
    outer loop
      vertex 68.0701 6.9291 2.6
      vertex 67.1411 7.24444 1
      vertex 68.0701 6.9291 1
    endloop
  endfacet
  facet normal 0.751807 0.659383 0
    outer loop
      vertex 59.6307 -5 2.6
      vertex 59.2498 -4.56571 1
      vertex 59.2498 -4.56571 2.6
    endloop
  endfacet
  facet normal 0.751807 0.659383 0
    outer loop
      vertex 59.2498 -4.56571 1
      vertex 59.6307 -5 2.6
      vertex 59.6307 -5 1
    endloop
  endfacet
  facet normal -0.896876 -0.442281 0
    outer loop
      vertex 72.1291 2.87012 1
      vertex 71.6952 3.75 2.6
      vertex 71.6952 3.75 1
    endloop
  endfacet
  facet normal -0.896876 -0.442281 0
    outer loop
      vertex 71.6952 3.75 2.6
      vertex 72.1291 2.87012 1
      vertex 72.1291 2.87012 2.6
    endloop
  endfacet
  facet normal 0.0654026 -0.997859 0
    outer loop
      vertex 64.2211 7.43584 1
      vertex 65.2 7.5 2.6
      vertex 64.2211 7.43584 2.6
    endloop
  endfacet
  facet normal 0.0654026 -0.997859 0
    outer loop
      vertex 65.2 7.5 2.6
      vertex 64.2211 7.43584 1
      vertex 65.2 7.5 1
    endloop
  endfacet
  facet normal 0.946944 -0.321397 0
    outer loop
      vertex 57.9556 1.94114 2.6
      vertex 58.2709 2.87012 1
      vertex 58.2709 2.87012 2.6
    endloop
  endfacet
  facet normal 0.946944 -0.321397 0
    outer loop
      vertex 58.2709 2.87012 1
      vertex 57.9556 1.94114 2.6
      vertex 57.9556 1.94114 1
    endloop
  endfacet
  facet normal -0.555575 -0.831466 0
    outer loop
      vertex 68.95 6.49519 1
      vertex 69.7657 5.95015 2.6
      vertex 68.95 6.49519 2.6
    endloop
  endfacet
  facet normal -0.555575 -0.831466 -0
    outer loop
      vertex 69.7657 5.95015 2.6
      vertex 68.95 6.49519 1
      vertex 69.7657 5.95015 1
    endloop
  endfacet
  facet normal 0.751814 -0.659375 0
    outer loop
      vertex 59.2498 4.56571 2.6
      vertex 59.8967 5.3033 1
      vertex 59.8967 5.3033 2.6
    endloop
  endfacet
  facet normal 0.751814 -0.659375 0
    outer loop
      vertex 59.8967 5.3033 1
      vertex 59.2498 4.56571 2.6
      vertex 59.2498 4.56571 1
    endloop
  endfacet
  facet normal -0.195097 -0.980784 0
    outer loop
      vertex 66.1789 7.43584 1
      vertex 67.1411 7.24444 2.6
      vertex 66.1789 7.43584 2.6
    endloop
  endfacet
  facet normal -0.195097 -0.980784 -0
    outer loop
      vertex 67.1411 7.24444 2.6
      vertex 66.1789 7.43584 1
      vertex 67.1411 7.24444 1
    endloop
  endfacet
  facet normal -0.0654026 -0.997859 0
    outer loop
      vertex 65.2 7.5 1
      vertex 66.1789 7.43584 2.6
      vertex 65.2 7.5 2.6
    endloop
  endfacet
  facet normal -0.0654026 -0.997859 -0
    outer loop
      vertex 66.1789 7.43584 2.6
      vertex 65.2 7.5 1
      vertex 66.1789 7.43584 1
    endloop
  endfacet
  facet normal 0.442282 -0.896876 0
    outer loop
      vertex 61.45 6.49519 1
      vertex 62.3299 6.9291 2.6
      vertex 61.45 6.49519 2.6
    endloop
  endfacet
  facet normal 0.442282 -0.896876 0
    outer loop
      vertex 62.3299 6.9291 2.6
      vertex 61.45 6.49519 1
      vertex 62.3299 6.9291 1
    endloop
  endfacet
  facet normal -0.831441 -0.555613 0
    outer loop
      vertex 71.6952 3.75 1
      vertex 71.1501 4.56571 2.6
      vertex 71.1501 4.56571 1
    endloop
  endfacet
  facet normal -0.831441 -0.555613 0
    outer loop
      vertex 71.1501 4.56571 2.6
      vertex 71.6952 3.75 1
      vertex 71.6952 3.75 2.6
    endloop
  endfacet
  facet normal -0.997856 0.0654402 0
    outer loop
      vertex 72.6358 -0.978946 1
      vertex 72.7 0 2.6
      vertex 72.7 0 1
    endloop
  endfacet
  facet normal -0.997856 0.0654402 0
    outer loop
      vertex 72.7 0 2.6
      vertex 72.6358 -0.978946 1
      vertex 72.6358 -0.978946 2.6
    endloop
  endfacet
  facet normal 0.997856 -0.0654402 0
    outer loop
      vertex 57.7 0 2.6
      vertex 57.7642 0.978946 1
      vertex 57.7642 0.978946 2.6
    endloop
  endfacet
  facet normal 0.997856 -0.0654402 0
    outer loop
      vertex 57.7642 0.978946 1
      vertex 57.7 0 2.6
      vertex 57.7 0 1
    endloop
  endfacet
  facet normal -0.946944 0.321397 0
    outer loop
      vertex 72.1291 -2.87012 1
      vertex 72.4444 -1.94114 2.6
      vertex 72.4444 -1.94114 1
    endloop
  endfacet
  facet normal -0.946944 0.321397 0
    outer loop
      vertex 72.4444 -1.94114 2.6
      vertex 72.1291 -2.87012 1
      vertex 72.1291 -2.87012 2.6
    endloop
  endfacet
  facet normal 0.896876 0.442281 0
    outer loop
      vertex 58.7048 -3.75 2.6
      vertex 58.2709 -2.87012 1
      vertex 58.2709 -2.87012 2.6
    endloop
  endfacet
  facet normal 0.896876 0.442281 0
    outer loop
      vertex 58.2709 -2.87012 1
      vertex 58.7048 -3.75 2.6
      vertex 58.7048 -3.75 1
    endloop
  endfacet
  facet normal 0.831488 -0.555542 0
    outer loop
      vertex 58.7048 3.75 2.6
      vertex 59.2498 4.56571 1
      vertex 59.2498 4.56571 2.6
    endloop
  endfacet
  facet normal 0.831488 -0.555542 0
    outer loop
      vertex 59.2498 4.56571 1
      vertex 58.7048 3.75 2.6
      vertex 58.7048 3.75 1
    endloop
  endfacet
  facet normal -0.980784 0.195098 0
    outer loop
      vertex 72.4444 -1.94114 1
      vertex 72.6358 -0.978946 2.6
      vertex 72.6358 -0.978946 1
    endloop
  endfacet
  facet normal -0.980784 0.195098 0
    outer loop
      vertex 72.6358 -0.978946 2.6
      vertex 72.4444 -1.94114 1
      vertex 72.4444 -1.94114 2.6
    endloop
  endfacet
  facet normal 0.555575 -0.831466 0
    outer loop
      vertex 60.6343 5.95015 1
      vertex 61.45 6.49519 2.6
      vertex 60.6343 5.95015 2.6
    endloop
  endfacet
  facet normal 0.555575 -0.831466 0
    outer loop
      vertex 61.45 6.49519 2.6
      vertex 60.6343 5.95015 1
      vertex 61.45 6.49519 1
    endloop
  endfacet
  facet normal -0.442282 -0.896876 0
    outer loop
      vertex 68.0701 6.9291 1
      vertex 68.95 6.49519 2.6
      vertex 68.0701 6.9291 2.6
    endloop
  endfacet
  facet normal -0.442282 -0.896876 -0
    outer loop
      vertex 68.95 6.49519 2.6
      vertex 68.0701 6.9291 1
      vertex 68.95 6.49519 1
    endloop
  endfacet
  facet normal -0.751893 0.659285 0
    outer loop
      vertex 70.7693 -5 1
      vertex 71.1501 -4.56571 2.6
      vertex 71.1501 -4.56571 1
    endloop
  endfacet
  facet normal -0.751893 0.659285 0
    outer loop
      vertex 71.1501 -4.56571 2.6
      vertex 70.7693 -5 1
      vertex 70.7693 -5 2.6
    endloop
  endfacet
  facet normal -0.831441 0.555613 0
    outer loop
      vertex 71.1501 -4.56571 1
      vertex 71.6952 -3.75 2.6
      vertex 71.6952 -3.75 1
    endloop
  endfacet
  facet normal -0.831441 0.555613 0
    outer loop
      vertex 71.6952 -3.75 2.6
      vertex 71.1501 -4.56571 1
      vertex 71.1501 -4.56571 2.6
    endloop
  endfacet
  facet normal 0.896876 -0.442281 0
    outer loop
      vertex 58.2709 2.87012 2.6
      vertex 58.7048 3.75 1
      vertex 58.7048 3.75 2.6
    endloop
  endfacet
  facet normal 0.896876 -0.442281 0
    outer loop
      vertex 58.7048 3.75 1
      vertex 58.2709 2.87012 2.6
      vertex 58.2709 2.87012 1
    endloop
  endfacet
  facet normal 0.980784 0.195098 0
    outer loop
      vertex 57.9556 -1.94114 2.6
      vertex 57.7642 -0.978946 1
      vertex 57.7642 -0.978946 2.6
    endloop
  endfacet
  facet normal 0.980784 0.195098 0
    outer loop
      vertex 57.7642 -0.978946 1
      vertex 57.9556 -1.94114 2.6
      vertex 57.9556 -1.94114 1
    endloop
  endfacet
  facet normal 0.321428 -0.946934 0
    outer loop
      vertex 62.3299 6.9291 1
      vertex 63.2589 7.24444 2.6
      vertex 62.3299 6.9291 2.6
    endloop
  endfacet
  facet normal 0.321428 -0.946934 0
    outer loop
      vertex 63.2589 7.24444 2.6
      vertex 62.3299 6.9291 1
      vertex 63.2589 7.24444 1
    endloop
  endfacet
  facet normal 0.980784 -0.195098 0
    outer loop
      vertex 57.7642 0.978946 2.6
      vertex 57.9556 1.94114 1
      vertex 57.9556 1.94114 2.6
    endloop
  endfacet
  facet normal 0.980784 -0.195098 0
    outer loop
      vertex 57.9556 1.94114 1
      vertex 57.7642 0.978946 2.6
      vertex 57.7642 0.978946 1
    endloop
  endfacet
  facet normal -0.896876 0.442281 0
    outer loop
      vertex 71.6952 -3.75 1
      vertex 72.1291 -2.87012 2.6
      vertex 72.1291 -2.87012 1
    endloop
  endfacet
  facet normal -0.896876 0.442281 0
    outer loop
      vertex 72.1291 -2.87012 2.6
      vertex 71.6952 -3.75 1
      vertex 71.6952 -3.75 2.6
    endloop
  endfacet
  facet normal 0.946944 0.321397 0
    outer loop
      vertex 58.2709 -2.87012 2.6
      vertex 57.9556 -1.94114 1
      vertex 57.9556 -1.94114 2.6
    endloop
  endfacet
  facet normal 0.946944 0.321397 0
    outer loop
      vertex 57.9556 -1.94114 1
      vertex 58.2709 -2.87012 2.6
      vertex 58.2709 -2.87012 1
    endloop
  endfacet
  facet normal -0.751865 -0.659318 0
    outer loop
      vertex 71.1501 4.56571 1
      vertex 70.5033 5.3033 2.6
      vertex 70.5033 5.3033 1
    endloop
  endfacet
  facet normal -0.751865 -0.659318 0
    outer loop
      vertex 70.5033 5.3033 2.6
      vertex 71.1501 4.56571 1
      vertex 71.1501 4.56571 2.6
    endloop
  endfacet
  facet normal 0.997856 0.0654402 0
    outer loop
      vertex 57.7642 -0.978946 2.6
      vertex 57.7 0 1
      vertex 57.7 0 2.6
    endloop
  endfacet
  facet normal 0.997856 0.0654402 0
    outer loop
      vertex 57.7 0 1
      vertex 57.7642 -0.978946 2.6
      vertex 57.7642 -0.978946 1
    endloop
  endfacet
  facet normal 0.659341 -0.751844 0
    outer loop
      vertex 59.8967 5.3033 1
      vertex 60.6343 5.95015 2.6
      vertex 59.8967 5.3033 2.6
    endloop
  endfacet
  facet normal 0.659341 -0.751844 0
    outer loop
      vertex 60.6343 5.95015 2.6
      vertex 59.8967 5.3033 1
      vertex 60.6343 5.95015 1
    endloop
  endfacet
  facet normal 0.195097 -0.980784 0
    outer loop
      vertex 63.2589 7.24444 1
      vertex 64.2211 7.43584 2.6
      vertex 63.2589 7.24444 2.6
    endloop
  endfacet
  facet normal 0.195097 -0.980784 0
    outer loop
      vertex 64.2211 7.43584 2.6
      vertex 63.2589 7.24444 1
      vertex 64.2211 7.43584 1
    endloop
  endfacet
  facet normal 0 0 1
    outer loop
      vertex 72.6358 0.978946 1
      vertex 72.6358 -0.978946 1
      vertex 72.7 0 1
    endloop
  endfacet
  facet normal 0 0 1
    outer loop
      vertex 72.4444 1.94114 1
      vertex 72.6358 -0.978946 1
      vertex 72.6358 0.978946 1
    endloop
  endfacet
  facet normal 0 0 1
    outer loop
      vertex 72.4444 1.94114 1
      vertex 72.4444 -1.94114 1
      vertex 72.6358 -0.978946 1
    endloop
  endfacet
  facet normal 0 0 1
    outer loop
      vertex 72.1291 2.87012 1
      vertex 72.4444 -1.94114 1
      vertex 72.4444 1.94114 1
    endloop
  endfacet
  facet normal 0 0 1
    outer loop
      vertex 72.1291 2.87012 1
      vertex 72.1291 -2.87012 1
      vertex 72.4444 -1.94114 1
    endloop
  endfacet
  facet normal 0 0 1
    outer loop
      vertex 71.6952 3.75 1
      vertex 72.1291 -2.87012 1
      vertex 72.1291 2.87012 1
    endloop
  endfacet
  facet normal 0 0 1
    outer loop
      vertex 71.6952 3.75 1
      vertex 71.6952 -3.75 1
      vertex 72.1291 -2.87012 1
    endloop
  endfacet
  facet normal 0 0 1
    outer loop
      vertex 71.1501 4.56571 1
      vertex 71.6952 -3.75 1
      vertex 71.6952 3.75 1
    endloop
  endfacet
  facet normal 0 0 1
    outer loop
      vertex 70.7693 -5 1
      vertex 71.6952 -3.75 1
      vertex 71.1501 4.56571 1
    endloop
  endfacet
  facet normal 0 0 1
    outer loop
      vertex 71.6952 -3.75 1
      vertex 70.7693 -5 1
      vertex 71.1501 -4.56571 1
    endloop
  endfacet
  facet normal 0 0 1
    outer loop
      vertex 70.5033 5.3033 1
      vertex 70.7693 -5 1
      vertex 71.1501 4.56571 1
    endloop
  endfacet
  facet normal 0 0 1
    outer loop
      vertex 69.7657 5.95015 1
      vertex 70.7693 -5 1
      vertex 70.5033 5.3033 1
    endloop
  endfacet
  facet normal 0 0 1
    outer loop
      vertex 68.95 6.49519 1
      vertex 70.7693 -5 1
      vertex 69.7657 5.95015 1
    endloop
  endfacet
  facet normal 0 0 1
    outer loop
      vertex 68.0701 6.9291 1
      vertex 70.7693 -5 1
      vertex 68.95 6.49519 1
    endloop
  endfacet
  facet normal 0 0 1
    outer loop
      vertex 67.1411 7.24444 1
      vertex 70.7693 -5 1
      vertex 68.0701 6.9291 1
    endloop
  endfacet
  facet normal 0 0 1
    outer loop
      vertex 66.1789 7.43584 1
      vertex 70.7693 -5 1
      vertex 67.1411 7.24444 1
    endloop
  endfacet
  facet normal 0 0 1
    outer loop
      vertex 65.2 7.5 1
      vertex 70.7693 -5 1
      vertex 66.1789 7.43584 1
    endloop
  endfacet
  facet normal -0 0 1
    outer loop
      vertex 64.2211 7.43584 1
      vertex 70.7693 -5 1
      vertex 65.2 7.5 1
    endloop
  endfacet
  facet normal -0 0 1
    outer loop
      vertex 63.2589 7.24444 1
      vertex 70.7693 -5 1
      vertex 64.2211 7.43584 1
    endloop
  endfacet
  facet normal -0 0 1
    outer loop
      vertex 62.3299 6.9291 1
      vertex 70.7693 -5 1
      vertex 63.2589 7.24444 1
    endloop
  endfacet
  facet normal -0 0 1
    outer loop
      vertex 61.45 6.49519 1
      vertex 70.7693 -5 1
      vertex 62.3299 6.9291 1
    endloop
  endfacet
  facet normal -0 0 1
    outer loop
      vertex 60.6343 5.95015 1
      vertex 70.7693 -5 1
      vertex 61.45 6.49519 1
    endloop
  endfacet
  facet normal -0 0 1
    outer loop
      vertex 59.8967 5.3033 1
      vertex 70.7693 -5 1
      vertex 60.6343 5.95015 1
    endloop
  endfacet
  facet normal 0 0 1
    outer loop
      vertex 59.8967 5.3033 1
      vertex 59.6307 -5 1
      vertex 70.7693 -5 1
    endloop
  endfacet
  facet normal -0 0 1
    outer loop
      vertex 59.2498 4.56571 1
      vertex 59.6307 -5 1
      vertex 59.8967 5.3033 1
    endloop
  endfacet
  facet normal -0 0 1
    outer loop
      vertex 58.7048 3.75 1
      vertex 59.6307 -5 1
      vertex 59.2498 4.56571 1
    endloop
  endfacet
  facet normal -0 0 1
    outer loop
      vertex 58.7048 -3.75 1
      vertex 59.6307 -5 1
      vertex 58.7048 3.75 1
    endloop
  endfacet
  facet normal 0 0 1
    outer loop
      vertex 59.6307 -5 1
      vertex 58.7048 -3.75 1
      vertex 59.2498 -4.56571 1
    endloop
  endfacet
  facet normal -0 0 1
    outer loop
      vertex 58.2709 2.87012 1
      vertex 58.7048 -3.75 1
      vertex 58.7048 3.75 1
    endloop
  endfacet
  facet normal 0 0 1
    outer loop
      vertex 58.2709 2.87012 1
      vertex 58.2709 -2.87012 1
      vertex 58.7048 -3.75 1
    endloop
  endfacet
  facet normal -0 0 1
    outer loop
      vertex 57.9556 1.94114 1
      vertex 58.2709 -2.87012 1
      vertex 58.2709 2.87012 1
    endloop
  endfacet
  facet normal 0 0 1
    outer loop
      vertex 57.9556 1.94114 1
      vertex 57.9556 -1.94114 1
      vertex 58.2709 -2.87012 1
    endloop
  endfacet
  facet normal -0 0 1
    outer loop
      vertex 57.7642 0.978946 1
      vertex 57.9556 -1.94114 1
      vertex 57.9556 1.94114 1
    endloop
  endfacet
  facet normal 0 0 1
    outer loop
      vertex 57.7642 0.978946 1
      vertex 57.7642 -0.978946 1
      vertex 57.9556 -1.94114 1
    endloop
  endfacet
  facet normal 0 -0 1
    outer loop
      vertex 57.7642 -0.978946 1
      vertex 57.7642 0.978946 1
      vertex 57.7 0 1
    endloop
  endfacet
  facet normal 0.831488 0.555542 0
    outer loop
      vertex 59.2498 -4.56571 2.6
      vertex 58.7048 -3.75 1
      vertex 58.7048 -3.75 2.6
    endloop
  endfacet
  facet normal 0.831488 0.555542 0
    outer loop
      vertex 58.7048 -3.75 1
      vertex 59.2498 -4.56571 2.6
      vertex 59.2498 -4.56571 1
    endloop
  endfacet
  facet normal -0.980786 -0.195087 0
    outer loop
      vertex 9.58631 8.20884 1
      vertex 9.54548 8.41411 2.6
      vertex 9.54548 8.41411 1
    endloop
  endfacet
  facet normal -0.980786 -0.195087 0
    outer loop
      vertex 9.54548 8.41411 2.6
      vertex 9.58631 8.20884 1
      vertex 9.58631 8.20884 2.6
    endloop
  endfacet
  facet normal -0.997858 -0.0654122 0
    outer loop
      vertex 9.6 8 1
      vertex 9.58631 8.20884 2.6
      vertex 9.58631 8.20884 1
    endloop
  endfacet
  facet normal -0.997858 -0.0654122 0
    outer loop
      vertex 9.58631 8.20884 2.6
      vertex 9.6 8 1
      vertex 9.6 8 2.6
    endloop
  endfacet
  facet normal -0.946935 -0.321426 0
    outer loop
      vertex 9.54548 8.41411 1
      vertex 9.47821 8.61229 2.6
      vertex 9.47821 8.61229 1
    endloop
  endfacet
  facet normal -0.946935 -0.321426 0
    outer loop
      vertex 9.47821 8.61229 2.6
      vertex 9.54548 8.41411 1
      vertex 9.54548 8.41411 2.6
    endloop
  endfacet
  facet normal -0.831484 -0.555549 0
    outer loop
      vertex 9.38564 8.8 1
      vertex 9.26937 8.97402 2.6
      vertex 9.26937 8.97402 1
    endloop
  endfacet
  facet normal -0.831484 -0.555549 0
    outer loop
      vertex 9.26937 8.97402 2.6
      vertex 9.38564 8.8 1
      vertex 9.38564 8.8 2.6
    endloop
  endfacet
  facet normal 0.946935 0.321426 0
    outer loop
      vertex 6.52179 7.38771 2.6
      vertex 6.45452 7.58589 1
      vertex 6.45452 7.58589 2.6
    endloop
  endfacet
  facet normal 0.946935 0.321426 0
    outer loop
      vertex 6.45452 7.58589 1
      vertex 6.52179 7.38771 2.6
      vertex 6.52179 7.38771 1
    endloop
  endfacet
  facet normal -0.555549 -0.831484 0
    outer loop
      vertex 8.8 9.38564 1
      vertex 8.97402 9.26937 2.6
      vertex 8.8 9.38564 2.6
    endloop
  endfacet
  facet normal -0.555549 -0.831484 -0
    outer loop
      vertex 8.97402 9.26937 2.6
      vertex 8.8 9.38564 1
      vertex 8.97402 9.26937 1
    endloop
  endfacet
  facet normal -0.980786 0.195087 0
    outer loop
      vertex 9.54548 7.58589 1
      vertex 9.58631 7.79116 2.6
      vertex 9.58631 7.79116 1
    endloop
  endfacet
  facet normal -0.980786 0.195087 0
    outer loop
      vertex 9.58631 7.79116 2.6
      vertex 9.54548 7.58589 1
      vertex 9.54548 7.58589 2.6
    endloop
  endfacet
  facet normal 0.555549 -0.831484 0
    outer loop
      vertex 7.02598 9.26937 1
      vertex 7.2 9.38564 2.6
      vertex 7.02598 9.26937 2.6
    endloop
  endfacet
  facet normal 0.555549 -0.831484 0
    outer loop
      vertex 7.2 9.38564 2.6
      vertex 7.02598 9.26937 1
      vertex 7.2 9.38564 1
    endloop
  endfacet
  facet normal -0.321426 -0.946935 0
    outer loop
      vertex 8.41411 9.54548 1
      vertex 8.61229 9.47821 2.6
      vertex 8.41411 9.54548 2.6
    endloop
  endfacet
  facet normal -0.321426 -0.946935 -0
    outer loop
      vertex 8.61229 9.47821 2.6
      vertex 8.41411 9.54548 1
      vertex 8.61229 9.47821 1
    endloop
  endfacet
  facet normal -0.946935 0.321426 0
    outer loop
      vertex 9.47821 7.38771 1
      vertex 9.54548 7.58589 2.6
      vertex 9.54548 7.58589 1
    endloop
  endfacet
  facet normal -0.946935 0.321426 0
    outer loop
      vertex 9.54548 7.58589 2.6
      vertex 9.47821 7.38771 1
      vertex 9.47821 7.38771 2.6
    endloop
  endfacet
  facet normal -0.442295 0.89687 0
    outer loop
      vertex 8.8 6.61436 1
      vertex 8.61229 6.52179 2.6
      vertex 8.8 6.61436 2.6
    endloop
  endfacet
  facet normal -0.442295 0.89687 0
    outer loop
      vertex 8.61229 6.52179 2.6
      vertex 8.8 6.61436 1
      vertex 8.61229 6.52179 1
    endloop
  endfacet
  facet normal 0 0 1
    outer loop
      vertex 9.58631 8.20884 1
      vertex 9.58631 7.79116 1
      vertex 9.6 8 1
    endloop
  endfacet
  facet normal 0 0 1
    outer loop
      vertex 9.54548 8.41411 1
      vertex 9.58631 7.79116 1
      vertex 9.58631 8.20884 1
    endloop
  endfacet
  facet normal 0 0 1
    outer loop
      vertex 9.54548 8.41411 1
      vertex 9.54548 7.58589 1
      vertex 9.58631 7.79116 1
    endloop
  endfacet
  facet normal 0 0 1
    outer loop
      vertex 9.47821 8.61229 1
      vertex 9.54548 7.58589 1
      vertex 9.54548 8.41411 1
    endloop
  endfacet
  facet normal 0 0 1
    outer loop
      vertex 9.47821 8.61229 1
      vertex 9.47821 7.38771 1
      vertex 9.54548 7.58589 1
    endloop
  endfacet
  facet normal 0 0 1
    outer loop
      vertex 9.38564 8.8 1
      vertex 9.47821 7.38771 1
      vertex 9.47821 8.61229 1
    endloop
  endfacet
  facet normal 0 0 1
    outer loop
      vertex 9.38564 8.8 1
      vertex 9.38564 7.2 1
      vertex 9.47821 7.38771 1
    endloop
  endfacet
  facet normal 0 0 1
    outer loop
      vertex 9.26937 8.97402 1
      vertex 9.38564 7.2 1
      vertex 9.38564 8.8 1
    endloop
  endfacet
  facet normal 0 0 1
    outer loop
      vertex 9.26937 8.97402 1
      vertex 9.26937 7.02598 1
      vertex 9.38564 7.2 1
    endloop
  endfacet
  facet normal 0 0 1
    outer loop
      vertex 9.13137 9.13137 1
      vertex 9.26937 7.02598 1
      vertex 9.26937 8.97402 1
    endloop
  endfacet
  facet normal 0 0 1
    outer loop
      vertex 9.13137 9.13137 1
      vertex 9.13137 6.86863 1
      vertex 9.26937 7.02598 1
    endloop
  endfacet
  facet normal 0 0 1
    outer loop
      vertex 8.97402 9.26937 1
      vertex 9.13137 6.86863 1
      vertex 9.13137 9.13137 1
    endloop
  endfacet
  facet normal 0 0 1
    outer loop
      vertex 8.97402 9.26937 1
      vertex 8.97402 6.73063 1
      vertex 9.13137 6.86863 1
    endloop
  endfacet
  facet normal 0 0 1
    outer loop
      vertex 8.8 9.38564 1
      vertex 8.97402 6.73063 1
      vertex 8.97402 9.26937 1
    endloop
  endfacet
  facet normal 0 0 1
    outer loop
      vertex 8.8 9.38564 1
      vertex 8.8 6.61436 1
      vertex 8.97402 6.73063 1
    endloop
  endfacet
  facet normal 0 0 1
    outer loop
      vertex 8.61229 9.47821 1
      vertex 8.8 6.61436 1
      vertex 8.8 9.38564 1
    endloop
  endfacet
  facet normal 0 0 1
    outer loop
      vertex 8.61229 9.47821 1
      vertex 8.61229 6.52179 1
      vertex 8.8 6.61436 1
    endloop
  endfacet
  facet normal 0 0 1
    outer loop
      vertex 8.41411 9.54548 1
      vertex 8.61229 6.52179 1
      vertex 8.61229 9.47821 1
    endloop
  endfacet
  facet normal 0 0 1
    outer loop
      vertex 8.41411 9.54548 1
      vertex 8.41411 6.45452 1
      vertex 8.61229 6.52179 1
    endloop
  endfacet
  facet normal 0 0 1
    outer loop
      vertex 8.20884 9.58631 1
      vertex 8.41411 6.45452 1
      vertex 8.41411 9.54548 1
    endloop
  endfacet
  facet normal 0 0 1
    outer loop
      vertex 8.20884 9.58631 1
      vertex 8.20884 6.41369 1
      vertex 8.41411 6.45452 1
    endloop
  endfacet
  facet normal 0 0 1
    outer loop
      vertex 8 9.6 1
      vertex 8.20884 6.41369 1
      vertex 8.20884 9.58631 1
    endloop
  endfacet
  facet normal 0 0 1
    outer loop
      vertex 8 9.6 1
      vertex 8 6.4 1
      vertex 8.20884 6.41369 1
    endloop
  endfacet
  facet normal -0 0 1
    outer loop
      vertex 7.79116 9.58631 1
      vertex 8 6.4 1
      vertex 8 9.6 1
    endloop
  endfacet
  facet normal 0 0 1
    outer loop
      vertex 7.79116 9.58631 1
      vertex 7.79116 6.41369 1
      vertex 8 6.4 1
    endloop
  endfacet
  facet normal -0 0 1
    outer loop
      vertex 7.58589 9.54548 1
      vertex 7.79116 6.41369 1
      vertex 7.79116 9.58631 1
    endloop
  endfacet
  facet normal 0 0 1
    outer loop
      vertex 7.58589 9.54548 1
      vertex 7.58589 6.45452 1
      vertex 7.79116 6.41369 1
    endloop
  endfacet
  facet normal -0 0 1
    outer loop
      vertex 7.38771 9.47821 1
      vertex 7.58589 6.45452 1
      vertex 7.58589 9.54548 1
    endloop
  endfacet
  facet normal 0 0 1
    outer loop
      vertex 7.38771 9.47821 1
      vertex 7.38771 6.52179 1
      vertex 7.58589 6.45452 1
    endloop
  endfacet
  facet normal -0 0 1
    outer loop
      vertex 7.2 9.38564 1
      vertex 7.38771 6.52179 1
      vertex 7.38771 9.47821 1
    endloop
  endfacet
  facet normal 0 0 1
    outer loop
      vertex 7.2 9.38564 1
      vertex 7.2 6.61436 1
      vertex 7.38771 6.52179 1
    endloop
  endfacet
  facet normal -0 0 1
    outer loop
      vertex 7.02598 9.26937 1
      vertex 7.2 6.61436 1
      vertex 7.2 9.38564 1
    endloop
  endfacet
  facet normal 0 0 1
    outer loop
      vertex 7.02598 9.26937 1
      vertex 7.02598 6.73063 1
      vertex 7.2 6.61436 1
    endloop
  endfacet
  facet normal -0 0 1
    outer loop
      vertex 6.86863 9.13137 1
      vertex 7.02598 6.73063 1
      vertex 7.02598 9.26937 1
    endloop
  endfacet
  facet normal 0 0 1
    outer loop
      vertex 6.86863 9.13137 1
      vertex 6.86863 6.86863 1
      vertex 7.02598 6.73063 1
    endloop
  endfacet
  facet normal -0 0 1
    outer loop
      vertex 6.73063 8.97402 1
      vertex 6.86863 6.86863 1
      vertex 6.86863 9.13137 1
    endloop
  endfacet
  facet normal 0 0 1
    outer loop
      vertex 6.73063 8.97402 1
      vertex 6.73063 7.02598 1
      vertex 6.86863 6.86863 1
    endloop
  endfacet
  facet normal -0 0 1
    outer loop
      vertex 6.61436 8.8 1
      vertex 6.73063 7.02598 1
      vertex 6.73063 8.97402 1
    endloop
  endfacet
  facet normal 0 0 1
    outer loop
      vertex 6.61436 8.8 1
      vertex 6.61436 7.2 1
      vertex 6.73063 7.02598 1
    endloop
  endfacet
  facet normal -0 0 1
    outer loop
      vertex 6.52179 8.61229 1
      vertex 6.61436 7.2 1
      vertex 6.61436 8.8 1
    endloop
  endfacet
  facet normal 0 0 1
    outer loop
      vertex 6.52179 8.61229 1
      vertex 6.52179 7.38771 1
      vertex 6.61436 7.2 1
    endloop
  endfacet
  facet normal -0 0 1
    outer loop
      vertex 6.45452 8.41411 1
      vertex 6.52179 7.38771 1
      vertex 6.52179 8.61229 1
    endloop
  endfacet
  facet normal 0 0 1
    outer loop
      vertex 6.45452 8.41411 1
      vertex 6.45452 7.58589 1
      vertex 6.52179 7.38771 1
    endloop
  endfacet
  facet normal -0 0 1
    outer loop
      vertex 6.41369 8.20884 1
      vertex 6.45452 7.58589 1
      vertex 6.45452 8.41411 1
    endloop
  endfacet
  facet normal 0 0 1
    outer loop
      vertex 6.41369 8.20884 1
      vertex 6.41369 7.79116 1
      vertex 6.45452 7.58589 1
    endloop
  endfacet
  facet normal 0 -0 1
    outer loop
      vertex 6.41369 7.79116 1
      vertex 6.41369 8.20884 1
      vertex 6.4 8 1
    endloop
  endfacet
  facet normal 0.659367 -0.751821 0
    outer loop
      vertex 6.86863 9.13137 1
      vertex 7.02598 9.26937 2.6
      vertex 6.86863 9.13137 2.6
    endloop
  endfacet
  facet normal 0.659367 -0.751821 0
    outer loop
      vertex 7.02598 9.26937 2.6
      vertex 6.86863 9.13137 1
      vertex 7.02598 9.26937 1
    endloop
  endfacet
  facet normal -0.89687 -0.442295 0
    outer loop
      vertex 9.47821 8.61229 1
      vertex 9.38564 8.8 2.6
      vertex 9.38564 8.8 1
    endloop
  endfacet
  facet normal -0.89687 -0.442295 0
    outer loop
      vertex 9.38564 8.8 2.6
      vertex 9.47821 8.61229 1
      vertex 9.47821 8.61229 2.6
    endloop
  endfacet
  facet normal 0.195087 -0.980786 0
    outer loop
      vertex 7.58589 9.54548 1
      vertex 7.79116 9.58631 2.6
      vertex 7.58589 9.54548 2.6
    endloop
  endfacet
  facet normal 0.195087 -0.980786 0
    outer loop
      vertex 7.79116 9.58631 2.6
      vertex 7.58589 9.54548 1
      vertex 7.79116 9.58631 1
    endloop
  endfacet
  facet normal -0.831484 0.555549 0
    outer loop
      vertex 9.26937 7.02598 1
      vertex 9.38564 7.2 2.6
      vertex 9.38564 7.2 1
    endloop
  endfacet
  facet normal -0.831484 0.555549 0
    outer loop
      vertex 9.38564 7.2 2.6
      vertex 9.26937 7.02598 1
      vertex 9.26937 7.02598 2.6
    endloop
  endfacet
  facet normal -0.0654122 0.997858 0
    outer loop
      vertex 8.20884 6.41369 1
      vertex 8 6.4 2.6
      vertex 8.20884 6.41369 2.6
    endloop
  endfacet
  facet normal -0.0654122 0.997858 0
    outer loop
      vertex 8 6.4 2.6
      vertex 8.20884 6.41369 1
      vertex 8 6.4 1
    endloop
  endfacet
  facet normal 0.89687 0.442295 0
    outer loop
      vertex 6.61436 7.2 2.6
      vertex 6.52179 7.38771 1
      vertex 6.52179 7.38771 2.6
    endloop
  endfacet
  facet normal 0.89687 0.442295 0
    outer loop
      vertex 6.52179 7.38771 1
      vertex 6.61436 7.2 2.6
      vertex 6.61436 7.2 1
    endloop
  endfacet
  facet normal -0.442295 -0.89687 0
    outer loop
      vertex 8.61229 9.47821 1
      vertex 8.8 9.38564 2.6
      vertex 8.61229 9.47821 2.6
    endloop
  endfacet
  facet normal -0.442295 -0.89687 -0
    outer loop
      vertex 8.8 9.38564 2.6
      vertex 8.61229 9.47821 1
      vertex 8.8 9.38564 1
    endloop
  endfacet
  facet normal 0.321426 0.946935 -0
    outer loop
      vertex 7.58589 6.45452 1
      vertex 7.38771 6.52179 2.6
      vertex 7.58589 6.45452 2.6
    endloop
  endfacet
  facet normal 0.321426 0.946935 0
    outer loop
      vertex 7.38771 6.52179 2.6
      vertex 7.58589 6.45452 1
      vertex 7.38771 6.52179 1
    endloop
  endfacet
  facet normal 0.442295 -0.89687 0
    outer loop
      vertex 7.2 9.38564 1
      vertex 7.38771 9.47821 2.6
      vertex 7.2 9.38564 2.6
    endloop
  endfacet
  facet normal 0.442295 -0.89687 0
    outer loop
      vertex 7.38771 9.47821 2.6
      vertex 7.2 9.38564 1
      vertex 7.38771 9.47821 1
    endloop
  endfacet
  facet normal 0.442295 0.89687 -0
    outer loop
      vertex 7.38771 6.52179 1
      vertex 7.2 6.61436 2.6
      vertex 7.38771 6.52179 2.6
    endloop
  endfacet
  facet normal 0.442295 0.89687 0
    outer loop
      vertex 7.2 6.61436 2.6
      vertex 7.38771 6.52179 1
      vertex 7.2 6.61436 1
    endloop
  endfacet
  facet normal 0.980786 0.195087 0
    outer loop
      vertex 6.45452 7.58589 2.6
      vertex 6.41369 7.79116 1
      vertex 6.41369 7.79116 2.6
    endloop
  endfacet
  facet normal 0.980786 0.195087 0
    outer loop
      vertex 6.41369 7.79116 1
      vertex 6.45452 7.58589 2.6
      vertex 6.45452 7.58589 1
    endloop
  endfacet
  facet normal 0.555549 0.831484 -0
    outer loop
      vertex 7.2 6.61436 1
      vertex 7.02598 6.73063 2.6
      vertex 7.2 6.61436 2.6
    endloop
  endfacet
  facet normal 0.555549 0.831484 0
    outer loop
      vertex 7.02598 6.73063 2.6
      vertex 7.2 6.61436 1
      vertex 7.02598 6.73063 1
    endloop
  endfacet
  facet normal -0.195087 -0.980786 0
    outer loop
      vertex 8.20884 9.58631 1
      vertex 8.41411 9.54548 2.6
      vertex 8.20884 9.58631 2.6
    endloop
  endfacet
  facet normal -0.195087 -0.980786 -0
    outer loop
      vertex 8.41411 9.54548 2.6
      vertex 8.20884 9.58631 1
      vertex 8.41411 9.54548 1
    endloop
  endfacet
  facet normal -0.195087 0.980786 0
    outer loop
      vertex 8.41411 6.45452 1
      vertex 8.20884 6.41369 2.6
      vertex 8.41411 6.45452 2.6
    endloop
  endfacet
  facet normal -0.195087 0.980786 0
    outer loop
      vertex 8.20884 6.41369 2.6
      vertex 8.41411 6.45452 1
      vertex 8.20884 6.41369 1
    endloop
  endfacet
  facet normal 0.751821 0.659367 0
    outer loop
      vertex 6.86863 6.86863 2.6
      vertex 6.73063 7.02598 1
      vertex 6.73063 7.02598 2.6
    endloop
  endfacet
  facet normal 0.751821 0.659367 0
    outer loop
      vertex 6.73063 7.02598 1
      vertex 6.86863 6.86863 2.6
      vertex 6.86863 6.86863 1
    endloop
  endfacet
  facet normal 0.751821 -0.659367 0
    outer loop
      vertex 6.73063 8.97402 2.6
      vertex 6.86863 9.13137 1
      vertex 6.86863 9.13137 2.6
    endloop
  endfacet
  facet normal 0.751821 -0.659367 0
    outer loop
      vertex 6.86863 9.13137 1
      vertex 6.73063 8.97402 2.6
      vertex 6.73063 8.97402 1
    endloop
  endfacet
  facet normal -0.997858 0.0654122 0
    outer loop
      vertex 9.58631 7.79116 1
      vertex 9.6 8 2.6
      vertex 9.6 8 1
    endloop
  endfacet
  facet normal -0.997858 0.0654122 0
    outer loop
      vertex 9.6 8 2.6
      vertex 9.58631 7.79116 1
      vertex 9.58631 7.79116 2.6
    endloop
  endfacet
  facet normal 0.831484 -0.555549 0
    outer loop
      vertex 6.61436 8.8 2.6
      vertex 6.73063 8.97402 1
      vertex 6.73063 8.97402 2.6
    endloop
  endfacet
  facet normal 0.831484 -0.555549 0
    outer loop
      vertex 6.73063 8.97402 1
      vertex 6.61436 8.8 2.6
      vertex 6.61436 8.8 1
    endloop
  endfacet
  facet normal 0.659367 0.751821 -0
    outer loop
      vertex 7.02598 6.73063 1
      vertex 6.86863 6.86863 2.6
      vertex 7.02598 6.73063 2.6
    endloop
  endfacet
  facet normal 0.659367 0.751821 0
    outer loop
      vertex 6.86863 6.86863 2.6
      vertex 7.02598 6.73063 1
      vertex 6.86863 6.86863 1
    endloop
  endfacet
  facet normal 0.997858 0.0654122 0
    outer loop
      vertex 6.41369 7.79116 2.6
      vertex 6.4 8 1
      vertex 6.4 8 2.6
    endloop
  endfacet
  facet normal 0.997858 0.0654122 0
    outer loop
      vertex 6.4 8 1
      vertex 6.41369 7.79116 2.6
      vertex 6.41369 7.79116 1
    endloop
  endfacet
  facet normal -0.321426 0.946935 0
    outer loop
      vertex 8.61229 6.52179 1
      vertex 8.41411 6.45452 2.6
      vertex 8.61229 6.52179 2.6
    endloop
  endfacet
  facet normal -0.321426 0.946935 0
    outer loop
      vertex 8.41411 6.45452 2.6
      vertex 8.61229 6.52179 1
      vertex 8.41411 6.45452 1
    endloop
  endfacet
  facet normal -0.555549 0.831484 0
    outer loop
      vertex 8.97402 6.73063 1
      vertex 8.8 6.61436 2.6
      vertex 8.97402 6.73063 2.6
    endloop
  endfacet
  facet normal -0.555549 0.831484 0
    outer loop
      vertex 8.8 6.61436 2.6
      vertex 8.97402 6.73063 1
      vertex 8.8 6.61436 1
    endloop
  endfacet
  facet normal -0.751821 0.659367 0
    outer loop
      vertex 9.13137 6.86863 1
      vertex 9.26937 7.02598 2.6
      vertex 9.26937 7.02598 1
    endloop
  endfacet
  facet normal -0.751821 0.659367 0
    outer loop
      vertex 9.26937 7.02598 2.6
      vertex 9.13137 6.86863 1
      vertex 9.13137 6.86863 2.6
    endloop
  endfacet
  facet normal 0.831484 0.555549 0
    outer loop
      vertex 6.73063 7.02598 2.6
      vertex 6.61436 7.2 1
      vertex 6.61436 7.2 2.6
    endloop
  endfacet
  facet normal 0.831484 0.555549 0
    outer loop
      vertex 6.61436 7.2 1
      vertex 6.73063 7.02598 2.6
      vertex 6.73063 7.02598 1
    endloop
  endfacet
  facet normal -0.659367 0.751821 0
    outer loop
      vertex 9.13137 6.86863 1
      vertex 8.97402 6.73063 2.6
      vertex 9.13137 6.86863 2.6
    endloop
  endfacet
  facet normal -0.659367 0.751821 0
    outer loop
      vertex 8.97402 6.73063 2.6
      vertex 9.13137 6.86863 1
      vertex 8.97402 6.73063 1
    endloop
  endfacet
  facet normal 0.0654122 0.997858 -0
    outer loop
      vertex 8 6.4 1
      vertex 7.79116 6.41369 2.6
      vertex 8 6.4 2.6
    endloop
  endfacet
  facet normal 0.0654122 0.997858 0
    outer loop
      vertex 7.79116 6.41369 2.6
      vertex 8 6.4 1
      vertex 7.79116 6.41369 1
    endloop
  endfacet
  facet normal -0.89687 0.442295 0
    outer loop
      vertex 9.38564 7.2 1
      vertex 9.47821 7.38771 2.6
      vertex 9.47821 7.38771 1
    endloop
  endfacet
  facet normal -0.89687 0.442295 0
    outer loop
      vertex 9.47821 7.38771 2.6
      vertex 9.38564 7.2 1
      vertex 9.38564 7.2 2.6
    endloop
  endfacet
  facet normal 0.0654122 -0.997858 0
    outer loop
      vertex 7.79116 9.58631 1
      vertex 8 9.6 2.6
      vertex 7.79116 9.58631 2.6
    endloop
  endfacet
  facet normal 0.0654122 -0.997858 0
    outer loop
      vertex 8 9.6 2.6
      vertex 7.79116 9.58631 1
      vertex 8 9.6 1
    endloop
  endfacet
  facet normal 0.980786 -0.195087 0
    outer loop
      vertex 6.41369 8.20884 2.6
      vertex 6.45452 8.41411 1
      vertex 6.45452 8.41411 2.6
    endloop
  endfacet
  facet normal 0.980786 -0.195087 0
    outer loop
      vertex 6.45452 8.41411 1
      vertex 6.41369 8.20884 2.6
      vertex 6.41369 8.20884 1
    endloop
  endfacet
  facet normal 0.195087 0.980786 -0
    outer loop
      vertex 7.79116 6.41369 1
      vertex 7.58589 6.45452 2.6
      vertex 7.79116 6.41369 2.6
    endloop
  endfacet
  facet normal 0.195087 0.980786 0
    outer loop
      vertex 7.58589 6.45452 2.6
      vertex 7.79116 6.41369 1
      vertex 7.58589 6.45452 1
    endloop
  endfacet
  facet normal 0.321426 -0.946935 0
    outer loop
      vertex 7.38771 9.47821 1
      vertex 7.58589 9.54548 2.6
      vertex 7.38771 9.47821 2.6
    endloop
  endfacet
  facet normal 0.321426 -0.946935 0
    outer loop
      vertex 7.58589 9.54548 2.6
      vertex 7.38771 9.47821 1
      vertex 7.58589 9.54548 1
    endloop
  endfacet
  facet normal -0.659367 -0.751821 0
    outer loop
      vertex 8.97402 9.26937 1
      vertex 9.13137 9.13137 2.6
      vertex 8.97402 9.26937 2.6
    endloop
  endfacet
  facet normal -0.659367 -0.751821 -0
    outer loop
      vertex 9.13137 9.13137 2.6
      vertex 8.97402 9.26937 1
      vertex 9.13137 9.13137 1
    endloop
  endfacet
  facet normal -0.0654122 -0.997858 0
    outer loop
      vertex 8 9.6 1
      vertex 8.20884 9.58631 2.6
      vertex 8 9.6 2.6
    endloop
  endfacet
  facet normal -0.0654122 -0.997858 -0
    outer loop
      vertex 8.20884 9.58631 2.6
      vertex 8 9.6 1
      vertex 8.20884 9.58631 1
    endloop
  endfacet
  facet normal 0.89687 -0.442295 0
    outer loop
      vertex 6.52179 8.61229 2.6
      vertex 6.61436 8.8 1
      vertex 6.61436 8.8 2.6
    endloop
  endfacet
  facet normal 0.89687 -0.442295 0
    outer loop
      vertex 6.61436 8.8 1
      vertex 6.52179 8.61229 2.6
      vertex 6.52179 8.61229 1
    endloop
  endfacet
  facet normal -0.751821 -0.659367 0
    outer loop
      vertex 9.26937 8.97402 1
      vertex 9.13137 9.13137 2.6
      vertex 9.13137 9.13137 1
    endloop
  endfacet
  facet normal -0.751821 -0.659367 0
    outer loop
      vertex 9.13137 9.13137 2.6
      vertex 9.26937 8.97402 1
      vertex 9.26937 8.97402 2.6
    endloop
  endfacet
  facet normal 0.946935 -0.321426 0
    outer loop
      vertex 6.45452 8.41411 2.6
      vertex 6.52179 8.61229 1
      vertex 6.52179 8.61229 2.6
    endloop
  endfacet
  facet normal 0.946935 -0.321426 0
    outer loop
      vertex 6.52179 8.61229 1
      vertex 6.45452 8.41411 2.6
      vertex 6.45452 8.41411 1
    endloop
  endfacet
  facet normal 0.997858 -0.0654122 0
    outer loop
      vertex 6.4 8 2.6
      vertex 6.41369 8.20884 1
      vertex 6.41369 8.20884 2.6
    endloop
  endfacet
  facet normal 0.997858 -0.0654122 0
    outer loop
      vertex 6.41369 8.20884 1
      vertex 6.4 8 2.6
      vertex 6.4 8 1
    endloop
  endfacet
  facet normal -0.980791 -0.195059 0
    outer loop
      vertex 9.58631 52.2088 1
      vertex 9.54548 52.4141 2.6
      vertex 9.54548 52.4141 1
    endloop
  endfacet
  facet normal -0.980791 -0.195059 0
    outer loop
      vertex 9.54548 52.4141 2.6
      vertex 9.58631 52.2088 1
      vertex 9.58631 52.2088 2.6
    endloop
  endfacet
  facet normal -0.997858 -0.0654247 0
    outer loop
      vertex 9.6 52 1
      vertex 9.58631 52.2088 2.6
      vertex 9.58631 52.2088 1
    endloop
  endfacet
  facet normal -0.997858 -0.0654247 0
    outer loop
      vertex 9.58631 52.2088 2.6
      vertex 9.6 52 1
      vertex 9.6 52 2.6
    endloop
  endfacet
  facet normal -0.946944 -0.321397 0
    outer loop
      vertex 9.54548 52.4141 1
      vertex 9.47821 52.6123 2.6
      vertex 9.47821 52.6123 1
    endloop
  endfacet
  facet normal -0.946944 -0.321397 0
    outer loop
      vertex 9.47821 52.6123 2.6
      vertex 9.54548 52.4141 1
      vertex 9.54548 52.4141 2.6
    endloop
  endfacet
  facet normal -0.831454 -0.555593 0
    outer loop
      vertex 9.38564 52.8 1
      vertex 9.26937 52.974 2.6
      vertex 9.26937 52.974 1
    endloop
  endfacet
  facet normal -0.831454 -0.555593 0
    outer loop
      vertex 9.26937 52.974 2.6
      vertex 9.38564 52.8 1
      vertex 9.38564 52.8 2.6
    endloop
  endfacet
  facet normal 0.946944 0.321397 0
    outer loop
      vertex 6.52179 51.3877 2.6
      vertex 6.45452 51.5859 1
      vertex 6.45452 51.5859 2.6
    endloop
  endfacet
  facet normal 0.946944 0.321397 0
    outer loop
      vertex 6.45452 51.5859 1
      vertex 6.52179 51.3877 2.6
      vertex 6.52179 51.3877 1
    endloop
  endfacet
  facet normal -0.980791 0.195059 0
    outer loop
      vertex 9.54548 51.5859 1
      vertex 9.58631 51.7912 2.6
      vertex 9.58631 51.7912 1
    endloop
  endfacet
  facet normal -0.980791 0.195059 0
    outer loop
      vertex 9.58631 51.7912 2.6
      vertex 9.54548 51.5859 1
      vertex 9.54548 51.5859 2.6
    endloop
  endfacet
  facet normal 0.555318 -0.831638 0
    outer loop
      vertex 7.02598 53.2694 1
      vertex 7.2 53.3856 2.6
      vertex 7.02598 53.2694 2.6
    endloop
  endfacet
  facet normal 0.555318 -0.831638 0
    outer loop
      vertex 7.2 53.3856 2.6
      vertex 7.02598 53.2694 1
      vertex 7.2 53.3856 1
    endloop
  endfacet
  facet normal -0.321555 -0.946891 0
    outer loop
      vertex 8.41411 53.5455 1
      vertex 8.61229 53.4782 2.6
      vertex 8.41411 53.5455 2.6
    endloop
  endfacet
  facet normal -0.321555 -0.946891 -0
    outer loop
      vertex 8.61229 53.4782 2.6
      vertex 8.41411 53.5455 1
      vertex 8.61229 53.4782 1
    endloop
  endfacet
  facet normal -0.946944 0.321397 0
    outer loop
      vertex 9.47821 51.3877 1
      vertex 9.54548 51.5859 2.6
      vertex 9.54548 51.5859 1
    endloop
  endfacet
  facet normal -0.946944 0.321397 0
    outer loop
      vertex 9.54548 51.5859 2.6
      vertex 9.47821 51.3877 1
      vertex 9.47821 51.3877 2.6
    endloop
  endfacet
  facet normal -0.44241 0.896813 0
    outer loop
      vertex 8.8 50.6144 1
      vertex 8.61229 50.5218 2.6
      vertex 8.8 50.6144 2.6
    endloop
  endfacet
  facet normal -0.44241 0.896813 0
    outer loop
      vertex 8.61229 50.5218 2.6
      vertex 8.8 50.6144 1
      vertex 8.61229 50.5218 1
    endloop
  endfacet
  facet normal 0 0 1
    outer loop
      vertex 9.58631 52.2088 1
      vertex 9.58631 51.7912 1
      vertex 9.6 52 1
    endloop
  endfacet
  facet normal 0 0 1
    outer loop
      vertex 9.54548 52.4141 1
      vertex 9.58631 51.7912 1
      vertex 9.58631 52.2088 1
    endloop
  endfacet
  facet normal 0 0 1
    outer loop
      vertex 9.54548 52.4141 1
      vertex 9.54548 51.5859 1
      vertex 9.58631 51.7912 1
    endloop
  endfacet
  facet normal 0 0 1
    outer loop
      vertex 9.47821 52.6123 1
      vertex 9.54548 51.5859 1
      vertex 9.54548 52.4141 1
    endloop
  endfacet
  facet normal 0 0 1
    outer loop
      vertex 9.47821 52.6123 1
      vertex 9.47821 51.3877 1
      vertex 9.54548 51.5859 1
    endloop
  endfacet
  facet normal 0 0 1
    outer loop
      vertex 9.38564 52.8 1
      vertex 9.47821 51.3877 1
      vertex 9.47821 52.6123 1
    endloop
  endfacet
  facet normal 0 0 1
    outer loop
      vertex 9.38564 52.8 1
      vertex 9.38564 51.2 1
      vertex 9.47821 51.3877 1
    endloop
  endfacet
  facet normal 0 0 1
    outer loop
      vertex 9.26937 52.974 1
      vertex 9.38564 51.2 1
      vertex 9.38564 52.8 1
    endloop
  endfacet
  facet normal 0 0 1
    outer loop
      vertex 9.26937 52.974 1
      vertex 9.26937 51.026 1
      vertex 9.38564 51.2 1
    endloop
  endfacet
  facet normal 0 0 1
    outer loop
      vertex 9.13137 53.1314 1
      vertex 9.26937 51.026 1
      vertex 9.26937 52.974 1
    endloop
  endfacet
  facet normal 0 0 1
    outer loop
      vertex 9.13137 53.1314 1
      vertex 9.13137 50.8686 1
      vertex 9.26937 51.026 1
    endloop
  endfacet
  facet normal 0 0 1
    outer loop
      vertex 8.97402 53.2694 1
      vertex 9.13137 50.8686 1
      vertex 9.13137 53.1314 1
    endloop
  endfacet
  facet normal 0 0 1
    outer loop
      vertex 8.97402 53.2694 1
      vertex 8.97402 50.7306 1
      vertex 9.13137 50.8686 1
    endloop
  endfacet
  facet normal 0 0 1
    outer loop
      vertex 8.8 53.3856 1
      vertex 8.97402 50.7306 1
      vertex 8.97402 53.2694 1
    endloop
  endfacet
  facet normal 0 0 1
    outer loop
      vertex 8.8 53.3856 1
      vertex 8.8 50.6144 1
      vertex 8.97402 50.7306 1
    endloop
  endfacet
  facet normal 0 0 1
    outer loop
      vertex 8.61229 53.4782 1
      vertex 8.8 50.6144 1
      vertex 8.8 53.3856 1
    endloop
  endfacet
  facet normal 0 0 1
    outer loop
      vertex 8.61229 53.4782 1
      vertex 8.61229 50.5218 1
      vertex 8.8 50.6144 1
    endloop
  endfacet
  facet normal 0 0 1
    outer loop
      vertex 8.41411 53.5455 1
      vertex 8.61229 50.5218 1
      vertex 8.61229 53.4782 1
    endloop
  endfacet
  facet normal 0 0 1
    outer loop
      vertex 8.41411 53.5455 1
      vertex 8.41411 50.4545 1
      vertex 8.61229 50.5218 1
    endloop
  endfacet
  facet normal 0 0 1
    outer loop
      vertex 8.20884 53.5863 1
      vertex 8.41411 50.4545 1
      vertex 8.41411 53.5455 1
    endloop
  endfacet
  facet normal 0 0 1
    outer loop
      vertex 8.20884 53.5863 1
      vertex 8.20884 50.4137 1
      vertex 8.41411 50.4545 1
    endloop
  endfacet
  facet normal 0 0 1
    outer loop
      vertex 8 53.6 1
      vertex 8.20884 50.4137 1
      vertex 8.20884 53.5863 1
    endloop
  endfacet
  facet normal 0 0 1
    outer loop
      vertex 8 53.6 1
      vertex 8 50.4 1
      vertex 8.20884 50.4137 1
    endloop
  endfacet
  facet normal -0 0 1
    outer loop
      vertex 7.79116 53.5863 1
      vertex 8 50.4 1
      vertex 8 53.6 1
    endloop
  endfacet
  facet normal 0 0 1
    outer loop
      vertex 7.79116 53.5863 1
      vertex 7.79116 50.4137 1
      vertex 8 50.4 1
    endloop
  endfacet
  facet normal -0 0 1
    outer loop
      vertex 7.58589 53.5455 1
      vertex 7.79116 50.4137 1
      vertex 7.79116 53.5863 1
    endloop
  endfacet
  facet normal 0 0 1
    outer loop
      vertex 7.58589 53.5455 1
      vertex 7.58589 50.4545 1
      vertex 7.79116 50.4137 1
    endloop
  endfacet
  facet normal -0 0 1
    outer loop
      vertex 7.38771 53.4782 1
      vertex 7.58589 50.4545 1
      vertex 7.58589 53.5455 1
    endloop
  endfacet
  facet normal 0 0 1
    outer loop
      vertex 7.38771 53.4782 1
      vertex 7.38771 50.5218 1
      vertex 7.58589 50.4545 1
    endloop
  endfacet
  facet normal -0 0 1
    outer loop
      vertex 7.2 53.3856 1
      vertex 7.38771 50.5218 1
      vertex 7.38771 53.4782 1
    endloop
  endfacet
  facet normal 0 0 1
    outer loop
      vertex 7.2 53.3856 1
      vertex 7.2 50.6144 1
      vertex 7.38771 50.5218 1
    endloop
  endfacet
  facet normal -0 0 1
    outer loop
      vertex 7.02598 53.2694 1
      vertex 7.2 50.6144 1
      vertex 7.2 53.3856 1
    endloop
  endfacet
  facet normal 0 0 1
    outer loop
      vertex 7.02598 53.2694 1
      vertex 7.02598 50.7306 1
      vertex 7.2 50.6144 1
    endloop
  endfacet
  facet normal -0 0 1
    outer loop
      vertex 6.86863 53.1314 1
      vertex 7.02598 50.7306 1
      vertex 7.02598 53.2694 1
    endloop
  endfacet
  facet normal 0 0 1
    outer loop
      vertex 6.86863 53.1314 1
      vertex 6.86863 50.8686 1
      vertex 7.02598 50.7306 1
    endloop
  endfacet
  facet normal -0 0 1
    outer loop
      vertex 6.73063 52.974 1
      vertex 6.86863 50.8686 1
      vertex 6.86863 53.1314 1
    endloop
  endfacet
  facet normal 0 0 1
    outer loop
      vertex 6.73063 52.974 1
      vertex 6.73063 51.026 1
      vertex 6.86863 50.8686 1
    endloop
  endfacet
  facet normal -0 0 1
    outer loop
      vertex 6.61436 52.8 1
      vertex 6.73063 51.026 1
      vertex 6.73063 52.974 1
    endloop
  endfacet
  facet normal 0 0 1
    outer loop
      vertex 6.61436 52.8 1
      vertex 6.61436 51.2 1
      vertex 6.73063 51.026 1
    endloop
  endfacet
  facet normal -0 0 1
    outer loop
      vertex 6.52179 52.6123 1
      vertex 6.61436 51.2 1
      vertex 6.61436 52.8 1
    endloop
  endfacet
  facet normal 0 0 1
    outer loop
      vertex 6.52179 52.6123 1
      vertex 6.52179 51.3877 1
      vertex 6.61436 51.2 1
    endloop
  endfacet
  facet normal -0 0 1
    outer loop
      vertex 6.45452 52.4141 1
      vertex 6.52179 51.3877 1
      vertex 6.52179 52.6123 1
    endloop
  endfacet
  facet normal 0 0 1
    outer loop
      vertex 6.45452 52.4141 1
      vertex 6.45452 51.5859 1
      vertex 6.52179 51.3877 1
    endloop
  endfacet
  facet normal -0 0 1
    outer loop
      vertex 6.41369 52.2088 1
      vertex 6.45452 51.5859 1
      vertex 6.45452 52.4141 1
    endloop
  endfacet
  facet normal 0 0 1
    outer loop
      vertex 6.41369 52.2088 1
      vertex 6.41369 51.7912 1
      vertex 6.45452 51.5859 1
    endloop
  endfacet
  facet normal 0 -0 1
    outer loop
      vertex 6.41369 51.7912 1
      vertex 6.41369 52.2088 1
      vertex 6.4 52 1
    endloop
  endfacet
  facet normal 0.659367 -0.751821 0
    outer loop
      vertex 6.86863 53.1314 1
      vertex 7.02598 53.2694 2.6
      vertex 6.86863 53.1314 2.6
    endloop
  endfacet
  facet normal 0.659367 -0.751821 0
    outer loop
      vertex 7.02598 53.2694 2.6
      vertex 6.86863 53.1314 1
      vertex 7.02598 53.2694 1
    endloop
  endfacet
  facet normal -0.89686 -0.442314 0
    outer loop
      vertex 9.47821 52.6123 1
      vertex 9.38564 52.8 2.6
      vertex 9.38564 52.8 1
    endloop
  endfacet
  facet normal -0.89686 -0.442314 0
    outer loop
      vertex 9.38564 52.8 2.6
      vertex 9.47821 52.6123 1
      vertex 9.47821 52.6123 2.6
    endloop
  endfacet
  facet normal 0.194949 -0.980813 0
    outer loop
      vertex 7.58589 53.5455 1
      vertex 7.79116 53.5863 2.6
      vertex 7.58589 53.5455 2.6
    endloop
  endfacet
  facet normal 0.194949 -0.980813 0
    outer loop
      vertex 7.79116 53.5863 2.6
      vertex 7.58589 53.5455 1
      vertex 7.79116 53.5863 1
    endloop
  endfacet
  facet normal -0.831454 0.555593 0
    outer loop
      vertex 9.26937 51.026 1
      vertex 9.38564 51.2 2.6
      vertex 9.38564 51.2 1
    endloop
  endfacet
  facet normal -0.831454 0.555593 0
    outer loop
      vertex 9.38564 51.2 2.6
      vertex 9.26937 51.026 1
      vertex 9.26937 51.026 2.6
    endloop
  endfacet
  facet normal -0.0654598 0.997855 0
    outer loop
      vertex 8.20884 50.4137 1
      vertex 8 50.4 2.6
      vertex 8.20884 50.4137 2.6
    endloop
  endfacet
  facet normal -0.0654598 0.997855 0
    outer loop
      vertex 8 50.4 2.6
      vertex 8.20884 50.4137 1
      vertex 8 50.4 1
    endloop
  endfacet
  facet normal 0.89686 0.442314 0
    outer loop
      vertex 6.61436 51.2 2.6
      vertex 6.52179 51.3877 1
      vertex 6.52179 51.3877 2.6
    endloop
  endfacet
  facet normal 0.89686 0.442314 0
    outer loop
      vertex 6.52179 51.3877 1
      vertex 6.61436 51.2 2.6
      vertex 6.61436 51.2 1
    endloop
  endfacet
  facet normal -0.44241 -0.896813 0
    outer loop
      vertex 8.61229 53.4782 1
      vertex 8.8 53.3856 2.6
      vertex 8.61229 53.4782 2.6
    endloop
  endfacet
  facet normal -0.44241 -0.896813 -0
    outer loop
      vertex 8.8 53.3856 2.6
      vertex 8.61229 53.4782 1
      vertex 8.8 53.3856 1
    endloop
  endfacet
  facet normal 0.321555 0.946891 -0
    outer loop
      vertex 7.58589 50.4545 1
      vertex 7.38771 50.5218 2.6
      vertex 7.58589 50.4545 2.6
    endloop
  endfacet
  facet normal 0.321555 0.946891 0
    outer loop
      vertex 7.38771 50.5218 2.6
      vertex 7.58589 50.4545 1
      vertex 7.38771 50.5218 1
    endloop
  endfacet
  facet normal 0.44241 -0.896813 0
    outer loop
      vertex 7.2 53.3856 1
      vertex 7.38771 53.4782 2.6
      vertex 7.2 53.3856 2.6
    endloop
  endfacet
  facet normal 0.44241 -0.896813 0
    outer loop
      vertex 7.38771 53.4782 2.6
      vertex 7.2 53.3856 1
      vertex 7.38771 53.4782 1
    endloop
  endfacet
  facet normal 0.44241 0.896813 -0
    outer loop
      vertex 7.38771 50.5218 1
      vertex 7.2 50.6144 2.6
      vertex 7.38771 50.5218 2.6
    endloop
  endfacet
  facet normal 0.44241 0.896813 0
    outer loop
      vertex 7.2 50.6144 2.6
      vertex 7.38771 50.5218 1
      vertex 7.2 50.6144 1
    endloop
  endfacet
  facet normal 0.980791 0.195059 0
    outer loop
      vertex 6.45452 51.5859 2.6
      vertex 6.41369 51.7912 1
      vertex 6.41369 51.7912 2.6
    endloop
  endfacet
  facet normal 0.980791 0.195059 0
    outer loop
      vertex 6.41369 51.7912 1
      vertex 6.45452 51.5859 2.6
      vertex 6.45452 51.5859 1
    endloop
  endfacet
  facet normal 0.555318 0.831638 -0
    outer loop
      vertex 7.2 50.6144 1
      vertex 7.02598 50.7306 2.6
      vertex 7.2 50.6144 2.6
    endloop
  endfacet
  facet normal 0.555318 0.831638 0
    outer loop
      vertex 7.02598 50.7306 2.6
      vertex 7.2 50.6144 1
      vertex 7.02598 50.7306 1
    endloop
  endfacet
  facet normal -0.194949 -0.980813 0
    outer loop
      vertex 8.20884 53.5863 1
      vertex 8.41411 53.5455 2.6
      vertex 8.20884 53.5863 2.6
    endloop
  endfacet
  facet normal -0.194949 -0.980813 -0
    outer loop
      vertex 8.41411 53.5455 2.6
      vertex 8.20884 53.5863 1
      vertex 8.41411 53.5455 1
    endloop
  endfacet
  facet normal -0.194949 0.980813 0
    outer loop
      vertex 8.41411 50.4545 1
      vertex 8.20884 50.4137 2.6
      vertex 8.41411 50.4545 2.6
    endloop
  endfacet
  facet normal -0.194949 0.980813 0
    outer loop
      vertex 8.20884 50.4137 2.6
      vertex 8.41411 50.4545 1
      vertex 8.20884 50.4137 1
    endloop
  endfacet
  facet normal 0.751925 0.659248 0
    outer loop
      vertex 6.86863 50.8686 2.6
      vertex 6.73063 51.026 1
      vertex 6.73063 51.026 2.6
    endloop
  endfacet
  facet normal 0.751925 0.659248 0
    outer loop
      vertex 6.73063 51.026 1
      vertex 6.86863 50.8686 2.6
      vertex 6.86863 50.8686 1
    endloop
  endfacet
  facet normal 0.751925 -0.659248 0
    outer loop
      vertex 6.73063 52.974 2.6
      vertex 6.86863 53.1314 1
      vertex 6.86863 53.1314 2.6
    endloop
  endfacet
  facet normal 0.751925 -0.659248 0
    outer loop
      vertex 6.86863 53.1314 1
      vertex 6.73063 52.974 2.6
      vertex 6.73063 52.974 1
    endloop
  endfacet
  facet normal -0.997858 0.0654247 0
    outer loop
      vertex 9.58631 51.7912 1
      vertex 9.6 52 2.6
      vertex 9.6 52 1
    endloop
  endfacet
  facet normal -0.997858 0.0654247 0
    outer loop
      vertex 9.6 52 2.6
      vertex 9.58631 51.7912 1
      vertex 9.58631 51.7912 2.6
    endloop
  endfacet
  facet normal 0.831454 -0.555593 0
    outer loop
      vertex 6.61436 52.8 2.6
      vertex 6.73063 52.974 1
      vertex 6.73063 52.974 2.6
    endloop
  endfacet
  facet normal 0.831454 -0.555593 0
    outer loop
      vertex 6.73063 52.974 1
      vertex 6.61436 52.8 2.6
      vertex 6.61436 52.8 1
    endloop
  endfacet
  facet normal 0.997858 0.0654247 0
    outer loop
      vertex 6.41369 51.7912 2.6
      vertex 6.4 52 1
      vertex 6.4 52 2.6
    endloop
  endfacet
  facet normal 0.997858 0.0654247 0
    outer loop
      vertex 6.4 52 1
      vertex 6.41369 51.7912 2.6
      vertex 6.41369 51.7912 1
    endloop
  endfacet
  facet normal -0.321555 0.946891 0
    outer loop
      vertex 8.61229 50.5218 1
      vertex 8.41411 50.4545 2.6
      vertex 8.61229 50.5218 2.6
    endloop
  endfacet
  facet normal -0.321555 0.946891 0
    outer loop
      vertex 8.41411 50.4545 2.6
      vertex 8.61229 50.5218 1
      vertex 8.41411 50.4545 1
    endloop
  endfacet
  facet normal -0.555318 0.831638 0
    outer loop
      vertex 8.97402 50.7306 1
      vertex 8.8 50.6144 2.6
      vertex 8.97402 50.7306 2.6
    endloop
  endfacet
  facet normal -0.555318 0.831638 0
    outer loop
      vertex 8.8 50.6144 2.6
      vertex 8.97402 50.7306 1
      vertex 8.8 50.6144 1
    endloop
  endfacet
  facet normal -0.751925 0.659248 0
    outer loop
      vertex 9.13137 50.8686 1
      vertex 9.26937 51.026 2.6
      vertex 9.26937 51.026 1
    endloop
  endfacet
  facet normal -0.751925 0.659248 0
    outer loop
      vertex 9.26937 51.026 2.6
      vertex 9.13137 50.8686 1
      vertex 9.13137 50.8686 2.6
    endloop
  endfacet
  facet normal 0.831454 0.555593 0
    outer loop
      vertex 6.73063 51.026 2.6
      vertex 6.61436 51.2 1
      vertex 6.61436 51.2 2.6
    endloop
  endfacet
  facet normal 0.831454 0.555593 0
    outer loop
      vertex 6.61436 51.2 1
      vertex 6.73063 51.026 2.6
      vertex 6.73063 51.026 1
    endloop
  endfacet
  facet normal -0.659367 0.751821 0
    outer loop
      vertex 9.13137 50.8686 1
      vertex 8.97402 50.7306 2.6
      vertex 9.13137 50.8686 2.6
    endloop
  endfacet
  facet normal -0.659367 0.751821 0
    outer loop
      vertex 8.97402 50.7306 2.6
      vertex 9.13137 50.8686 1
      vertex 8.97402 50.7306 1
    endloop
  endfacet
  facet normal 0.0654598 0.997855 -0
    outer loop
      vertex 8 50.4 1
      vertex 7.79116 50.4137 2.6
      vertex 8 50.4 2.6
    endloop
  endfacet
  facet normal 0.0654598 0.997855 0
    outer loop
      vertex 7.79116 50.4137 2.6
      vertex 8 50.4 1
      vertex 7.79116 50.4137 1
    endloop
  endfacet
  facet normal -0.89686 0.442314 0
    outer loop
      vertex 9.38564 51.2 1
      vertex 9.47821 51.3877 2.6
      vertex 9.47821 51.3877 1
    endloop
  endfacet
  facet normal -0.89686 0.442314 0
    outer loop
      vertex 9.47821 51.3877 2.6
      vertex 9.38564 51.2 1
      vertex 9.38564 51.2 2.6
    endloop
  endfacet
  facet normal 0.0654598 -0.997855 0
    outer loop
      vertex 7.79116 53.5863 1
      vertex 8 53.6 2.6
      vertex 7.79116 53.5863 2.6
    endloop
  endfacet
  facet normal 0.0654598 -0.997855 0
    outer loop
      vertex 8 53.6 2.6
      vertex 7.79116 53.5863 1
      vertex 8 53.6 1
    endloop
  endfacet
  facet normal 0.980791 -0.195059 0
    outer loop
      vertex 6.41369 52.2088 2.6
      vertex 6.45452 52.4141 1
      vertex 6.45452 52.4141 2.6
    endloop
  endfacet
  facet normal 0.980791 -0.195059 0
    outer loop
      vertex 6.45452 52.4141 1
      vertex 6.41369 52.2088 2.6
      vertex 6.41369 52.2088 1
    endloop
  endfacet
  facet normal -0.555318 -0.831638 0
    outer loop
      vertex 8.8 53.3856 1
      vertex 8.97402 53.2694 2.6
      vertex 8.8 53.3856 2.6
    endloop
  endfacet
  facet normal -0.555318 -0.831638 -0
    outer loop
      vertex 8.97402 53.2694 2.6
      vertex 8.8 53.3856 1
      vertex 8.97402 53.2694 1
    endloop
  endfacet
  facet normal 0.194949 0.980813 -0
    outer loop
      vertex 7.79116 50.4137 1
      vertex 7.58589 50.4545 2.6
      vertex 7.79116 50.4137 2.6
    endloop
  endfacet
  facet normal 0.194949 0.980813 0
    outer loop
      vertex 7.58589 50.4545 2.6
      vertex 7.79116 50.4137 1
      vertex 7.58589 50.4545 1
    endloop
  endfacet
  facet normal 0.321555 -0.946891 0
    outer loop
      vertex 7.38771 53.4782 1
      vertex 7.58589 53.5455 2.6
      vertex 7.38771 53.4782 2.6
    endloop
  endfacet
  facet normal 0.321555 -0.946891 0
    outer loop
      vertex 7.58589 53.5455 2.6
      vertex 7.38771 53.4782 1
      vertex 7.58589 53.5455 1
    endloop
  endfacet
  facet normal -0.659367 -0.751821 0
    outer loop
      vertex 8.97402 53.2694 1
      vertex 9.13137 53.1314 2.6
      vertex 8.97402 53.2694 2.6
    endloop
  endfacet
  facet normal -0.659367 -0.751821 -0
    outer loop
      vertex 9.13137 53.1314 2.6
      vertex 8.97402 53.2694 1
      vertex 9.13137 53.1314 1
    endloop
  endfacet
  facet normal -0.0654598 -0.997855 0
    outer loop
      vertex 8 53.6 1
      vertex 8.20884 53.5863 2.6
      vertex 8 53.6 2.6
    endloop
  endfacet
  facet normal -0.0654598 -0.997855 -0
    outer loop
      vertex 8.20884 53.5863 2.6
      vertex 8 53.6 1
      vertex 8.20884 53.5863 1
    endloop
  endfacet
  facet normal 0.89686 -0.442314 0
    outer loop
      vertex 6.52179 52.6123 2.6
      vertex 6.61436 52.8 1
      vertex 6.61436 52.8 2.6
    endloop
  endfacet
  facet normal 0.89686 -0.442314 0
    outer loop
      vertex 6.61436 52.8 1
      vertex 6.52179 52.6123 2.6
      vertex 6.52179 52.6123 1
    endloop
  endfacet
  facet normal -0.751925 -0.659248 0
    outer loop
      vertex 9.26937 52.974 1
      vertex 9.13137 53.1314 2.6
      vertex 9.13137 53.1314 1
    endloop
  endfacet
  facet normal -0.751925 -0.659248 0
    outer loop
      vertex 9.13137 53.1314 2.6
      vertex 9.26937 52.974 1
      vertex 9.26937 52.974 2.6
    endloop
  endfacet
  facet normal 0.659367 0.751821 -0
    outer loop
      vertex 7.02598 50.7306 1
      vertex 6.86863 50.8686 2.6
      vertex 7.02598 50.7306 2.6
    endloop
  endfacet
  facet normal 0.659367 0.751821 0
    outer loop
      vertex 6.86863 50.8686 2.6
      vertex 7.02598 50.7306 1
      vertex 6.86863 50.8686 1
    endloop
  endfacet
  facet normal 0.946944 -0.321397 0
    outer loop
      vertex 6.45452 52.4141 2.6
      vertex 6.52179 52.6123 1
      vertex 6.52179 52.6123 2.6
    endloop
  endfacet
  facet normal 0.946944 -0.321397 0
    outer loop
      vertex 6.52179 52.6123 1
      vertex 6.45452 52.4141 2.6
      vertex 6.45452 52.4141 1
    endloop
  endfacet
  facet normal 0.997858 -0.0654247 0
    outer loop
      vertex 6.4 52 2.6
      vertex 6.41369 52.2088 1
      vertex 6.41369 52.2088 2.6
    endloop
  endfacet
  facet normal 0.997858 -0.0654247 0
    outer loop
      vertex 6.41369 52.2088 1
      vertex 6.4 52 2.6
      vertex 6.4 52 1
    endloop
  endfacet
  facet normal -0.980813 -0.194949 0
    outer loop
      vertex 79.5863 8.20884 1
      vertex 79.5455 8.41411 2.6
      vertex 79.5455 8.41411 1
    endloop
  endfacet
  facet normal -0.980813 -0.194949 0
    outer loop
      vertex 79.5455 8.41411 2.6
      vertex 79.5863 8.20884 1
      vertex 79.5863 8.20884 2.6
    endloop
  endfacet
  facet normal -0.997855 -0.0654598 0
    outer loop
      vertex 79.6 8 1
      vertex 79.5863 8.20884 2.6
      vertex 79.5863 8.20884 1
    endloop
  endfacet
  facet normal -0.997855 -0.0654598 0
    outer loop
      vertex 79.5863 8.20884 2.6
      vertex 79.6 8 1
      vertex 79.6 8 2.6
    endloop
  endfacet
  facet normal -0.946891 -0.321555 0
    outer loop
      vertex 79.5455 8.41411 1
      vertex 79.4782 8.61229 2.6
      vertex 79.4782 8.61229 1
    endloop
  endfacet
  facet normal -0.946891 -0.321555 0
    outer loop
      vertex 79.4782 8.61229 2.6
      vertex 79.5455 8.41411 1
      vertex 79.5455 8.41411 2.6
    endloop
  endfacet
  facet normal -0.831638 -0.555318 0
    outer loop
      vertex 79.3856 8.8 1
      vertex 79.2694 8.97402 2.6
      vertex 79.2694 8.97402 1
    endloop
  endfacet
  facet normal -0.831638 -0.555318 0
    outer loop
      vertex 79.2694 8.97402 2.6
      vertex 79.3856 8.8 1
      vertex 79.3856 8.8 2.6
    endloop
  endfacet
  facet normal 0.946891 0.321555 0
    outer loop
      vertex 76.5218 7.38771 2.6
      vertex 76.4545 7.58589 1
      vertex 76.4545 7.58589 2.6
    endloop
  endfacet
  facet normal 0.946891 0.321555 0
    outer loop
      vertex 76.4545 7.58589 1
      vertex 76.5218 7.38771 2.6
      vertex 76.5218 7.38771 1
    endloop
  endfacet
  facet normal -0.555593 -0.831454 0
    outer loop
      vertex 78.8 9.38564 1
      vertex 78.974 9.26937 2.6
      vertex 78.8 9.38564 2.6
    endloop
  endfacet
  facet normal -0.555593 -0.831454 -0
    outer loop
      vertex 78.974 9.26937 2.6
      vertex 78.8 9.38564 1
      vertex 78.974 9.26937 1
    endloop
  endfacet
  facet normal -0.980813 0.194949 0
    outer loop
      vertex 79.5455 7.58589 1
      vertex 79.5863 7.79116 2.6
      vertex 79.5863 7.79116 1
    endloop
  endfacet
  facet normal -0.980813 0.194949 0
    outer loop
      vertex 79.5863 7.79116 2.6
      vertex 79.5455 7.58589 1
      vertex 79.5455 7.58589 2.6
    endloop
  endfacet
  facet normal 0.555593 -0.831454 0
    outer loop
      vertex 77.026 9.26937 1
      vertex 77.2 9.38564 2.6
      vertex 77.026 9.26937 2.6
    endloop
  endfacet
  facet normal 0.555593 -0.831454 0
    outer loop
      vertex 77.2 9.38564 2.6
      vertex 77.026 9.26937 1
      vertex 77.2 9.38564 1
    endloop
  endfacet
  facet normal -0.321397 -0.946944 0
    outer loop
      vertex 78.4141 9.54548 1
      vertex 78.6123 9.47821 2.6
      vertex 78.4141 9.54548 2.6
    endloop
  endfacet
  facet normal -0.321397 -0.946944 -0
    outer loop
      vertex 78.6123 9.47821 2.6
      vertex 78.4141 9.54548 1
      vertex 78.6123 9.47821 1
    endloop
  endfacet
  facet normal -0.946891 0.321555 0
    outer loop
      vertex 79.4782 7.38771 1
      vertex 79.5455 7.58589 2.6
      vertex 79.5455 7.58589 1
    endloop
  endfacet
  facet normal -0.946891 0.321555 0
    outer loop
      vertex 79.5455 7.58589 2.6
      vertex 79.4782 7.38771 1
      vertex 79.4782 7.38771 2.6
    endloop
  endfacet
  facet normal -0.442314 0.89686 0
    outer loop
      vertex 78.8 6.61436 1
      vertex 78.6123 6.52179 2.6
      vertex 78.8 6.61436 2.6
    endloop
  endfacet
  facet normal -0.442314 0.89686 0
    outer loop
      vertex 78.6123 6.52179 2.6
      vertex 78.8 6.61436 1
      vertex 78.6123 6.52179 1
    endloop
  endfacet
  facet normal 0 0 1
    outer loop
      vertex 79.5863 8.20884 1
      vertex 79.5863 7.79116 1
      vertex 79.6 8 1
    endloop
  endfacet
  facet normal 0 0 1
    outer loop
      vertex 79.5455 8.41411 1
      vertex 79.5863 7.79116 1
      vertex 79.5863 8.20884 1
    endloop
  endfacet
  facet normal 0 0 1
    outer loop
      vertex 79.5455 8.41411 1
      vertex 79.5455 7.58589 1
      vertex 79.5863 7.79116 1
    endloop
  endfacet
  facet normal 0 0 1
    outer loop
      vertex 79.4782 8.61229 1
      vertex 79.5455 7.58589 1
      vertex 79.5455 8.41411 1
    endloop
  endfacet
  facet normal 0 0 1
    outer loop
      vertex 79.4782 8.61229 1
      vertex 79.4782 7.38771 1
      vertex 79.5455 7.58589 1
    endloop
  endfacet
  facet normal 0 0 1
    outer loop
      vertex 79.3856 8.8 1
      vertex 79.4782 7.38771 1
      vertex 79.4782 8.61229 1
    endloop
  endfacet
  facet normal 0 0 1
    outer loop
      vertex 79.3856 8.8 1
      vertex 79.3856 7.2 1
      vertex 79.4782 7.38771 1
    endloop
  endfacet
  facet normal 0 0 1
    outer loop
      vertex 79.2694 8.97402 1
      vertex 79.3856 7.2 1
      vertex 79.3856 8.8 1
    endloop
  endfacet
  facet normal 0 0 1
    outer loop
      vertex 79.2694 8.97402 1
      vertex 79.2694 7.02598 1
      vertex 79.3856 7.2 1
    endloop
  endfacet
  facet normal 0 0 1
    outer loop
      vertex 79.1314 9.13137 1
      vertex 79.2694 7.02598 1
      vertex 79.2694 8.97402 1
    endloop
  endfacet
  facet normal 0 0 1
    outer loop
      vertex 79.1314 9.13137 1
      vertex 79.1314 6.86863 1
      vertex 79.2694 7.02598 1
    endloop
  endfacet
  facet normal 0 0 1
    outer loop
      vertex 78.974 9.26937 1
      vertex 79.1314 6.86863 1
      vertex 79.1314 9.13137 1
    endloop
  endfacet
  facet normal 0 0 1
    outer loop
      vertex 78.974 9.26937 1
      vertex 78.974 6.73063 1
      vertex 79.1314 6.86863 1
    endloop
  endfacet
  facet normal 0 0 1
    outer loop
      vertex 78.8 9.38564 1
      vertex 78.974 6.73063 1
      vertex 78.974 9.26937 1
    endloop
  endfacet
  facet normal 0 0 1
    outer loop
      vertex 78.8 9.38564 1
      vertex 78.8 6.61436 1
      vertex 78.974 6.73063 1
    endloop
  endfacet
  facet normal 0 0 1
    outer loop
      vertex 78.6123 9.47821 1
      vertex 78.8 6.61436 1
      vertex 78.8 9.38564 1
    endloop
  endfacet
  facet normal 0 0 1
    outer loop
      vertex 78.6123 9.47821 1
      vertex 78.6123 6.52179 1
      vertex 78.8 6.61436 1
    endloop
  endfacet
  facet normal 0 0 1
    outer loop
      vertex 78.4141 9.54548 1
      vertex 78.6123 6.52179 1
      vertex 78.6123 9.47821 1
    endloop
  endfacet
  facet normal 0 0 1
    outer loop
      vertex 78.4141 9.54548 1
      vertex 78.4141 6.45452 1
      vertex 78.6123 6.52179 1
    endloop
  endfacet
  facet normal 0 0 1
    outer loop
      vertex 78.2088 9.58631 1
      vertex 78.4141 6.45452 1
      vertex 78.4141 9.54548 1
    endloop
  endfacet
  facet normal 0 0 1
    outer loop
      vertex 78.2088 9.58631 1
      vertex 78.2088 6.41369 1
      vertex 78.4141 6.45452 1
    endloop
  endfacet
  facet normal 0 0 1
    outer loop
      vertex 78 9.6 1
      vertex 78.2088 6.41369 1
      vertex 78.2088 9.58631 1
    endloop
  endfacet
  facet normal 0 0 1
    outer loop
      vertex 78 9.6 1
      vertex 78 6.4 1
      vertex 78.2088 6.41369 1
    endloop
  endfacet
  facet normal -0 0 1
    outer loop
      vertex 77.7912 9.58631 1
      vertex 78 6.4 1
      vertex 78 9.6 1
    endloop
  endfacet
  facet normal 0 0 1
    outer loop
      vertex 77.7912 9.58631 1
      vertex 77.7912 6.41369 1
      vertex 78 6.4 1
    endloop
  endfacet
  facet normal -0 0 1
    outer loop
      vertex 77.5859 9.54548 1
      vertex 77.7912 6.41369 1
      vertex 77.7912 9.58631 1
    endloop
  endfacet
  facet normal 0 0 1
    outer loop
      vertex 77.5859 9.54548 1
      vertex 77.5859 6.45452 1
      vertex 77.7912 6.41369 1
    endloop
  endfacet
  facet normal -0 0 1
    outer loop
      vertex 77.3877 9.47821 1
      vertex 77.5859 6.45452 1
      vertex 77.5859 9.54548 1
    endloop
  endfacet
  facet normal 0 0 1
    outer loop
      vertex 77.3877 9.47821 1
      vertex 77.3877 6.52179 1
      vertex 77.5859 6.45452 1
    endloop
  endfacet
  facet normal -0 0 1
    outer loop
      vertex 77.2 9.38564 1
      vertex 77.3877 6.52179 1
      vertex 77.3877 9.47821 1
    endloop
  endfacet
  facet normal 0 0 1
    outer loop
      vertex 77.2 9.38564 1
      vertex 77.2 6.61436 1
      vertex 77.3877 6.52179 1
    endloop
  endfacet
  facet normal -0 0 1
    outer loop
      vertex 77.026 9.26937 1
      vertex 77.2 6.61436 1
      vertex 77.2 9.38564 1
    endloop
  endfacet
  facet normal 0 0 1
    outer loop
      vertex 77.026 9.26937 1
      vertex 77.026 6.73063 1
      vertex 77.2 6.61436 1
    endloop
  endfacet
  facet normal -0 0 1
    outer loop
      vertex 76.8686 9.13137 1
      vertex 77.026 6.73063 1
      vertex 77.026 9.26937 1
    endloop
  endfacet
  facet normal 0 0 1
    outer loop
      vertex 76.8686 9.13137 1
      vertex 76.8686 6.86863 1
      vertex 77.026 6.73063 1
    endloop
  endfacet
  facet normal -0 0 1
    outer loop
      vertex 76.7306 8.97402 1
      vertex 76.8686 6.86863 1
      vertex 76.8686 9.13137 1
    endloop
  endfacet
  facet normal 0 0 1
    outer loop
      vertex 76.7306 8.97402 1
      vertex 76.7306 7.02598 1
      vertex 76.8686 6.86863 1
    endloop
  endfacet
  facet normal -0 0 1
    outer loop
      vertex 76.6144 8.8 1
      vertex 76.7306 7.02598 1
      vertex 76.7306 8.97402 1
    endloop
  endfacet
  facet normal 0 0 1
    outer loop
      vertex 76.6144 8.8 1
      vertex 76.6144 7.2 1
      vertex 76.7306 7.02598 1
    endloop
  endfacet
  facet normal -0 0 1
    outer loop
      vertex 76.5218 8.61229 1
      vertex 76.6144 7.2 1
      vertex 76.6144 8.8 1
    endloop
  endfacet
  facet normal 0 0 1
    outer loop
      vertex 76.5218 8.61229 1
      vertex 76.5218 7.38771 1
      vertex 76.6144 7.2 1
    endloop
  endfacet
  facet normal -0 0 1
    outer loop
      vertex 76.4545 8.41411 1
      vertex 76.5218 7.38771 1
      vertex 76.5218 8.61229 1
    endloop
  endfacet
  facet normal 0 0 1
    outer loop
      vertex 76.4545 8.41411 1
      vertex 76.4545 7.58589 1
      vertex 76.5218 7.38771 1
    endloop
  endfacet
  facet normal -0 0 1
    outer loop
      vertex 76.4137 8.20884 1
      vertex 76.4545 7.58589 1
      vertex 76.4545 8.41411 1
    endloop
  endfacet
  facet normal 0 0 1
    outer loop
      vertex 76.4137 8.20884 1
      vertex 76.4137 7.79116 1
      vertex 76.4545 7.58589 1
    endloop
  endfacet
  facet normal 0 -0 1
    outer loop
      vertex 76.4137 7.79116 1
      vertex 76.4137 8.20884 1
      vertex 76.4 8 1
    endloop
  endfacet
  facet normal 0.659248 -0.751925 0
    outer loop
      vertex 76.8686 9.13137 1
      vertex 77.026 9.26937 2.6
      vertex 76.8686 9.13137 2.6
    endloop
  endfacet
  facet normal 0.659248 -0.751925 0
    outer loop
      vertex 77.026 9.26937 2.6
      vertex 76.8686 9.13137 1
      vertex 77.026 9.26937 1
    endloop
  endfacet
  facet normal -0.896813 -0.44241 0
    outer loop
      vertex 79.4782 8.61229 1
      vertex 79.3856 8.8 2.6
      vertex 79.3856 8.8 1
    endloop
  endfacet
  facet normal -0.896813 -0.44241 0
    outer loop
      vertex 79.3856 8.8 2.6
      vertex 79.4782 8.61229 1
      vertex 79.4782 8.61229 2.6
    endloop
  endfacet
  facet normal 0.195059 -0.980791 0
    outer loop
      vertex 77.5859 9.54548 1
      vertex 77.7912 9.58631 2.6
      vertex 77.5859 9.54548 2.6
    endloop
  endfacet
  facet normal 0.195059 -0.980791 0
    outer loop
      vertex 77.7912 9.58631 2.6
      vertex 77.5859 9.54548 1
      vertex 77.7912 9.58631 1
    endloop
  endfacet
  facet normal -0.831638 0.555318 0
    outer loop
      vertex 79.2694 7.02598 1
      vertex 79.3856 7.2 2.6
      vertex 79.3856 7.2 1
    endloop
  endfacet
  facet normal -0.831638 0.555318 0
    outer loop
      vertex 79.3856 7.2 2.6
      vertex 79.2694 7.02598 1
      vertex 79.2694 7.02598 2.6
    endloop
  endfacet
  facet normal -0.0654247 0.997858 0
    outer loop
      vertex 78.2088 6.41369 1
      vertex 78 6.4 2.6
      vertex 78.2088 6.41369 2.6
    endloop
  endfacet
  facet normal -0.0654247 0.997858 0
    outer loop
      vertex 78 6.4 2.6
      vertex 78.2088 6.41369 1
      vertex 78 6.4 1
    endloop
  endfacet
  facet normal 0.896813 0.44241 0
    outer loop
      vertex 76.6144 7.2 2.6
      vertex 76.5218 7.38771 1
      vertex 76.5218 7.38771 2.6
    endloop
  endfacet
  facet normal 0.896813 0.44241 0
    outer loop
      vertex 76.5218 7.38771 1
      vertex 76.6144 7.2 2.6
      vertex 76.6144 7.2 1
    endloop
  endfacet
  facet normal -0.442314 -0.89686 0
    outer loop
      vertex 78.6123 9.47821 1
      vertex 78.8 9.38564 2.6
      vertex 78.6123 9.47821 2.6
    endloop
  endfacet
  facet normal -0.442314 -0.89686 -0
    outer loop
      vertex 78.8 9.38564 2.6
      vertex 78.6123 9.47821 1
      vertex 78.8 9.38564 1
    endloop
  endfacet
  facet normal 0.321397 0.946944 -0
    outer loop
      vertex 77.5859 6.45452 1
      vertex 77.3877 6.52179 2.6
      vertex 77.5859 6.45452 2.6
    endloop
  endfacet
  facet normal 0.321397 0.946944 0
    outer loop
      vertex 77.3877 6.52179 2.6
      vertex 77.5859 6.45452 1
      vertex 77.3877 6.52179 1
    endloop
  endfacet
  facet normal 0.442314 -0.89686 0
    outer loop
      vertex 77.2 9.38564 1
      vertex 77.3877 9.47821 2.6
      vertex 77.2 9.38564 2.6
    endloop
  endfacet
  facet normal 0.442314 -0.89686 0
    outer loop
      vertex 77.3877 9.47821 2.6
      vertex 77.2 9.38564 1
      vertex 77.3877 9.47821 1
    endloop
  endfacet
  facet normal 0.442314 0.89686 -0
    outer loop
      vertex 77.3877 6.52179 1
      vertex 77.2 6.61436 2.6
      vertex 77.3877 6.52179 2.6
    endloop
  endfacet
  facet normal 0.442314 0.89686 0
    outer loop
      vertex 77.2 6.61436 2.6
      vertex 77.3877 6.52179 1
      vertex 77.2 6.61436 1
    endloop
  endfacet
  facet normal 0.980813 0.194949 0
    outer loop
      vertex 76.4545 7.58589 2.6
      vertex 76.4137 7.79116 1
      vertex 76.4137 7.79116 2.6
    endloop
  endfacet
  facet normal 0.980813 0.194949 0
    outer loop
      vertex 76.4137 7.79116 1
      vertex 76.4545 7.58589 2.6
      vertex 76.4545 7.58589 1
    endloop
  endfacet
  facet normal 0.555593 0.831454 -0
    outer loop
      vertex 77.2 6.61436 1
      vertex 77.026 6.73063 2.6
      vertex 77.2 6.61436 2.6
    endloop
  endfacet
  facet normal 0.555593 0.831454 0
    outer loop
      vertex 77.026 6.73063 2.6
      vertex 77.2 6.61436 1
      vertex 77.026 6.73063 1
    endloop
  endfacet
  facet normal -0.195059 -0.980791 0
    outer loop
      vertex 78.2088 9.58631 1
      vertex 78.4141 9.54548 2.6
      vertex 78.2088 9.58631 2.6
    endloop
  endfacet
  facet normal -0.195059 -0.980791 -0
    outer loop
      vertex 78.4141 9.54548 2.6
      vertex 78.2088 9.58631 1
      vertex 78.4141 9.54548 1
    endloop
  endfacet
  facet normal -0.195059 0.980791 0
    outer loop
      vertex 78.4141 6.45452 1
      vertex 78.2088 6.41369 2.6
      vertex 78.4141 6.45452 2.6
    endloop
  endfacet
  facet normal -0.195059 0.980791 0
    outer loop
      vertex 78.2088 6.41369 2.6
      vertex 78.4141 6.45452 1
      vertex 78.2088 6.41369 1
    endloop
  endfacet
  facet normal 0.751821 0.659367 0
    outer loop
      vertex 76.8686 6.86863 2.6
      vertex 76.7306 7.02598 1
      vertex 76.7306 7.02598 2.6
    endloop
  endfacet
  facet normal 0.751821 0.659367 0
    outer loop
      vertex 76.7306 7.02598 1
      vertex 76.8686 6.86863 2.6
      vertex 76.8686 6.86863 1
    endloop
  endfacet
  facet normal 0.751821 -0.659367 0
    outer loop
      vertex 76.7306 8.97402 2.6
      vertex 76.8686 9.13137 1
      vertex 76.8686 9.13137 2.6
    endloop
  endfacet
  facet normal 0.751821 -0.659367 0
    outer loop
      vertex 76.8686 9.13137 1
      vertex 76.7306 8.97402 2.6
      vertex 76.7306 8.97402 1
    endloop
  endfacet
  facet normal -0.997855 0.0654598 0
    outer loop
      vertex 79.5863 7.79116 1
      vertex 79.6 8 2.6
      vertex 79.6 8 1
    endloop
  endfacet
  facet normal -0.997855 0.0654598 0
    outer loop
      vertex 79.6 8 2.6
      vertex 79.5863 7.79116 1
      vertex 79.5863 7.79116 2.6
    endloop
  endfacet
  facet normal 0.997855 0.0654598 0
    outer loop
      vertex 76.4137 7.79116 2.6
      vertex 76.4 8 1
      vertex 76.4 8 2.6
    endloop
  endfacet
  facet normal 0.997855 0.0654598 0
    outer loop
      vertex 76.4 8 1
      vertex 76.4137 7.79116 2.6
      vertex 76.4137 7.79116 1
    endloop
  endfacet
  facet normal -0.321397 0.946944 0
    outer loop
      vertex 78.6123 6.52179 1
      vertex 78.4141 6.45452 2.6
      vertex 78.6123 6.52179 2.6
    endloop
  endfacet
  facet normal -0.321397 0.946944 0
    outer loop
      vertex 78.4141 6.45452 2.6
      vertex 78.6123 6.52179 1
      vertex 78.4141 6.45452 1
    endloop
  endfacet
  facet normal -0.555593 0.831454 0
    outer loop
      vertex 78.974 6.73063 1
      vertex 78.8 6.61436 2.6
      vertex 78.974 6.73063 2.6
    endloop
  endfacet
  facet normal -0.555593 0.831454 0
    outer loop
      vertex 78.8 6.61436 2.6
      vertex 78.974 6.73063 1
      vertex 78.8 6.61436 1
    endloop
  endfacet
  facet normal -0.751821 0.659367 0
    outer loop
      vertex 79.1314 6.86863 1
      vertex 79.2694 7.02598 2.6
      vertex 79.2694 7.02598 1
    endloop
  endfacet
  facet normal -0.751821 0.659367 0
    outer loop
      vertex 79.2694 7.02598 2.6
      vertex 79.1314 6.86863 1
      vertex 79.1314 6.86863 2.6
    endloop
  endfacet
  facet normal 0.831638 0.555318 0
    outer loop
      vertex 76.7306 7.02598 2.6
      vertex 76.6144 7.2 1
      vertex 76.6144 7.2 2.6
    endloop
  endfacet
  facet normal 0.831638 0.555318 0
    outer loop
      vertex 76.6144 7.2 1
      vertex 76.7306 7.02598 2.6
      vertex 76.7306 7.02598 1
    endloop
  endfacet
  facet normal -0.659248 0.751925 0
    outer loop
      vertex 79.1314 6.86863 1
      vertex 78.974 6.73063 2.6
      vertex 79.1314 6.86863 2.6
    endloop
  endfacet
  facet normal -0.659248 0.751925 0
    outer loop
      vertex 78.974 6.73063 2.6
      vertex 79.1314 6.86863 1
      vertex 78.974 6.73063 1
    endloop
  endfacet
  facet normal 0.0654247 0.997858 -0
    outer loop
      vertex 78 6.4 1
      vertex 77.7912 6.41369 2.6
      vertex 78 6.4 2.6
    endloop
  endfacet
  facet normal 0.0654247 0.997858 0
    outer loop
      vertex 77.7912 6.41369 2.6
      vertex 78 6.4 1
      vertex 77.7912 6.41369 1
    endloop
  endfacet
  facet normal -0.896813 0.44241 0
    outer loop
      vertex 79.3856 7.2 1
      vertex 79.4782 7.38771 2.6
      vertex 79.4782 7.38771 1
    endloop
  endfacet
  facet normal -0.896813 0.44241 0
    outer loop
      vertex 79.4782 7.38771 2.6
      vertex 79.3856 7.2 1
      vertex 79.3856 7.2 2.6
    endloop
  endfacet
  facet normal 0.0654247 -0.997858 0
    outer loop
      vertex 77.7912 9.58631 1
      vertex 78 9.6 2.6
      vertex 77.7912 9.58631 2.6
    endloop
  endfacet
  facet normal 0.0654247 -0.997858 0
    outer loop
      vertex 78 9.6 2.6
      vertex 77.7912 9.58631 1
      vertex 78 9.6 1
    endloop
  endfacet
  facet normal 0.980813 -0.194949 0
    outer loop
      vertex 76.4137 8.20884 2.6
      vertex 76.4545 8.41411 1
      vertex 76.4545 8.41411 2.6
    endloop
  endfacet
  facet normal 0.980813 -0.194949 0
    outer loop
      vertex 76.4545 8.41411 1
      vertex 76.4137 8.20884 2.6
      vertex 76.4137 8.20884 1
    endloop
  endfacet
  facet normal 0.321397 -0.946944 0
    outer loop
      vertex 77.3877 9.47821 1
      vertex 77.5859 9.54548 2.6
      vertex 77.3877 9.47821 2.6
    endloop
  endfacet
  facet normal 0.321397 -0.946944 0
    outer loop
      vertex 77.5859 9.54548 2.6
      vertex 77.3877 9.47821 1
      vertex 77.5859 9.54548 1
    endloop
  endfacet
  facet normal -0.659248 -0.751925 0
    outer loop
      vertex 78.974 9.26937 1
      vertex 79.1314 9.13137 2.6
      vertex 78.974 9.26937 2.6
    endloop
  endfacet
  facet normal -0.659248 -0.751925 -0
    outer loop
      vertex 79.1314 9.13137 2.6
      vertex 78.974 9.26937 1
      vertex 79.1314 9.13137 1
    endloop
  endfacet
  facet normal -0.0654247 -0.997858 0
    outer loop
      vertex 78 9.6 1
      vertex 78.2088 9.58631 2.6
      vertex 78 9.6 2.6
    endloop
  endfacet
  facet normal -0.0654247 -0.997858 -0
    outer loop
      vertex 78.2088 9.58631 2.6
      vertex 78 9.6 1
      vertex 78.2088 9.58631 1
    endloop
  endfacet
  facet normal 0.896813 -0.44241 0
    outer loop
      vertex 76.5218 8.61229 2.6
      vertex 76.6144 8.8 1
      vertex 76.6144 8.8 2.6
    endloop
  endfacet
  facet normal 0.896813 -0.44241 0
    outer loop
      vertex 76.6144 8.8 1
      vertex 76.5218 8.61229 2.6
      vertex 76.5218 8.61229 1
    endloop
  endfacet
  facet normal 0.195059 0.980791 -0
    outer loop
      vertex 77.7912 6.41369 1
      vertex 77.5859 6.45452 2.6
      vertex 77.7912 6.41369 2.6
    endloop
  endfacet
  facet normal 0.195059 0.980791 0
    outer loop
      vertex 77.5859 6.45452 2.6
      vertex 77.7912 6.41369 1
      vertex 77.5859 6.45452 1
    endloop
  endfacet
  facet normal -0.751821 -0.659367 0
    outer loop
      vertex 79.2694 8.97402 1
      vertex 79.1314 9.13137 2.6
      vertex 79.1314 9.13137 1
    endloop
  endfacet
  facet normal -0.751821 -0.659367 0
    outer loop
      vertex 79.1314 9.13137 2.6
      vertex 79.2694 8.97402 1
      vertex 79.2694 8.97402 2.6
    endloop
  endfacet
  facet normal 0.659248 0.751925 -0
    outer loop
      vertex 77.026 6.73063 1
      vertex 76.8686 6.86863 2.6
      vertex 77.026 6.73063 2.6
    endloop
  endfacet
  facet normal 0.659248 0.751925 0
    outer loop
      vertex 76.8686 6.86863 2.6
      vertex 77.026 6.73063 1
      vertex 76.8686 6.86863 1
    endloop
  endfacet
  facet normal 0.946891 -0.321555 0
    outer loop
      vertex 76.4545 8.41411 2.6
      vertex 76.5218 8.61229 1
      vertex 76.5218 8.61229 2.6
    endloop
  endfacet
  facet normal 0.946891 -0.321555 0
    outer loop
      vertex 76.5218 8.61229 1
      vertex 76.4545 8.41411 2.6
      vertex 76.4545 8.41411 1
    endloop
  endfacet
  facet normal 0.997855 -0.0654598 0
    outer loop
      vertex 76.4 8 2.6
      vertex 76.4137 8.20884 1
      vertex 76.4137 8.20884 2.6
    endloop
  endfacet
  facet normal 0.997855 -0.0654598 0
    outer loop
      vertex 76.4137 8.20884 1
      vertex 76.4 8 2.6
      vertex 76.4 8 1
    endloop
  endfacet
  facet normal 0.831638 -0.555318 0
    outer loop
      vertex 76.6144 8.8 2.6
      vertex 76.7306 8.97402 1
      vertex 76.7306 8.97402 2.6
    endloop
  endfacet
  facet normal 0.831638 -0.555318 0
    outer loop
      vertex 76.7306 8.97402 1
      vertex 76.6144 8.8 2.6
      vertex 76.6144 8.8 1
    endloop
  endfacet
  facet normal -0.980819 -0.194922 0
    outer loop
      vertex 79.5863 52.2088 1
      vertex 79.5455 52.4141 2.6
      vertex 79.5455 52.4141 1
    endloop
  endfacet
  facet normal -0.980819 -0.194922 0
    outer loop
      vertex 79.5455 52.4141 2.6
      vertex 79.5863 52.2088 1
      vertex 79.5863 52.2088 2.6
    endloop
  endfacet
  facet normal -0.997854 -0.0654722 0
    outer loop
      vertex 79.6 52 1
      vertex 79.5863 52.2088 2.6
      vertex 79.5863 52.2088 1
    endloop
  endfacet
  facet normal -0.997854 -0.0654722 0
    outer loop
      vertex 79.5863 52.2088 2.6
      vertex 79.6 52 1
      vertex 79.6 52 2.6
    endloop
  endfacet
  facet normal -0.946901 -0.321526 0
    outer loop
      vertex 79.5455 52.4141 1
      vertex 79.4782 52.6123 2.6
      vertex 79.4782 52.6123 1
    endloop
  endfacet
  facet normal -0.946901 -0.321526 0
    outer loop
      vertex 79.4782 52.6123 2.6
      vertex 79.5455 52.4141 1
      vertex 79.5455 52.4141 2.6
    endloop
  endfacet
  facet normal -0.831609 -0.555362 0
    outer loop
      vertex 79.3856 52.8 1
      vertex 79.2694 52.974 2.6
      vertex 79.2694 52.974 1
    endloop
  endfacet
  facet normal -0.831609 -0.555362 0
    outer loop
      vertex 79.2694 52.974 2.6
      vertex 79.3856 52.8 1
      vertex 79.3856 52.8 2.6
    endloop
  endfacet
  facet normal 0.946901 0.321526 0
    outer loop
      vertex 76.5218 51.3877 2.6
      vertex 76.4545 51.5859 1
      vertex 76.4545 51.5859 2.6
    endloop
  endfacet
  facet normal 0.946901 0.321526 0
    outer loop
      vertex 76.4545 51.5859 1
      vertex 76.5218 51.3877 2.6
      vertex 76.5218 51.3877 1
    endloop
  endfacet
  facet normal -0.555362 -0.831609 0
    outer loop
      vertex 78.8 53.3856 1
      vertex 78.974 53.2694 2.6
      vertex 78.8 53.3856 2.6
    endloop
  endfacet
  facet normal -0.555362 -0.831609 -0
    outer loop
      vertex 78.974 53.2694 2.6
      vertex 78.8 53.3856 1
      vertex 78.974 53.2694 1
    endloop
  endfacet
  facet normal -0.980819 0.194922 0
    outer loop
      vertex 79.5455 51.5859 1
      vertex 79.5863 51.7912 2.6
      vertex 79.5863 51.7912 1
    endloop
  endfacet
  facet normal -0.980819 0.194922 0
    outer loop
      vertex 79.5863 51.7912 2.6
      vertex 79.5455 51.5859 1
      vertex 79.5455 51.5859 2.6
    endloop
  endfacet
  facet normal 0.555362 -0.831609 0
    outer loop
      vertex 77.026 53.2694 1
      vertex 77.2 53.3856 2.6
      vertex 77.026 53.2694 2.6
    endloop
  endfacet
  facet normal 0.555362 -0.831609 0
    outer loop
      vertex 77.2 53.3856 2.6
      vertex 77.026 53.2694 1
      vertex 77.2 53.3856 1
    endloop
  endfacet
  facet normal -0.321526 -0.946901 0
    outer loop
      vertex 78.4141 53.5455 1
      vertex 78.6123 53.4782 2.6
      vertex 78.4141 53.5455 2.6
    endloop
  endfacet
  facet normal -0.321526 -0.946901 -0
    outer loop
      vertex 78.6123 53.4782 2.6
      vertex 78.4141 53.5455 1
      vertex 78.6123 53.4782 1
    endloop
  endfacet
  facet normal -0.946901 0.321526 0
    outer loop
      vertex 79.4782 51.3877 1
      vertex 79.5455 51.5859 2.6
      vertex 79.5455 51.5859 1
    endloop
  endfacet
  facet normal -0.946901 0.321526 0
    outer loop
      vertex 79.5455 51.5859 2.6
      vertex 79.4782 51.3877 1
      vertex 79.4782 51.3877 2.6
    endloop
  endfacet
  facet normal -0.442429 0.896803 0
    outer loop
      vertex 78.8 50.6144 1
      vertex 78.6123 50.5218 2.6
      vertex 78.8 50.6144 2.6
    endloop
  endfacet
  facet normal -0.442429 0.896803 0
    outer loop
      vertex 78.6123 50.5218 2.6
      vertex 78.8 50.6144 1
      vertex 78.6123 50.5218 1
    endloop
  endfacet
  facet normal 0 0 1
    outer loop
      vertex 79.5863 52.2088 1
      vertex 79.5863 51.7912 1
      vertex 79.6 52 1
    endloop
  endfacet
  facet normal 0 0 1
    outer loop
      vertex 79.5455 52.4141 1
      vertex 79.5863 51.7912 1
      vertex 79.5863 52.2088 1
    endloop
  endfacet
  facet normal 0 0 1
    outer loop
      vertex 79.5455 52.4141 1
      vertex 79.5455 51.5859 1
      vertex 79.5863 51.7912 1
    endloop
  endfacet
  facet normal 0 0 1
    outer loop
      vertex 79.4782 52.6123 1
      vertex 79.5455 51.5859 1
      vertex 79.5455 52.4141 1
    endloop
  endfacet
  facet normal 0 0 1
    outer loop
      vertex 79.4782 52.6123 1
      vertex 79.4782 51.3877 1
      vertex 79.5455 51.5859 1
    endloop
  endfacet
  facet normal 0 0 1
    outer loop
      vertex 79.3856 52.8 1
      vertex 79.4782 51.3877 1
      vertex 79.4782 52.6123 1
    endloop
  endfacet
  facet normal 0 0 1
    outer loop
      vertex 79.3856 52.8 1
      vertex 79.3856 51.2 1
      vertex 79.4782 51.3877 1
    endloop
  endfacet
  facet normal 0 0 1
    outer loop
      vertex 79.2694 52.974 1
      vertex 79.3856 51.2 1
      vertex 79.3856 52.8 1
    endloop
  endfacet
  facet normal 0 0 1
    outer loop
      vertex 79.2694 52.974 1
      vertex 79.2694 51.026 1
      vertex 79.3856 51.2 1
    endloop
  endfacet
  facet normal 0 0 1
    outer loop
      vertex 79.1314 53.1314 1
      vertex 79.2694 51.026 1
      vertex 79.2694 52.974 1
    endloop
  endfacet
  facet normal 0 0 1
    outer loop
      vertex 79.1314 53.1314 1
      vertex 79.1314 50.8686 1
      vertex 79.2694 51.026 1
    endloop
  endfacet
  facet normal 0 0 1
    outer loop
      vertex 78.974 53.2694 1
      vertex 79.1314 50.8686 1
      vertex 79.1314 53.1314 1
    endloop
  endfacet
  facet normal 0 0 1
    outer loop
      vertex 78.974 53.2694 1
      vertex 78.974 50.7306 1
      vertex 79.1314 50.8686 1
    endloop
  endfacet
  facet normal 0 0 1
    outer loop
      vertex 78.8 53.3856 1
      vertex 78.974 50.7306 1
      vertex 78.974 53.2694 1
    endloop
  endfacet
  facet normal 0 0 1
    outer loop
      vertex 78.8 53.3856 1
      vertex 78.8 50.6144 1
      vertex 78.974 50.7306 1
    endloop
  endfacet
  facet normal 0 0 1
    outer loop
      vertex 78.6123 53.4782 1
      vertex 78.8 50.6144 1
      vertex 78.8 53.3856 1
    endloop
  endfacet
  facet normal 0 0 1
    outer loop
      vertex 78.6123 53.4782 1
      vertex 78.6123 50.5218 1
      vertex 78.8 50.6144 1
    endloop
  endfacet
  facet normal 0 0 1
    outer loop
      vertex 78.4141 53.5455 1
      vertex 78.6123 50.5218 1
      vertex 78.6123 53.4782 1
    endloop
  endfacet
  facet normal 0 0 1
    outer loop
      vertex 78.4141 53.5455 1
      vertex 78.4141 50.4545 1
      vertex 78.6123 50.5218 1
    endloop
  endfacet
  facet normal 0 0 1
    outer loop
      vertex 78.2088 53.5863 1
      vertex 78.4141 50.4545 1
      vertex 78.4141 53.5455 1
    endloop
  endfacet
  facet normal 0 0 1
    outer loop
      vertex 78.2088 53.5863 1
      vertex 78.2088 50.4137 1
      vertex 78.4141 50.4545 1
    endloop
  endfacet
  facet normal 0 0 1
    outer loop
      vertex 78 53.6 1
      vertex 78.2088 50.4137 1
      vertex 78.2088 53.5863 1
    endloop
  endfacet
  facet normal 0 0 1
    outer loop
      vertex 78 53.6 1
      vertex 78 50.4 1
      vertex 78.2088 50.4137 1
    endloop
  endfacet
  facet normal -0 0 1
    outer loop
      vertex 77.7912 53.5863 1
      vertex 78 50.4 1
      vertex 78 53.6 1
    endloop
  endfacet
  facet normal 0 0 1
    outer loop
      vertex 77.7912 53.5863 1
      vertex 77.7912 50.4137 1
      vertex 78 50.4 1
    endloop
  endfacet
  facet normal -0 0 1
    outer loop
      vertex 77.5859 53.5455 1
      vertex 77.7912 50.4137 1
      vertex 77.7912 53.5863 1
    endloop
  endfacet
  facet normal 0 0 1
    outer loop
      vertex 77.5859 53.5455 1
      vertex 77.5859 50.4545 1
      vertex 77.7912 50.4137 1
    endloop
  endfacet
  facet normal -0 0 1
    outer loop
      vertex 77.3877 53.4782 1
      vertex 77.5859 50.4545 1
      vertex 77.5859 53.5455 1
    endloop
  endfacet
  facet normal 0 0 1
    outer loop
      vertex 77.3877 53.4782 1
      vertex 77.3877 50.5218 1
      vertex 77.5859 50.4545 1
    endloop
  endfacet
  facet normal -0 0 1
    outer loop
      vertex 77.2 53.3856 1
      vertex 77.3877 50.5218 1
      vertex 77.3877 53.4782 1
    endloop
  endfacet
  facet normal 0 0 1
    outer loop
      vertex 77.2 53.3856 1
      vertex 77.2 50.6144 1
      vertex 77.3877 50.5218 1
    endloop
  endfacet
  facet normal -0 0 1
    outer loop
      vertex 77.026 53.2694 1
      vertex 77.2 50.6144 1
      vertex 77.2 53.3856 1
    endloop
  endfacet
  facet normal 0 0 1
    outer loop
      vertex 77.026 53.2694 1
      vertex 77.026 50.7306 1
      vertex 77.2 50.6144 1
    endloop
  endfacet
  facet normal -0 0 1
    outer loop
      vertex 76.8686 53.1314 1
      vertex 77.026 50.7306 1
      vertex 77.026 53.2694 1
    endloop
  endfacet
  facet normal 0 0 1
    outer loop
      vertex 76.8686 53.1314 1
      vertex 76.8686 50.8686 1
      vertex 77.026 50.7306 1
    endloop
  endfacet
  facet normal -0 0 1
    outer loop
      vertex 76.7306 52.974 1
      vertex 76.8686 50.8686 1
      vertex 76.8686 53.1314 1
    endloop
  endfacet
  facet normal 0 0 1
    outer loop
      vertex 76.7306 52.974 1
      vertex 76.7306 51.026 1
      vertex 76.8686 50.8686 1
    endloop
  endfacet
  facet normal -0 0 1
    outer loop
      vertex 76.6144 52.8 1
      vertex 76.7306 51.026 1
      vertex 76.7306 52.974 1
    endloop
  endfacet
  facet normal 0 0 1
    outer loop
      vertex 76.6144 52.8 1
      vertex 76.6144 51.2 1
      vertex 76.7306 51.026 1
    endloop
  endfacet
  facet normal -0 0 1
    outer loop
      vertex 76.5218 52.6123 1
      vertex 76.6144 51.2 1
      vertex 76.6144 52.8 1
    endloop
  endfacet
  facet normal 0 0 1
    outer loop
      vertex 76.5218 52.6123 1
      vertex 76.5218 51.3877 1
      vertex 76.6144 51.2 1
    endloop
  endfacet
  facet normal -0 0 1
    outer loop
      vertex 76.4545 52.4141 1
      vertex 76.5218 51.3877 1
      vertex 76.5218 52.6123 1
    endloop
  endfacet
  facet normal 0 0 1
    outer loop
      vertex 76.4545 52.4141 1
      vertex 76.4545 51.5859 1
      vertex 76.5218 51.3877 1
    endloop
  endfacet
  facet normal -0 0 1
    outer loop
      vertex 76.4137 52.2088 1
      vertex 76.4545 51.5859 1
      vertex 76.4545 52.4141 1
    endloop
  endfacet
  facet normal 0 0 1
    outer loop
      vertex 76.4137 52.2088 1
      vertex 76.4137 51.7912 1
      vertex 76.4545 51.5859 1
    endloop
  endfacet
  facet normal 0 -0 1
    outer loop
      vertex 76.4137 51.7912 1
      vertex 76.4137 52.2088 1
      vertex 76.4 52 1
    endloop
  endfacet
  facet normal 0.659248 -0.751925 0
    outer loop
      vertex 76.8686 53.1314 1
      vertex 77.026 53.2694 2.6
      vertex 76.8686 53.1314 2.6
    endloop
  endfacet
  facet normal 0.659248 -0.751925 0
    outer loop
      vertex 77.026 53.2694 2.6
      vertex 76.8686 53.1314 1
      vertex 77.026 53.2694 1
    endloop
  endfacet
  facet normal -0.896803 -0.442429 0
    outer loop
      vertex 79.4782 52.6123 1
      vertex 79.3856 52.8 2.6
      vertex 79.3856 52.8 1
    endloop
  endfacet
  facet normal -0.896803 -0.442429 0
    outer loop
      vertex 79.3856 52.8 2.6
      vertex 79.4782 52.6123 1
      vertex 79.4782 52.6123 2.6
    endloop
  endfacet
  facet normal 0.194922 -0.980819 0
    outer loop
      vertex 77.5859 53.5455 1
      vertex 77.7912 53.5863 2.6
      vertex 77.5859 53.5455 2.6
    endloop
  endfacet
  facet normal 0.194922 -0.980819 0
    outer loop
      vertex 77.7912 53.5863 2.6
      vertex 77.5859 53.5455 1
      vertex 77.7912 53.5863 1
    endloop
  endfacet
  facet normal -0.831609 0.555362 0
    outer loop
      vertex 79.2694 51.026 1
      vertex 79.3856 51.2 2.6
      vertex 79.3856 51.2 1
    endloop
  endfacet
  facet normal -0.831609 0.555362 0
    outer loop
      vertex 79.3856 51.2 2.6
      vertex 79.2694 51.026 1
      vertex 79.2694 51.026 2.6
    endloop
  endfacet
  facet normal -0.0654722 0.997854 0
    outer loop
      vertex 78.2088 50.4137 1
      vertex 78 50.4 2.6
      vertex 78.2088 50.4137 2.6
    endloop
  endfacet
  facet normal -0.0654722 0.997854 0
    outer loop
      vertex 78 50.4 2.6
      vertex 78.2088 50.4137 1
      vertex 78 50.4 1
    endloop
  endfacet
  facet normal 0.896803 0.442429 0
    outer loop
      vertex 76.6144 51.2 2.6
      vertex 76.5218 51.3877 1
      vertex 76.5218 51.3877 2.6
    endloop
  endfacet
  facet normal 0.896803 0.442429 0
    outer loop
      vertex 76.5218 51.3877 1
      vertex 76.6144 51.2 2.6
      vertex 76.6144 51.2 1
    endloop
  endfacet
  facet normal -0.442429 -0.896803 0
    outer loop
      vertex 78.6123 53.4782 1
      vertex 78.8 53.3856 2.6
      vertex 78.6123 53.4782 2.6
    endloop
  endfacet
  facet normal -0.442429 -0.896803 -0
    outer loop
      vertex 78.8 53.3856 2.6
      vertex 78.6123 53.4782 1
      vertex 78.8 53.3856 1
    endloop
  endfacet
  facet normal 0.321526 0.946901 -0
    outer loop
      vertex 77.5859 50.4545 1
      vertex 77.3877 50.5218 2.6
      vertex 77.5859 50.4545 2.6
    endloop
  endfacet
  facet normal 0.321526 0.946901 0
    outer loop
      vertex 77.3877 50.5218 2.6
      vertex 77.5859 50.4545 1
      vertex 77.3877 50.5218 1
    endloop
  endfacet
  facet normal 0.442429 -0.896803 0
    outer loop
      vertex 77.2 53.3856 1
      vertex 77.3877 53.4782 2.6
      vertex 77.2 53.3856 2.6
    endloop
  endfacet
  facet normal 0.442429 -0.896803 0
    outer loop
      vertex 77.3877 53.4782 2.6
      vertex 77.2 53.3856 1
      vertex 77.3877 53.4782 1
    endloop
  endfacet
  facet normal 0.442429 0.896803 -0
    outer loop
      vertex 77.3877 50.5218 1
      vertex 77.2 50.6144 2.6
      vertex 77.3877 50.5218 2.6
    endloop
  endfacet
  facet normal 0.442429 0.896803 0
    outer loop
      vertex 77.2 50.6144 2.6
      vertex 77.3877 50.5218 1
      vertex 77.2 50.6144 1
    endloop
  endfacet
  facet normal 0.980819 0.194922 0
    outer loop
      vertex 76.4545 51.5859 2.6
      vertex 76.4137 51.7912 1
      vertex 76.4137 51.7912 2.6
    endloop
  endfacet
  facet normal 0.980819 0.194922 0
    outer loop
      vertex 76.4137 51.7912 1
      vertex 76.4545 51.5859 2.6
      vertex 76.4545 51.5859 1
    endloop
  endfacet
  facet normal 0.555362 0.831609 -0
    outer loop
      vertex 77.2 50.6144 1
      vertex 77.026 50.7306 2.6
      vertex 77.2 50.6144 2.6
    endloop
  endfacet
  facet normal 0.555362 0.831609 0
    outer loop
      vertex 77.026 50.7306 2.6
      vertex 77.2 50.6144 1
      vertex 77.026 50.7306 1
    endloop
  endfacet
  facet normal -0.194922 -0.980819 0
    outer loop
      vertex 78.2088 53.5863 1
      vertex 78.4141 53.5455 2.6
      vertex 78.2088 53.5863 2.6
    endloop
  endfacet
  facet normal -0.194922 -0.980819 -0
    outer loop
      vertex 78.4141 53.5455 2.6
      vertex 78.2088 53.5863 1
      vertex 78.4141 53.5455 1
    endloop
  endfacet
  facet normal -0.194922 0.980819 0
    outer loop
      vertex 78.4141 50.4545 1
      vertex 78.2088 50.4137 2.6
      vertex 78.4141 50.4545 2.6
    endloop
  endfacet
  facet normal -0.194922 0.980819 0
    outer loop
      vertex 78.2088 50.4137 2.6
      vertex 78.4141 50.4545 1
      vertex 78.2088 50.4137 1
    endloop
  endfacet
  facet normal 0.751925 0.659248 0
    outer loop
      vertex 76.8686 50.8686 2.6
      vertex 76.7306 51.026 1
      vertex 76.7306 51.026 2.6
    endloop
  endfacet
  facet normal 0.751925 0.659248 0
    outer loop
      vertex 76.7306 51.026 1
      vertex 76.8686 50.8686 2.6
      vertex 76.8686 50.8686 1
    endloop
  endfacet
  facet normal 0.751925 -0.659248 0
    outer loop
      vertex 76.7306 52.974 2.6
      vertex 76.8686 53.1314 1
      vertex 76.8686 53.1314 2.6
    endloop
  endfacet
  facet normal 0.751925 -0.659248 0
    outer loop
      vertex 76.8686 53.1314 1
      vertex 76.7306 52.974 2.6
      vertex 76.7306 52.974 1
    endloop
  endfacet
  facet normal -0.997854 0.0654722 0
    outer loop
      vertex 79.5863 51.7912 1
      vertex 79.6 52 2.6
      vertex 79.6 52 1
    endloop
  endfacet
  facet normal -0.997854 0.0654722 0
    outer loop
      vertex 79.6 52 2.6
      vertex 79.5863 51.7912 1
      vertex 79.5863 51.7912 2.6
    endloop
  endfacet
  facet normal 0.831609 -0.555362 0
    outer loop
      vertex 76.6144 52.8 2.6
      vertex 76.7306 52.974 1
      vertex 76.7306 52.974 2.6
    endloop
  endfacet
  facet normal 0.831609 -0.555362 0
    outer loop
      vertex 76.7306 52.974 1
      vertex 76.6144 52.8 2.6
      vertex 76.6144 52.8 1
    endloop
  endfacet
  facet normal 0.659248 0.751925 -0
    outer loop
      vertex 77.026 50.7306 1
      vertex 76.8686 50.8686 2.6
      vertex 77.026 50.7306 2.6
    endloop
  endfacet
  facet normal 0.659248 0.751925 0
    outer loop
      vertex 76.8686 50.8686 2.6
      vertex 77.026 50.7306 1
      vertex 76.8686 50.8686 1
    endloop
  endfacet
  facet normal 0.997854 0.0654722 0
    outer loop
      vertex 76.4137 51.7912 2.6
      vertex 76.4 52 1
      vertex 76.4 52 2.6
    endloop
  endfacet
  facet normal 0.997854 0.0654722 0
    outer loop
      vertex 76.4 52 1
      vertex 76.4137 51.7912 2.6
      vertex 76.4137 51.7912 1
    endloop
  endfacet
  facet normal -0.321526 0.946901 0
    outer loop
      vertex 78.6123 50.5218 1
      vertex 78.4141 50.4545 2.6
      vertex 78.6123 50.5218 2.6
    endloop
  endfacet
  facet normal -0.321526 0.946901 0
    outer loop
      vertex 78.4141 50.4545 2.6
      vertex 78.6123 50.5218 1
      vertex 78.4141 50.4545 1
    endloop
  endfacet
  facet normal -0.555362 0.831609 0
    outer loop
      vertex 78.974 50.7306 1
      vertex 78.8 50.6144 2.6
      vertex 78.974 50.7306 2.6
    endloop
  endfacet
  facet normal -0.555362 0.831609 0
    outer loop
      vertex 78.8 50.6144 2.6
      vertex 78.974 50.7306 1
      vertex 78.8 50.6144 1
    endloop
  endfacet
  facet normal -0.751925 0.659248 0
    outer loop
      vertex 79.1314 50.8686 1
      vertex 79.2694 51.026 2.6
      vertex 79.2694 51.026 1
    endloop
  endfacet
  facet normal -0.751925 0.659248 0
    outer loop
      vertex 79.2694 51.026 2.6
      vertex 79.1314 50.8686 1
      vertex 79.1314 50.8686 2.6
    endloop
  endfacet
  facet normal 0.831609 0.555362 0
    outer loop
      vertex 76.7306 51.026 2.6
      vertex 76.6144 51.2 1
      vertex 76.6144 51.2 2.6
    endloop
  endfacet
  facet normal 0.831609 0.555362 0
    outer loop
      vertex 76.6144 51.2 1
      vertex 76.7306 51.026 2.6
      vertex 76.7306 51.026 1
    endloop
  endfacet
  facet normal -0.659248 0.751925 0
    outer loop
      vertex 79.1314 50.8686 1
      vertex 78.974 50.7306 2.6
      vertex 79.1314 50.8686 2.6
    endloop
  endfacet
  facet normal -0.659248 0.751925 0
    outer loop
      vertex 78.974 50.7306 2.6
      vertex 79.1314 50.8686 1
      vertex 78.974 50.7306 1
    endloop
  endfacet
  facet normal 0.0654722 0.997854 -0
    outer loop
      vertex 78 50.4 1
      vertex 77.7912 50.4137 2.6
      vertex 78 50.4 2.6
    endloop
  endfacet
  facet normal 0.0654722 0.997854 0
    outer loop
      vertex 77.7912 50.4137 2.6
      vertex 78 50.4 1
      vertex 77.7912 50.4137 1
    endloop
  endfacet
  facet normal -0.896803 0.442429 0
    outer loop
      vertex 79.3856 51.2 1
      vertex 79.4782 51.3877 2.6
      vertex 79.4782 51.3877 1
    endloop
  endfacet
  facet normal -0.896803 0.442429 0
    outer loop
      vertex 79.4782 51.3877 2.6
      vertex 79.3856 51.2 1
      vertex 79.3856 51.2 2.6
    endloop
  endfacet
  facet normal 0.0654722 -0.997854 0
    outer loop
      vertex 77.7912 53.5863 1
      vertex 78 53.6 2.6
      vertex 77.7912 53.5863 2.6
    endloop
  endfacet
  facet normal 0.0654722 -0.997854 0
    outer loop
      vertex 78 53.6 2.6
      vertex 77.7912 53.5863 1
      vertex 78 53.6 1
    endloop
  endfacet
  facet normal 0.980819 -0.194922 0
    outer loop
      vertex 76.4137 52.2088 2.6
      vertex 76.4545 52.4141 1
      vertex 76.4545 52.4141 2.6
    endloop
  endfacet
  facet normal 0.980819 -0.194922 0
    outer loop
      vertex 76.4545 52.4141 1
      vertex 76.4137 52.2088 2.6
      vertex 76.4137 52.2088 1
    endloop
  endfacet
  facet normal 0.194922 0.980819 -0
    outer loop
      vertex 77.7912 50.4137 1
      vertex 77.5859 50.4545 2.6
      vertex 77.7912 50.4137 2.6
    endloop
  endfacet
  facet normal 0.194922 0.980819 0
    outer loop
      vertex 77.5859 50.4545 2.6
      vertex 77.7912 50.4137 1
      vertex 77.5859 50.4545 1
    endloop
  endfacet
  facet normal 0.321526 -0.946901 0
    outer loop
      vertex 77.3877 53.4782 1
      vertex 77.5859 53.5455 2.6
      vertex 77.3877 53.4782 2.6
    endloop
  endfacet
  facet normal 0.321526 -0.946901 0
    outer loop
      vertex 77.5859 53.5455 2.6
      vertex 77.3877 53.4782 1
      vertex 77.5859 53.5455 1
    endloop
  endfacet
  facet normal -0.659248 -0.751925 0
    outer loop
      vertex 78.974 53.2694 1
      vertex 79.1314 53.1314 2.6
      vertex 78.974 53.2694 2.6
    endloop
  endfacet
  facet normal -0.659248 -0.751925 -0
    outer loop
      vertex 79.1314 53.1314 2.6
      vertex 78.974 53.2694 1
      vertex 79.1314 53.1314 1
    endloop
  endfacet
  facet normal -0.0654722 -0.997854 0
    outer loop
      vertex 78 53.6 1
      vertex 78.2088 53.5863 2.6
      vertex 78 53.6 2.6
    endloop
  endfacet
  facet normal -0.0654722 -0.997854 -0
    outer loop
      vertex 78.2088 53.5863 2.6
      vertex 78 53.6 1
      vertex 78.2088 53.5863 1
    endloop
  endfacet
  facet normal 0.896803 -0.442429 0
    outer loop
      vertex 76.5218 52.6123 2.6
      vertex 76.6144 52.8 1
      vertex 76.6144 52.8 2.6
    endloop
  endfacet
  facet normal 0.896803 -0.442429 0
    outer loop
      vertex 76.6144 52.8 1
      vertex 76.5218 52.6123 2.6
      vertex 76.5218 52.6123 1
    endloop
  endfacet
  facet normal -0.751925 -0.659248 0
    outer loop
      vertex 79.2694 52.974 1
      vertex 79.1314 53.1314 2.6
      vertex 79.1314 53.1314 1
    endloop
  endfacet
  facet normal -0.751925 -0.659248 0
    outer loop
      vertex 79.1314 53.1314 2.6
      vertex 79.2694 52.974 1
      vertex 79.2694 52.974 2.6
    endloop
  endfacet
  facet normal 0.946901 -0.321526 0
    outer loop
      vertex 76.4545 52.4141 2.6
      vertex 76.5218 52.6123 1
      vertex 76.5218 52.6123 2.6
    endloop
  endfacet
  facet normal 0.946901 -0.321526 0
    outer loop
      vertex 76.5218 52.6123 1
      vertex 76.4545 52.4141 2.6
      vertex 76.4545 52.4141 1
    endloop
  endfacet
  facet normal 0.997854 -0.0654722 0
    outer loop
      vertex 76.4 52 2.6
      vertex 76.4137 52.2088 1
      vertex 76.4137 52.2088 2.6
    endloop
  endfacet
  facet normal 0.997854 -0.0654722 0
    outer loop
      vertex 76.4137 52.2088 1
      vertex 76.4 52 2.6
      vertex 76.4 52 1
    endloop
  endfacet
  facet normal 0.946944 -0.321397 0
    outer loop
      vertex 90.6194 -1.91342 2.6
      vertex 90.8296 -1.2941 0
      vertex 90.8296 -1.2941 2.6
    endloop
  endfacet
  facet normal 0.946944 -0.321397 0
    outer loop
      vertex 90.8296 -1.2941 0
      vertex 90.6194 -1.91342 2.6
      vertex 90.6194 -1.91342 0
    endloop
  endfacet
  facet normal 0.321461 -0.946923 0
    outer loop
      vertex 87.2941 -4.82964 0
      vertex 87.9134 -4.6194 2.6
      vertex 87.2941 -4.82964 2.6
    endloop
  endfacet
  facet normal 0.321461 -0.946923 0
    outer loop
      vertex 87.9134 -4.6194 2.6
      vertex 87.2941 -4.82964 0
      vertex 87.9134 -4.6194 0
    endloop
  endfacet
  facet normal 0 0 -1
    outer loop
      vertex 86 -5 0
      vertex 91 0 0
      vertex 90.9572 -0.652634 0
    endloop
  endfacet
  facet normal -0 0 -1
    outer loop
      vertex 91 0 0
      vertex 86 -5 0
      vertex 91 60 0
    endloop
  endfacet
  facet normal 0 0 -1
    outer loop
      vertex 86 -5 0
      vertex 90.9572 -0.652634 0
      vertex 90.8296 -1.2941 0
    endloop
  endfacet
  facet normal 0 0 -1
    outer loop
      vertex 86 65 0
      vertex 91 60 0
      vertex 86 -5 0
    endloop
  endfacet
  facet normal 0 0 -1
    outer loop
      vertex 86 -5 0
      vertex 90.8296 -1.2941 0
      vertex 90.6194 -1.91342 0
    endloop
  endfacet
  facet normal 0 0 -1
    outer loop
      vertex 91 60 0
      vertex 86 65 0
      vertex 90.9572 60.6526 0
    endloop
  endfacet
  facet normal 0 0 -1
    outer loop
      vertex 86 -5 0
      vertex 90.6194 -1.91342 0
      vertex 90.3301 -2.5 0
    endloop
  endfacet
  facet normal 0 0 -1
    outer loop
      vertex 90.9572 60.6526 0
      vertex 86 65 0
      vertex 90.8296 61.2941 0
    endloop
  endfacet
  facet normal 0 0 -1
    outer loop
      vertex 86 -5 0
      vertex 90.3301 -2.5 0
      vertex 89.9668 -3.04381 0
    endloop
  endfacet
  facet normal 0 0 -1
    outer loop
      vertex 90.8296 61.2941 0
      vertex 86 65 0
      vertex 90.6194 61.9134 0
    endloop
  endfacet
  facet normal 0 0 -1
    outer loop
      vertex 86 -5 0
      vertex 89.9668 -3.04381 0
      vertex 89.5355 -3.53554 0
    endloop
  endfacet
  facet normal 0 0 -1
    outer loop
      vertex 90.6194 61.9134 0
      vertex 86 65 0
      vertex 90.3301 62.5 0
    endloop
  endfacet
  facet normal 0 0 -1
    outer loop
      vertex 86 -5 0
      vertex 89.5355 -3.53554 0
      vertex 89.0438 -3.96677 0
    endloop
  endfacet
  facet normal 0 0 -1
    outer loop
      vertex 90.3301 62.5 0
      vertex 86 65 0
      vertex 89.9668 63.0438 0
    endloop
  endfacet
  facet normal 0 0 -1
    outer loop
      vertex 86 -5 0
      vertex 89.0438 -3.96677 0
      vertex 88.5 -4.33012 0
    endloop
  endfacet
  facet normal 0 0 -1
    outer loop
      vertex 89.9668 63.0438 0
      vertex 86 65 0
      vertex 89.5355 63.5355 0
    endloop
  endfacet
  facet normal 0 0 -1
    outer loop
      vertex 86 -5 0
      vertex 88.5 -4.33012 0
      vertex 87.9134 -4.6194 0
    endloop
  endfacet
  facet normal 0 0 -1
    outer loop
      vertex 89.5355 63.5355 0
      vertex 86 65 0
      vertex 89.0438 63.9668 0
    endloop
  endfacet
  facet normal 0 0 -1
    outer loop
      vertex 86 -5 0
      vertex 87.9134 -4.6194 0
      vertex 87.2941 -4.82964 0
    endloop
  endfacet
  facet normal 0 0 -1
    outer loop
      vertex 89.0438 63.9668 0
      vertex 86 65 0
      vertex 88.5 64.3301 0
    endloop
  endfacet
  facet normal 0 0 -1
    outer loop
      vertex 86 -5 0
      vertex 87.2941 -4.82964 0
      vertex 86.6526 -4.95723 0
    endloop
  endfacet
  facet normal 0 0 -1
    outer loop
      vertex 88.5 64.3301 0
      vertex 86 65 0
      vertex 87.9134 64.6194 0
    endloop
  endfacet
  facet normal 0 0 -1
    outer loop
      vertex 87.9134 64.6194 0
      vertex 86 65 0
      vertex 87.2941 64.8296 0
    endloop
  endfacet
  facet normal 0 0 -1
    outer loop
      vertex 87.2941 64.8296 0
      vertex 86 65 0
      vertex 86.6526 64.9572 0
    endloop
  endfacet
  facet normal 0 0 -1
    outer loop
      vertex 0 -5 0
      vertex 86 65 0
      vertex 86 -5 0
    endloop
  endfacet
  facet normal 0 0 -1
    outer loop
      vertex 0 -5 0
      vertex 0 65 0
      vertex 86 65 0
    endloop
  endfacet
  facet normal 0 0 -1
    outer loop
      vertex -5 0 0
      vertex 0 -5 0
      vertex -0.652634 -4.95723 0
    endloop
  endfacet
  facet normal 0 0 -1
    outer loop
      vertex 0 -5 0
      vertex -5 0 0
      vertex 0 65 0
    endloop
  endfacet
  facet normal 0 0 -1
    outer loop
      vertex -5 0 0
      vertex -0.652634 -4.95723 0
      vertex -1.2941 -4.82964 0
    endloop
  endfacet
  facet normal 0 0 -1
    outer loop
      vertex -5 60 0
      vertex 0 65 0
      vertex -5 0 0
    endloop
  endfacet
  facet normal 0 0 -1
    outer loop
      vertex -5 0 0
      vertex -1.2941 -4.82964 0
      vertex -1.91342 -4.6194 0
    endloop
  endfacet
  facet normal 0 0 -1
    outer loop
      vertex 0 65 0
      vertex -5 60 0
      vertex -0.652634 64.9572 0
    endloop
  endfacet
  facet normal 0 0 -1
    outer loop
      vertex -5 0 0
      vertex -1.91342 -4.6194 0
      vertex -2.5 -4.33012 0
    endloop
  endfacet
  facet normal 0 0 -1
    outer loop
      vertex -0.652634 64.9572 0
      vertex -5 60 0
      vertex -1.2941 64.8296 0
    endloop
  endfacet
  facet normal 0 0 -1
    outer loop
      vertex -5 0 0
      vertex -2.5 -4.33012 0
      vertex -3.04381 -3.96677 0
    endloop
  endfacet
  facet normal 0 0 -1
    outer loop
      vertex -1.2941 64.8296 0
      vertex -5 60 0
      vertex -1.91342 64.6194 0
    endloop
  endfacet
  facet normal 0 0 -1
    outer loop
      vertex -5 0 0
      vertex -3.04381 -3.96677 0
      vertex -3.53554 -3.53554 0
    endloop
  endfacet
  facet normal 0 0 -1
    outer loop
      vertex -1.91342 64.6194 0
      vertex -5 60 0
      vertex -2.5 64.3301 0
    endloop
  endfacet
  facet normal 0 0 -1
    outer loop
      vertex -5 0 0
      vertex -3.53554 -3.53554 0
      vertex -3.96677 -3.04381 0
    endloop
  endfacet
  facet normal 0 0 -1
    outer loop
      vertex -2.5 64.3301 0
      vertex -5 60 0
      vertex -3.04381 63.9668 0
    endloop
  endfacet
  facet normal 0 0 -1
    outer loop
      vertex -5 0 0
      vertex -3.96677 -3.04381 0
      vertex -4.33012 -2.5 0
    endloop
  endfacet
  facet normal 0 0 -1
    outer loop
      vertex -3.04381 63.9668 0
      vertex -5 60 0
      vertex -3.53554 63.5355 0
    endloop
  endfacet
  facet normal 0 0 -1
    outer loop
      vertex -5 0 0
      vertex -4.33012 -2.5 0
      vertex -4.6194 -1.91342 0
    endloop
  endfacet
  facet normal 0 0 -1
    outer loop
      vertex -3.53554 63.5355 0
      vertex -5 60 0
      vertex -3.96677 63.0438 0
    endloop
  endfacet
  facet normal 0 0 -1
    outer loop
      vertex -5 0 0
      vertex -4.6194 -1.91342 0
      vertex -4.82964 -1.2941 0
    endloop
  endfacet
  facet normal 0 0 -1
    outer loop
      vertex -3.96677 63.0438 0
      vertex -5 60 0
      vertex -4.33012 62.5 0
    endloop
  endfacet
  facet normal 0 0 -1
    outer loop
      vertex -5 0 0
      vertex -4.82964 -1.2941 0
      vertex -4.95723 -0.652634 0
    endloop
  endfacet
  facet normal 0 0 -1
    outer loop
      vertex -4.33012 62.5 0
      vertex -5 60 0
      vertex -4.6194 61.9134 0
    endloop
  endfacet
  facet normal 0 0 -1
    outer loop
      vertex -4.6194 61.9134 0
      vertex -5 60 0
      vertex -4.82964 61.2941 0
    endloop
  endfacet
  facet normal 0 0 -1
    outer loop
      vertex -4.82964 61.2941 0
      vertex -5 60 0
      vertex -4.95723 60.6526 0
    endloop
  endfacet
  facet normal 0 -1 0
    outer loop
      vertex 0 -5 2.6
      vertex 25.2307 -5 1
      vertex 25.2307 -5 2.6
    endloop
  endfacet
  facet normal 0 -1 0
    outer loop
      vertex 0 -5 0
      vertex 36.3693 -5 1
      vertex 25.2307 -5 1
    endloop
  endfacet
  facet normal 0 -1 0
    outer loop
      vertex 36.3693 -5 1
      vertex 86 -5 0
      vertex 59.6307 -5 1
    endloop
  endfacet
  facet normal 0 -1 -0
    outer loop
      vertex 36.3693 -5 1
      vertex 0 -5 0
      vertex 86 -5 0
    endloop
  endfacet
  facet normal 0 -1 0
    outer loop
      vertex 0 -5 0
      vertex 25.2307 -5 1
      vertex 0 -5 2.6
    endloop
  endfacet
  facet normal 0 -1 0
    outer loop
      vertex 36.3693 -5 1
      vertex 59.6307 -5 2.6
      vertex 36.3693 -5 2.6
    endloop
  endfacet
  facet normal 0 -1 -0
    outer loop
      vertex 59.6307 -5 2.6
      vertex 36.3693 -5 1
      vertex 59.6307 -5 1
    endloop
  endfacet
  facet normal 0 -1 0
    outer loop
      vertex 70.7693 -5 1
      vertex 86 -5 2.6
      vertex 70.7693 -5 2.6
    endloop
  endfacet
  facet normal 0 -1 0
    outer loop
      vertex 70.7693 -5 1
      vertex 86 -5 0
      vertex 86 -5 2.6
    endloop
  endfacet
  facet normal 0 -1 0
    outer loop
      vertex 59.6307 -5 1
      vertex 86 -5 0
      vertex 70.7693 -5 1
    endloop
  endfacet
  facet normal 0.195072 -0.980789 0
    outer loop
      vertex 86.6526 -4.95723 0
      vertex 87.2941 -4.82964 2.6
      vertex 86.6526 -4.95723 2.6
    endloop
  endfacet
  facet normal 0.195072 -0.980789 0
    outer loop
      vertex 87.2941 -4.82964 2.6
      vertex 86.6526 -4.95723 0
      vertex 87.2941 -4.82964 0
    endloop
  endfacet
  facet normal 0.0653976 -0.997859 0
    outer loop
      vertex 86 -5 0
      vertex 86.6526 -4.95723 2.6
      vertex 86 -5 2.6
    endloop
  endfacet
  facet normal 0.0653976 -0.997859 0
    outer loop
      vertex 86.6526 -4.95723 2.6
      vertex 86 -5 0
      vertex 86.6526 -4.95723 0
    endloop
  endfacet
  facet normal -0.321452 -0.946926 0
    outer loop
      vertex -1.91342 -4.6194 0
      vertex -1.2941 -4.82964 2.6
      vertex -1.91342 -4.6194 2.6
    endloop
  endfacet
  facet normal -0.321452 -0.946926 -0
    outer loop
      vertex -1.2941 -4.82964 2.6
      vertex -1.91342 -4.6194 0
      vertex -1.2941 -4.82964 0
    endloop
  endfacet
  facet normal -0.555557 -0.831478 0
    outer loop
      vertex -3.04381 -3.96677 0
      vertex -2.5 -4.33012 2.6
      vertex -3.04381 -3.96677 2.6
    endloop
  endfacet
  facet normal -0.555557 -0.831478 -0
    outer loop
      vertex -2.5 -4.33012 2.6
      vertex -3.04381 -3.96677 0
      vertex -2.5 -4.33012 0
    endloop
  endfacet
  facet normal -0.555504 0.831514 0
    outer loop
      vertex -2.5 64.3301 0
      vertex -3.04381 63.9668 2.6
      vertex -2.5 64.3301 2.6
    endloop
  endfacet
  facet normal -0.555504 0.831514 0
    outer loop
      vertex -3.04381 63.9668 2.6
      vertex -2.5 64.3301 0
      vertex -3.04381 63.9668 0
    endloop
  endfacet
  facet normal 0.442314 0.89686 -0
    outer loop
      vertex 88.5 64.3301 0
      vertex 87.9134 64.6194 2.6
      vertex 88.5 64.3301 2.6
    endloop
  endfacet
  facet normal 0.442314 0.89686 0
    outer loop
      vertex 87.9134 64.6194 2.6
      vertex 88.5 64.3301 0
      vertex 87.9134 64.6194 0
    endloop
  endfacet
  facet normal -0.442302 -0.896866 0
    outer loop
      vertex -2.5 -4.33012 0
      vertex -1.91342 -4.6194 2.6
      vertex -2.5 -4.33012 2.6
    endloop
  endfacet
  facet normal -0.442302 -0.896866 -0
    outer loop
      vertex -1.91342 -4.6194 2.6
      vertex -2.5 -4.33012 0
      vertex -1.91342 -4.6194 0
    endloop
  endfacet
  facet normal 1 -0 0
    outer loop
      vertex 91 0 2.6
      vertex 91 60 0
      vertex 91 60 2.6
    endloop
  endfacet
  facet normal 1 0 0
    outer loop
      vertex 91 60 0
      vertex 91 0 2.6
      vertex 91 0 0
    endloop
  endfacet
  facet normal -1 0 0
    outer loop
      vertex -5 0 0
      vertex -5 60 2.6
      vertex -5 60 0
    endloop
  endfacet
  facet normal -1 -0 0
    outer loop
      vertex -5 60 2.6
      vertex -5 0 0
      vertex -5 0 2.6
    endloop
  endfacet
  facet normal -0.946923 0.321461 0
    outer loop
      vertex -4.82964 61.2941 0
      vertex -4.6194 61.9134 2.6
      vertex -4.6194 61.9134 0
    endloop
  endfacet
  facet normal -0.946923 0.321461 0
    outer loop
      vertex -4.6194 61.9134 2.6
      vertex -4.82964 61.2941 0
      vertex -4.82964 61.2941 2.6
    endloop
  endfacet
  facet normal -0.195082 -0.980787 0
    outer loop
      vertex -1.2941 -4.82964 0
      vertex -0.652634 -4.95723 2.6
      vertex -1.2941 -4.82964 2.6
    endloop
  endfacet
  facet normal -0.195082 -0.980787 -0
    outer loop
      vertex -0.652634 -4.95723 2.6
      vertex -1.2941 -4.82964 0
      vertex -0.652634 -4.95723 0
    endloop
  endfacet
  facet normal -0.0653942 -0.99786 0
    outer loop
      vertex -0.652634 -4.95723 0
      vertex 0 -5 2.6
      vertex -0.652634 -4.95723 2.6
    endloop
  endfacet
  facet normal -0.0653942 -0.99786 -0
    outer loop
      vertex 0 -5 2.6
      vertex -0.652634 -4.95723 0
      vertex 0 -5 0
    endloop
  endfacet
  facet normal 0.659424 0.751771 -0
    outer loop
      vertex 89.5355 63.5355 0
      vertex 89.0438 63.9668 2.6
      vertex 89.5355 63.5355 2.6
    endloop
  endfacet
  facet normal 0.659424 0.751771 0
    outer loop
      vertex 89.0438 63.9668 2.6
      vertex 89.5355 63.5355 0
      vertex 89.0438 63.9668 0
    endloop
  endfacet
  facet normal -0.659401 0.751791 0
    outer loop
      vertex -3.04381 63.9668 0
      vertex -3.53554 63.5355 2.6
      vertex -3.04381 63.9668 2.6
    endloop
  endfacet
  facet normal -0.659401 0.751791 0
    outer loop
      vertex -3.53554 63.5355 2.6
      vertex -3.04381 63.9668 0
      vertex -3.53554 63.5355 0
    endloop
  endfacet
  facet normal -0.896866 -0.442302 0
    outer loop
      vertex -4.33012 -2.5 0
      vertex -4.6194 -1.91342 2.6
      vertex -4.6194 -1.91342 0
    endloop
  endfacet
  facet normal -0.896866 -0.442302 0
    outer loop
      vertex -4.6194 -1.91342 2.6
      vertex -4.33012 -2.5 0
      vertex -4.33012 -2.5 2.6
    endloop
  endfacet
  facet normal 0 1 -0
    outer loop
      vertex 86 65 0
      vertex 0 65 2.6
      vertex 86 65 2.6
    endloop
  endfacet
  facet normal 0 1 0
    outer loop
      vertex 0 65 2.6
      vertex 86 65 0
      vertex 0 65 0
    endloop
  endfacet
  facet normal -0.831474 0.555564 0
    outer loop
      vertex -4.33012 62.5 0
      vertex -3.96677 63.0438 2.6
      vertex -3.96677 63.0438 0
    endloop
  endfacet
  facet normal -0.831474 0.555564 0
    outer loop
      vertex -3.96677 63.0438 2.6
      vertex -4.33012 62.5 0
      vertex -4.33012 62.5 2.6
    endloop
  endfacet
  facet normal -0.980787 -0.195082 0
    outer loop
      vertex -4.82964 -1.2941 0
      vertex -4.95723 -0.652634 2.6
      vertex -4.95723 -0.652634 0
    endloop
  endfacet
  facet normal -0.980787 -0.195082 0
    outer loop
      vertex -4.95723 -0.652634 2.6
      vertex -4.82964 -1.2941 0
      vertex -4.82964 -1.2941 2.6
    endloop
  endfacet
  facet normal -0.751844 -0.659341 0
    outer loop
      vertex -3.53554 -3.53554 0
      vertex -3.96677 -3.04381 2.6
      vertex -3.96677 -3.04381 0
    endloop
  endfacet
  facet normal -0.751844 -0.659341 0
    outer loop
      vertex -3.96677 -3.04381 2.6
      vertex -3.53554 -3.53554 0
      vertex -3.53554 -3.53554 2.6
    endloop
  endfacet
  facet normal -0.946926 -0.321452 0
    outer loop
      vertex -4.6194 -1.91342 0
      vertex -4.82964 -1.2941 2.6
      vertex -4.82964 -1.2941 0
    endloop
  endfacet
  facet normal -0.946926 -0.321452 0
    outer loop
      vertex -4.82964 -1.2941 2.6
      vertex -4.6194 -1.91342 0
      vertex -4.6194 -1.91342 2.6
    endloop
  endfacet
  facet normal -0.321397 0.946944 0
    outer loop
      vertex -1.2941 64.8296 0
      vertex -1.91342 64.6194 2.6
      vertex -1.2941 64.8296 2.6
    endloop
  endfacet
  facet normal -0.321397 0.946944 0
    outer loop
      vertex -1.91342 64.6194 2.6
      vertex -1.2941 64.8296 0
      vertex -1.91342 64.6194 0
    endloop
  endfacet
  facet normal -0.0654398 0.997857 0
    outer loop
      vertex 0 65 0
      vertex -0.652634 64.9572 2.6
      vertex 0 65 2.6
    endloop
  endfacet
  facet normal -0.0654398 0.997857 0
    outer loop
      vertex -0.652634 64.9572 2.6
      vertex 0 65 0
      vertex -0.652634 64.9572 0
    endloop
  endfacet
  facet normal 0.195087 0.980786 -0
    outer loop
      vertex 87.2941 64.8296 0
      vertex 86.6526 64.9572 2.6
      vertex 87.2941 64.8296 2.6
    endloop
  endfacet
  facet normal 0.195087 0.980786 0
    outer loop
      vertex 86.6526 64.9572 2.6
      vertex 87.2941 64.8296 0
      vertex 86.6526 64.9572 0
    endloop
  endfacet
  facet normal -0.980789 0.195072 0
    outer loop
      vertex -4.95723 60.6526 0
      vertex -4.82964 61.2941 2.6
      vertex -4.82964 61.2941 0
    endloop
  endfacet
  facet normal -0.980789 0.195072 0
    outer loop
      vertex -4.82964 61.2941 2.6
      vertex -4.95723 60.6526 0
      vertex -4.95723 60.6526 2.6
    endloop
  endfacet
  facet normal 0.89686 0.442314 0
    outer loop
      vertex 90.6194 61.9134 2.6
      vertex 90.3301 62.5 0
      vertex 90.3301 62.5 2.6
    endloop
  endfacet
  facet normal 0.89686 0.442314 0
    outer loop
      vertex 90.3301 62.5 0
      vertex 90.6194 61.9134 2.6
      vertex 90.6194 61.9134 0
    endloop
  endfacet
  facet normal -0.751824 0.659364 0
    outer loop
      vertex -3.96677 63.0438 0
      vertex -3.53554 63.5355 2.6
      vertex -3.53554 63.5355 0
    endloop
  endfacet
  facet normal -0.751824 0.659364 0
    outer loop
      vertex -3.53554 63.5355 2.6
      vertex -3.96677 63.0438 0
      vertex -3.96677 63.0438 2.6
    endloop
  endfacet
  facet normal 0.321407 0.946941 -0
    outer loop
      vertex 87.9134 64.6194 0
      vertex 87.2941 64.8296 2.6
      vertex 87.9134 64.6194 2.6
    endloop
  endfacet
  facet normal 0.321407 0.946941 0
    outer loop
      vertex 87.2941 64.8296 2.6
      vertex 87.9134 64.6194 0
      vertex 87.2941 64.8296 0
    endloop
  endfacet
  facet normal -0.195097 0.980784 0
    outer loop
      vertex -0.652634 64.9572 0
      vertex -1.2941 64.8296 2.6
      vertex -0.652634 64.9572 2.6
    endloop
  endfacet
  facet normal -0.195097 0.980784 0
    outer loop
      vertex -1.2941 64.8296 2.6
      vertex -0.652634 64.9572 0
      vertex -1.2941 64.8296 0
    endloop
  endfacet
  facet normal 0.980784 -0.195097 0
    outer loop
      vertex 90.8296 -1.2941 2.6
      vertex 90.9572 -0.652634 0
      vertex 90.9572 -0.652634 2.6
    endloop
  endfacet
  facet normal 0.980784 -0.195097 0
    outer loop
      vertex 90.9572 -0.652634 0
      vertex 90.8296 -1.2941 2.6
      vertex 90.8296 -1.2941 0
    endloop
  endfacet
  facet normal 0.946941 0.321407 0
    outer loop
      vertex 90.8296 61.2941 2.6
      vertex 90.6194 61.9134 0
      vertex 90.6194 61.9134 2.6
    endloop
  endfacet
  facet normal 0.946941 0.321407 0
    outer loop
      vertex 90.6194 61.9134 0
      vertex 90.8296 61.2941 2.6
      vertex 90.8296 61.2941 0
    endloop
  endfacet
  facet normal -0.659341 -0.751844 0
    outer loop
      vertex -3.53554 -3.53554 0
      vertex -3.04381 -3.96677 2.6
      vertex -3.53554 -3.53554 2.6
    endloop
  endfacet
  facet normal -0.659341 -0.751844 -0
    outer loop
      vertex -3.04381 -3.96677 2.6
      vertex -3.53554 -3.53554 0
      vertex -3.04381 -3.96677 0
    endloop
  endfacet
  facet normal 0.831509 0.555512 0
    outer loop
      vertex 90.3301 62.5 2.6
      vertex 89.9668 63.0438 0
      vertex 89.9668 63.0438 2.6
    endloop
  endfacet
  facet normal 0.831509 0.555512 0
    outer loop
      vertex 89.9668 63.0438 0
      vertex 90.3301 62.5 2.6
      vertex 90.3301 62.5 0
    endloop
  endfacet
  facet normal -0.442327 0.896854 0
    outer loop
      vertex -1.91342 64.6194 0
      vertex -2.5 64.3301 2.6
      vertex -1.91342 64.6194 2.6
    endloop
  endfacet
  facet normal -0.442327 0.896854 0
    outer loop
      vertex -2.5 64.3301 2.6
      vertex -1.91342 64.6194 0
      vertex -2.5 64.3301 0
    endloop
  endfacet
  facet normal -0.896872 0.44229 0
    outer loop
      vertex -4.6194 61.9134 0
      vertex -4.33012 62.5 2.6
      vertex -4.33012 62.5 0
    endloop
  endfacet
  facet normal -0.896872 0.44229 0
    outer loop
      vertex -4.33012 62.5 2.6
      vertex -4.6194 61.9134 0
      vertex -4.6194 61.9134 2.6
    endloop
  endfacet
  facet normal 0.555512 0.831509 -0
    outer loop
      vertex 89.0438 63.9668 0
      vertex 88.5 64.3301 2.6
      vertex 89.0438 63.9668 2.6
    endloop
  endfacet
  facet normal 0.555512 0.831509 0
    outer loop
      vertex 88.5 64.3301 2.6
      vertex 89.0438 63.9668 0
      vertex 88.5 64.3301 0
    endloop
  endfacet
  facet normal 0.659364 -0.751824 0
    outer loop
      vertex 89.0438 -3.96677 0
      vertex 89.5355 -3.53554 2.6
      vertex 89.0438 -3.96677 2.6
    endloop
  endfacet
  facet normal 0.659364 -0.751824 0
    outer loop
      vertex 89.5355 -3.53554 2.6
      vertex 89.0438 -3.96677 0
      vertex 89.5355 -3.53554 0
    endloop
  endfacet
  facet normal 0.555564 -0.831474 0
    outer loop
      vertex 88.5 -4.33012 0
      vertex 89.0438 -3.96677 2.6
      vertex 88.5 -4.33012 2.6
    endloop
  endfacet
  facet normal 0.555564 -0.831474 0
    outer loop
      vertex 89.0438 -3.96677 2.6
      vertex 88.5 -4.33012 0
      vertex 89.0438 -3.96677 0
    endloop
  endfacet
  facet normal 0.0654432 0.997856 -0
    outer loop
      vertex 86.6526 64.9572 0
      vertex 86 65 2.6
      vertex 86.6526 64.9572 2.6
    endloop
  endfacet
  facet normal 0.0654432 0.997856 0
    outer loop
      vertex 86 65 2.6
      vertex 86.6526 64.9572 0
      vertex 86 65 0
    endloop
  endfacet
  facet normal -0.997859 0.0653976 0
    outer loop
      vertex -5 60 0
      vertex -4.95723 60.6526 2.6
      vertex -4.95723 60.6526 0
    endloop
  endfacet
  facet normal -0.997859 0.0653976 0
    outer loop
      vertex -4.95723 60.6526 2.6
      vertex -5 60 0
      vertex -5 60 2.6
    endloop
  endfacet
  facet normal 0.997856 0.0654432 0
    outer loop
      vertex 91 60 2.6
      vertex 90.9572 60.6526 0
      vertex 90.9572 60.6526 2.6
    endloop
  endfacet
  facet normal 0.997856 0.0654432 0
    outer loop
      vertex 90.9572 60.6526 0
      vertex 91 60 2.6
      vertex 91 60 0
    endloop
  endfacet
  facet normal 0.751771 0.659424 0
    outer loop
      vertex 89.9668 63.0438 2.6
      vertex 89.5355 63.5355 0
      vertex 89.5355 63.5355 2.6
    endloop
  endfacet
  facet normal 0.751771 0.659424 0
    outer loop
      vertex 89.5355 63.5355 0
      vertex 89.9668 63.0438 2.6
      vertex 89.9668 63.0438 0
    endloop
  endfacet
  facet normal -0.831478 -0.555557 0
    outer loop
      vertex -3.96677 -3.04381 0
      vertex -4.33012 -2.5 2.6
      vertex -4.33012 -2.5 0
    endloop
  endfacet
  facet normal -0.831478 -0.555557 0
    outer loop
      vertex -4.33012 -2.5 2.6
      vertex -3.96677 -3.04381 0
      vertex -3.96677 -3.04381 2.6
    endloop
  endfacet
  facet normal 0.980786 0.195087 0
    outer loop
      vertex 90.9572 60.6526 2.6
      vertex 90.8296 61.2941 0
      vertex 90.8296 61.2941 2.6
    endloop
  endfacet
  facet normal 0.980786 0.195087 0
    outer loop
      vertex 90.8296 61.2941 0
      vertex 90.9572 60.6526 2.6
      vertex 90.9572 60.6526 0
    endloop
  endfacet
  facet normal -0.99786 -0.0653942 0
    outer loop
      vertex -4.95723 -0.652634 0
      vertex -5 0 2.6
      vertex -5 0 0
    endloop
  endfacet
  facet normal -0.99786 -0.0653942 0
    outer loop
      vertex -5 0 2.6
      vertex -4.95723 -0.652634 0
      vertex -4.95723 -0.652634 2.6
    endloop
  endfacet
  facet normal 0.751791 -0.659401 0
    outer loop
      vertex 89.5355 -3.53554 2.6
      vertex 89.9668 -3.04381 0
      vertex 89.9668 -3.04381 2.6
    endloop
  endfacet
  facet normal 0.751791 -0.659401 0
    outer loop
      vertex 89.9668 -3.04381 0
      vertex 89.5355 -3.53554 2.6
      vertex 89.5355 -3.53554 0
    endloop
  endfacet
  facet normal -0 0 1
    outer loop
      vertex 9.26937 51.026 2.6
      vertex 30.8 7.5 2.6
      vertex 9.38564 51.2 2.6
    endloop
  endfacet
  facet normal 0 0 1
    outer loop
      vertex 27.9299 6.9291 2.6
      vertex 9.58631 8.20884 2.6
      vertex 9.6 8 2.6
    endloop
  endfacet
  facet normal -0 0 1
    outer loop
      vertex 9.13137 50.8686 2.6
      vertex 30.8 7.5 2.6
      vertex 9.26937 51.026 2.6
    endloop
  endfacet
  facet normal 0 0 1
    outer loop
      vertex 27.9299 6.9291 2.6
      vertex 9.54548 8.41411 2.6
      vertex 9.58631 8.20884 2.6
    endloop
  endfacet
  facet normal 0 0 1
    outer loop
      vertex 30.8 7.5 2.6
      vertex 9.13137 50.8686 2.6
      vertex 29.8211 7.43584 2.6
    endloop
  endfacet
  facet normal 0 0 1
    outer loop
      vertex 27.9299 6.9291 2.6
      vertex 9.47821 8.61229 2.6
      vertex 9.54548 8.41411 2.6
    endloop
  endfacet
  facet normal -0 0 1
    outer loop
      vertex 8.97402 50.7306 2.6
      vertex 29.8211 7.43584 2.6
      vertex 9.13137 50.8686 2.6
    endloop
  endfacet
  facet normal 0 0 1
    outer loop
      vertex 27.9299 6.9291 2.6
      vertex 9.38564 8.8 2.6
      vertex 9.47821 8.61229 2.6
    endloop
  endfacet
  facet normal 0 0 1
    outer loop
      vertex 29.8211 7.43584 2.6
      vertex 8.97402 50.7306 2.6
      vertex 28.8589 7.24444 2.6
    endloop
  endfacet
  facet normal 0 0 1
    outer loop
      vertex 27.9299 6.9291 2.6
      vertex 9.26937 8.97402 2.6
      vertex 9.38564 8.8 2.6
    endloop
  endfacet
  facet normal -0 0 1
    outer loop
      vertex 8.8 50.6144 2.6
      vertex 28.8589 7.24444 2.6
      vertex 8.97402 50.7306 2.6
    endloop
  endfacet
  facet normal 0 0 1
    outer loop
      vertex 27.9299 6.9291 2.6
      vertex 9.13137 9.13137 2.6
      vertex 9.26937 8.97402 2.6
    endloop
  endfacet
  facet normal -0 0 1
    outer loop
      vertex 8.8 9.38564 2.6
      vertex 28.8589 7.24444 2.6
      vertex 8.8 50.6144 2.6
    endloop
  endfacet
  facet normal 0 0 1
    outer loop
      vertex 27.9299 6.9291 2.6
      vertex 8.97402 9.26937 2.6
      vertex 9.13137 9.13137 2.6
    endloop
  endfacet
  facet normal 0 0 1
    outer loop
      vertex 28.8589 7.24444 2.6
      vertex 8.8 9.38564 2.6
      vertex 27.9299 6.9291 2.6
    endloop
  endfacet
  facet normal 0 0 1
    outer loop
      vertex 27.9299 6.9291 2.6
      vertex 8.8 9.38564 2.6
      vertex 8.97402 9.26937 2.6
    endloop
  endfacet
  facet normal -0 0 1
    outer loop
      vertex 8.61229 50.5218 2.6
      vertex 8.8 9.38564 2.6
      vertex 8.8 50.6144 2.6
    endloop
  endfacet
  facet normal 0 0 1
    outer loop
      vertex 8.61229 50.5218 2.6
      vertex 8.61229 9.47821 2.6
      vertex 8.8 9.38564 2.6
    endloop
  endfacet
  facet normal -0 0 1
    outer loop
      vertex 8.41411 50.4545 2.6
      vertex 8.61229 9.47821 2.6
      vertex 8.61229 50.5218 2.6
    endloop
  endfacet
  facet normal 0 0 1
    outer loop
      vertex 8.41411 50.4545 2.6
      vertex 8.41411 9.54548 2.6
      vertex 8.61229 9.47821 2.6
    endloop
  endfacet
  facet normal -0 0 1
    outer loop
      vertex 8.20884 50.4137 2.6
      vertex 8.41411 9.54548 2.6
      vertex 8.41411 50.4545 2.6
    endloop
  endfacet
  facet normal 0 0 1
    outer loop
      vertex 8.20884 50.4137 2.6
      vertex 8.20884 9.58631 2.6
      vertex 8.41411 9.54548 2.6
    endloop
  endfacet
  facet normal -0 0 1
    outer loop
      vertex 8 50.4 2.6
      vertex 8.20884 9.58631 2.6
      vertex 8.20884 50.4137 2.6
    endloop
  endfacet
  facet normal 0 0 1
    outer loop
      vertex 8 50.4 2.6
      vertex 8 9.6 2.6
      vertex 8.20884 9.58631 2.6
    endloop
  endfacet
  facet normal 0 0 1
    outer loop
      vertex 7.79116 50.4137 2.6
      vertex 8 9.6 2.6
      vertex 8 50.4 2.6
    endloop
  endfacet
  facet normal 0 0 1
    outer loop
      vertex 7.79116 50.4137 2.6
      vertex 7.79116 9.58631 2.6
      vertex 8 9.6 2.6
    endloop
  endfacet
  facet normal 0 0 1
    outer loop
      vertex 7.58589 50.4545 2.6
      vertex 7.79116 9.58631 2.6
      vertex 7.79116 50.4137 2.6
    endloop
  endfacet
  facet normal 0 0 1
    outer loop
      vertex 7.58589 50.4545 2.6
      vertex 7.58589 9.54548 2.6
      vertex 7.79116 9.58631 2.6
    endloop
  endfacet
  facet normal 0 0 1
    outer loop
      vertex 7.38771 50.5218 2.6
      vertex 7.58589 9.54548 2.6
      vertex 7.58589 50.4545 2.6
    endloop
  endfacet
  facet normal 0 0 1
    outer loop
      vertex 7.38771 50.5218 2.6
      vertex 7.38771 9.47821 2.6
      vertex 7.58589 9.54548 2.6
    endloop
  endfacet
  facet normal 0 0 1
    outer loop
      vertex 7.2 50.6144 2.6
      vertex 7.38771 9.47821 2.6
      vertex 7.38771 50.5218 2.6
    endloop
  endfacet
  facet normal 0 0 1
    outer loop
      vertex 7.2 50.6144 2.6
      vertex 7.2 9.38564 2.6
      vertex 7.38771 9.47821 2.6
    endloop
  endfacet
  facet normal 0 0 1
    outer loop
      vertex 7.02598 50.7306 2.6
      vertex 7.2 9.38564 2.6
      vertex 7.2 50.6144 2.6
    endloop
  endfacet
  facet normal 0 0 1
    outer loop
      vertex 7.02598 50.7306 2.6
      vertex 7.02598 9.26937 2.6
      vertex 7.2 9.38564 2.6
    endloop
  endfacet
  facet normal 0 0 1
    outer loop
      vertex 6.86863 50.8686 2.6
      vertex 7.02598 9.26937 2.6
      vertex 7.02598 50.7306 2.6
    endloop
  endfacet
  facet normal 0 0 1
    outer loop
      vertex 6.86863 50.8686 2.6
      vertex 6.86863 9.13137 2.6
      vertex 7.02598 9.26937 2.6
    endloop
  endfacet
  facet normal 0 0 1
    outer loop
      vertex 6.73063 51.026 2.6
      vertex 6.86863 9.13137 2.6
      vertex 6.86863 50.8686 2.6
    endloop
  endfacet
  facet normal 0 0 1
    outer loop
      vertex 6.73063 51.026 2.6
      vertex 6.73063 8.97402 2.6
      vertex 6.86863 9.13137 2.6
    endloop
  endfacet
  facet normal 0 0 1
    outer loop
      vertex -5 60 2.6
      vertex 6.73063 51.026 2.6
      vertex 6.61436 51.2 2.6
    endloop
  endfacet
  facet normal 0 0 1
    outer loop
      vertex 6.73063 51.026 2.6
      vertex -5 60 2.6
      vertex 6.73063 8.97402 2.6
    endloop
  endfacet
  facet normal 0 0 1
    outer loop
      vertex -5 60 2.6
      vertex 6.61436 51.2 2.6
      vertex 6.52179 51.3877 2.6
    endloop
  endfacet
  facet normal 0 0 1
    outer loop
      vertex -5 0 2.6
      vertex 6.73063 8.97402 2.6
      vertex -5 60 2.6
    endloop
  endfacet
  facet normal 0 0 1
    outer loop
      vertex -5 60 2.6
      vertex 6.52179 51.3877 2.6
      vertex 6.45452 51.5859 2.6
    endloop
  endfacet
  facet normal 0 0 1
    outer loop
      vertex 6.73063 8.97402 2.6
      vertex -5 0 2.6
      vertex 6.61436 8.8 2.6
    endloop
  endfacet
  facet normal 0 0 1
    outer loop
      vertex -5 60 2.6
      vertex 6.45452 51.5859 2.6
      vertex 6.41369 51.7912 2.6
    endloop
  endfacet
  facet normal 0 0 1
    outer loop
      vertex 6.61436 8.8 2.6
      vertex -5 0 2.6
      vertex 6.52179 8.61229 2.6
    endloop
  endfacet
  facet normal 0 0 1
    outer loop
      vertex -5 60 2.6
      vertex 6.41369 51.7912 2.6
      vertex 6.4 52 2.6
    endloop
  endfacet
  facet normal 0 0 1
    outer loop
      vertex 6.52179 8.61229 2.6
      vertex -5 0 2.6
      vertex 6.45452 8.41411 2.6
    endloop
  endfacet
  facet normal 0 0 1
    outer loop
      vertex 79.4782 51.3877 2.6
      vertex 91 60 2.6
      vertex 79.5455 51.5859 2.6
    endloop
  endfacet
  facet normal 0 0 1
    outer loop
      vertex 91 0 2.6
      vertex 79.5863 8.20884 2.6
      vertex 79.6 8 2.6
    endloop
  endfacet
  facet normal 0 0 1
    outer loop
      vertex 79.3856 51.2 2.6
      vertex 91 60 2.6
      vertex 79.4782 51.3877 2.6
    endloop
  endfacet
  facet normal 0 0 1
    outer loop
      vertex 91 0 2.6
      vertex 79.5455 8.41411 2.6
      vertex 79.5863 8.20884 2.6
    endloop
  endfacet
  facet normal 0 0 1
    outer loop
      vertex 79.2694 51.026 2.6
      vertex 91 60 2.6
      vertex 79.3856 51.2 2.6
    endloop
  endfacet
  facet normal 0 0 1
    outer loop
      vertex 91 0 2.6
      vertex 79.4782 8.61229 2.6
      vertex 79.5455 8.41411 2.6
    endloop
  endfacet
  facet normal 0 0 1
    outer loop
      vertex 91 60 2.6
      vertex 79.2694 51.026 2.6
      vertex 91 0 2.6
    endloop
  endfacet
  facet normal 0 0 1
    outer loop
      vertex 91 0 2.6
      vertex 79.3856 8.8 2.6
      vertex 79.4782 8.61229 2.6
    endloop
  endfacet
  facet normal -0 0 1
    outer loop
      vertex 79.2694 8.97402 2.6
      vertex 91 0 2.6
      vertex 79.2694 51.026 2.6
    endloop
  endfacet
  facet normal 0 0 1
    outer loop
      vertex 91 0 2.6
      vertex 79.2694 8.97402 2.6
      vertex 79.3856 8.8 2.6
    endloop
  endfacet
  facet normal -0 0 1
    outer loop
      vertex 79.1314 50.8686 2.6
      vertex 79.2694 8.97402 2.6
      vertex 79.2694 51.026 2.6
    endloop
  endfacet
  facet normal 0 0 1
    outer loop
      vertex 79.1314 50.8686 2.6
      vertex 79.1314 9.13137 2.6
      vertex 79.2694 8.97402 2.6
    endloop
  endfacet
  facet normal -0 0 1
    outer loop
      vertex 78.974 50.7306 2.6
      vertex 79.1314 9.13137 2.6
      vertex 79.1314 50.8686 2.6
    endloop
  endfacet
  facet normal 0 0 1
    outer loop
      vertex 78.974 50.7306 2.6
      vertex 78.974 9.26937 2.6
      vertex 79.1314 9.13137 2.6
    endloop
  endfacet
  facet normal -0 0 1
    outer loop
      vertex 78.8 50.6144 2.6
      vertex 78.974 9.26937 2.6
      vertex 78.974 50.7306 2.6
    endloop
  endfacet
  facet normal 0 0 1
    outer loop
      vertex 78.8 50.6144 2.6
      vertex 78.8 9.38564 2.6
      vertex 78.974 9.26937 2.6
    endloop
  endfacet
  facet normal -0 0 1
    outer loop
      vertex 78.6123 50.5218 2.6
      vertex 78.8 9.38564 2.6
      vertex 78.8 50.6144 2.6
    endloop
  endfacet
  facet normal 0 0 1
    outer loop
      vertex 78.6123 50.5218 2.6
      vertex 78.6123 9.47821 2.6
      vertex 78.8 9.38564 2.6
    endloop
  endfacet
  facet normal -0 0 1
    outer loop
      vertex 78.4141 50.4545 2.6
      vertex 78.6123 9.47821 2.6
      vertex 78.6123 50.5218 2.6
    endloop
  endfacet
  facet normal 0 0 1
    outer loop
      vertex 78.4141 50.4545 2.6
      vertex 78.4141 9.54548 2.6
      vertex 78.6123 9.47821 2.6
    endloop
  endfacet
  facet normal -0 0 1
    outer loop
      vertex 78.2088 50.4137 2.6
      vertex 78.4141 9.54548 2.6
      vertex 78.4141 50.4545 2.6
    endloop
  endfacet
  facet normal 0 0 1
    outer loop
      vertex 78.2088 50.4137 2.6
      vertex 78.2088 9.58631 2.6
      vertex 78.4141 9.54548 2.6
    endloop
  endfacet
  facet normal -0 0 1
    outer loop
      vertex 78 50.4 2.6
      vertex 78.2088 9.58631 2.6
      vertex 78.2088 50.4137 2.6
    endloop
  endfacet
  facet normal 0 0 1
    outer loop
      vertex 78 50.4 2.6
      vertex 78 9.6 2.6
      vertex 78.2088 9.58631 2.6
    endloop
  endfacet
  facet normal 0 0 1
    outer loop
      vertex 77.7912 50.4137 2.6
      vertex 78 9.6 2.6
      vertex 78 50.4 2.6
    endloop
  endfacet
  facet normal 0 0 1
    outer loop
      vertex 77.7912 50.4137 2.6
      vertex 77.7912 9.58631 2.6
      vertex 78 9.6 2.6
    endloop
  endfacet
  facet normal 0 0 1
    outer loop
      vertex 77.5859 50.4545 2.6
      vertex 77.7912 9.58631 2.6
      vertex 77.7912 50.4137 2.6
    endloop
  endfacet
  facet normal 0 0 1
    outer loop
      vertex 77.5859 50.4545 2.6
      vertex 77.5859 9.54548 2.6
      vertex 77.7912 9.58631 2.6
    endloop
  endfacet
  facet normal 0 0 1
    outer loop
      vertex 77.3877 50.5218 2.6
      vertex 77.5859 9.54548 2.6
      vertex 77.5859 50.4545 2.6
    endloop
  endfacet
  facet normal 0 0 1
    outer loop
      vertex 77.3877 50.5218 2.6
      vertex 77.3877 9.47821 2.6
      vertex 77.5859 9.54548 2.6
    endloop
  endfacet
  facet normal 0 0 1
    outer loop
      vertex 66.1789 7.43584 2.6
      vertex 77.3877 50.5218 2.6
      vertex 77.2 50.6144 2.6
    endloop
  endfacet
  facet normal 0 0 1
    outer loop
      vertex 77.3877 50.5218 2.6
      vertex 66.1789 7.43584 2.6
      vertex 77.3877 9.47821 2.6
    endloop
  endfacet
  facet normal 0 0 1
    outer loop
      vertex 65.2 7.5 2.6
      vertex 77.2 50.6144 2.6
      vertex 77.026 50.7306 2.6
    endloop
  endfacet
  facet normal 0 0 1
    outer loop
      vertex 77.3877 9.47821 2.6
      vertex 66.1789 7.43584 2.6
      vertex 77.2 9.38564 2.6
    endloop
  endfacet
  facet normal 0 0 1
    outer loop
      vertex 64.2211 7.43584 2.6
      vertex 77.026 50.7306 2.6
      vertex 76.8686 50.8686 2.6
    endloop
  endfacet
  facet normal 0 -0 1
    outer loop
      vertex 67.1411 7.24444 2.6
      vertex 77.2 9.38564 2.6
      vertex 66.1789 7.43584 2.6
    endloop
  endfacet
  facet normal 0 0 1
    outer loop
      vertex 63.2589 7.24444 2.6
      vertex 76.8686 50.8686 2.6
      vertex 76.7306 51.026 2.6
    endloop
  endfacet
  facet normal 0 0 1
    outer loop
      vertex 77.2 9.38564 2.6
      vertex 67.1411 7.24444 2.6
      vertex 77.026 9.26937 2.6
    endloop
  endfacet
  facet normal 0 0 1
    outer loop
      vertex 62.3299 6.9291 2.6
      vertex 76.7306 51.026 2.6
      vertex 76.6144 51.2 2.6
    endloop
  endfacet
  facet normal 0 0 1
    outer loop
      vertex 77.026 9.26937 2.6
      vertex 67.1411 7.24444 2.6
      vertex 76.8686 9.13137 2.6
    endloop
  endfacet
  facet normal 0 0 1
    outer loop
      vertex 33.6701 6.9291 2.6
      vertex 76.6144 51.2 2.6
      vertex 76.5218 51.3877 2.6
    endloop
  endfacet
  facet normal 0 -0 1
    outer loop
      vertex 68.0701 6.9291 2.6
      vertex 76.8686 9.13137 2.6
      vertex 67.1411 7.24444 2.6
    endloop
  endfacet
  facet normal 0 0 1
    outer loop
      vertex 32.7411 7.24444 2.6
      vertex 76.5218 51.3877 2.6
      vertex 76.4545 51.5859 2.6
    endloop
  endfacet
  facet normal 0 0 1
    outer loop
      vertex 76.8686 9.13137 2.6
      vertex 68.0701 6.9291 2.6
      vertex 76.7306 8.97402 2.6
    endloop
  endfacet
  facet normal 0 0 1
    outer loop
      vertex 9.58631 51.7912 2.6
      vertex 76.4137 51.7912 2.6
      vertex 9.6 52 2.6
    endloop
  endfacet
  facet normal 0 0 1
    outer loop
      vertex 76.7306 8.97402 2.6
      vertex 68.0701 6.9291 2.6
      vertex 76.6144 8.8 2.6
    endloop
  endfacet
  facet normal -0 0 1
    outer loop
      vertex 9.6 52 2.6
      vertex 76.4137 51.7912 2.6
      vertex 76.4 52 2.6
    endloop
  endfacet
  facet normal 0 -0 1
    outer loop
      vertex 68.95 6.49519 2.6
      vertex 76.6144 8.8 2.6
      vertex 68.0701 6.9291 2.6
    endloop
  endfacet
  facet normal 0 0 1
    outer loop
      vertex 86 65 2.6
      vertex 91 60 2.6
      vertex 90.9572 60.6526 2.6
    endloop
  endfacet
  facet normal 0 0 1
    outer loop
      vertex 79.5863 51.7912 2.6
      vertex 91 60 2.6
      vertex 79.6 52 2.6
    endloop
  endfacet
  facet normal 0 0 1
    outer loop
      vertex 86 65 2.6
      vertex 90.9572 60.6526 2.6
      vertex 90.8296 61.2941 2.6
    endloop
  endfacet
  facet normal 0 0 1
    outer loop
      vertex 79.5455 51.5859 2.6
      vertex 91 60 2.6
      vertex 79.5863 51.7912 2.6
    endloop
  endfacet
  facet normal 0 0 1
    outer loop
      vertex 86 65 2.6
      vertex 90.8296 61.2941 2.6
      vertex 90.6194 61.9134 2.6
    endloop
  endfacet
  facet normal -0 0 1
    outer loop
      vertex 79.5863 7.79116 2.6
      vertex 91 0 2.6
      vertex 79.6 8 2.6
    endloop
  endfacet
  facet normal 0 0 1
    outer loop
      vertex 86 65 2.6
      vertex 90.6194 61.9134 2.6
      vertex 90.3301 62.5 2.6
    endloop
  endfacet
  facet normal -0 0 1
    outer loop
      vertex 79.5455 7.58589 2.6
      vertex 91 0 2.6
      vertex 79.5863 7.79116 2.6
    endloop
  endfacet
  facet normal 0 0 1
    outer loop
      vertex 86 65 2.6
      vertex 90.3301 62.5 2.6
      vertex 89.9668 63.0438 2.6
    endloop
  endfacet
  facet normal -0 0 1
    outer loop
      vertex 79.4782 7.38771 2.6
      vertex 91 0 2.6
      vertex 79.5455 7.58589 2.6
    endloop
  endfacet
  facet normal 0 0 1
    outer loop
      vertex 86 65 2.6
      vertex 89.9668 63.0438 2.6
      vertex 89.5355 63.5355 2.6
    endloop
  endfacet
  facet normal -0 0 1
    outer loop
      vertex 79.3856 7.2 2.6
      vertex 91 0 2.6
      vertex 79.4782 7.38771 2.6
    endloop
  endfacet
  facet normal 0 0 1
    outer loop
      vertex 86 65 2.6
      vertex 89.5355 63.5355 2.6
      vertex 89.0438 63.9668 2.6
    endloop
  endfacet
  facet normal -0 0 1
    outer loop
      vertex 79.2694 7.02598 2.6
      vertex 91 0 2.6
      vertex 79.3856 7.2 2.6
    endloop
  endfacet
  facet normal 0 0 1
    outer loop
      vertex 86 65 2.6
      vertex 89.0438 63.9668 2.6
      vertex 88.5 64.3301 2.6
    endloop
  endfacet
  facet normal -0 0 1
    outer loop
      vertex 79.1314 6.86863 2.6
      vertex 91 0 2.6
      vertex 79.2694 7.02598 2.6
    endloop
  endfacet
  facet normal 0 0 1
    outer loop
      vertex 86 65 2.6
      vertex 88.5 64.3301 2.6
      vertex 87.9134 64.6194 2.6
    endloop
  endfacet
  facet normal 0 -0 1
    outer loop
      vertex 86 -5 2.6
      vertex 91 0 2.6
      vertex 79.1314 6.86863 2.6
    endloop
  endfacet
  facet normal 0 0 1
    outer loop
      vertex 86 65 2.6
      vertex 87.9134 64.6194 2.6
      vertex 87.2941 64.8296 2.6
    endloop
  endfacet
  facet normal 0 0 1
    outer loop
      vertex 91 0 2.6
      vertex 86 -5 2.6
      vertex 90.9572 -0.652634 2.6
    endloop
  endfacet
  facet normal 0 0 1
    outer loop
      vertex 86 65 2.6
      vertex 87.2941 64.8296 2.6
      vertex 86.6526 64.9572 2.6
    endloop
  endfacet
  facet normal 0 0 1
    outer loop
      vertex 90.9572 -0.652634 2.6
      vertex 86 -5 2.6
      vertex 90.8296 -1.2941 2.6
    endloop
  endfacet
  facet normal 0 0 1
    outer loop
      vertex 91 60 2.6
      vertex 86 65 2.6
      vertex 79.1314 53.1314 2.6
    endloop
  endfacet
  facet normal 0 0 1
    outer loop
      vertex 90.6194 -1.91342 2.6
      vertex 86 -5 2.6
      vertex 90.3301 -2.5 2.6
    endloop
  endfacet
  facet normal 0 0 1
    outer loop
      vertex 90.3301 -2.5 2.6
      vertex 86 -5 2.6
      vertex 89.9668 -3.04381 2.6
    endloop
  endfacet
  facet normal 0 0 1
    outer loop
      vertex 91 60 2.6
      vertex 79.5863 52.2088 2.6
      vertex 79.6 52 2.6
    endloop
  endfacet
  facet normal 0 0 1
    outer loop
      vertex 91 60 2.6
      vertex 79.5455 52.4141 2.6
      vertex 79.5863 52.2088 2.6
    endloop
  endfacet
  facet normal 0 0 1
    outer loop
      vertex 91 60 2.6
      vertex 79.4782 52.6123 2.6
      vertex 79.5455 52.4141 2.6
    endloop
  endfacet
  facet normal 0 0 1
    outer loop
      vertex 91 60 2.6
      vertex 79.3856 52.8 2.6
      vertex 79.4782 52.6123 2.6
    endloop
  endfacet
  facet normal 0 0 1
    outer loop
      vertex 91 60 2.6
      vertex 79.2694 52.974 2.6
      vertex 79.3856 52.8 2.6
    endloop
  endfacet
  facet normal 0 0 1
    outer loop
      vertex 91 60 2.6
      vertex 79.1314 53.1314 2.6
      vertex 79.2694 52.974 2.6
    endloop
  endfacet
  facet normal 0 0 1
    outer loop
      vertex 86 65 2.6
      vertex 78.974 53.2694 2.6
      vertex 79.1314 53.1314 2.6
    endloop
  endfacet
  facet normal 0 0 1
    outer loop
      vertex 86 65 2.6
      vertex 78.8 53.3856 2.6
      vertex 78.974 53.2694 2.6
    endloop
  endfacet
  facet normal 0 0 1
    outer loop
      vertex 86 65 2.6
      vertex 78.6123 53.4782 2.6
      vertex 78.8 53.3856 2.6
    endloop
  endfacet
  facet normal 0 0 1
    outer loop
      vertex 86 65 2.6
      vertex 78.4141 53.5455 2.6
      vertex 78.6123 53.4782 2.6
    endloop
  endfacet
  facet normal 0 0 1
    outer loop
      vertex 86 65 2.6
      vertex 78.2088 53.5863 2.6
      vertex 78.4141 53.5455 2.6
    endloop
  endfacet
  facet normal 0 0 1
    outer loop
      vertex 86 65 2.6
      vertex 78 53.6 2.6
      vertex 78.2088 53.5863 2.6
    endloop
  endfacet
  facet normal 0 0 1
    outer loop
      vertex 86 65 2.6
      vertex 77.7912 53.5863 2.6
      vertex 78 53.6 2.6
    endloop
  endfacet
  facet normal 0 0 1
    outer loop
      vertex 86 65 2.6
      vertex 77.5859 53.5455 2.6
      vertex 77.7912 53.5863 2.6
    endloop
  endfacet
  facet normal 0 0 1
    outer loop
      vertex 86 65 2.6
      vertex 77.3877 53.4782 2.6
      vertex 77.5859 53.5455 2.6
    endloop
  endfacet
  facet normal 0 0 1
    outer loop
      vertex 86 65 2.6
      vertex 77.2 53.3856 2.6
      vertex 77.3877 53.4782 2.6
    endloop
  endfacet
  facet normal 0 0 1
    outer loop
      vertex 86 65 2.6
      vertex 77.026 53.2694 2.6
      vertex 77.2 53.3856 2.6
    endloop
  endfacet
  facet normal 0 0 1
    outer loop
      vertex 86 65 2.6
      vertex 76.8686 53.1314 2.6
      vertex 77.026 53.2694 2.6
    endloop
  endfacet
  facet normal 0 0 1
    outer loop
      vertex 9.13137 53.1314 2.6
      vertex 76.8686 53.1314 2.6
      vertex 86 65 2.6
    endloop
  endfacet
  facet normal 0 0 1
    outer loop
      vertex 76.6144 8.8 2.6
      vertex 68.95 6.49519 2.6
      vertex 76.5218 8.61229 2.6
    endloop
  endfacet
  facet normal 0 0 1
    outer loop
      vertex 9.6 52 2.6
      vertex 76.4 52 2.6
      vertex 76.4137 52.2088 2.6
    endloop
  endfacet
  facet normal 0 0 1
    outer loop
      vertex 76.4 8 2.6
      vertex 72.6358 0.978946 2.6
      vertex 72.7 0 2.6
    endloop
  endfacet
  facet normal 0 0 1
    outer loop
      vertex 76.4 8 2.6
      vertex 72.4444 1.94114 2.6
      vertex 72.6358 0.978946 2.6
    endloop
  endfacet
  facet normal 0 0 1
    outer loop
      vertex 76.4 8 2.6
      vertex 72.1291 2.87012 2.6
      vertex 72.4444 1.94114 2.6
    endloop
  endfacet
  facet normal 0 0 1
    outer loop
      vertex 76.4 8 2.6
      vertex 71.6952 3.75 2.6
      vertex 72.1291 2.87012 2.6
    endloop
  endfacet
  facet normal 0 0 1
    outer loop
      vertex 76.4 8 2.6
      vertex 71.1501 4.56571 2.6
      vertex 71.6952 3.75 2.6
    endloop
  endfacet
  facet normal 0 0 1
    outer loop
      vertex 76.4 8 2.6
      vertex 70.5033 5.3033 2.6
      vertex 71.1501 4.56571 2.6
    endloop
  endfacet
  facet normal 0 0 1
    outer loop
      vertex 76.4137 8.20884 2.6
      vertex 70.5033 5.3033 2.6
      vertex 76.4 8 2.6
    endloop
  endfacet
  facet normal 0 -0 1
    outer loop
      vertex 70.5033 5.3033 2.6
      vertex 76.4137 8.20884 2.6
      vertex 69.7657 5.95015 2.6
    endloop
  endfacet
  facet normal 0 0 1
    outer loop
      vertex 76.4545 8.41411 2.6
      vertex 69.7657 5.95015 2.6
      vertex 76.4137 8.20884 2.6
    endloop
  endfacet
  facet normal 0 0 1
    outer loop
      vertex 76.5218 8.61229 2.6
      vertex 69.7657 5.95015 2.6
      vertex 76.4545 8.41411 2.6
    endloop
  endfacet
  facet normal 0 0 1
    outer loop
      vertex 9.58631 52.2088 2.6
      vertex 76.4137 52.2088 2.6
      vertex 76.4545 52.4141 2.6
    endloop
  endfacet
  facet normal 0 -0 1
    outer loop
      vertex 69.7657 5.95015 2.6
      vertex 76.5218 8.61229 2.6
      vertex 68.95 6.49519 2.6
    endloop
  endfacet
  facet normal 0 0 1
    outer loop
      vertex 77.2 50.6144 2.6
      vertex 65.2 7.5 2.6
      vertex 66.1789 7.43584 2.6
    endloop
  endfacet
  facet normal 0 0 1
    outer loop
      vertex 77.026 50.7306 2.6
      vertex 64.2211 7.43584 2.6
      vertex 65.2 7.5 2.6
    endloop
  endfacet
  facet normal 0 0 1
    outer loop
      vertex 76.8686 50.8686 2.6
      vertex 63.2589 7.24444 2.6
      vertex 64.2211 7.43584 2.6
    endloop
  endfacet
  facet normal 0 0 1
    outer loop
      vertex 76.7306 51.026 2.6
      vertex 62.3299 6.9291 2.6
      vertex 63.2589 7.24444 2.6
    endloop
  endfacet
  facet normal 0 0 1
    outer loop
      vertex 76.6144 51.2 2.6
      vertex 33.6701 6.9291 2.6
      vertex 62.3299 6.9291 2.6
    endloop
  endfacet
  facet normal 0 0 1
    outer loop
      vertex 62.3299 6.9291 2.6
      vertex 33.6701 6.9291 2.6
      vertex 61.45 6.49519 2.6
    endloop
  endfacet
  facet normal 0 0 1
    outer loop
      vertex 9.54548 52.4141 2.6
      vertex 76.4545 52.4141 2.6
      vertex 76.5218 52.6123 2.6
    endloop
  endfacet
  facet normal 0 -0 1
    outer loop
      vertex 34.55 6.49519 2.6
      vertex 61.45 6.49519 2.6
      vertex 33.6701 6.9291 2.6
    endloop
  endfacet
  facet normal 0 -0 1
    outer loop
      vertex 35.3657 5.95015 2.6
      vertex 60.6343 5.95015 2.6
      vertex 34.55 6.49519 2.6
    endloop
  endfacet
  facet normal 0 0 1
    outer loop
      vertex 60.6343 5.95015 2.6
      vertex 35.3657 5.95015 2.6
      vertex 59.8967 5.3033 2.6
    endloop
  endfacet
  facet normal 0 -0 1
    outer loop
      vertex 36.1033 5.3033 2.6
      vertex 59.8967 5.3033 2.6
      vertex 35.3657 5.95015 2.6
    endloop
  endfacet
  facet normal 0 0 1
    outer loop
      vertex 57.7642 0.978946 2.6
      vertex 38.3 0 2.6
      vertex 57.7 0 2.6
    endloop
  endfacet
  facet normal 0 0 1
    outer loop
      vertex 38.2358 0.978946 2.6
      vertex 57.7642 0.978946 2.6
      vertex 57.9556 1.94114 2.6
    endloop
  endfacet
  facet normal 0 0 1
    outer loop
      vertex 38.0444 1.94114 2.6
      vertex 57.9556 1.94114 2.6
      vertex 58.2709 2.87012 2.6
    endloop
  endfacet
  facet normal 0 0 1
    outer loop
      vertex 59.8967 5.3033 2.6
      vertex 36.1033 5.3033 2.6
      vertex 59.2498 4.56571 2.6
    endloop
  endfacet
  facet normal 0 0 1
    outer loop
      vertex 9.47821 52.6123 2.6
      vertex 76.5218 52.6123 2.6
      vertex 76.6144 52.8 2.6
    endloop
  endfacet
  facet normal 0 0 1
    outer loop
      vertex 9.38564 52.8 2.6
      vertex 76.6144 52.8 2.6
      vertex 76.7306 52.974 2.6
    endloop
  endfacet
  facet normal 0 0 1
    outer loop
      vertex 57.7642 0.978946 2.6
      vertex 38.2358 0.978946 2.6
      vertex 38.3 0 2.6
    endloop
  endfacet
  facet normal 0 0 1
    outer loop
      vertex 57.9556 1.94114 2.6
      vertex 38.0444 1.94114 2.6
      vertex 38.2358 0.978946 2.6
    endloop
  endfacet
  facet normal 0 0 1
    outer loop
      vertex 58.2709 2.87012 2.6
      vertex 37.7291 2.87012 2.6
      vertex 38.0444 1.94114 2.6
    endloop
  endfacet
  facet normal 0 0 1
    outer loop
      vertex 76.8686 53.1314 2.6
      vertex 9.13137 53.1314 2.6
      vertex 76.7306 52.974 2.6
    endloop
  endfacet
  facet normal 0 0 1
    outer loop
      vertex 58.2709 2.87012 2.6
      vertex 37.2952 3.75 2.6
      vertex 37.7291 2.87012 2.6
    endloop
  endfacet
  facet normal 0 0 1
    outer loop
      vertex 58.7048 3.75 2.6
      vertex 37.2952 3.75 2.6
      vertex 58.2709 2.87012 2.6
    endloop
  endfacet
  facet normal 0 -0 1
    outer loop
      vertex 37.2952 3.75 2.6
      vertex 58.7048 3.75 2.6
      vertex 36.7501 4.56571 2.6
    endloop
  endfacet
  facet normal 0 0 1
    outer loop
      vertex 59.2498 4.56571 2.6
      vertex 36.7501 4.56571 2.6
      vertex 58.7048 3.75 2.6
    endloop
  endfacet
  facet normal 0 -0 1
    outer loop
      vertex 36.7501 4.56571 2.6
      vertex 59.2498 4.56571 2.6
      vertex 36.1033 5.3033 2.6
    endloop
  endfacet
  facet normal 0 0 1
    outer loop
      vertex 61.45 6.49519 2.6
      vertex 34.55 6.49519 2.6
      vertex 60.6343 5.95015 2.6
    endloop
  endfacet
  facet normal 0 0 1
    outer loop
      vertex 76.4137 51.7912 2.6
      vertex 9.58631 51.7912 2.6
      vertex 76.4545 51.5859 2.6
    endloop
  endfacet
  facet normal 0 0 1
    outer loop
      vertex 76.5218 51.3877 2.6
      vertex 32.7411 7.24444 2.6
      vertex 33.6701 6.9291 2.6
    endloop
  endfacet
  facet normal 0 0 1
    outer loop
      vertex 9.54548 51.5859 2.6
      vertex 76.4545 51.5859 2.6
      vertex 9.58631 51.7912 2.6
    endloop
  endfacet
  facet normal 0 0 1
    outer loop
      vertex 76.4545 51.5859 2.6
      vertex 9.54548 51.5859 2.6
      vertex 32.7411 7.24444 2.6
    endloop
  endfacet
  facet normal -0 0 1
    outer loop
      vertex 9.47821 51.3877 2.6
      vertex 32.7411 7.24444 2.6
      vertex 9.54548 51.5859 2.6
    endloop
  endfacet
  facet normal 0 0 1
    outer loop
      vertex 32.7411 7.24444 2.6
      vertex 9.47821 51.3877 2.6
      vertex 31.7789 7.43584 2.6
    endloop
  endfacet
  facet normal -0 0 1
    outer loop
      vertex 9.38564 51.2 2.6
      vertex 31.7789 7.43584 2.6
      vertex 9.47821 51.3877 2.6
    endloop
  endfacet
  facet normal 0 0 1
    outer loop
      vertex 31.7789 7.43584 2.6
      vertex 9.38564 51.2 2.6
      vertex 30.8 7.5 2.6
    endloop
  endfacet
  facet normal 0 0 1
    outer loop
      vertex 27.9299 6.9291 2.6
      vertex 9.6 8 2.6
      vertex 27.05 6.49519 2.6
    endloop
  endfacet
  facet normal -0 0 1
    outer loop
      vertex 9.54548 7.58589 2.6
      vertex 23.8709 2.87012 2.6
      vertex 9.58631 7.79116 2.6
    endloop
  endfacet
  facet normal 0 0 1
    outer loop
      vertex 24.3048 3.75 2.6
      vertex 9.58631 7.79116 2.6
      vertex 23.8709 2.87012 2.6
    endloop
  endfacet
  facet normal -0 0 1
    outer loop
      vertex 9.58631 7.79116 2.6
      vertex 24.3048 3.75 2.6
      vertex 9.6 8 2.6
    endloop
  endfacet
  facet normal 0 0 1
    outer loop
      vertex 24.8498 4.56571 2.6
      vertex 9.6 8 2.6
      vertex 24.3048 3.75 2.6
    endloop
  endfacet
  facet normal 0 0 1
    outer loop
      vertex 25.4967 5.3033 2.6
      vertex 9.6 8 2.6
      vertex 24.8498 4.56571 2.6
    endloop
  endfacet
  facet normal 0 0 1
    outer loop
      vertex 26.2343 5.95015 2.6
      vertex 9.6 8 2.6
      vertex 25.4967 5.3033 2.6
    endloop
  endfacet
  facet normal 0 0 1
    outer loop
      vertex 27.05 6.49519 2.6
      vertex 9.6 8 2.6
      vertex 26.2343 5.95015 2.6
    endloop
  endfacet
  facet normal 0 0 1
    outer loop
      vertex 76.4137 52.2088 2.6
      vertex 9.58631 52.2088 2.6
      vertex 9.6 52 2.6
    endloop
  endfacet
  facet normal 0 0 1
    outer loop
      vertex 76.4545 52.4141 2.6
      vertex 9.54548 52.4141 2.6
      vertex 9.58631 52.2088 2.6
    endloop
  endfacet
  facet normal 0 0 1
    outer loop
      vertex 76.5218 52.6123 2.6
      vertex 9.47821 52.6123 2.6
      vertex 9.54548 52.4141 2.6
    endloop
  endfacet
  facet normal 0 0 1
    outer loop
      vertex 76.6144 52.8 2.6
      vertex 9.38564 52.8 2.6
      vertex 9.47821 52.6123 2.6
    endloop
  endfacet
  facet normal 0 0 1
    outer loop
      vertex 76.7306 52.974 2.6
      vertex 9.26937 52.974 2.6
      vertex 9.38564 52.8 2.6
    endloop
  endfacet
  facet normal 0 0 1
    outer loop
      vertex 76.7306 52.974 2.6
      vertex 9.13137 53.1314 2.6
      vertex 9.26937 52.974 2.6
    endloop
  endfacet
  facet normal -0 0 1
    outer loop
      vertex 0 65 2.6
      vertex 9.13137 53.1314 2.6
      vertex 86 65 2.6
    endloop
  endfacet
  facet normal 0 0 1
    outer loop
      vertex 9.13137 53.1314 2.6
      vertex 0 65 2.6
      vertex 8.97402 53.2694 2.6
    endloop
  endfacet
  facet normal 0 0 1
    outer loop
      vertex 8.97402 53.2694 2.6
      vertex 0 65 2.6
      vertex 8.8 53.3856 2.6
    endloop
  endfacet
  facet normal 0 0 1
    outer loop
      vertex 8.8 53.3856 2.6
      vertex 0 65 2.6
      vertex 8.61229 53.4782 2.6
    endloop
  endfacet
  facet normal 0 0 1
    outer loop
      vertex 8.61229 53.4782 2.6
      vertex 0 65 2.6
      vertex 8.41411 53.5455 2.6
    endloop
  endfacet
  facet normal 0 0 1
    outer loop
      vertex 8.41411 53.5455 2.6
      vertex 0 65 2.6
      vertex 8.20884 53.5863 2.6
    endloop
  endfacet
  facet normal 0 0 1
    outer loop
      vertex 8.20884 53.5863 2.6
      vertex 0 65 2.6
      vertex 8 53.6 2.6
    endloop
  endfacet
  facet normal 0 0 1
    outer loop
      vertex 6.41369 52.2088 2.6
      vertex -5 60 2.6
      vertex 6.4 52 2.6
    endloop
  endfacet
  facet normal 0 0 1
    outer loop
      vertex 6.45452 52.4141 2.6
      vertex -5 60 2.6
      vertex 6.41369 52.2088 2.6
    endloop
  endfacet
  facet normal 0 0 1
    outer loop
      vertex 6.52179 52.6123 2.6
      vertex -5 60 2.6
      vertex 6.45452 52.4141 2.6
    endloop
  endfacet
  facet normal 0 0 1
    outer loop
      vertex 6.61436 52.8 2.6
      vertex -5 60 2.6
      vertex 6.52179 52.6123 2.6
    endloop
  endfacet
  facet normal 0 0 1
    outer loop
      vertex 6.73063 52.974 2.6
      vertex -5 60 2.6
      vertex 6.61436 52.8 2.6
    endloop
  endfacet
  facet normal 0 0 1
    outer loop
      vertex 6.86863 53.1314 2.6
      vertex -5 60 2.6
      vertex 6.73063 52.974 2.6
    endloop
  endfacet
  facet normal -0 0 1
    outer loop
      vertex -5 60 2.6
      vertex 6.86863 53.1314 2.6
      vertex 0 65 2.6
    endloop
  endfacet
  facet normal 0 0 1
    outer loop
      vertex 7.02598 53.2694 2.6
      vertex 0 65 2.6
      vertex 6.86863 53.1314 2.6
    endloop
  endfacet
  facet normal 0 0 1
    outer loop
      vertex 7.2 53.3856 2.6
      vertex 0 65 2.6
      vertex 7.02598 53.2694 2.6
    endloop
  endfacet
  facet normal 0 0 1
    outer loop
      vertex 7.38771 53.4782 2.6
      vertex 0 65 2.6
      vertex 7.2 53.3856 2.6
    endloop
  endfacet
  facet normal 0 0 1
    outer loop
      vertex 7.58589 53.5455 2.6
      vertex 0 65 2.6
      vertex 7.38771 53.4782 2.6
    endloop
  endfacet
  facet normal 0 0 1
    outer loop
      vertex 7.79116 53.5863 2.6
      vertex 0 65 2.6
      vertex 7.58589 53.5455 2.6
    endloop
  endfacet
  facet normal 0 0 1
    outer loop
      vertex 8 53.6 2.6
      vertex 0 65 2.6
      vertex 7.79116 53.5863 2.6
    endloop
  endfacet
  facet normal 0 0 1
    outer loop
      vertex 89.9668 -3.04381 2.6
      vertex 86 -5 2.6
      vertex 89.5355 -3.53554 2.6
    endloop
  endfacet
  facet normal 0 0 1
    outer loop
      vertex 89.5355 -3.53554 2.6
      vertex 86 -5 2.6
      vertex 89.0438 -3.96677 2.6
    endloop
  endfacet
  facet normal 0 0 1
    outer loop
      vertex 89.0438 -3.96677 2.6
      vertex 86 -5 2.6
      vertex 88.5 -4.33012 2.6
    endloop
  endfacet
  facet normal 0 0 1
    outer loop
      vertex 88.5 -4.33012 2.6
      vertex 86 -5 2.6
      vertex 87.9134 -4.6194 2.6
    endloop
  endfacet
  facet normal 0 0 1
    outer loop
      vertex 87.2941 -4.82964 2.6
      vertex 86 -5 2.6
      vertex 86.6526 -4.95723 2.6
    endloop
  endfacet
  facet normal 0 0 1
    outer loop
      vertex 87.9134 -4.6194 2.6
      vertex 86 -5 2.6
      vertex 87.2941 -4.82964 2.6
    endloop
  endfacet
  facet normal 0 0 1
    outer loop
      vertex 90.8296 -1.2941 2.6
      vertex 86 -5 2.6
      vertex 90.6194 -1.91342 2.6
    endloop
  endfacet
  facet normal -0 0 1
    outer loop
      vertex 78.974 6.73063 2.6
      vertex 86 -5 2.6
      vertex 79.1314 6.86863 2.6
    endloop
  endfacet
  facet normal -0 0 1
    outer loop
      vertex 78.8 6.61436 2.6
      vertex 86 -5 2.6
      vertex 78.974 6.73063 2.6
    endloop
  endfacet
  facet normal -0 0 1
    outer loop
      vertex 78.6123 6.52179 2.6
      vertex 86 -5 2.6
      vertex 78.8 6.61436 2.6
    endloop
  endfacet
  facet normal -0 0 1
    outer loop
      vertex 78.4141 6.45452 2.6
      vertex 86 -5 2.6
      vertex 78.6123 6.52179 2.6
    endloop
  endfacet
  facet normal 0 0 1
    outer loop
      vertex 72.7 0 2.6
      vertex 78.4141 6.45452 2.6
      vertex 78.2088 6.41369 2.6
    endloop
  endfacet
  facet normal 0 0 1
    outer loop
      vertex 72.7 0 2.6
      vertex 78.2088 6.41369 2.6
      vertex 78 6.4 2.6
    endloop
  endfacet
  facet normal 0 0 1
    outer loop
      vertex 72.7 0 2.6
      vertex 78 6.4 2.6
      vertex 77.7912 6.41369 2.6
    endloop
  endfacet
  facet normal 0 0 1
    outer loop
      vertex 72.7 0 2.6
      vertex 77.7912 6.41369 2.6
      vertex 77.5859 6.45452 2.6
    endloop
  endfacet
  facet normal 0 0 1
    outer loop
      vertex 72.7 0 2.6
      vertex 77.5859 6.45452 2.6
      vertex 77.3877 6.52179 2.6
    endloop
  endfacet
  facet normal 0 0 1
    outer loop
      vertex 72.7 0 2.6
      vertex 77.3877 6.52179 2.6
      vertex 77.2 6.61436 2.6
    endloop
  endfacet
  facet normal 0 0 1
    outer loop
      vertex 72.7 0 2.6
      vertex 77.2 6.61436 2.6
      vertex 77.026 6.73063 2.6
    endloop
  endfacet
  facet normal 0 0 1
    outer loop
      vertex 72.7 0 2.6
      vertex 77.026 6.73063 2.6
      vertex 76.8686 6.86863 2.6
    endloop
  endfacet
  facet normal 0 0 1
    outer loop
      vertex 72.7 0 2.6
      vertex 76.8686 6.86863 2.6
      vertex 76.7306 7.02598 2.6
    endloop
  endfacet
  facet normal 0 0 1
    outer loop
      vertex 72.7 0 2.6
      vertex 76.4137 7.79116 2.6
      vertex 76.4 8 2.6
    endloop
  endfacet
  facet normal 0 0 1
    outer loop
      vertex 72.7 0 2.6
      vertex 76.4545 7.58589 2.6
      vertex 76.4137 7.79116 2.6
    endloop
  endfacet
  facet normal 0 0 1
    outer loop
      vertex 72.7 0 2.6
      vertex 76.5218 7.38771 2.6
      vertex 76.4545 7.58589 2.6
    endloop
  endfacet
  facet normal 0 0 1
    outer loop
      vertex 72.7 0 2.6
      vertex 76.6144 7.2 2.6
      vertex 76.5218 7.38771 2.6
    endloop
  endfacet
  facet normal 0 0 1
    outer loop
      vertex 72.7 0 2.6
      vertex 76.7306 7.02598 2.6
      vertex 76.6144 7.2 2.6
    endloop
  endfacet
  facet normal 0 0 1
    outer loop
      vertex 78.4141 6.45452 2.6
      vertex 72.7 0 2.6
      vertex 86 -5 2.6
    endloop
  endfacet
  facet normal -0 0 1
    outer loop
      vertex 72.6358 -0.978946 2.6
      vertex 86 -5 2.6
      vertex 72.7 0 2.6
    endloop
  endfacet
  facet normal -0 0 1
    outer loop
      vertex 72.4444 -1.94114 2.6
      vertex 86 -5 2.6
      vertex 72.6358 -0.978946 2.6
    endloop
  endfacet
  facet normal -0 0 1
    outer loop
      vertex 72.1291 -2.87012 2.6
      vertex 86 -5 2.6
      vertex 72.4444 -1.94114 2.6
    endloop
  endfacet
  facet normal -0 0 1
    outer loop
      vertex 71.6952 -3.75 2.6
      vertex 86 -5 2.6
      vertex 72.1291 -2.87012 2.6
    endloop
  endfacet
  facet normal -0 0 1
    outer loop
      vertex 71.1501 -4.56571 2.6
      vertex 86 -5 2.6
      vertex 71.6952 -3.75 2.6
    endloop
  endfacet
  facet normal 0 0 1
    outer loop
      vertex 86 -5 2.6
      vertex 71.1501 -4.56571 2.6
      vertex 70.7693 -5 2.6
    endloop
  endfacet
  facet normal -0 0 1
    outer loop
      vertex 38.3 0 2.6
      vertex 57.7642 -0.978946 2.6
      vertex 57.7 0 2.6
    endloop
  endfacet
  facet normal 0 0 1
    outer loop
      vertex 38.2358 -0.978946 2.6
      vertex 57.7642 -0.978946 2.6
      vertex 38.3 0 2.6
    endloop
  endfacet
  facet normal 0 0 1
    outer loop
      vertex 57.7642 -0.978946 2.6
      vertex 38.2358 -0.978946 2.6
      vertex 57.9556 -1.94114 2.6
    endloop
  endfacet
  facet normal 0 0 1
    outer loop
      vertex 38.0444 -1.94114 2.6
      vertex 57.9556 -1.94114 2.6
      vertex 38.2358 -0.978946 2.6
    endloop
  endfacet
  facet normal 0 0 1
    outer loop
      vertex 57.9556 -1.94114 2.6
      vertex 38.0444 -1.94114 2.6
      vertex 58.2709 -2.87012 2.6
    endloop
  endfacet
  facet normal 0 0 1
    outer loop
      vertex 37.7291 -2.87012 2.6
      vertex 58.2709 -2.87012 2.6
      vertex 38.0444 -1.94114 2.6
    endloop
  endfacet
  facet normal 0 0 1
    outer loop
      vertex 58.2709 -2.87012 2.6
      vertex 37.7291 -2.87012 2.6
      vertex 58.7048 -3.75 2.6
    endloop
  endfacet
  facet normal 0 0 1
    outer loop
      vertex 37.2952 -3.75 2.6
      vertex 58.7048 -3.75 2.6
      vertex 37.7291 -2.87012 2.6
    endloop
  endfacet
  facet normal 0 0 1
    outer loop
      vertex 58.7048 -3.75 2.6
      vertex 37.2952 -3.75 2.6
      vertex 59.2498 -4.56571 2.6
    endloop
  endfacet
  facet normal 0 0 1
    outer loop
      vertex 36.7501 -4.56571 2.6
      vertex 59.2498 -4.56571 2.6
      vertex 37.2952 -3.75 2.6
    endloop
  endfacet
  facet normal 0 0 1
    outer loop
      vertex 59.2498 -4.56571 2.6
      vertex 36.7501 -4.56571 2.6
      vertex 59.6307 -5 2.6
    endloop
  endfacet
  facet normal 0 0 1
    outer loop
      vertex 59.6307 -5 2.6
      vertex 36.7501 -4.56571 2.6
      vertex 36.3693 -5 2.6
    endloop
  endfacet
  facet normal -0 0 1
    outer loop
      vertex 9.47821 7.38771 2.6
      vertex 23.8709 2.87012 2.6
      vertex 9.54548 7.58589 2.6
    endloop
  endfacet
  facet normal 0 0 1
    outer loop
      vertex 23.8709 2.87012 2.6
      vertex 9.47821 7.38771 2.6
      vertex 23.5556 1.94114 2.6
    endloop
  endfacet
  facet normal -0 0 1
    outer loop
      vertex 9.38564 7.2 2.6
      vertex 23.5556 1.94114 2.6
      vertex 9.47821 7.38771 2.6
    endloop
  endfacet
  facet normal 0 0 1
    outer loop
      vertex 23.5556 1.94114 2.6
      vertex 9.38564 7.2 2.6
      vertex 23.3642 0.978946 2.6
    endloop
  endfacet
  facet normal -0 0 1
    outer loop
      vertex 9.26937 7.02598 2.6
      vertex 23.3642 0.978946 2.6
      vertex 9.38564 7.2 2.6
    endloop
  endfacet
  facet normal -0 0 1
    outer loop
      vertex 9.13137 6.86863 2.6
      vertex 23.3642 0.978946 2.6
      vertex 9.26937 7.02598 2.6
    endloop
  endfacet
  facet normal 0 0 1
    outer loop
      vertex 23.3642 0.978946 2.6
      vertex 9.13137 6.86863 2.6
      vertex 23.3 0 2.6
    endloop
  endfacet
  facet normal -0 0 1
    outer loop
      vertex 8.97402 6.73063 2.6
      vertex 23.3 0 2.6
      vertex 9.13137 6.86863 2.6
    endloop
  endfacet
  facet normal 0 0 1
    outer loop
      vertex 23.3 0 2.6
      vertex 8.97402 6.73063 2.6
      vertex 23.3642 -0.978946 2.6
    endloop
  endfacet
  facet normal -0 0 1
    outer loop
      vertex 8.8 6.61436 2.6
      vertex 23.3642 -0.978946 2.6
      vertex 8.97402 6.73063 2.6
    endloop
  endfacet
  facet normal -0 0 1
    outer loop
      vertex 8.61229 6.52179 2.6
      vertex 23.3642 -0.978946 2.6
      vertex 8.8 6.61436 2.6
    endloop
  endfacet
  facet normal 0 0 1
    outer loop
      vertex 23.3642 -0.978946 2.6
      vertex 8.61229 6.52179 2.6
      vertex 23.5556 -1.94114 2.6
    endloop
  endfacet
  facet normal -0 0 1
    outer loop
      vertex 8.41411 6.45452 2.6
      vertex 23.5556 -1.94114 2.6
      vertex 8.61229 6.52179 2.6
    endloop
  endfacet
  facet normal 0 0 1
    outer loop
      vertex 0 -5 2.6
      vertex 23.5556 -1.94114 2.6
      vertex 8.41411 6.45452 2.6
    endloop
  endfacet
  facet normal 0 0 1
    outer loop
      vertex 23.5556 -1.94114 2.6
      vertex 0 -5 2.6
      vertex 23.8709 -2.87012 2.6
    endloop
  endfacet
  facet normal 0 0 1
    outer loop
      vertex 23.8709 -2.87012 2.6
      vertex 0 -5 2.6
      vertex 24.3048 -3.75 2.6
    endloop
  endfacet
  facet normal 0 0 1
    outer loop
      vertex 24.3048 -3.75 2.6
      vertex 0 -5 2.6
      vertex 24.8498 -4.56571 2.6
    endloop
  endfacet
  facet normal 0 0 1
    outer loop
      vertex 0 -5 2.6
      vertex 8.41411 6.45452 2.6
      vertex 8.20884 6.41369 2.6
    endloop
  endfacet
  facet normal 0 0 1
    outer loop
      vertex 0 -5 2.6
      vertex 8.20884 6.41369 2.6
      vertex 8 6.4 2.6
    endloop
  endfacet
  facet normal 0 0 1
    outer loop
      vertex 0 -5 2.6
      vertex 8 6.4 2.6
      vertex 7.79116 6.41369 2.6
    endloop
  endfacet
  facet normal 0 0 1
    outer loop
      vertex 0 -5 2.6
      vertex 7.79116 6.41369 2.6
      vertex 7.58589 6.45452 2.6
    endloop
  endfacet
  facet normal 0 0 1
    outer loop
      vertex 0 -5 2.6
      vertex 7.58589 6.45452 2.6
      vertex 7.38771 6.52179 2.6
    endloop
  endfacet
  facet normal 0 0 1
    outer loop
      vertex 0 -5 2.6
      vertex 7.38771 6.52179 2.6
      vertex 7.2 6.61436 2.6
    endloop
  endfacet
  facet normal 0 0 1
    outer loop
      vertex 6.45452 8.41411 2.6
      vertex -5 0 2.6
      vertex 6.41369 8.20884 2.6
    endloop
  endfacet
  facet normal 0 0 1
    outer loop
      vertex 24.8498 -4.56571 2.6
      vertex 0 -5 2.6
      vertex 25.2307 -5 2.6
    endloop
  endfacet
  facet normal 0 0 1
    outer loop
      vertex 7.02598 6.73063 2.6
      vertex 0 -5 2.6
      vertex 7.2 6.61436 2.6
    endloop
  endfacet
  facet normal 0 0 1
    outer loop
      vertex 6.86863 6.86863 2.6
      vertex 0 -5 2.6
      vertex 7.02598 6.73063 2.6
    endloop
  endfacet
  facet normal 0 0 1
    outer loop
      vertex -5 0 2.6
      vertex 6.86863 6.86863 2.6
      vertex 6.73063 7.02598 2.6
    endloop
  endfacet
  facet normal 0 0 1
    outer loop
      vertex -5 0 2.6
      vertex 6.73063 7.02598 2.6
      vertex 6.61436 7.2 2.6
    endloop
  endfacet
  facet normal 0 0 1
    outer loop
      vertex -5 0 2.6
      vertex 6.61436 7.2 2.6
      vertex 6.52179 7.38771 2.6
    endloop
  endfacet
  facet normal 0 0 1
    outer loop
      vertex -5 0 2.6
      vertex 6.52179 7.38771 2.6
      vertex 6.45452 7.58589 2.6
    endloop
  endfacet
  facet normal 0 0 1
    outer loop
      vertex -5 0 2.6
      vertex 6.45452 7.58589 2.6
      vertex 6.41369 7.79116 2.6
    endloop
  endfacet
  facet normal 0 0 1
    outer loop
      vertex 6.41369 8.20884 2.6
      vertex -5 0 2.6
      vertex 6.4 8 2.6
    endloop
  endfacet
  facet normal 0 0 1
    outer loop
      vertex -5 60 2.6
      vertex 0 65 2.6
      vertex -0.652634 64.9572 2.6
    endloop
  endfacet
  facet normal 0 0 1
    outer loop
      vertex 6.4 8 2.6
      vertex -5 0 2.6
      vertex 6.41369 7.79116 2.6
    endloop
  endfacet
  facet normal 0 0 1
    outer loop
      vertex -5 60 2.6
      vertex -0.652634 64.9572 2.6
      vertex -1.2941 64.8296 2.6
    endloop
  endfacet
  facet normal 0 0 1
    outer loop
      vertex 6.86863 6.86863 2.6
      vertex -5 0 2.6
      vertex 0 -5 2.6
    endloop
  endfacet
  facet normal 0 0 1
    outer loop
      vertex -5 60 2.6
      vertex -1.2941 64.8296 2.6
      vertex -1.91342 64.6194 2.6
    endloop
  endfacet
  facet normal 0 0 1
    outer loop
      vertex 0 -5 2.6
      vertex -5 0 2.6
      vertex -0.652634 -4.95723 2.6
    endloop
  endfacet
  facet normal 0 0 1
    outer loop
      vertex -5 60 2.6
      vertex -1.91342 64.6194 2.6
      vertex -2.5 64.3301 2.6
    endloop
  endfacet
  facet normal 0 0 1
    outer loop
      vertex -0.652634 -4.95723 2.6
      vertex -5 0 2.6
      vertex -1.2941 -4.82964 2.6
    endloop
  endfacet
  facet normal 0 0 1
    outer loop
      vertex -5 60 2.6
      vertex -2.5 64.3301 2.6
      vertex -3.04381 63.9668 2.6
    endloop
  endfacet
  facet normal 0 0 1
    outer loop
      vertex -1.2941 -4.82964 2.6
      vertex -5 0 2.6
      vertex -1.91342 -4.6194 2.6
    endloop
  endfacet
  facet normal 0 0 1
    outer loop
      vertex -5 60 2.6
      vertex -3.04381 63.9668 2.6
      vertex -3.53554 63.5355 2.6
    endloop
  endfacet
  facet normal 0 0 1
    outer loop
      vertex -1.91342 -4.6194 2.6
      vertex -5 0 2.6
      vertex -2.5 -4.33012 2.6
    endloop
  endfacet
  facet normal 0 0 1
    outer loop
      vertex -5 60 2.6
      vertex -3.53554 63.5355 2.6
      vertex -3.96677 63.0438 2.6
    endloop
  endfacet
  facet normal 0 0 1
    outer loop
      vertex -2.5 -4.33012 2.6
      vertex -5 0 2.6
      vertex -3.04381 -3.96677 2.6
    endloop
  endfacet
  facet normal 0 0 1
    outer loop
      vertex -5 60 2.6
      vertex -3.96677 63.0438 2.6
      vertex -4.33012 62.5 2.6
    endloop
  endfacet
  facet normal 0 0 1
    outer loop
      vertex -3.04381 -3.96677 2.6
      vertex -5 0 2.6
      vertex -3.53554 -3.53554 2.6
    endloop
  endfacet
  facet normal 0 0 1
    outer loop
      vertex -5 60 2.6
      vertex -4.33012 62.5 2.6
      vertex -4.6194 61.9134 2.6
    endloop
  endfacet
  facet normal 0 0 1
    outer loop
      vertex -3.53554 -3.53554 2.6
      vertex -5 0 2.6
      vertex -3.96677 -3.04381 2.6
    endloop
  endfacet
  facet normal 0 0 1
    outer loop
      vertex -5 60 2.6
      vertex -4.6194 61.9134 2.6
      vertex -4.82964 61.2941 2.6
    endloop
  endfacet
  facet normal 0 0 1
    outer loop
      vertex -3.96677 -3.04381 2.6
      vertex -5 0 2.6
      vertex -4.33012 -2.5 2.6
    endloop
  endfacet
  facet normal 0 0 1
    outer loop
      vertex -5 60 2.6
      vertex -4.82964 61.2941 2.6
      vertex -4.95723 60.6526 2.6
    endloop
  endfacet
  facet normal 0 0 1
    outer loop
      vertex -4.33012 -2.5 2.6
      vertex -5 0 2.6
      vertex -4.6194 -1.91342 2.6
    endloop
  endfacet
  facet normal 0 0 1
    outer loop
      vertex -4.6194 -1.91342 2.6
      vertex -5 0 2.6
      vertex -4.82964 -1.2941 2.6
    endloop
  endfacet
  facet normal 0 0 1
    outer loop
      vertex -4.82964 -1.2941 2.6
      vertex -5 0 2.6
      vertex -4.95723 -0.652634 2.6
    endloop
  endfacet
  facet normal 0.997857 -0.0654398 0
    outer loop
      vertex 90.9572 -0.652634 2.6
      vertex 91 0 0
      vertex 91 0 2.6
    endloop
  endfacet
  facet normal 0.997857 -0.0654398 0
    outer loop
      vertex 91 0 0
      vertex 90.9572 -0.652634 2.6
      vertex 90.9572 -0.652634 0
    endloop
  endfacet
  facet normal 0.831514 -0.555504 0
    outer loop
      vertex 89.9668 -3.04381 2.6
      vertex 90.3301 -2.5 0
      vertex 90.3301 -2.5 2.6
    endloop
  endfacet
  facet normal 0.831514 -0.555504 0
    outer loop
      vertex 90.3301 -2.5 0
      vertex 89.9668 -3.04381 2.6
      vertex 89.9668 -3.04381 0
    endloop
  endfacet
  facet normal 0.896854 -0.442327 0
    outer loop
      vertex 90.3301 -2.5 2.6
      vertex 90.6194 -1.91342 0
      vertex 90.6194 -1.91342 2.6
    endloop
  endfacet
  facet normal 0.896854 -0.442327 0
    outer loop
      vertex 90.6194 -1.91342 0
      vertex 90.3301 -2.5 2.6
      vertex 90.3301 -2.5 0
    endloop
  endfacet
  facet normal 0.44229 -0.896872 0
    outer loop
      vertex 87.9134 -4.6194 0
      vertex 88.5 -4.33012 2.6
      vertex 87.9134 -4.6194 2.6
    endloop
  endfacet
  facet normal 0.44229 -0.896872 0
    outer loop
      vertex 88.5 -4.33012 2.6
      vertex 87.9134 -4.6194 0
      vertex 88.5 -4.33012 0
    endloop
  endfacet
endsolid OpenSCAD_Model
