solid OpenSCAD_Model
  facet normal 0.195073 0.980789 -0
    outer loop
      vertex 27.5013 27.6245 3.21964
      vertex 26 27.9231 68.7804
      vertex 27.5013 27.6245 68.7804
    endloop
  endfacet
  facet normal 0.195073 0.980789 0
    outer loop
      vertex 26 27.9231 68.7804
      vertex 27.5013 27.6245 3.21964
      vertex 26 27.9231 3.21964
    endloop
  endfacet
  facet normal 0.139284 -0.700209 0.700219
    outer loop
      vertex 26.8504 1.94688 71.3259
      vertex 26 1.77772 71.3259
      vertex 27.2728 0.927288 70.2223
    endloop
  endfacet
  facet normal -0.908664 -0.180745 -0.37638
    outer loop
      vertex 0.37549 2.49868 3.21964
      vertex 0.0768585 4 3.21964
      vertex 0.927288 2.72724 1.77772
    endloop
  endfacet
  facet normal 0.180747 -0.908664 0.376378
    outer loop
      vertex 27.2728 0.927288 70.2223
      vertex 26 0.0768585 68.7804
      vertex 27.5013 0.37549 68.7804
    endloop
  endfacet
  facet normal -0.55557 -0.83147 0
    outer loop
      vertex 1.22592 1.22592 3.21964
      vertex 2.49868 0.37549 68.7804
      vertex 1.22592 1.22592 68.7804
    endloop
  endfacet
  facet normal -0.55557 -0.83147 -0
    outer loop
      vertex 2.49868 0.37549 68.7804
      vertex 1.22592 1.22592 3.21964
      vertex 2.49868 0.37549 3.21964
    endloop
  endfacet
  facet normal 0.831479 -0.555556 0
    outer loop
      vertex 28.7741 1.22592 68.7804
      vertex 29.6245 2.49868 3.21964
      vertex 29.6245 2.49868 68.7804
    endloop
  endfacet
  facet normal 0.831479 -0.555556 0
    outer loop
      vertex 29.6245 2.49868 3.21964
      vertex 28.7741 1.22592 68.7804
      vertex 28.7741 1.22592 3.21964
    endloop
  endfacet
  facet normal 0.0759065 -0.381577 -0.921215
    outer loop
      vertex 26.8504 1.94688 0.674121
      vertex 26 3.21964 0.0768585
      vertex 26.2986 3.27904 0.0768585
    endloop
  endfacet
  facet normal 0.514753 0.770273 0.376444
    outer loop
      vertex 28.7741 26.7741 68.7804
      vertex 27.2728 27.0727 70.2223
      vertex 28.3517 26.3517 70.2223
    endloop
  endfacet
  facet normal -1 0 0
    outer loop
      vertex 0.0768585 4 3.21964
      vertex 0.0768585 24 68.7804
      vertex 0.0768585 24 3.21964
    endloop
  endfacet
  facet normal -1 -0 0
    outer loop
      vertex 0.0768585 24 68.7804
      vertex 0.0768585 4 3.21964
      vertex 0.0768585 4 68.7804
    endloop
  endfacet
  facet normal -0.980785 0.195093 0
    outer loop
      vertex 0.0768585 24 3.21964
      vertex 0.37549 25.5013 68.7804
      vertex 0.37549 25.5013 3.21964
    endloop
  endfacet
  facet normal -0.980785 0.195093 0
    outer loop
      vertex 0.37549 25.5013 68.7804
      vertex 0.0768585 24 3.21964
      vertex 0.0768585 24 68.7804
    endloop
  endfacet
  facet normal 0.0758963 -0.381545 0.921229
    outer loop
      vertex 26 3.21964 71.9231
      vertex 26 1.77772 71.3259
      vertex 26.8504 1.94688 71.3259
    endloop
  endfacet
  facet normal 0 -0.923878 0.382688
    outer loop
      vertex 4 0.0768585 68.7804
      vertex 26 0.674121 70.2223
      vertex 4 0.674121 70.2223
    endloop
  endfacet
  facet normal 0 -0.923878 0.382688
    outer loop
      vertex 26 0.674121 70.2223
      vertex 4 0.0768585 68.7804
      vertex 26 0.0768585 68.7804
    endloop
  endfacet
  facet normal -0.382649 0 0.923894
    outer loop
      vertex 1.77772 24 71.3259
      vertex 3.21964 4 71.9231
      vertex 3.21964 24 71.9231
    endloop
  endfacet
  facet normal -0.382649 0 0.923894
    outer loop
      vertex 3.21964 4 71.9231
      vertex 1.77772 24 71.3259
      vertex 1.77772 4 71.3259
    endloop
  endfacet
  facet normal -0.980785 -0.195091 0
    outer loop
      vertex 0.37549 2.49868 3.21964
      vertex 0.0768585 4 68.7804
      vertex 0.0768585 4 3.21964
    endloop
  endfacet
  facet normal -0.980785 -0.195091 0
    outer loop
      vertex 0.0768585 4 68.7804
      vertex 0.37549 2.49868 3.21964
      vertex 0.37549 2.49868 68.7804
    endloop
  endfacet
  facet normal -0.908664 0.180747 0.376378
    outer loop
      vertex 0.37549 25.5013 68.7804
      vertex 0.0768585 24 68.7804
      vertex 0.927288 25.2728 70.2223
    endloop
  endfacet
  facet normal 0.180738 -0.908663 0.376385
    outer loop
      vertex 26 0.674121 70.2223
      vertex 26 0.0768585 68.7804
      vertex 27.2728 0.927288 70.2223
    endloop
  endfacet
  facet normal 0.139277 -0.700215 0.700215
    outer loop
      vertex 26 1.77772 71.3259
      vertex 26 0.674121 70.2223
      vertex 27.2728 0.927288 70.2223
    endloop
  endfacet
  facet normal -0.0758927 -0.381546 0.921229
    outer loop
      vertex 3.70137 3.27904 71.9231
      vertex 3.14957 1.94688 71.3259
      vertex 4 3.21964 71.9231
    endloop
  endfacet
  facet normal 0.770273 0.514753 0.376444
    outer loop
      vertex 28.7741 26.7741 68.7804
      vertex 28.3517 26.3517 70.2223
      vertex 29.0727 25.2728 70.2223
    endloop
  endfacet
  facet normal 0.195093 -0.980785 0
    outer loop
      vertex 26 0.0768585 3.21964
      vertex 27.5013 0.37549 68.7804
      vertex 26 0.0768585 68.7804
    endloop
  endfacet
  facet normal 0.195093 -0.980785 0
    outer loop
      vertex 27.5013 0.37549 68.7804
      vertex 26 0.0768585 3.21964
      vertex 27.5013 0.37549 3.21964
    endloop
  endfacet
  facet normal 0.555544 0.831487 -0
    outer loop
      vertex 28.7741 26.7741 3.21964
      vertex 27.5013 27.6245 68.7804
      vertex 28.7741 26.7741 68.7804
    endloop
  endfacet
  facet normal 0.555544 0.831487 0
    outer loop
      vertex 27.5013 27.6245 68.7804
      vertex 28.7741 26.7741 3.21964
      vertex 27.5013 27.6245 3.21964
    endloop
  endfacet
  facet normal 0.908667 -0.180726 -0.37638
    outer loop
      vertex 29.6245 2.49868 3.21964
      vertex 29.0727 2.72724 1.77772
      vertex 29.9231 4 3.21964
    endloop
  endfacet
  facet normal -0.831478 0.555558 0
    outer loop
      vertex 0.37549 25.5013 3.21964
      vertex 1.22592 26.7741 68.7804
      vertex 1.22592 26.7741 3.21964
    endloop
  endfacet
  facet normal -0.831478 0.555558 0
    outer loop
      vertex 1.22592 26.7741 68.7804
      vertex 0.37549 25.5013 3.21964
      vertex 0.37549 25.5013 68.7804
    endloop
  endfacet
  facet normal -0.381579 -0.0759004 -0.921215
    outer loop
      vertex 1.94688 3.14957 0.674121
      vertex 1.77772 4 0.674121
      vertex 3.21964 4 0.0768585
    endloop
  endfacet
  facet normal 0.21611 -0.323475 0.921228
    outer loop
      vertex 26.5518 3.4482 71.9231
      vertex 26.2986 3.27904 71.9231
      vertex 27.5714 2.42861 71.3259
    endloop
  endfacet
  facet normal 0.770349 0.514696 -0.376364
    outer loop
      vertex 29.0727 25.2728 1.77772
      vertex 28.7741 26.7741 3.21964
      vertex 29.6245 25.5013 3.21964
    endloop
  endfacet
  facet normal 0.700197 0.139315 -0.700225
    outer loop
      vertex 28.2223 24 0.674121
      vertex 28.0531 24.8504 0.674121
      vertex 29.0727 25.2728 1.77772
    endloop
  endfacet
  facet normal 0.707107 -0 0.707107
    outer loop
      vertex 28.2223 4 71.3259
      vertex 29.3259 24 70.2223
      vertex 28.2223 24 71.3259
    endloop
  endfacet
  facet normal 0.707107 0 0.707107
    outer loop
      vertex 29.3259 24 70.2223
      vertex 28.2223 4 71.3259
      vertex 29.3259 4 70.2223
    endloop
  endfacet
  facet normal 0 0.707106 -0.707107
    outer loop
      vertex 26 26.2223 0.674121
      vertex 4 27.3259 1.77772
      vertex 26 27.3259 1.77772
    endloop
  endfacet
  facet normal 0 0.707106 -0.707107
    outer loop
      vertex 4 27.3259 1.77772
      vertex 26 26.2223 0.674121
      vertex 4 26.2223 0.674121
    endloop
  endfacet
  facet normal -0.381543 0.0758998 0.92123
    outer loop
      vertex 3.27904 24.2986 71.9231
      vertex 1.94688 24.8504 71.3259
      vertex 3.21964 24 71.9231
    endloop
  endfacet
  facet normal -0.323487 -0.216147 -0.921215
    outer loop
      vertex 2.42861 2.42861 0.674121
      vertex 1.94688 3.14957 0.674121
      vertex 3.27904 3.70137 0.0768585
    endloop
  endfacet
  facet normal -0.908663 -0.180744 -0.376381
    outer loop
      vertex 0.927288 2.72724 1.77772
      vertex 0.0768585 4 3.21964
      vertex 0.674121 4 1.77772
    endloop
  endfacet
  facet normal 0.707106 0 -0.707107
    outer loop
      vertex 29.3259 4 1.77772
      vertex 28.2223 24 0.674121
      vertex 29.3259 24 1.77772
    endloop
  endfacet
  facet normal 0.707106 0 -0.707107
    outer loop
      vertex 28.2223 24 0.674121
      vertex 29.3259 4 1.77772
      vertex 28.2223 4 0.674121
    endloop
  endfacet
  facet normal 0.180747 -0.908666 -0.376374
    outer loop
      vertex 27.5013 0.37549 3.21964
      vertex 26 0.0768585 3.21964
      vertex 27.2728 0.927288 1.77772
    endloop
  endfacet
  facet normal 0.770336 -0.514703 -0.376381
    outer loop
      vertex 29.6245 2.49868 3.21964
      vertex 28.7741 1.22592 3.21964
      vertex 29.0727 2.72724 1.77772
    endloop
  endfacet
  facet normal 0.381549 0.075915 0.921226
    outer loop
      vertex 28.0531 24.8504 71.3259
      vertex 26.7804 24 71.9231
      vertex 28.2223 24 71.3259
    endloop
  endfacet
  facet normal -0.555556 0.831479 0
    outer loop
      vertex 2.49868 27.6245 3.21964
      vertex 1.22592 26.7741 68.7804
      vertex 2.49868 27.6245 68.7804
    endloop
  endfacet
  facet normal -0.555556 0.831479 0
    outer loop
      vertex 1.22592 26.7741 68.7804
      vertex 2.49868 27.6245 3.21964
      vertex 1.22592 26.7741 3.21964
    endloop
  endfacet
  facet normal 0.514741 -0.770296 0.37641
    outer loop
      vertex 28.3517 1.64825 70.2223
      vertex 27.2728 0.927288 70.2223
      vertex 28.7741 1.22592 68.7804
    endloop
  endfacet
  facet normal -0.39662 0.593621 0.700218
    outer loop
      vertex 2.72724 27.0727 70.2223
      vertex 2.42861 25.5714 71.3259
      vertex 3.14957 26.0531 71.3259
    endloop
  endfacet
  facet normal 0.396617 -0.593612 0.700229
    outer loop
      vertex 27.5714 2.42861 71.3259
      vertex 26.8504 1.94688 71.3259
      vertex 27.2728 0.927288 70.2223
    endloop
  endfacet
  facet normal 0.770334 -0.514702 0.376386
    outer loop
      vertex 29.0727 2.72724 70.2223
      vertex 28.7741 1.22592 68.7804
      vertex 29.6245 2.49868 68.7804
    endloop
  endfacet
  facet normal -0.139281 -0.700215 0.700214
    outer loop
      vertex 4 1.77772 71.3259
      vertex 3.14957 1.94688 71.3259
      vertex 4 0.674121 70.2223
    endloop
  endfacet
  facet normal -0.180744 -0.908662 0.376384
    outer loop
      vertex 2.72724 0.927288 70.2223
      vertex 2.49868 0.37549 68.7804
      vertex 4 0.0768585 68.7804
    endloop
  endfacet
  facet normal -0.514715 -0.770327 0.376384
    outer loop
      vertex 2.72724 0.927288 70.2223
      vertex 1.22592 1.22592 68.7804
      vertex 2.49868 0.37549 68.7804
    endloop
  endfacet
  facet normal -0.923878 0 0.382688
    outer loop
      vertex 0.0768585 4 68.7804
      vertex 0.674121 24 70.2223
      vertex 0.0768585 24 68.7804
    endloop
  endfacet
  facet normal -0.923878 0 0.382688
    outer loop
      vertex 0.674121 24 70.2223
      vertex 0.0768585 4 68.7804
      vertex 0.674121 4 70.2223
    endloop
  endfacet
  facet normal -0.195091 -0.980785 0
    outer loop
      vertex 2.49868 0.37549 3.21964
      vertex 4 0.0768585 68.7804
      vertex 2.49868 0.37549 68.7804
    endloop
  endfacet
  facet normal -0.195091 -0.980785 -0
    outer loop
      vertex 4 0.0768585 68.7804
      vertex 2.49868 0.37549 3.21964
      vertex 4 0.0768585 3.21964
    endloop
  endfacet
  facet normal -0.180744 -0.908662 0.376385
    outer loop
      vertex 4 0.674121 70.2223
      vertex 2.72724 0.927288 70.2223
      vertex 4 0.0768585 68.7804
    endloop
  endfacet
  facet normal -0.514702 0.770334 0.376386
    outer loop
      vertex 2.49868 27.6245 68.7804
      vertex 1.22592 26.7741 68.7804
      vertex 2.72724 27.0727 70.2223
    endloop
  endfacet
  facet normal 0.216115 0.323477 0.921226
    outer loop
      vertex 26.8504 26.0531 71.3259
      vertex 26.2986 24.721 71.9231
      vertex 27.5714 25.5714 71.3259
    endloop
  endfacet
  facet normal 0 1 0
    outer loop
      vertex 26 27.9231 68.7804
      vertex 15 27.9231 61.6
      vertex 4 27.9231 68.7804
    endloop
  endfacet
  facet normal 0 1 0
    outer loop
      vertex 26 27.9231 68.7804
      vertex 15.2088 27.9231 61.5863
      vertex 15 27.9231 61.6
    endloop
  endfacet
  facet normal 0 1 0
    outer loop
      vertex 26 27.9231 68.7804
      vertex 15.4141 27.9231 61.5455
      vertex 15.2088 27.9231 61.5863
    endloop
  endfacet
  facet normal 0 1 0
    outer loop
      vertex 26 27.9231 68.7804
      vertex 15.6123 27.9231 61.4782
      vertex 15.4141 27.9231 61.5455
    endloop
  endfacet
  facet normal 0 1 0
    outer loop
      vertex 26 27.9231 68.7804
      vertex 15.8 27.9231 61.3856
      vertex 15.6123 27.9231 61.4782
    endloop
  endfacet
  facet normal 0 1 0
    outer loop
      vertex 26 27.9231 68.7804
      vertex 15.974 27.9231 61.2694
      vertex 15.8 27.9231 61.3856
    endloop
  endfacet
  facet normal 0 1 0
    outer loop
      vertex 26 27.9231 68.7804
      vertex 16.1314 27.9231 61.1314
      vertex 15.974 27.9231 61.2694
    endloop
  endfacet
  facet normal 0 1 0
    outer loop
      vertex 26 27.9231 68.7804
      vertex 16.2694 27.9231 60.974
      vertex 16.1314 27.9231 61.1314
    endloop
  endfacet
  facet normal 0 1 0
    outer loop
      vertex 26 27.9231 68.7804
      vertex 16.3856 27.9231 60.8
      vertex 16.2694 27.9231 60.974
    endloop
  endfacet
  facet normal 0 1 0
    outer loop
      vertex 26 27.9231 68.7804
      vertex 16.4782 27.9231 60.6123
      vertex 16.3856 27.9231 60.8
    endloop
  endfacet
  facet normal 0 1 0
    outer loop
      vertex 26 27.9231 68.7804
      vertex 16.5455 27.9231 60.4141
      vertex 16.4782 27.9231 60.6123
    endloop
  endfacet
  facet normal 0 1 0
    outer loop
      vertex 26 27.9231 68.7804
      vertex 16.5863 27.9231 60.2088
      vertex 16.5455 27.9231 60.4141
    endloop
  endfacet
  facet normal 0 1 0
    outer loop
      vertex 26 27.9231 68.7804
      vertex 16.6 27.9231 60
      vertex 16.5863 27.9231 60.2088
    endloop
  endfacet
  facet normal 0 1 0
    outer loop
      vertex 26 27.9231 68.7804
      vertex 16.5863 27.9231 59.7912
      vertex 16.6 27.9231 60
    endloop
  endfacet
  facet normal 0 1 0
    outer loop
      vertex 26 27.9231 68.7804
      vertex 16.5455 27.9231 59.5859
      vertex 16.5863 27.9231 59.7912
    endloop
  endfacet
  facet normal 0 1 0
    outer loop
      vertex 26 27.9231 68.7804
      vertex 16.4782 27.9231 59.3877
      vertex 16.5455 27.9231 59.5859
    endloop
  endfacet
  facet normal 0 1 0
    outer loop
      vertex 26 27.9231 68.7804
      vertex 16.3856 27.9231 59.2
      vertex 16.4782 27.9231 59.3877
    endloop
  endfacet
  facet normal 0 1 0
    outer loop
      vertex 26 27.9231 68.7804
      vertex 16.2694 27.9231 59.026
      vertex 16.3856 27.9231 59.2
    endloop
  endfacet
  facet normal 0 1 0
    outer loop
      vertex 16.2694 27.9231 12.974
      vertex 16.2694 27.9231 59.026
      vertex 26 27.9231 68.7804
    endloop
  endfacet
  facet normal 0 1 0
    outer loop
      vertex 15.2088 27.9231 58.4137
      vertex 15 27.9231 13.6
      vertex 15 27.9231 58.4
    endloop
  endfacet
  facet normal 0 1 0
    outer loop
      vertex 15.2088 27.9231 13.5863
      vertex 15.2088 27.9231 58.4137
      vertex 15.4141 27.9231 58.4545
    endloop
  endfacet
  facet normal 0 1 0
    outer loop
      vertex 15.4141 27.9231 13.5455
      vertex 15.4141 27.9231 58.4545
      vertex 15.6123 27.9231 58.5218
    endloop
  endfacet
  facet normal 0 1 0
    outer loop
      vertex 15.6123 27.9231 13.4782
      vertex 15.6123 27.9231 58.5218
      vertex 15.8 27.9231 58.6144
    endloop
  endfacet
  facet normal 0 1 0
    outer loop
      vertex 15.8 27.9231 13.3856
      vertex 15.8 27.9231 58.6144
      vertex 15.974 27.9231 58.7306
    endloop
  endfacet
  facet normal 0 1 0
    outer loop
      vertex 15.974 27.9231 13.2694
      vertex 15.974 27.9231 58.7306
      vertex 16.1314 27.9231 58.8686
    endloop
  endfacet
  facet normal 0 1 0
    outer loop
      vertex 16.2694 27.9231 59.026
      vertex 16.2694 27.9231 12.974
      vertex 16.1314 27.9231 58.8686
    endloop
  endfacet
  facet normal 0 1 0
    outer loop
      vertex 15.2088 27.9231 58.4137
      vertex 15.2088 27.9231 13.5863
      vertex 15 27.9231 13.6
    endloop
  endfacet
  facet normal 0 1 0
    outer loop
      vertex 15.4141 27.9231 58.4545
      vertex 15.4141 27.9231 13.5455
      vertex 15.2088 27.9231 13.5863
    endloop
  endfacet
  facet normal 0 1 0
    outer loop
      vertex 15.6123 27.9231 58.5218
      vertex 15.6123 27.9231 13.4782
      vertex 15.4141 27.9231 13.5455
    endloop
  endfacet
  facet normal 0 1 0
    outer loop
      vertex 15.8 27.9231 58.6144
      vertex 15.8 27.9231 13.3856
      vertex 15.6123 27.9231 13.4782
    endloop
  endfacet
  facet normal 0 1 0
    outer loop
      vertex 15.974 27.9231 58.7306
      vertex 15.974 27.9231 13.2694
      vertex 15.8 27.9231 13.3856
    endloop
  endfacet
  facet normal 0 1 0
    outer loop
      vertex 16.1314 27.9231 58.8686
      vertex 16.1314 27.9231 13.1314
      vertex 15.974 27.9231 13.2694
    endloop
  endfacet
  facet normal 0 1 0
    outer loop
      vertex 16.1314 27.9231 58.8686
      vertex 16.2694 27.9231 12.974
      vertex 16.1314 27.9231 13.1314
    endloop
  endfacet
  facet normal 0 1 -0
    outer loop
      vertex 26 27.9231 3.21964
      vertex 16.2694 27.9231 12.974
      vertex 26 27.9231 68.7804
    endloop
  endfacet
  facet normal 0 1 0
    outer loop
      vertex 16.2694 27.9231 12.974
      vertex 26 27.9231 3.21964
      vertex 16.3856 27.9231 12.8
    endloop
  endfacet
  facet normal 0 1 0
    outer loop
      vertex 16.3856 27.9231 12.8
      vertex 26 27.9231 3.21964
      vertex 16.4782 27.9231 12.6123
    endloop
  endfacet
  facet normal 0 1 0
    outer loop
      vertex 16.4782 27.9231 12.6123
      vertex 26 27.9231 3.21964
      vertex 16.5455 27.9231 12.4141
    endloop
  endfacet
  facet normal 0 1 0
    outer loop
      vertex 16.5455 27.9231 12.4141
      vertex 26 27.9231 3.21964
      vertex 16.5863 27.9231 12.2088
    endloop
  endfacet
  facet normal 0 1 0
    outer loop
      vertex 16.5863 27.9231 12.2088
      vertex 26 27.9231 3.21964
      vertex 16.6 27.9231 12
    endloop
  endfacet
  facet normal 0 1 0
    outer loop
      vertex 15.2088 27.9231 10.4137
      vertex 26 27.9231 3.21964
      vertex 15 27.9231 10.4
    endloop
  endfacet
  facet normal 0 1 0
    outer loop
      vertex 15.4141 27.9231 10.4545
      vertex 26 27.9231 3.21964
      vertex 15.2088 27.9231 10.4137
    endloop
  endfacet
  facet normal 0 1 0
    outer loop
      vertex 15.6123 27.9231 10.5218
      vertex 26 27.9231 3.21964
      vertex 15.4141 27.9231 10.4545
    endloop
  endfacet
  facet normal 0 1 0
    outer loop
      vertex 15.8 27.9231 10.6144
      vertex 26 27.9231 3.21964
      vertex 15.6123 27.9231 10.5218
    endloop
  endfacet
  facet normal 0 1 0
    outer loop
      vertex 15.974 27.9231 10.7306
      vertex 26 27.9231 3.21964
      vertex 15.8 27.9231 10.6144
    endloop
  endfacet
  facet normal 0 1 0
    outer loop
      vertex 16.1314 27.9231 10.8686
      vertex 26 27.9231 3.21964
      vertex 15.974 27.9231 10.7306
    endloop
  endfacet
  facet normal 0 1 0
    outer loop
      vertex 16.2694 27.9231 11.026
      vertex 26 27.9231 3.21964
      vertex 16.1314 27.9231 10.8686
    endloop
  endfacet
  facet normal 0 1 0
    outer loop
      vertex 16.3856 27.9231 11.2
      vertex 26 27.9231 3.21964
      vertex 16.2694 27.9231 11.026
    endloop
  endfacet
  facet normal 0 1 0
    outer loop
      vertex 16.4782 27.9231 11.3877
      vertex 26 27.9231 3.21964
      vertex 16.3856 27.9231 11.2
    endloop
  endfacet
  facet normal 0 1 0
    outer loop
      vertex 16.5455 27.9231 11.5859
      vertex 26 27.9231 3.21964
      vertex 16.4782 27.9231 11.3877
    endloop
  endfacet
  facet normal 0 1 0
    outer loop
      vertex 16.5863 27.9231 11.7912
      vertex 26 27.9231 3.21964
      vertex 16.5455 27.9231 11.5859
    endloop
  endfacet
  facet normal 0 1 0
    outer loop
      vertex 16.6 27.9231 12
      vertex 26 27.9231 3.21964
      vertex 16.5863 27.9231 11.7912
    endloop
  endfacet
  facet normal 0 1 -0
    outer loop
      vertex 14.7912 27.9231 61.5863
      vertex 4 27.9231 68.7804
      vertex 15 27.9231 61.6
    endloop
  endfacet
  facet normal 0 1 -0
    outer loop
      vertex 14.5859 27.9231 61.5455
      vertex 4 27.9231 68.7804
      vertex 14.7912 27.9231 61.5863
    endloop
  endfacet
  facet normal 0 1 -0
    outer loop
      vertex 14.3877 27.9231 61.4782
      vertex 4 27.9231 68.7804
      vertex 14.5859 27.9231 61.5455
    endloop
  endfacet
  facet normal 0 1 -0
    outer loop
      vertex 14.2 27.9231 61.3856
      vertex 4 27.9231 68.7804
      vertex 14.3877 27.9231 61.4782
    endloop
  endfacet
  facet normal 0 1 -0
    outer loop
      vertex 14.026 27.9231 61.2694
      vertex 4 27.9231 68.7804
      vertex 14.2 27.9231 61.3856
    endloop
  endfacet
  facet normal 0 1 -0
    outer loop
      vertex 13.8686 27.9231 61.1314
      vertex 4 27.9231 68.7804
      vertex 14.026 27.9231 61.2694
    endloop
  endfacet
  facet normal 0 1 -0
    outer loop
      vertex 13.7306 27.9231 60.974
      vertex 4 27.9231 68.7804
      vertex 13.8686 27.9231 61.1314
    endloop
  endfacet
  facet normal 0 1 -0
    outer loop
      vertex 13.6144 27.9231 60.8
      vertex 4 27.9231 68.7804
      vertex 13.7306 27.9231 60.974
    endloop
  endfacet
  facet normal 0 1 -0
    outer loop
      vertex 13.5218 27.9231 60.6123
      vertex 4 27.9231 68.7804
      vertex 13.6144 27.9231 60.8
    endloop
  endfacet
  facet normal 0 1 -0
    outer loop
      vertex 13.4545 27.9231 60.4141
      vertex 4 27.9231 68.7804
      vertex 13.5218 27.9231 60.6123
    endloop
  endfacet
  facet normal 0 1 -0
    outer loop
      vertex 13.4137 27.9231 60.2088
      vertex 4 27.9231 68.7804
      vertex 13.4545 27.9231 60.4141
    endloop
  endfacet
  facet normal 0 1 -0
    outer loop
      vertex 13.4 27.9231 60
      vertex 4 27.9231 68.7804
      vertex 13.4137 27.9231 60.2088
    endloop
  endfacet
  facet normal 0 1 0
    outer loop
      vertex 13.4137 27.9231 59.7912
      vertex 4 27.9231 68.7804
      vertex 13.4 27.9231 60
    endloop
  endfacet
  facet normal 0 1 0
    outer loop
      vertex 13.4545 27.9231 59.5859
      vertex 4 27.9231 68.7804
      vertex 13.4137 27.9231 59.7912
    endloop
  endfacet
  facet normal 0 1 0
    outer loop
      vertex 13.5218 27.9231 59.3877
      vertex 4 27.9231 68.7804
      vertex 13.4545 27.9231 59.5859
    endloop
  endfacet
  facet normal 0 1 0
    outer loop
      vertex 13.6144 27.9231 59.2
      vertex 4 27.9231 68.7804
      vertex 13.5218 27.9231 59.3877
    endloop
  endfacet
  facet normal 0 1 0
    outer loop
      vertex 13.7306 27.9231 59.026
      vertex 4 27.9231 68.7804
      vertex 13.6144 27.9231 59.2
    endloop
  endfacet
  facet normal 0 1 0
    outer loop
      vertex 13.7306 27.9231 12.974
      vertex 13.7306 27.9231 59.026
      vertex 13.8686 27.9231 58.8686
    endloop
  endfacet
  facet normal 0 1 -0
    outer loop
      vertex 15 27.9231 13.6
      vertex 14.7912 27.9231 58.4137
      vertex 15 27.9231 58.4
    endloop
  endfacet
  facet normal 0 1 0
    outer loop
      vertex 14.7912 27.9231 13.5863
      vertex 14.7912 27.9231 58.4137
      vertex 15 27.9231 13.6
    endloop
  endfacet
  facet normal 0 1 0
    outer loop
      vertex 14.7912 27.9231 58.4137
      vertex 14.7912 27.9231 13.5863
      vertex 14.5859 27.9231 58.4545
    endloop
  endfacet
  facet normal 0 1 0
    outer loop
      vertex 14.5859 27.9231 13.5455
      vertex 14.5859 27.9231 58.4545
      vertex 14.7912 27.9231 13.5863
    endloop
  endfacet
  facet normal 0 1 0
    outer loop
      vertex 14.5859 27.9231 58.4545
      vertex 14.5859 27.9231 13.5455
      vertex 14.3877 27.9231 58.5218
    endloop
  endfacet
  facet normal 0 1 0
    outer loop
      vertex 14.3877 27.9231 13.4782
      vertex 14.3877 27.9231 58.5218
      vertex 14.5859 27.9231 13.5455
    endloop
  endfacet
  facet normal 0 1 0
    outer loop
      vertex 14.3877 27.9231 58.5218
      vertex 14.3877 27.9231 13.4782
      vertex 14.2 27.9231 58.6144
    endloop
  endfacet
  facet normal 0 1 0
    outer loop
      vertex 14.2 27.9231 13.3856
      vertex 14.2 27.9231 58.6144
      vertex 14.3877 27.9231 13.4782
    endloop
  endfacet
  facet normal 0 1 0
    outer loop
      vertex 14.2 27.9231 58.6144
      vertex 14.2 27.9231 13.3856
      vertex 14.026 27.9231 58.7306
    endloop
  endfacet
  facet normal 0 1 0
    outer loop
      vertex 14.026 27.9231 13.2694
      vertex 14.026 27.9231 58.7306
      vertex 14.2 27.9231 13.3856
    endloop
  endfacet
  facet normal 0 1 0
    outer loop
      vertex 14.026 27.9231 58.7306
      vertex 14.026 27.9231 13.2694
      vertex 13.8686 27.9231 58.8686
    endloop
  endfacet
  facet normal 0 1 0
    outer loop
      vertex 13.8686 27.9231 13.1314
      vertex 13.8686 27.9231 58.8686
      vertex 14.026 27.9231 13.2694
    endloop
  endfacet
  facet normal 0 1 0
    outer loop
      vertex 13.7306 27.9231 12.974
      vertex 13.8686 27.9231 58.8686
      vertex 13.8686 27.9231 13.1314
    endloop
  endfacet
  facet normal 0 1 0
    outer loop
      vertex 13.7306 27.9231 59.026
      vertex 13.7306 27.9231 12.974
      vertex 4 27.9231 68.7804
    endloop
  endfacet
  facet normal 0 1 0
    outer loop
      vertex 4 27.9231 3.21964
      vertex 13.7306 27.9231 12.974
      vertex 13.6144 27.9231 12.8
    endloop
  endfacet
  facet normal 0 1 0
    outer loop
      vertex 4 27.9231 3.21964
      vertex 13.6144 27.9231 12.8
      vertex 13.5218 27.9231 12.6123
    endloop
  endfacet
  facet normal 0 1 0
    outer loop
      vertex 4 27.9231 3.21964
      vertex 13.5218 27.9231 12.6123
      vertex 13.4545 27.9231 12.4141
    endloop
  endfacet
  facet normal 0 1 0
    outer loop
      vertex 4 27.9231 3.21964
      vertex 13.4545 27.9231 12.4141
      vertex 13.4137 27.9231 12.2088
    endloop
  endfacet
  facet normal 0 1 0
    outer loop
      vertex 4 27.9231 3.21964
      vertex 13.4137 27.9231 12.2088
      vertex 13.4 27.9231 12
    endloop
  endfacet
  facet normal 0 1 0
    outer loop
      vertex 4 27.9231 3.21964
      vertex 13.4 27.9231 12
      vertex 13.4137 27.9231 11.7912
    endloop
  endfacet
  facet normal 0 1 0
    outer loop
      vertex 4 27.9231 3.21964
      vertex 15 27.9231 10.4
      vertex 26 27.9231 3.21964
    endloop
  endfacet
  facet normal 0 1 0
    outer loop
      vertex 15 27.9231 10.4
      vertex 4 27.9231 3.21964
      vertex 14.7912 27.9231 10.4137
    endloop
  endfacet
  facet normal 0 1 0
    outer loop
      vertex 14.7912 27.9231 10.4137
      vertex 4 27.9231 3.21964
      vertex 14.5859 27.9231 10.4545
    endloop
  endfacet
  facet normal 0 1 0
    outer loop
      vertex 14.5859 27.9231 10.4545
      vertex 4 27.9231 3.21964
      vertex 14.3877 27.9231 10.5218
    endloop
  endfacet
  facet normal 0 1 0
    outer loop
      vertex 13.7306 27.9231 12.974
      vertex 4 27.9231 3.21964
      vertex 4 27.9231 68.7804
    endloop
  endfacet
  facet normal 0 1 0
    outer loop
      vertex 13.4545 27.9231 11.5859
      vertex 4 27.9231 3.21964
      vertex 13.4137 27.9231 11.7912
    endloop
  endfacet
  facet normal 0 1 0
    outer loop
      vertex 13.5218 27.9231 11.3877
      vertex 4 27.9231 3.21964
      vertex 13.4545 27.9231 11.5859
    endloop
  endfacet
  facet normal 0 1 0
    outer loop
      vertex 13.6144 27.9231 11.2
      vertex 4 27.9231 3.21964
      vertex 13.5218 27.9231 11.3877
    endloop
  endfacet
  facet normal 0 1 0
    outer loop
      vertex 13.7306 27.9231 11.026
      vertex 4 27.9231 3.21964
      vertex 13.6144 27.9231 11.2
    endloop
  endfacet
  facet normal 0 1 0
    outer loop
      vertex 13.8686 27.9231 10.8686
      vertex 4 27.9231 3.21964
      vertex 13.7306 27.9231 11.026
    endloop
  endfacet
  facet normal 0 1 0
    outer loop
      vertex 14.026 27.9231 10.7306
      vertex 4 27.9231 3.21964
      vertex 13.8686 27.9231 10.8686
    endloop
  endfacet
  facet normal 0 1 0
    outer loop
      vertex 14.2 27.9231 10.6144
      vertex 4 27.9231 3.21964
      vertex 14.026 27.9231 10.7306
    endloop
  endfacet
  facet normal 0 1 0
    outer loop
      vertex 14.3877 27.9231 10.5218
      vertex 4 27.9231 3.21964
      vertex 14.2 27.9231 10.6144
    endloop
  endfacet
  facet normal -0.908662 -0.180744 0.376384
    outer loop
      vertex 0.927288 2.72724 70.2223
      vertex 0.0768585 4 68.7804
      vertex 0.37549 2.49868 68.7804
    endloop
  endfacet
  facet normal -0.770327 -0.514715 0.376384
    outer loop
      vertex 0.927288 2.72724 70.2223
      vertex 0.37549 2.49868 68.7804
      vertex 1.22592 1.22592 68.7804
    endloop
  endfacet
  facet normal 0.908669 0.180729 -0.376373
    outer loop
      vertex 29.9231 24 3.21964
      vertex 29.0727 25.2728 1.77772
      vertex 29.6245 25.5013 3.21964
    endloop
  endfacet
  facet normal -0.593611 0.396616 -0.700229
    outer loop
      vertex 1.94688 24.8504 0.674121
      vertex 0.927288 25.2728 1.77772
      vertex 2.42861 25.5714 0.674121
    endloop
  endfacet
  facet normal 0.396669 -0.593604 -0.700205
    outer loop
      vertex 28.3517 1.64825 1.77772
      vertex 27.2728 0.927288 1.77772
      vertex 27.5714 2.42861 0.674121
    endloop
  endfacet
  facet normal 0.180729 0.908668 0.376378
    outer loop
      vertex 27.5013 27.6245 68.7804
      vertex 26 27.9231 68.7804
      vertex 27.2728 27.0727 70.2223
    endloop
  endfacet
  facet normal 0.770348 0.514695 0.376369
    outer loop
      vertex 29.6245 25.5013 68.7804
      vertex 28.7741 26.7741 68.7804
      vertex 29.0727 25.2728 70.2223
    endloop
  endfacet
  facet normal -0.593612 0.396617 0.700229
    outer loop
      vertex 2.42861 25.5714 71.3259
      vertex 0.927288 25.2728 70.2223
      vertex 1.94688 24.8504 71.3259
    endloop
  endfacet
  facet normal 0.908666 -0.180726 0.376384
    outer loop
      vertex 29.9231 4 68.7804
      vertex 29.0727 2.72724 70.2223
      vertex 29.6245 2.49868 68.7804
    endloop
  endfacet
  facet normal 0.0758998 -0.381543 0.92123
    outer loop
      vertex 26.2986 3.27904 71.9231
      vertex 26 3.21964 71.9231
      vertex 26.8504 1.94688 71.3259
    endloop
  endfacet
  facet normal 0.216119 -0.323463 0.92123
    outer loop
      vertex 27.5714 2.42861 71.3259
      vertex 26.2986 3.27904 71.9231
      vertex 26.8504 1.94688 71.3259
    endloop
  endfacet
  facet normal -0.0758936 -0.381545 0.921229
    outer loop
      vertex 4 3.21964 71.9231
      vertex 3.14957 1.94688 71.3259
      vertex 4 1.77772 71.3259
    endloop
  endfacet
  facet normal -0.514717 -0.770324 0.376386
    outer loop
      vertex 1.64825 1.64825 70.2223
      vertex 1.22592 1.22592 68.7804
      vertex 2.72724 0.927288 70.2223
    endloop
  endfacet
  facet normal -0.908663 0.180738 0.376385
    outer loop
      vertex 0.927288 25.2728 70.2223
      vertex 0.0768585 24 68.7804
      vertex 0.674121 24 70.2223
    endloop
  endfacet
  facet normal 0 -1 0
    outer loop
      vertex 4 0.0768585 68.7804
      vertex 15 0.0768585 61.6
      vertex 26 0.0768585 68.7804
    endloop
  endfacet
  facet normal 0 -1 0
    outer loop
      vertex 4 0.0768585 68.7804
      vertex 14.7912 0.0768585 61.5863
      vertex 15 0.0768585 61.6
    endloop
  endfacet
  facet normal 0 -1 0
    outer loop
      vertex 4 0.0768585 68.7804
      vertex 14.5859 0.0768585 61.5455
      vertex 14.7912 0.0768585 61.5863
    endloop
  endfacet
  facet normal 0 -1 0
    outer loop
      vertex 4 0.0768585 68.7804
      vertex 14.3877 0.0768585 61.4782
      vertex 14.5859 0.0768585 61.5455
    endloop
  endfacet
  facet normal 0 -1 0
    outer loop
      vertex 4 0.0768585 68.7804
      vertex 14.2 0.0768585 61.3856
      vertex 14.3877 0.0768585 61.4782
    endloop
  endfacet
  facet normal 0 -1 0
    outer loop
      vertex 4 0.0768585 68.7804
      vertex 14.026 0.0768585 61.2694
      vertex 14.2 0.0768585 61.3856
    endloop
  endfacet
  facet normal 0 -1 0
    outer loop
      vertex 4 0.0768585 68.7804
      vertex 13.8686 0.0768585 61.1314
      vertex 14.026 0.0768585 61.2694
    endloop
  endfacet
  facet normal 0 -1 0
    outer loop
      vertex 4 0.0768585 68.7804
      vertex 13.7306 0.0768585 60.974
      vertex 13.8686 0.0768585 61.1314
    endloop
  endfacet
  facet normal 0 -1 0
    outer loop
      vertex 4 0.0768585 68.7804
      vertex 13.6144 0.0768585 60.8
      vertex 13.7306 0.0768585 60.974
    endloop
  endfacet
  facet normal 0 -1 0
    outer loop
      vertex 4 0.0768585 68.7804
      vertex 13.5218 0.0768585 60.6123
      vertex 13.6144 0.0768585 60.8
    endloop
  endfacet
  facet normal 0 -1 0
    outer loop
      vertex 4 0.0768585 68.7804
      vertex 13.4545 0.0768585 60.4141
      vertex 13.5218 0.0768585 60.6123
    endloop
  endfacet
  facet normal 0 -1 0
    outer loop
      vertex 4 0.0768585 68.7804
      vertex 13.4137 0.0768585 60.2088
      vertex 13.4545 0.0768585 60.4141
    endloop
  endfacet
  facet normal 0 -1 0
    outer loop
      vertex 4 0.0768585 68.7804
      vertex 13.4 0.0768585 60
      vertex 13.4137 0.0768585 60.2088
    endloop
  endfacet
  facet normal 0 -1 0
    outer loop
      vertex 4 0.0768585 68.7804
      vertex 13.4137 0.0768585 59.7912
      vertex 13.4 0.0768585 60
    endloop
  endfacet
  facet normal 0 -1 0
    outer loop
      vertex 4 0.0768585 68.7804
      vertex 13.4545 0.0768585 59.5859
      vertex 13.4137 0.0768585 59.7912
    endloop
  endfacet
  facet normal 0 -1 0
    outer loop
      vertex 4 0.0768585 68.7804
      vertex 13.5218 0.0768585 59.3877
      vertex 13.4545 0.0768585 59.5859
    endloop
  endfacet
  facet normal 0 -1 0
    outer loop
      vertex 4 0.0768585 68.7804
      vertex 13.6144 0.0768585 59.2
      vertex 13.5218 0.0768585 59.3877
    endloop
  endfacet
  facet normal 0 -1 0
    outer loop
      vertex 4 0.0768585 68.7804
      vertex 13.7306 0.0768585 59.026
      vertex 13.6144 0.0768585 59.2
    endloop
  endfacet
  facet normal 0 -1 0
    outer loop
      vertex 13.7306 0.0768585 12.974
      vertex 13.7306 0.0768585 59.026
      vertex 4 0.0768585 68.7804
    endloop
  endfacet
  facet normal 0 -1 0
    outer loop
      vertex 14.7912 0.0768585 58.4137
      vertex 15 0.0768585 13.6
      vertex 15 0.0768585 58.4
    endloop
  endfacet
  facet normal 0 -1 0
    outer loop
      vertex 14.7912 0.0768585 13.5863
      vertex 14.7912 0.0768585 58.4137
      vertex 14.5859 0.0768585 58.4545
    endloop
  endfacet
  facet normal 0 -1 0
    outer loop
      vertex 14.5859 0.0768585 13.5455
      vertex 14.5859 0.0768585 58.4545
      vertex 14.3877 0.0768585 58.5218
    endloop
  endfacet
  facet normal 0 -1 0
    outer loop
      vertex 14.3877 0.0768585 13.4782
      vertex 14.3877 0.0768585 58.5218
      vertex 14.2 0.0768585 58.6144
    endloop
  endfacet
  facet normal 0 -1 0
    outer loop
      vertex 14.2 0.0768585 13.3856
      vertex 14.2 0.0768585 58.6144
      vertex 14.026 0.0768585 58.7306
    endloop
  endfacet
  facet normal 0 -1 0
    outer loop
      vertex 14.026 0.0768585 13.2694
      vertex 14.026 0.0768585 58.7306
      vertex 13.8686 0.0768585 58.8686
    endloop
  endfacet
  facet normal 0 -1 0
    outer loop
      vertex 13.7306 0.0768585 59.026
      vertex 13.7306 0.0768585 12.974
      vertex 13.8686 0.0768585 58.8686
    endloop
  endfacet
  facet normal 0 -1 0
    outer loop
      vertex 14.7912 0.0768585 58.4137
      vertex 14.7912 0.0768585 13.5863
      vertex 15 0.0768585 13.6
    endloop
  endfacet
  facet normal 0 -1 0
    outer loop
      vertex 14.5859 0.0768585 58.4545
      vertex 14.5859 0.0768585 13.5455
      vertex 14.7912 0.0768585 13.5863
    endloop
  endfacet
  facet normal 0 -1 0
    outer loop
      vertex 14.3877 0.0768585 58.5218
      vertex 14.3877 0.0768585 13.4782
      vertex 14.5859 0.0768585 13.5455
    endloop
  endfacet
  facet normal 0 -1 0
    outer loop
      vertex 14.2 0.0768585 58.6144
      vertex 14.2 0.0768585 13.3856
      vertex 14.3877 0.0768585 13.4782
    endloop
  endfacet
  facet normal 0 -1 0
    outer loop
      vertex 14.026 0.0768585 58.7306
      vertex 14.026 0.0768585 13.2694
      vertex 14.2 0.0768585 13.3856
    endloop
  endfacet
  facet normal 0 -1 0
    outer loop
      vertex 13.8686 0.0768585 58.8686
      vertex 13.8686 0.0768585 13.1314
      vertex 14.026 0.0768585 13.2694
    endloop
  endfacet
  facet normal 0 -1 -0
    outer loop
      vertex 13.8686 0.0768585 58.8686
      vertex 13.7306 0.0768585 12.974
      vertex 13.8686 0.0768585 13.1314
    endloop
  endfacet
  facet normal 0 -1 0
    outer loop
      vertex 4 0.0768585 3.21964
      vertex 13.7306 0.0768585 12.974
      vertex 4 0.0768585 68.7804
    endloop
  endfacet
  facet normal 0 -1 0
    outer loop
      vertex 13.7306 0.0768585 12.974
      vertex 4 0.0768585 3.21964
      vertex 13.6144 0.0768585 12.8
    endloop
  endfacet
  facet normal 0 -1 0
    outer loop
      vertex 13.6144 0.0768585 12.8
      vertex 4 0.0768585 3.21964
      vertex 13.5218 0.0768585 12.6123
    endloop
  endfacet
  facet normal 0 -1 0
    outer loop
      vertex 13.5218 0.0768585 12.6123
      vertex 4 0.0768585 3.21964
      vertex 13.4545 0.0768585 12.4141
    endloop
  endfacet
  facet normal 0 -1 0
    outer loop
      vertex 13.4545 0.0768585 12.4141
      vertex 4 0.0768585 3.21964
      vertex 13.4137 0.0768585 12.2088
    endloop
  endfacet
  facet normal 0 -1 0
    outer loop
      vertex 13.4137 0.0768585 12.2088
      vertex 4 0.0768585 3.21964
      vertex 13.4 0.0768585 12
    endloop
  endfacet
  facet normal 0 -1 -0
    outer loop
      vertex 14.7912 0.0768585 10.4137
      vertex 4 0.0768585 3.21964
      vertex 15 0.0768585 10.4
    endloop
  endfacet
  facet normal 0 -1 -0
    outer loop
      vertex 14.5859 0.0768585 10.4545
      vertex 4 0.0768585 3.21964
      vertex 14.7912 0.0768585 10.4137
    endloop
  endfacet
  facet normal 0 -1 -0
    outer loop
      vertex 14.3877 0.0768585 10.5218
      vertex 4 0.0768585 3.21964
      vertex 14.5859 0.0768585 10.4545
    endloop
  endfacet
  facet normal 0 -1 -0
    outer loop
      vertex 14.2 0.0768585 10.6144
      vertex 4 0.0768585 3.21964
      vertex 14.3877 0.0768585 10.5218
    endloop
  endfacet
  facet normal 0 -1 -0
    outer loop
      vertex 14.026 0.0768585 10.7306
      vertex 4 0.0768585 3.21964
      vertex 14.2 0.0768585 10.6144
    endloop
  endfacet
  facet normal 0 -1 -0
    outer loop
      vertex 13.8686 0.0768585 10.8686
      vertex 4 0.0768585 3.21964
      vertex 14.026 0.0768585 10.7306
    endloop
  endfacet
  facet normal 0 -1 -0
    outer loop
      vertex 13.7306 0.0768585 11.026
      vertex 4 0.0768585 3.21964
      vertex 13.8686 0.0768585 10.8686
    endloop
  endfacet
  facet normal 0 -1 -0
    outer loop
      vertex 13.6144 0.0768585 11.2
      vertex 4 0.0768585 3.21964
      vertex 13.7306 0.0768585 11.026
    endloop
  endfacet
  facet normal 0 -1 -0
    outer loop
      vertex 13.5218 0.0768585 11.3877
      vertex 4 0.0768585 3.21964
      vertex 13.6144 0.0768585 11.2
    endloop
  endfacet
  facet normal 0 -1 -0
    outer loop
      vertex 13.4545 0.0768585 11.5859
      vertex 4 0.0768585 3.21964
      vertex 13.5218 0.0768585 11.3877
    endloop
  endfacet
  facet normal 0 -1 -0
    outer loop
      vertex 13.4137 0.0768585 11.7912
      vertex 4 0.0768585 3.21964
      vertex 13.4545 0.0768585 11.5859
    endloop
  endfacet
  facet normal 0 -1 -0
    outer loop
      vertex 13.4 0.0768585 12
      vertex 4 0.0768585 3.21964
      vertex 13.4137 0.0768585 11.7912
    endloop
  endfacet
  facet normal 0 -1 0
    outer loop
      vertex 15.2088 0.0768585 61.5863
      vertex 26 0.0768585 68.7804
      vertex 15 0.0768585 61.6
    endloop
  endfacet
  facet normal 0 -1 0
    outer loop
      vertex 15.4141 0.0768585 61.5455
      vertex 26 0.0768585 68.7804
      vertex 15.2088 0.0768585 61.5863
    endloop
  endfacet
  facet normal 0 -1 0
    outer loop
      vertex 15.6123 0.0768585 61.4782
      vertex 26 0.0768585 68.7804
      vertex 15.4141 0.0768585 61.5455
    endloop
  endfacet
  facet normal 0 -1 0
    outer loop
      vertex 15.8 0.0768585 61.3856
      vertex 26 0.0768585 68.7804
      vertex 15.6123 0.0768585 61.4782
    endloop
  endfacet
  facet normal 0 -1 0
    outer loop
      vertex 15.974 0.0768585 61.2694
      vertex 26 0.0768585 68.7804
      vertex 15.8 0.0768585 61.3856
    endloop
  endfacet
  facet normal 0 -1 0
    outer loop
      vertex 16.1314 0.0768585 61.1314
      vertex 26 0.0768585 68.7804
      vertex 15.974 0.0768585 61.2694
    endloop
  endfacet
  facet normal 0 -1 0
    outer loop
      vertex 16.2694 0.0768585 60.974
      vertex 26 0.0768585 68.7804
      vertex 16.1314 0.0768585 61.1314
    endloop
  endfacet
  facet normal 0 -1 0
    outer loop
      vertex 16.3856 0.0768585 60.8
      vertex 26 0.0768585 68.7804
      vertex 16.2694 0.0768585 60.974
    endloop
  endfacet
  facet normal 0 -1 0
    outer loop
      vertex 16.4782 0.0768585 60.6123
      vertex 26 0.0768585 68.7804
      vertex 16.3856 0.0768585 60.8
    endloop
  endfacet
  facet normal 0 -1 0
    outer loop
      vertex 16.5455 0.0768585 60.4141
      vertex 26 0.0768585 68.7804
      vertex 16.4782 0.0768585 60.6123
    endloop
  endfacet
  facet normal 0 -1 0
    outer loop
      vertex 16.5863 0.0768585 60.2088
      vertex 26 0.0768585 68.7804
      vertex 16.5455 0.0768585 60.4141
    endloop
  endfacet
  facet normal 0 -1 0
    outer loop
      vertex 16.6 0.0768585 60
      vertex 26 0.0768585 68.7804
      vertex 16.5863 0.0768585 60.2088
    endloop
  endfacet
  facet normal 0 -1 0
    outer loop
      vertex 16.5863 0.0768585 59.7912
      vertex 26 0.0768585 68.7804
      vertex 16.6 0.0768585 60
    endloop
  endfacet
  facet normal 0 -1 0
    outer loop
      vertex 16.5455 0.0768585 59.5859
      vertex 26 0.0768585 68.7804
      vertex 16.5863 0.0768585 59.7912
    endloop
  endfacet
  facet normal 0 -1 0
    outer loop
      vertex 16.4782 0.0768585 59.3877
      vertex 26 0.0768585 68.7804
      vertex 16.5455 0.0768585 59.5859
    endloop
  endfacet
  facet normal 0 -1 0
    outer loop
      vertex 16.3856 0.0768585 59.2
      vertex 26 0.0768585 68.7804
      vertex 16.4782 0.0768585 59.3877
    endloop
  endfacet
  facet normal 0 -1 0
    outer loop
      vertex 16.2694 0.0768585 59.026
      vertex 26 0.0768585 68.7804
      vertex 16.3856 0.0768585 59.2
    endloop
  endfacet
  facet normal 0 -1 0
    outer loop
      vertex 16.2694 0.0768585 12.974
      vertex 16.2694 0.0768585 59.026
      vertex 16.1314 0.0768585 58.8686
    endloop
  endfacet
  facet normal 0 -1 0
    outer loop
      vertex 15 0.0768585 13.6
      vertex 15.2088 0.0768585 58.4137
      vertex 15 0.0768585 58.4
    endloop
  endfacet
  facet normal 0 -1 0
    outer loop
      vertex 15.2088 0.0768585 13.5863
      vertex 15.2088 0.0768585 58.4137
      vertex 15 0.0768585 13.6
    endloop
  endfacet
  facet normal 0 -1 0
    outer loop
      vertex 15.2088 0.0768585 58.4137
      vertex 15.2088 0.0768585 13.5863
      vertex 15.4141 0.0768585 58.4545
    endloop
  endfacet
  facet normal 0 -1 0
    outer loop
      vertex 15.4141 0.0768585 13.5455
      vertex 15.4141 0.0768585 58.4545
      vertex 15.2088 0.0768585 13.5863
    endloop
  endfacet
  facet normal 0 -1 0
    outer loop
      vertex 15.4141 0.0768585 58.4545
      vertex 15.4141 0.0768585 13.5455
      vertex 15.6123 0.0768585 58.5218
    endloop
  endfacet
  facet normal 0 -1 0
    outer loop
      vertex 15.6123 0.0768585 13.4782
      vertex 15.6123 0.0768585 58.5218
      vertex 15.4141 0.0768585 13.5455
    endloop
  endfacet
  facet normal 0 -1 0
    outer loop
      vertex 15.6123 0.0768585 58.5218
      vertex 15.6123 0.0768585 13.4782
      vertex 15.8 0.0768585 58.6144
    endloop
  endfacet
  facet normal 0 -1 0
    outer loop
      vertex 15.8 0.0768585 13.3856
      vertex 15.8 0.0768585 58.6144
      vertex 15.6123 0.0768585 13.4782
    endloop
  endfacet
  facet normal 0 -1 0
    outer loop
      vertex 15.8 0.0768585 58.6144
      vertex 15.8 0.0768585 13.3856
      vertex 15.974 0.0768585 58.7306
    endloop
  endfacet
  facet normal 0 -1 0
    outer loop
      vertex 15.974 0.0768585 13.2694
      vertex 15.974 0.0768585 58.7306
      vertex 15.8 0.0768585 13.3856
    endloop
  endfacet
  facet normal 0 -1 0
    outer loop
      vertex 15.974 0.0768585 58.7306
      vertex 15.974 0.0768585 13.2694
      vertex 16.1314 0.0768585 58.8686
    endloop
  endfacet
  facet normal 0 -1 0
    outer loop
      vertex 16.1314 0.0768585 13.1314
      vertex 16.1314 0.0768585 58.8686
      vertex 15.974 0.0768585 13.2694
    endloop
  endfacet
  facet normal 0 -1 0
    outer loop
      vertex 16.2694 0.0768585 12.974
      vertex 16.1314 0.0768585 58.8686
      vertex 16.1314 0.0768585 13.1314
    endloop
  endfacet
  facet normal 0 -1 0
    outer loop
      vertex 16.2694 0.0768585 59.026
      vertex 16.2694 0.0768585 12.974
      vertex 26 0.0768585 68.7804
    endloop
  endfacet
  facet normal 0 -1 0
    outer loop
      vertex 26 0.0768585 3.21964
      vertex 16.2694 0.0768585 12.974
      vertex 16.3856 0.0768585 12.8
    endloop
  endfacet
  facet normal 0 -1 0
    outer loop
      vertex 26 0.0768585 3.21964
      vertex 16.3856 0.0768585 12.8
      vertex 16.4782 0.0768585 12.6123
    endloop
  endfacet
  facet normal 0 -1 0
    outer loop
      vertex 26 0.0768585 3.21964
      vertex 16.4782 0.0768585 12.6123
      vertex 16.5455 0.0768585 12.4141
    endloop
  endfacet
  facet normal 0 -1 0
    outer loop
      vertex 26 0.0768585 3.21964
      vertex 16.5455 0.0768585 12.4141
      vertex 16.5863 0.0768585 12.2088
    endloop
  endfacet
  facet normal 0 -1 0
    outer loop
      vertex 26 0.0768585 3.21964
      vertex 16.5863 0.0768585 12.2088
      vertex 16.6 0.0768585 12
    endloop
  endfacet
  facet normal 0 -1 0
    outer loop
      vertex 26 0.0768585 3.21964
      vertex 16.6 0.0768585 12
      vertex 16.5863 0.0768585 11.7912
    endloop
  endfacet
  facet normal 0 -1 0
    outer loop
      vertex 26 0.0768585 3.21964
      vertex 15 0.0768585 10.4
      vertex 4 0.0768585 3.21964
    endloop
  endfacet
  facet normal 0 -1 0
    outer loop
      vertex 15 0.0768585 10.4
      vertex 26 0.0768585 3.21964
      vertex 15.2088 0.0768585 10.4137
    endloop
  endfacet
  facet normal 0 -1 0
    outer loop
      vertex 15.2088 0.0768585 10.4137
      vertex 26 0.0768585 3.21964
      vertex 15.4141 0.0768585 10.4545
    endloop
  endfacet
  facet normal 0 -1 0
    outer loop
      vertex 15.4141 0.0768585 10.4545
      vertex 26 0.0768585 3.21964
      vertex 15.6123 0.0768585 10.5218
    endloop
  endfacet
  facet normal 0 -1 0
    outer loop
      vertex 16.2694 0.0768585 12.974
      vertex 26 0.0768585 3.21964
      vertex 26 0.0768585 68.7804
    endloop
  endfacet
  facet normal 0 -1 0
    outer loop
      vertex 16.5455 0.0768585 11.5859
      vertex 26 0.0768585 3.21964
      vertex 16.5863 0.0768585 11.7912
    endloop
  endfacet
  facet normal 0 -1 0
    outer loop
      vertex 16.4782 0.0768585 11.3877
      vertex 26 0.0768585 3.21964
      vertex 16.5455 0.0768585 11.5859
    endloop
  endfacet
  facet normal 0 -1 0
    outer loop
      vertex 16.3856 0.0768585 11.2
      vertex 26 0.0768585 3.21964
      vertex 16.4782 0.0768585 11.3877
    endloop
  endfacet
  facet normal 0 -1 0
    outer loop
      vertex 16.2694 0.0768585 11.026
      vertex 26 0.0768585 3.21964
      vertex 16.3856 0.0768585 11.2
    endloop
  endfacet
  facet normal 0 -1 0
    outer loop
      vertex 16.1314 0.0768585 10.8686
      vertex 26 0.0768585 3.21964
      vertex 16.2694 0.0768585 11.026
    endloop
  endfacet
  facet normal 0 -1 0
    outer loop
      vertex 15.974 0.0768585 10.7306
      vertex 26 0.0768585 3.21964
      vertex 16.1314 0.0768585 10.8686
    endloop
  endfacet
  facet normal 0 -1 0
    outer loop
      vertex 15.8 0.0768585 10.6144
      vertex 26 0.0768585 3.21964
      vertex 15.974 0.0768585 10.7306
    endloop
  endfacet
  facet normal 0 -1 0
    outer loop
      vertex 15.6123 0.0768585 10.5218
      vertex 26 0.0768585 3.21964
      vertex 15.8 0.0768585 10.6144
    endloop
  endfacet
  facet normal -0 0.382654 0.923892
    outer loop
      vertex 4 26.2223 71.3259
      vertex 26 24.7804 71.9231
      vertex 26 26.2223 71.3259
    endloop
  endfacet
  facet normal 0 0.382654 0.923892
    outer loop
      vertex 26 24.7804 71.9231
      vertex 4 26.2223 71.3259
      vertex 4 24.7804 71.9231
    endloop
  endfacet
  facet normal -0.770296 0.514741 0.37641
    outer loop
      vertex 1.22592 26.7741 68.7804
      vertex 0.927288 25.2728 70.2223
      vertex 1.64825 26.3517 70.2223
    endloop
  endfacet
  facet normal -0.180726 0.908667 -0.37638
    outer loop
      vertex 2.72724 27.0727 1.77772
      vertex 2.49868 27.6245 3.21964
      vertex 4 27.9231 3.21964
    endloop
  endfacet
  facet normal -0.770328 -0.514716 -0.37638
    outer loop
      vertex 1.22592 1.22592 3.21964
      vertex 0.37549 2.49868 3.21964
      vertex 0.927288 2.72724 1.77772
    endloop
  endfacet
  facet normal 0.139294 0.700213 0.700213
    outer loop
      vertex 26 27.3259 70.2223
      vertex 26 26.2223 71.3259
      vertex 27.2728 27.0727 70.2223
    endloop
  endfacet
  facet normal 0 0.923892 0.382654
    outer loop
      vertex 26 27.9231 68.7804
      vertex 4 27.3259 70.2223
      vertex 26 27.3259 70.2223
    endloop
  endfacet
  facet normal 0 0.923892 0.382654
    outer loop
      vertex 4 27.3259 70.2223
      vertex 26 27.9231 68.7804
      vertex 4 27.9231 68.7804
    endloop
  endfacet
  facet normal 0.700198 0.139315 0.700225
    outer loop
      vertex 29.0727 25.2728 70.2223
      vertex 28.0531 24.8504 71.3259
      vertex 28.2223 24 71.3259
    endloop
  endfacet
  facet normal -0.180769 0.908671 0.37635
    outer loop
      vertex 4 27.9231 68.7804
      vertex 2.72724 27.0727 70.2223
      vertex 4 27.3259 70.2223
    endloop
  endfacet
  facet normal 0.323473 -0.216124 0.921225
    outer loop
      vertex 28.0531 3.14957 71.3259
      vertex 26.721 3.70137 71.9231
      vertex 27.5714 2.42861 71.3259
    endloop
  endfacet
  facet normal 0.396597 0.59362 0.700233
    outer loop
      vertex 27.2728 27.0727 70.2223
      vertex 26.8504 26.0531 71.3259
      vertex 27.5714 25.5714 71.3259
    endloop
  endfacet
  facet normal 0.514708 -0.77034 0.376367
    outer loop
      vertex 28.7741 1.22592 68.7804
      vertex 27.2728 0.927288 70.2223
      vertex 27.5013 0.37549 68.7804
    endloop
  endfacet
  facet normal 0.555558 -0.831478 0
    outer loop
      vertex 27.5013 0.37549 3.21964
      vertex 28.7741 1.22592 68.7804
      vertex 27.5013 0.37549 68.7804
    endloop
  endfacet
  facet normal 0.555558 -0.831478 0
    outer loop
      vertex 28.7741 1.22592 68.7804
      vertex 27.5013 0.37549 3.21964
      vertex 28.7741 1.22592 3.21964
    endloop
  endfacet
  facet normal 0.59362 0.396597 0.700233
    outer loop
      vertex 29.0727 25.2728 70.2223
      vertex 27.5714 25.5714 71.3259
      vertex 28.0531 24.8504 71.3259
    endloop
  endfacet
  facet normal 1 -0 0
    outer loop
      vertex 29.9231 4 68.7804
      vertex 29.9231 24 3.21964
      vertex 29.9231 24 68.7804
    endloop
  endfacet
  facet normal 1 0 0
    outer loop
      vertex 29.9231 24 3.21964
      vertex 29.9231 4 68.7804
      vertex 29.9231 4 3.21964
    endloop
  endfacet
  facet normal 0.21614 0.323444 0.921232
    outer loop
      vertex 27.5714 25.5714 71.3259
      vertex 26.2986 24.721 71.9231
      vertex 26.5518 24.5518 71.9231
    endloop
  endfacet
  facet normal 0.139315 0.700198 0.700225
    outer loop
      vertex 27.2728 27.0727 70.2223
      vertex 26 26.2223 71.3259
      vertex 26.8504 26.0531 71.3259
    endloop
  endfacet
  facet normal -0.139281 -0.700215 0.700214
    outer loop
      vertex 3.14957 1.94688 71.3259
      vertex 2.72724 0.927288 70.2223
      vertex 4 0.674121 70.2223
    endloop
  endfacet
  facet normal 0 -0.382649 0.923894
    outer loop
      vertex 4 3.21964 71.9231
      vertex 26 1.77772 71.3259
      vertex 26 3.21964 71.9231
    endloop
  endfacet
  facet normal 0 -0.382649 0.923894
    outer loop
      vertex 26 1.77772 71.3259
      vertex 4 3.21964 71.9231
      vertex 4 1.77772 71.3259
    endloop
  endfacet
  facet normal 0.180764 0.908672 0.37635
    outer loop
      vertex 26 27.9231 68.7804
      vertex 26 27.3259 70.2223
      vertex 27.2728 27.0727 70.2223
    endloop
  endfacet
  facet normal -0.180726 0.908666 0.376384
    outer loop
      vertex 4 27.9231 68.7804
      vertex 2.49868 27.6245 68.7804
      vertex 2.72724 27.0727 70.2223
    endloop
  endfacet
  facet normal -0.396642 -0.593613 0.700213
    outer loop
      vertex 2.42861 2.42861 71.3259
      vertex 1.64825 1.64825 70.2223
      vertex 2.72724 0.927288 70.2223
    endloop
  endfacet
  facet normal 0.381557 0.0759025 0.921224
    outer loop
      vertex 28.0531 24.8504 71.3259
      vertex 26.721 24.2986 71.9231
      vertex 26.7804 24 71.9231
    endloop
  endfacet
  facet normal -0.514703 0.770336 -0.376381
    outer loop
      vertex 2.72724 27.0727 1.77772
      vertex 1.22592 26.7741 3.21964
      vertex 2.49868 27.6245 3.21964
    endloop
  endfacet
  facet normal -0.77034 0.514708 0.376367
    outer loop
      vertex 1.22592 26.7741 68.7804
      vertex 0.37549 25.5013 68.7804
      vertex 0.927288 25.2728 70.2223
    endloop
  endfacet
  facet normal -0.216156 0.32343 0.921233
    outer loop
      vertex 3.70137 24.721 71.9231
      vertex 2.42861 25.5714 71.3259
      vertex 3.4482 24.5518 71.9231
    endloop
  endfacet
  facet normal 0.908671 -0.180769 0.37635
    outer loop
      vertex 29.3259 4 70.2223
      vertex 29.0727 2.72724 70.2223
      vertex 29.9231 4 68.7804
    endloop
  endfacet
  facet normal 0.323477 0.216115 0.921226
    outer loop
      vertex 27.5714 25.5714 71.3259
      vertex 26.721 24.2986 71.9231
      vertex 28.0531 24.8504 71.3259
    endloop
  endfacet
  facet normal -0.381545 -0.0758936 0.921229
    outer loop
      vertex 3.21964 4 71.9231
      vertex 1.77772 4 71.3259
      vertex 1.94688 3.14957 71.3259
    endloop
  endfacet
  facet normal 0.396692 0.593607 0.70019
    outer loop
      vertex 28.3517 26.3517 70.2223
      vertex 27.2728 27.0727 70.2223
      vertex 27.5714 25.5714 71.3259
    endloop
  endfacet
  facet normal -0.0758954 0.38156 0.921223
    outer loop
      vertex 4 24.7804 71.9231
      vertex 3.14957 26.0531 71.3259
      vertex 3.70137 24.721 71.9231
    endloop
  endfacet
  facet normal 0.32343 -0.216156 0.921233
    outer loop
      vertex 26.721 3.70137 71.9231
      vertex 26.5518 3.4482 71.9231
      vertex 27.5714 2.42861 71.3259
    endloop
  endfacet
  facet normal 0.980789 -0.195071 0
    outer loop
      vertex 29.6245 2.49868 68.7804
      vertex 29.9231 4 3.21964
      vertex 29.9231 4 68.7804
    endloop
  endfacet
  facet normal 0.980789 -0.195071 0
    outer loop
      vertex 29.9231 4 3.21964
      vertex 29.6245 2.49868 68.7804
      vertex 29.6245 2.49868 3.21964
    endloop
  endfacet
  facet normal 0.980789 0.195073 0
    outer loop
      vertex 29.9231 24 68.7804
      vertex 29.6245 25.5013 3.21964
      vertex 29.6245 25.5013 68.7804
    endloop
  endfacet
  facet normal 0.980789 0.195073 0
    outer loop
      vertex 29.6245 25.5013 3.21964
      vertex 29.9231 24 68.7804
      vertex 29.9231 24 3.21964
    endloop
  endfacet
  facet normal 0.514695 0.770348 0.376369
    outer loop
      vertex 27.5013 27.6245 68.7804
      vertex 27.2728 27.0727 70.2223
      vertex 28.7741 26.7741 68.7804
    endloop
  endfacet
  facet normal 0 -0.707107 0.707106
    outer loop
      vertex 4 0.674121 70.2223
      vertex 26 1.77772 71.3259
      vertex 4 1.77772 71.3259
    endloop
  endfacet
  facet normal 0 -0.707107 0.707106
    outer loop
      vertex 26 1.77772 71.3259
      vertex 4 0.674121 70.2223
      vertex 26 0.674121 70.2223
    endloop
  endfacet
  facet normal -0.700215 -0.139281 0.700214
    outer loop
      vertex 1.77772 4 71.3259
      vertex 0.674121 4 70.2223
      vertex 1.94688 3.14957 71.3259
    endloop
  endfacet
  facet normal -0.39664 -0.593613 0.700214
    outer loop
      vertex 3.14957 1.94688 71.3259
      vertex 2.42861 2.42861 71.3259
      vertex 2.72724 0.927288 70.2223
    endloop
  endfacet
  facet normal -0.323463 0.216119 0.92123
    outer loop
      vertex 2.42861 25.5714 71.3259
      vertex 1.94688 24.8504 71.3259
      vertex 3.27904 24.2986 71.9231
    endloop
  endfacet
  facet normal -0.514728 0.7703 0.37642
    outer loop
      vertex 2.72724 27.0727 70.2223
      vertex 1.22592 26.7741 68.7804
      vertex 1.64825 26.3517 70.2223
    endloop
  endfacet
  facet normal -0.195071 0.980789 0
    outer loop
      vertex 4 27.9231 3.21964
      vertex 2.49868 27.6245 68.7804
      vertex 4 27.9231 68.7804
    endloop
  endfacet
  facet normal -0.195071 0.980789 0
    outer loop
      vertex 2.49868 27.6245 68.7804
      vertex 4 27.9231 3.21964
      vertex 2.49868 27.6245 3.21964
    endloop
  endfacet
  facet normal 0.381549 -0.0759124 0.921226
    outer loop
      vertex 28.2223 4 71.3259
      vertex 26.7804 4 71.9231
      vertex 28.0531 3.14957 71.3259
    endloop
  endfacet
  facet normal -0.0759124 0.381549 0.921226
    outer loop
      vertex 4 26.2223 71.3259
      vertex 3.14957 26.0531 71.3259
      vertex 4 24.7804 71.9231
    endloop
  endfacet
  facet normal -0.700215 0.139277 0.700215
    outer loop
      vertex 0.927288 25.2728 70.2223
      vertex 0.674121 24 70.2223
      vertex 1.77772 24 71.3259
    endloop
  endfacet
  facet normal -0.323475 0.21611 0.921228
    outer loop
      vertex 3.4482 24.5518 71.9231
      vertex 2.42861 25.5714 71.3259
      vertex 3.27904 24.2986 71.9231
    endloop
  endfacet
  facet normal 0.075903 -0.381579 -0.921214
    outer loop
      vertex 26.8504 1.94688 0.674121
      vertex 26 1.77772 0.674121
      vertex 26 3.21964 0.0768585
    endloop
  endfacet
  facet normal 0.514709 -0.770342 -0.376362
    outer loop
      vertex 27.5013 0.37549 3.21964
      vertex 27.2728 0.927288 1.77772
      vertex 28.7741 1.22592 3.21964
    endloop
  endfacet
  facet normal -0.216147 -0.323487 -0.921215
    outer loop
      vertex 3.14957 1.94688 0.674121
      vertex 2.42861 2.42861 0.674121
      vertex 3.70137 3.27904 0.0768585
    endloop
  endfacet
  facet normal 0.908673 -0.180769 -0.376345
    outer loop
      vertex 29.9231 4 3.21964
      vertex 29.0727 2.72724 1.77772
      vertex 29.3259 4 1.77772
    endloop
  endfacet
  facet normal 0.514742 -0.770298 -0.376406
    outer loop
      vertex 28.7741 1.22592 3.21964
      vertex 27.2728 0.927288 1.77772
      vertex 28.3517 1.64825 1.77772
    endloop
  endfacet
  facet normal 0.593607 0.396692 0.70019
    outer loop
      vertex 28.3517 26.3517 70.2223
      vertex 27.5714 25.5714 71.3259
      vertex 29.0727 25.2728 70.2223
    endloop
  endfacet
  facet normal 0.0759025 0.381557 0.921224
    outer loop
      vertex 26.8504 26.0531 71.3259
      vertex 26 24.7804 71.9231
      vertex 26.2986 24.721 71.9231
    endloop
  endfacet
  facet normal -0.216124 0.323473 0.921225
    outer loop
      vertex 3.14957 26.0531 71.3259
      vertex 2.42861 25.5714 71.3259
      vertex 3.70137 24.721 71.9231
    endloop
  endfacet
  facet normal 0.908668 0.180729 0.376378
    outer loop
      vertex 29.6245 25.5013 68.7804
      vertex 29.0727 25.2728 70.2223
      vertex 29.9231 24 68.7804
    endloop
  endfacet
  facet normal 0.075915 0.381549 0.921226
    outer loop
      vertex 26 26.2223 71.3259
      vertex 26 24.7804 71.9231
      vertex 26.8504 26.0531 71.3259
    endloop
  endfacet
  facet normal 0.831487 0.555544 0
    outer loop
      vertex 29.6245 25.5013 68.7804
      vertex 28.7741 26.7741 3.21964
      vertex 28.7741 26.7741 68.7804
    endloop
  endfacet
  facet normal 0.831487 0.555544 0
    outer loop
      vertex 28.7741 26.7741 3.21964
      vertex 29.6245 25.5013 68.7804
      vertex 29.6245 25.5013 3.21964
    endloop
  endfacet
  facet normal 0.323444 0.21614 0.921232
    outer loop
      vertex 27.5714 25.5714 71.3259
      vertex 26.5518 24.5518 71.9231
      vertex 26.721 24.2986 71.9231
    endloop
  endfacet
  facet normal -0.381546 -0.0758927 0.921229
    outer loop
      vertex 3.21964 4 71.9231
      vertex 1.94688 3.14957 71.3259
      vertex 3.27904 3.70137 71.9231
    endloop
  endfacet
  facet normal 0 0.707107 0.707107
    outer loop
      vertex 26 27.3259 70.2223
      vertex 4 26.2223 71.3259
      vertex 26 26.2223 71.3259
    endloop
  endfacet
  facet normal 0 0.707107 0.707107
    outer loop
      vertex 4 26.2223 71.3259
      vertex 26 27.3259 70.2223
      vertex 4 27.3259 70.2223
    endloop
  endfacet
  facet normal -0.396664 0.593616 0.700199
    outer loop
      vertex 2.72724 27.0727 70.2223
      vertex 1.64825 26.3517 70.2223
      vertex 2.42861 25.5714 71.3259
    endloop
  endfacet
  facet normal -0.593605 0.396669 0.700205
    outer loop
      vertex 1.64825 26.3517 70.2223
      vertex 0.927288 25.2728 70.2223
      vertex 2.42861 25.5714 71.3259
    endloop
  endfacet
  facet normal 0.38156 -0.0758954 0.921223
    outer loop
      vertex 26.7804 4 71.9231
      vertex 26.721 3.70137 71.9231
      vertex 28.0531 3.14957 71.3259
    endloop
  endfacet
  facet normal 0.180738 -0.908664 -0.376381
    outer loop
      vertex 27.2728 0.927288 1.77772
      vertex 26 0.0768585 3.21964
      vertex 26 0.674121 1.77772
    endloop
  endfacet
  facet normal 0 -0.707107 -0.707107
    outer loop
      vertex 4 1.77772 0.674121
      vertex 26 0.674121 1.77772
      vertex 4 0.674121 1.77772
    endloop
  endfacet
  facet normal 0 -0.707107 -0.707107
    outer loop
      vertex 26 0.674121 1.77772
      vertex 4 1.77772 0.674121
      vertex 26 1.77772 0.674121
    endloop
  endfacet
  facet normal -0.139281 -0.700215 -0.700214
    outer loop
      vertex 4 0.674121 1.77772
      vertex 2.72724 0.927288 1.77772
      vertex 3.14957 1.94688 0.674121
    endloop
  endfacet
  facet normal 0.216129 -0.323504 -0.921213
    outer loop
      vertex 27.5714 2.42861 0.674121
      vertex 26.2986 3.27904 0.0768585
      vertex 26.5518 3.4482 0.0768585
    endloop
  endfacet
  facet normal 0.700211 -0.139313 -0.700212
    outer loop
      vertex 29.3259 4 1.77772
      vertex 28.0531 3.14957 0.674121
      vertex 28.2223 4 0.674121
    endloop
  endfacet
  facet normal -0.38158 -0.0758994 -0.921214
    outer loop
      vertex 3.27904 3.70137 0.0768585
      vertex 1.94688 3.14957 0.674121
      vertex 3.21964 4 0.0768585
    endloop
  endfacet
  facet normal 0.700213 0.139294 -0.700214
    outer loop
      vertex 29.3259 24 1.77772
      vertex 28.2223 24 0.674121
      vertex 29.0727 25.2728 1.77772
    endloop
  endfacet
  facet normal 0.593621 -0.39662 0.700218
    outer loop
      vertex 28.0531 3.14957 71.3259
      vertex 27.5714 2.42861 71.3259
      vertex 29.0727 2.72724 70.2223
    endloop
  endfacet
  facet normal 0.7703 -0.514728 0.37642
    outer loop
      vertex 29.0727 2.72724 70.2223
      vertex 28.3517 1.64825 70.2223
      vertex 28.7741 1.22592 68.7804
    endloop
  endfacet
  facet normal 0.700213 0.139294 0.700213
    outer loop
      vertex 29.0727 25.2728 70.2223
      vertex 28.2223 24 71.3259
      vertex 29.3259 24 70.2223
    endloop
  endfacet
  facet normal 0.908672 0.180764 0.37635
    outer loop
      vertex 29.9231 24 68.7804
      vertex 29.0727 25.2728 70.2223
      vertex 29.3259 24 70.2223
    endloop
  endfacet
  facet normal 0.382654 0 0.923892
    outer loop
      vertex 26.7804 24 71.9231
      vertex 28.2223 4 71.3259
      vertex 28.2223 24 71.3259
    endloop
  endfacet
  facet normal 0.382654 0 0.923892
    outer loop
      vertex 28.2223 4 71.3259
      vertex 26.7804 24 71.9231
      vertex 26.7804 4 71.9231
    endloop
  endfacet
  facet normal -0.216128 -0.323459 0.921229
    outer loop
      vertex 3.70137 3.27904 71.9231
      vertex 2.42861 2.42861 71.3259
      vertex 3.14957 1.94688 71.3259
    endloop
  endfacet
  facet normal -0.323459 -0.216128 0.921229
    outer loop
      vertex 3.27904 3.70137 71.9231
      vertex 1.94688 3.14957 71.3259
      vertex 2.42861 2.42861 71.3259
    endloop
  endfacet
  facet normal -0.770324 -0.514717 0.376386
    outer loop
      vertex 1.64825 1.64825 70.2223
      vertex 0.927288 2.72724 70.2223
      vertex 1.22592 1.22592 68.7804
    endloop
  endfacet
  facet normal -0.707107 0 0.707106
    outer loop
      vertex 0.674121 4 70.2223
      vertex 1.77772 24 71.3259
      vertex 0.674121 24 70.2223
    endloop
  endfacet
  facet normal -0.707107 0 0.707106
    outer loop
      vertex 1.77772 24 71.3259
      vertex 0.674121 4 70.2223
      vertex 1.77772 4 71.3259
    endloop
  endfacet
  facet normal 0 0 1
    outer loop
      vertex 26 24.7804 71.9231
      vertex 26.7804 24 71.9231
      vertex 26.721 24.2986 71.9231
    endloop
  endfacet
  facet normal 0 0 1
    outer loop
      vertex 26.7804 24 71.9231
      vertex 20 7 71.9231
      vertex 26.7804 4 71.9231
    endloop
  endfacet
  facet normal 0 0 1
    outer loop
      vertex 26 24.7804 71.9231
      vertex 26.721 24.2986 71.9231
      vertex 26.5518 24.5518 71.9231
    endloop
  endfacet
  facet normal 0 -0 1
    outer loop
      vertex 26 3.21964 71.9231
      vertex 26.7804 4 71.9231
      vertex 20 7 71.9231
    endloop
  endfacet
  facet normal 0 0 1
    outer loop
      vertex 26 24.7804 71.9231
      vertex 26.5518 24.5518 71.9231
      vertex 26.2986 24.721 71.9231
    endloop
  endfacet
  facet normal 0 0 1
    outer loop
      vertex 26.7804 4 71.9231
      vertex 26 3.21964 71.9231
      vertex 26.721 3.70137 71.9231
    endloop
  endfacet
  facet normal 0 0 1
    outer loop
      vertex 26.7804 24 71.9231
      vertex 26 24.7804 71.9231
      vertex 20 22 71.9231
    endloop
  endfacet
  facet normal 0 0 1
    outer loop
      vertex 26.721 3.70137 71.9231
      vertex 26 3.21964 71.9231
      vertex 26.5518 3.4482 71.9231
    endloop
  endfacet
  facet normal 0 0 1
    outer loop
      vertex 26.7804 24 71.9231
      vertex 20 22 71.9231
      vertex 20 7 71.9231
    endloop
  endfacet
  facet normal 0 0 1
    outer loop
      vertex 26 24.7804 71.9231
      vertex 10 22 71.9231
      vertex 20 22 71.9231
    endloop
  endfacet
  facet normal -0 0 1
    outer loop
      vertex 3.21964 24 71.9231
      vertex 10 22 71.9231
      vertex 4 24.7804 71.9231
    endloop
  endfacet
  facet normal -0 0 1
    outer loop
      vertex 4 24.7804 71.9231
      vertex 10 22 71.9231
      vertex 26 24.7804 71.9231
    endloop
  endfacet
  facet normal 0 0 1
    outer loop
      vertex 26.5518 3.4482 71.9231
      vertex 26 3.21964 71.9231
      vertex 26.2986 3.27904 71.9231
    endloop
  endfacet
  facet normal -0 0 1
    outer loop
      vertex 10 7 71.9231
      vertex 26 3.21964 71.9231
      vertex 20 7 71.9231
    endloop
  endfacet
  facet normal 0 0 1
    outer loop
      vertex 10 7 71.9231
      vertex 4 3.21964 71.9231
      vertex 26 3.21964 71.9231
    endloop
  endfacet
  facet normal 0 0 1
    outer loop
      vertex 10 22 71.9231
      vertex 3.21964 24 71.9231
      vertex 10 7 71.9231
    endloop
  endfacet
  facet normal 0 0 1
    outer loop
      vertex 3.21964 24 71.9231
      vertex 4 24.7804 71.9231
      vertex 3.70137 24.721 71.9231
    endloop
  endfacet
  facet normal 0 0 1
    outer loop
      vertex 3.21964 4 71.9231
      vertex 10 7 71.9231
      vertex 3.21964 24 71.9231
    endloop
  endfacet
  facet normal 0 0 1
    outer loop
      vertex 3.21964 24 71.9231
      vertex 3.70137 24.721 71.9231
      vertex 3.4482 24.5518 71.9231
    endloop
  endfacet
  facet normal 0 0 1
    outer loop
      vertex 10 7 71.9231
      vertex 3.21964 4 71.9231
      vertex 4 3.21964 71.9231
    endloop
  endfacet
  facet normal 0 0 1
    outer loop
      vertex 3.21964 24 71.9231
      vertex 3.4482 24.5518 71.9231
      vertex 3.27904 24.2986 71.9231
    endloop
  endfacet
  facet normal 0 0 1
    outer loop
      vertex 4 3.21964 71.9231
      vertex 3.21964 4 71.9231
      vertex 3.70137 3.27904 71.9231
    endloop
  endfacet
  facet normal 0 0 1
    outer loop
      vertex 3.70137 3.27904 71.9231
      vertex 3.21964 4 71.9231
      vertex 3.4482 3.4482 71.9231
    endloop
  endfacet
  facet normal 0 0 1
    outer loop
      vertex 3.4482 3.4482 71.9231
      vertex 3.21964 4 71.9231
      vertex 3.27904 3.70137 71.9231
    endloop
  endfacet
  facet normal -0.908662 -0.180744 0.376385
    outer loop
      vertex 0.674121 4 70.2223
      vertex 0.0768585 4 68.7804
      vertex 0.927288 2.72724 70.2223
    endloop
  endfacet
  facet normal -0.700215 -0.139281 0.700214
    outer loop
      vertex 1.94688 3.14957 71.3259
      vertex 0.674121 4 70.2223
      vertex 0.927288 2.72724 70.2223
    endloop
  endfacet
  facet normal -0.83147 -0.55557 0
    outer loop
      vertex 1.22592 1.22592 3.21964
      vertex 0.37549 2.49868 68.7804
      vertex 0.37549 2.49868 3.21964
    endloop
  endfacet
  facet normal -0.83147 -0.55557 0
    outer loop
      vertex 0.37549 2.49868 68.7804
      vertex 1.22592 1.22592 3.21964
      vertex 1.22592 1.22592 68.7804
    endloop
  endfacet
  facet normal -0.323461 -0.216126 0.921229
    outer loop
      vertex 3.27904 3.70137 71.9231
      vertex 2.42861 2.42861 71.3259
      vertex 3.4482 3.4482 71.9231
    endloop
  endfacet
  facet normal -0.216126 -0.323461 0.921229
    outer loop
      vertex 3.4482 3.4482 71.9231
      vertex 2.42861 2.42861 71.3259
      vertex 3.70137 3.27904 71.9231
    endloop
  endfacet
  facet normal -0.700209 0.139284 0.700219
    outer loop
      vertex 1.94688 24.8504 71.3259
      vertex 0.927288 25.2728 70.2223
      vertex 1.77772 24 71.3259
    endloop
  endfacet
  facet normal -0.381545 0.0758963 0.921229
    outer loop
      vertex 1.94688 24.8504 71.3259
      vertex 1.77772 24 71.3259
      vertex 3.21964 24 71.9231
    endloop
  endfacet
  facet normal -0.139298 0.700207 0.700218
    outer loop
      vertex 4 27.3259 70.2223
      vertex 2.72724 27.0727 70.2223
      vertex 3.14957 26.0531 71.3259
    endloop
  endfacet
  facet normal -0.139313 0.700211 0.700211
    outer loop
      vertex 4 27.3259 70.2223
      vertex 3.14957 26.0531 71.3259
      vertex 4 26.2223 71.3259
    endloop
  endfacet
  facet normal -0.180744 -0.908663 -0.376381
    outer loop
      vertex 4 0.0768585 3.21964
      vertex 2.72724 0.927288 1.77772
      vertex 4 0.674121 1.77772
    endloop
  endfacet
  facet normal -0.770326 -0.514718 -0.376382
    outer loop
      vertex 1.22592 1.22592 3.21964
      vertex 0.927288 2.72724 1.77772
      vertex 1.64825 1.64825 1.77772
    endloop
  endfacet
  facet normal -0.593613 -0.39664 -0.700215
    outer loop
      vertex 2.42861 2.42861 0.674121
      vertex 0.927288 2.72724 1.77772
      vertex 1.94688 3.14957 0.674121
    endloop
  endfacet
  facet normal -0.13928 -0.700215 -0.700215
    outer loop
      vertex 4 0.674121 1.77772
      vertex 3.14957 1.94688 0.674121
      vertex 4 1.77772 0.674121
    endloop
  endfacet
  facet normal -0.92388 0 -0.382683
    outer loop
      vertex 0.674121 4 1.77772
      vertex 0.0768585 24 3.21964
      vertex 0.674121 24 1.77772
    endloop
  endfacet
  facet normal -0.92388 -0 -0.382683
    outer loop
      vertex 0.0768585 24 3.21964
      vertex 0.674121 4 1.77772
      vertex 0.0768585 4 3.21964
    endloop
  endfacet
  facet normal -0.139298 0.700207 -0.700219
    outer loop
      vertex 3.14957 26.0531 0.674121
      vertex 2.72724 27.0727 1.77772
      vertex 4 27.3259 1.77772
    endloop
  endfacet
  facet normal -0.593604 0.396669 -0.700205
    outer loop
      vertex 2.42861 25.5714 0.674121
      vertex 0.927288 25.2728 1.77772
      vertex 1.64825 26.3517 1.77772
    endloop
  endfacet
  facet normal 0.180764 0.908674 -0.376346
    outer loop
      vertex 27.2728 27.0727 1.77772
      vertex 26 27.3259 1.77772
      vertex 26 27.9231 3.21964
    endloop
  endfacet
  facet normal 0.139294 0.700213 -0.700214
    outer loop
      vertex 27.2728 27.0727 1.77772
      vertex 26 26.2223 0.674121
      vertex 26 27.3259 1.77772
    endloop
  endfacet
  facet normal 0.0759092 0.381591 -0.921209
    outer loop
      vertex 26.2986 24.721 0.0768585
      vertex 26 24.7804 0.0768585
      vertex 26.8504 26.0531 0.674121
    endloop
  endfacet
  facet normal 0.770302 -0.514729 -0.376416
    outer loop
      vertex 28.7741 1.22592 3.21964
      vertex 28.3517 1.64825 1.77772
      vertex 29.0727 2.72724 1.77772
    endloop
  endfacet
  facet normal 0.593616 -0.396664 0.700199
    outer loop
      vertex 29.0727 2.72724 70.2223
      vertex 27.5714 2.42861 71.3259
      vertex 28.3517 1.64825 70.2223
    endloop
  endfacet
  facet normal 0.396669 -0.593605 0.700205
    outer loop
      vertex 27.5714 2.42861 71.3259
      vertex 27.2728 0.927288 70.2223
      vertex 28.3517 1.64825 70.2223
    endloop
  endfacet
  facet normal 0.923892 -0 0.382654
    outer loop
      vertex 29.3259 4 70.2223
      vertex 29.9231 24 68.7804
      vertex 29.3259 24 70.2223
    endloop
  endfacet
  facet normal 0.923892 0 0.382654
    outer loop
      vertex 29.9231 24 68.7804
      vertex 29.3259 4 70.2223
      vertex 29.9231 4 68.7804
    endloop
  endfacet
  facet normal -0.593613 -0.39664 0.700214
    outer loop
      vertex 1.94688 3.14957 71.3259
      vertex 0.927288 2.72724 70.2223
      vertex 2.42861 2.42861 71.3259
    endloop
  endfacet
  facet normal -0.593613 -0.396642 0.700213
    outer loop
      vertex 2.42861 2.42861 71.3259
      vertex 0.927288 2.72724 70.2223
      vertex 1.64825 1.64825 70.2223
    endloop
  endfacet
  facet normal 0.381593 -0.0759021 -0.921209
    outer loop
      vertex 28.0531 3.14957 0.674121
      vertex 26.721 3.70137 0.0768585
      vertex 26.7804 4 0.0768585
    endloop
  endfacet
  facet normal 0.139277 -0.700215 -0.700215
    outer loop
      vertex 27.2728 0.927288 1.77772
      vertex 26 0.674121 1.77772
      vertex 26 1.77772 0.674121
    endloop
  endfacet
  facet normal -0.700215 -0.13928 -0.700215
    outer loop
      vertex 1.94688 3.14957 0.674121
      vertex 0.674121 4 1.77772
      vertex 1.77772 4 0.674121
    endloop
  endfacet
  facet normal -0.700215 -0.139281 -0.700214
    outer loop
      vertex 0.927288 2.72724 1.77772
      vertex 0.674121 4 1.77772
      vertex 1.94688 3.14957 0.674121
    endloop
  endfacet
  facet normal -0.180745 -0.908664 -0.37638
    outer loop
      vertex 4 0.0768585 3.21964
      vertex 2.49868 0.37549 3.21964
      vertex 2.72724 0.927288 1.77772
    endloop
  endfacet
  facet normal -0.514716 -0.770328 -0.37638
    outer loop
      vertex 2.49868 0.37549 3.21964
      vertex 1.22592 1.22592 3.21964
      vertex 2.72724 0.927288 1.77772
    endloop
  endfacet
  facet normal -0.514729 0.770302 -0.376416
    outer loop
      vertex 1.64825 26.3517 1.77772
      vertex 1.22592 26.7741 3.21964
      vertex 2.72724 27.0727 1.77772
    endloop
  endfacet
  facet normal -0.381579 0.075903 -0.921214
    outer loop
      vertex 3.21964 24 0.0768585
      vertex 1.77772 24 0.674121
      vertex 1.94688 24.8504 0.674121
    endloop
  endfacet
  facet normal -0.0759021 0.381593 -0.921209
    outer loop
      vertex 3.70137 24.721 0.0768585
      vertex 3.14957 26.0531 0.674121
      vertex 4 24.7804 0.0768585
    endloop
  endfacet
  facet normal -0.180769 0.908673 -0.376345
    outer loop
      vertex 4 27.3259 1.77772
      vertex 2.72724 27.0727 1.77772
      vertex 4 27.9231 3.21964
    endloop
  endfacet
  facet normal 0.0759218 0.381583 -0.921211
    outer loop
      vertex 26.8504 26.0531 0.674121
      vertex 26 24.7804 0.0768585
      vertex 26 26.2223 0.674121
    endloop
  endfacet
  facet normal -0.0759191 0.381583 -0.921211
    outer loop
      vertex 4 24.7804 0.0768585
      vertex 3.14957 26.0531 0.674121
      vertex 4 26.2223 0.674121
    endloop
  endfacet
  facet normal 0.381591 0.0759092 -0.921209
    outer loop
      vertex 26.7804 24 0.0768585
      vertex 26.721 24.2986 0.0768585
      vertex 28.0531 24.8504 0.674121
    endloop
  endfacet
  facet normal 0.770274 0.514754 -0.37644
    outer loop
      vertex 29.0727 25.2728 1.77772
      vertex 28.3517 26.3517 1.77772
      vertex 28.7741 26.7741 3.21964
    endloop
  endfacet
  facet normal 0.139315 0.700197 -0.700225
    outer loop
      vertex 26.8504 26.0531 0.674121
      vertex 26 26.2223 0.674121
      vertex 27.2728 27.0727 1.77772
    endloop
  endfacet
  facet normal 0.700211 -0.139313 0.700211
    outer loop
      vertex 28.2223 4 71.3259
      vertex 28.0531 3.14957 71.3259
      vertex 29.3259 4 70.2223
    endloop
  endfacet
  facet normal 0.700207 -0.139298 0.700218
    outer loop
      vertex 29.3259 4 70.2223
      vertex 28.0531 3.14957 71.3259
      vertex 29.0727 2.72724 70.2223
    endloop
  endfacet
  facet normal 0.216138 -0.323491 -0.921215
    outer loop
      vertex 26.8504 1.94688 0.674121
      vertex 26.2986 3.27904 0.0768585
      vertex 27.5714 2.42861 0.674121
    endloop
  endfacet
  facet normal 0 -0.382683 -0.92388
    outer loop
      vertex 4 1.77772 0.674121
      vertex 26 3.21964 0.0768585
      vertex 26 1.77772 0.674121
    endloop
  endfacet
  facet normal -0 -0.382683 -0.92388
    outer loop
      vertex 26 3.21964 0.0768585
      vertex 4 1.77772 0.674121
      vertex 4 3.21964 0.0768585
    endloop
  endfacet
  facet normal 0.381583 -0.0759191 -0.921211
    outer loop
      vertex 28.0531 3.14957 0.674121
      vertex 26.7804 4 0.0768585
      vertex 28.2223 4 0.674121
    endloop
  endfacet
  facet normal 0.593615 -0.396664 -0.700199
    outer loop
      vertex 28.3517 1.64825 1.77772
      vertex 27.5714 2.42861 0.674121
      vertex 29.0727 2.72724 1.77772
    endloop
  endfacet
  facet normal -0.908664 0.180738 -0.376381
    outer loop
      vertex 0.674121 24 1.77772
      vertex 0.0768585 24 3.21964
      vertex 0.927288 25.2728 1.77772
    endloop
  endfacet
  facet normal -0.770298 0.514742 -0.376406
    outer loop
      vertex 1.64825 26.3517 1.77772
      vertex 0.927288 25.2728 1.77772
      vertex 1.22592 26.7741 3.21964
    endloop
  endfacet
  facet normal -0.39664 -0.593613 -0.700215
    outer loop
      vertex 2.72724 0.927288 1.77772
      vertex 2.42861 2.42861 0.674121
      vertex 3.14957 1.94688 0.674121
    endloop
  endfacet
  facet normal -0.514718 -0.770326 -0.376382
    outer loop
      vertex 2.72724 0.927288 1.77772
      vertex 1.22592 1.22592 3.21964
      vertex 1.64825 1.64825 1.77772
    endloop
  endfacet
  facet normal -0.0758994 -0.38158 -0.921214
    outer loop
      vertex 4 3.21964 0.0768585
      vertex 3.14957 1.94688 0.674121
      vertex 3.70137 3.27904 0.0768585
    endloop
  endfacet
  facet normal -0.0759004 -0.381579 -0.921215
    outer loop
      vertex 4 1.77772 0.674121
      vertex 3.14957 1.94688 0.674121
      vertex 4 3.21964 0.0768585
    endloop
  endfacet
  facet normal 0 -0.92388 -0.382683
    outer loop
      vertex 4 0.674121 1.77772
      vertex 26 0.0768585 3.21964
      vertex 4 0.0768585 3.21964
    endloop
  endfacet
  facet normal 0 -0.92388 -0.382683
    outer loop
      vertex 26 0.0768585 3.21964
      vertex 4 0.674121 1.77772
      vertex 26 0.674121 1.77772
    endloop
  endfacet
  facet normal 0 0.923894 -0.382649
    outer loop
      vertex 26 27.3259 1.77772
      vertex 4 27.9231 3.21964
      vertex 26 27.9231 3.21964
    endloop
  endfacet
  facet normal 0 0.923894 -0.382649
    outer loop
      vertex 4 27.9231 3.21964
      vertex 26 27.3259 1.77772
      vertex 4 27.3259 1.77772
    endloop
  endfacet
  facet normal -0.39662 0.593621 -0.700219
    outer loop
      vertex 3.14957 26.0531 0.674121
      vertex 2.42861 25.5714 0.674121
      vertex 2.72724 27.0727 1.77772
    endloop
  endfacet
  facet normal 0.382688 0 -0.923878
    outer loop
      vertex 26.7804 4 0.0768585
      vertex 28.2223 24 0.674121
      vertex 28.2223 4 0.674121
    endloop
  endfacet
  facet normal 0.382688 0 -0.923878
    outer loop
      vertex 28.2223 24 0.674121
      vertex 26.7804 4 0.0768585
      vertex 26.7804 24 0.0768585
    endloop
  endfacet
  facet normal -0.381577 0.0759065 -0.921215
    outer loop
      vertex 3.21964 24 0.0768585
      vertex 1.94688 24.8504 0.674121
      vertex 3.27904 24.2986 0.0768585
    endloop
  endfacet
  facet normal -0.323504 0.216129 -0.921213
    outer loop
      vertex 3.27904 24.2986 0.0768585
      vertex 2.42861 25.5714 0.674121
      vertex 3.4482 24.5518 0.0768585
    endloop
  endfacet
  facet normal 0.908674 0.180764 -0.376346
    outer loop
      vertex 29.3259 24 1.77772
      vertex 29.0727 25.2728 1.77772
      vertex 29.9231 24 3.21964
    endloop
  endfacet
  facet normal 0.323459 -0.216176 -0.921218
    outer loop
      vertex 27.5714 2.42861 0.674121
      vertex 26.5518 3.4482 0.0768585
      vertex 26.721 3.70137 0.0768585
    endloop
  endfacet
  facet normal -0.32349 -0.216145 -0.921214
    outer loop
      vertex 3.4482 3.4482 0.0768585
      vertex 2.42861 2.42861 0.674121
      vertex 3.27904 3.70137 0.0768585
    endloop
  endfacet
  facet normal 0.323506 0.216134 -0.921211
    outer loop
      vertex 28.0531 24.8504 0.674121
      vertex 26.721 24.2986 0.0768585
      vertex 27.5714 25.5714 0.674121
    endloop
  endfacet
  facet normal 0 0.382688 -0.923878
    outer loop
      vertex 4 24.7804 0.0768585
      vertex 26 26.2223 0.674121
      vertex 26 24.7804 0.0768585
    endloop
  endfacet
  facet normal 0 0.382688 -0.923878
    outer loop
      vertex 26 26.2223 0.674121
      vertex 4 24.7804 0.0768585
      vertex 4 26.2223 0.674121
    endloop
  endfacet
  facet normal 0.180729 0.908669 -0.376373
    outer loop
      vertex 27.2728 27.0727 1.77772
      vertex 26 27.9231 3.21964
      vertex 27.5013 27.6245 3.21964
    endloop
  endfacet
  facet normal 0.514696 0.770349 -0.376364
    outer loop
      vertex 28.7741 26.7741 3.21964
      vertex 27.2728 27.0727 1.77772
      vertex 27.5013 27.6245 3.21964
    endloop
  endfacet
  facet normal 0.396616 -0.593611 -0.700229
    outer loop
      vertex 27.2728 0.927288 1.77772
      vertex 26.8504 1.94688 0.674121
      vertex 27.5714 2.42861 0.674121
    endloop
  endfacet
  facet normal 0.139284 -0.700209 -0.700219
    outer loop
      vertex 27.2728 0.927288 1.77772
      vertex 26 1.77772 0.674121
      vertex 26.8504 1.94688 0.674121
    endloop
  endfacet
  facet normal -0.396642 -0.593613 -0.700214
    outer loop
      vertex 2.72724 0.927288 1.77772
      vertex 1.64825 1.64825 1.77772
      vertex 2.42861 2.42861 0.674121
    endloop
  endfacet
  facet normal -0.593613 -0.396642 -0.700214
    outer loop
      vertex 1.64825 1.64825 1.77772
      vertex 0.927288 2.72724 1.77772
      vertex 2.42861 2.42861 0.674121
    endloop
  endfacet
  facet normal -0.908666 0.180747 -0.376374
    outer loop
      vertex 0.927288 25.2728 1.77772
      vertex 0.0768585 24 3.21964
      vertex 0.37549 25.5013 3.21964
    endloop
  endfacet
  facet normal -0.770342 0.514709 -0.376362
    outer loop
      vertex 0.927288 25.2728 1.77772
      vertex 0.37549 25.5013 3.21964
      vertex 1.22592 26.7741 3.21964
    endloop
  endfacet
  facet normal -0.396664 0.593615 -0.700199
    outer loop
      vertex 2.42861 25.5714 0.674121
      vertex 1.64825 26.3517 1.77772
      vertex 2.72724 27.0727 1.77772
    endloop
  endfacet
  facet normal -0.707107 0 -0.707107
    outer loop
      vertex 1.77772 4 0.674121
      vertex 0.674121 24 1.77772
      vertex 1.77772 24 0.674121
    endloop
  endfacet
  facet normal -0.707107 -0 -0.707107
    outer loop
      vertex 0.674121 24 1.77772
      vertex 1.77772 4 0.674121
      vertex 0.674121 4 1.77772
    endloop
  endfacet
  facet normal -0.382683 0 -0.92388
    outer loop
      vertex 1.77772 4 0.674121
      vertex 3.21964 24 0.0768585
      vertex 3.21964 4 0.0768585
    endloop
  endfacet
  facet normal -0.382683 0 -0.92388
    outer loop
      vertex 3.21964 24 0.0768585
      vertex 1.77772 4 0.674121
      vertex 1.77772 24 0.674121
    endloop
  endfacet
  facet normal -0.216145 -0.32349 -0.921214
    outer loop
      vertex 3.70137 3.27904 0.0768585
      vertex 2.42861 2.42861 0.674121
      vertex 3.4482 3.4482 0.0768585
    endloop
  endfacet
  facet normal 0.323502 -0.216143 -0.92121
    outer loop
      vertex 27.5714 2.42861 0.674121
      vertex 26.721 3.70137 0.0768585
      vertex 28.0531 3.14957 0.674121
    endloop
  endfacet
  facet normal 0.923894 0 -0.382649
    outer loop
      vertex 29.9231 4 3.21964
      vertex 29.3259 24 1.77772
      vertex 29.9231 24 3.21964
    endloop
  endfacet
  facet normal 0.923894 0 -0.382649
    outer loop
      vertex 29.3259 24 1.77772
      vertex 29.9231 4 3.21964
      vertex 29.3259 4 1.77772
    endloop
  endfacet
  facet normal 0.381583 0.0759218 -0.921211
    outer loop
      vertex 28.2223 24 0.674121
      vertex 26.7804 24 0.0768585
      vertex 28.0531 24.8504 0.674121
    endloop
  endfacet
  facet normal 0.700207 -0.139298 -0.700219
    outer loop
      vertex 29.0727 2.72724 1.77772
      vertex 28.0531 3.14957 0.674121
      vertex 29.3259 4 1.77772
    endloop
  endfacet
  facet normal 0.593621 -0.39662 -0.700219
    outer loop
      vertex 29.0727 2.72724 1.77772
      vertex 27.5714 2.42861 0.674121
      vertex 28.0531 3.14957 0.674121
    endloop
  endfacet
  facet normal 0.216134 0.323506 -0.921211
    outer loop
      vertex 27.5714 25.5714 0.674121
      vertex 26.2986 24.721 0.0768585
      vertex 26.8504 26.0531 0.674121
    endloop
  endfacet
  facet normal 0.396691 0.593607 -0.700191
    outer loop
      vertex 27.5714 25.5714 0.674121
      vertex 27.2728 27.0727 1.77772
      vertex 28.3517 26.3517 1.77772
    endloop
  endfacet
  facet normal 0.323472 0.216159 -0.921217
    outer loop
      vertex 26.721 24.2986 0.0768585
      vertex 26.5518 24.5518 0.0768585
      vertex 27.5714 25.5714 0.674121
    endloop
  endfacet
  facet normal 0.396597 0.593619 -0.700233
    outer loop
      vertex 27.5714 25.5714 0.674121
      vertex 26.8504 26.0531 0.674121
      vertex 27.2728 27.0727 1.77772
    endloop
  endfacet
  facet normal 0.514754 0.770274 -0.37644
    outer loop
      vertex 28.3517 26.3517 1.77772
      vertex 27.2728 27.0727 1.77772
      vertex 28.7741 26.7741 3.21964
    endloop
  endfacet
  facet normal -0.323491 0.216138 -0.921215
    outer loop
      vertex 3.27904 24.2986 0.0768585
      vertex 1.94688 24.8504 0.674121
      vertex 2.42861 25.5714 0.674121
    endloop
  endfacet
  facet normal -0.139313 0.700211 -0.700212
    outer loop
      vertex 4 26.2223 0.674121
      vertex 3.14957 26.0531 0.674121
      vertex 4 27.3259 1.77772
    endloop
  endfacet
  facet normal -0.700215 0.139277 -0.700215
    outer loop
      vertex 1.77772 24 0.674121
      vertex 0.674121 24 1.77772
      vertex 0.927288 25.2728 1.77772
    endloop
  endfacet
  facet normal -0.700209 0.139284 -0.700219
    outer loop
      vertex 1.77772 24 0.674121
      vertex 0.927288 25.2728 1.77772
      vertex 1.94688 24.8504 0.674121
    endloop
  endfacet
  facet normal 0.216159 0.323472 -0.921217
    outer loop
      vertex 26.5518 24.5518 0.0768585
      vertex 26.2986 24.721 0.0768585
      vertex 27.5714 25.5714 0.674121
    endloop
  endfacet
  facet normal -0.216143 0.323502 -0.92121
    outer loop
      vertex 3.70137 24.721 0.0768585
      vertex 2.42861 25.5714 0.674121
      vertex 3.14957 26.0531 0.674121
    endloop
  endfacet
  facet normal 0 0 -1
    outer loop
      vertex 26 3.21964 0.0768585
      vertex 26.7804 4 0.0768585
      vertex 26.721 3.70137 0.0768585
    endloop
  endfacet
  facet normal -0 0 -1
    outer loop
      vertex 26.7804 4 0.0768585
      vertex 26 3.21964 0.0768585
      vertex 26.7804 24 0.0768585
    endloop
  endfacet
  facet normal 0 0 -1
    outer loop
      vertex 26 3.21964 0.0768585
      vertex 26.721 3.70137 0.0768585
      vertex 26.5518 3.4482 0.0768585
    endloop
  endfacet
  facet normal 0 0 -1
    outer loop
      vertex 26 24.7804 0.0768585
      vertex 26.7804 24 0.0768585
      vertex 26 3.21964 0.0768585
    endloop
  endfacet
  facet normal 0 0 -1
    outer loop
      vertex 26 3.21964 0.0768585
      vertex 26.5518 3.4482 0.0768585
      vertex 26.2986 3.27904 0.0768585
    endloop
  endfacet
  facet normal 0 0 -1
    outer loop
      vertex 26.7804 24 0.0768585
      vertex 26 24.7804 0.0768585
      vertex 26.721 24.2986 0.0768585
    endloop
  endfacet
  facet normal 0 0 -1
    outer loop
      vertex 26.721 24.2986 0.0768585
      vertex 26 24.7804 0.0768585
      vertex 26.5518 24.5518 0.0768585
    endloop
  endfacet
  facet normal 0 0 -1
    outer loop
      vertex 26.5518 24.5518 0.0768585
      vertex 26 24.7804 0.0768585
      vertex 26.2986 24.721 0.0768585
    endloop
  endfacet
  facet normal 0 0 -1
    outer loop
      vertex 4 3.21964 0.0768585
      vertex 26 24.7804 0.0768585
      vertex 26 3.21964 0.0768585
    endloop
  endfacet
  facet normal 0 0 -1
    outer loop
      vertex 4 3.21964 0.0768585
      vertex 4 24.7804 0.0768585
      vertex 26 24.7804 0.0768585
    endloop
  endfacet
  facet normal 0 0 -1
    outer loop
      vertex 3.21964 4 0.0768585
      vertex 4 3.21964 0.0768585
      vertex 3.70137 3.27904 0.0768585
    endloop
  endfacet
  facet normal 0 0 -1
    outer loop
      vertex 4 3.21964 0.0768585
      vertex 3.21964 4 0.0768585
      vertex 4 24.7804 0.0768585
    endloop
  endfacet
  facet normal 0 0 -1
    outer loop
      vertex 3.21964 4 0.0768585
      vertex 3.70137 3.27904 0.0768585
      vertex 3.4482 3.4482 0.0768585
    endloop
  endfacet
  facet normal 0 0 -1
    outer loop
      vertex 3.21964 24 0.0768585
      vertex 4 24.7804 0.0768585
      vertex 3.21964 4 0.0768585
    endloop
  endfacet
  facet normal 0 0 -1
    outer loop
      vertex 3.21964 4 0.0768585
      vertex 3.4482 3.4482 0.0768585
      vertex 3.27904 3.70137 0.0768585
    endloop
  endfacet
  facet normal 0 0 -1
    outer loop
      vertex 4 24.7804 0.0768585
      vertex 3.21964 24 0.0768585
      vertex 3.70137 24.721 0.0768585
    endloop
  endfacet
  facet normal 0 0 -1
    outer loop
      vertex 3.70137 24.721 0.0768585
      vertex 3.21964 24 0.0768585
      vertex 3.4482 24.5518 0.0768585
    endloop
  endfacet
  facet normal 0 0 -1
    outer loop
      vertex 3.4482 24.5518 0.0768585
      vertex 3.21964 24 0.0768585
      vertex 3.27904 24.2986 0.0768585
    endloop
  endfacet
  facet normal 0.593607 0.396691 -0.700191
    outer loop
      vertex 29.0727 25.2728 1.77772
      vertex 27.5714 25.5714 0.674121
      vertex 28.3517 26.3517 1.77772
    endloop
  endfacet
  facet normal 0.593619 0.396597 -0.700233
    outer loop
      vertex 28.0531 24.8504 0.674121
      vertex 27.5714 25.5714 0.674121
      vertex 29.0727 25.2728 1.77772
    endloop
  endfacet
  facet normal -0.216176 0.323459 -0.921218
    outer loop
      vertex 3.4482 24.5518 0.0768585
      vertex 2.42861 25.5714 0.674121
      vertex 3.70137 24.721 0.0768585
    endloop
  endfacet
  facet normal -0.980789 0.195071 0
    outer loop
      vertex 27.4123 3.64934 4.00982
      vertex 27.5616 4.4 67.9902
      vertex 27.5616 4.4 4.00982
    endloop
  endfacet
  facet normal -0.980789 0.195071 0
    outer loop
      vertex 27.5616 4.4 67.9902
      vertex 27.4123 3.64934 4.00982
      vertex 27.4123 3.64934 67.9902
    endloop
  endfacet
  facet normal -0.831419 0.555647 0
    outer loop
      vertex 26.987 3.01296 4.00982
      vertex 27.4123 3.64934 67.9902
      vertex 27.4123 3.64934 4.00982
    endloop
  endfacet
  facet normal -0.831419 0.555647 0
    outer loop
      vertex 27.4123 3.64934 67.9902
      vertex 26.987 3.01296 4.00982
      vertex 26.987 3.01296 67.9902
    endloop
  endfacet
  facet normal 0.908656 -0.180727 -0.376407
    outer loop
      vertex 2.58774 24.3507 67.9902
      vertex 2.73706 23.6 68.7111
      vertex 2.43843 23.6 67.9902
    endloop
  endfacet
  facet normal -0.980791 -0.195061 0
    outer loop
      vertex 27.5616 23.6 4.00982
      vertex 27.4123 24.3507 67.9902
      vertex 27.4123 24.3507 4.00982
    endloop
  endfacet
  facet normal -0.980791 -0.195061 0
    outer loop
      vertex 27.4123 24.3507 67.9902
      vertex 27.5616 23.6 4.00982
      vertex 27.5616 23.6 67.9902
    endloop
  endfacet
  facet normal 0.707107 -0 0.707107
    outer loop
      vertex 2.73706 4.4 3.28886
      vertex 3.28886 23.6 2.73706
      vertex 2.73706 23.6 3.28886
    endloop
  endfacet
  facet normal 0.707107 0 0.707107
    outer loop
      vertex 3.28886 23.6 2.73706
      vertex 2.73706 4.4 3.28886
      vertex 3.28886 4.4 2.73706
    endloop
  endfacet
  facet normal 0.180718 -0.908626 -0.376483
    outer loop
      vertex 4.4 25.5616 67.9902
      vertex 4.4 25.2629 68.7111
      vertex 3.64934 25.4123 67.9902
    endloop
  endfacet
  facet normal 0.908654 0.180736 -0.376406
    outer loop
      vertex 2.73706 4.4 68.7111
      vertex 2.58774 3.64934 67.9902
      vertex 2.43843 4.4 67.9902
    endloop
  endfacet
  facet normal 0.139277 0.700214 0.700216
    outer loop
      vertex 4.4 2.73706 3.28886
      vertex 3.97478 3.37344 2.73706
      vertex 3.76362 2.86364 3.28886
    endloop
  endfacet
  facet normal -0.593587 -0.396658 -0.700226
    outer loop
      vertex 27.1364 24.2364 68.7111
      vertex 26.6266 24.0252 69.2629
      vertex 26.3857 24.3857 69.2629
    endloop
  endfacet
  facet normal 0.923869 0 -0.382709
    outer loop
      vertex 2.73706 4.4 68.7111
      vertex 2.43843 23.6 67.9902
      vertex 2.73706 23.6 68.7111
    endloop
  endfacet
  facet normal 0.923869 0 -0.382709
    outer loop
      vertex 2.43843 23.6 67.9902
      vertex 2.73706 4.4 68.7111
      vertex 2.43843 4.4 67.9902
    endloop
  endfacet
  facet normal -0.180709 -0.908628 -0.376484
    outer loop
      vertex 25.6 25.5616 67.9902
      vertex 26.3507 25.4123 67.9902
      vertex 25.6 25.2629 68.7111
    endloop
  endfacet
  facet normal 0.908667 -0.180729 0.37638
    outer loop
      vertex 2.73706 23.6 3.28886
      vertex 2.58774 24.3507 4.00982
      vertex 2.43843 23.6 4.00982
    endloop
  endfacet
  facet normal 0.396672 -0.593575 -0.700229
    outer loop
      vertex 3.97478 24.6266 69.2629
      vertex 3.6143 24.3857 69.2629
      vertex 3.22412 24.7759 68.7111
    endloop
  endfacet
  facet normal 0.396638 0.593614 -0.700215
    outer loop
      vertex 3.97478 3.37344 69.2629
      vertex 3.76362 2.86364 68.7111
      vertex 3.22412 3.22412 68.7111
    endloop
  endfacet
  facet normal 0.216228 -0.323525 -0.921182
    outer loop
      vertex 4.25068 23.9605 69.5616
      vertex 4.1241 23.8759 69.5616
      vertex 3.97478 24.6266 69.2629
    endloop
  endfacet
  facet normal 0.908654 0.180737 -0.376408
    outer loop
      vertex 2.73706 4.4 68.7111
      vertex 2.86364 3.76362 68.7111
      vertex 2.58774 3.64934 67.9902
    endloop
  endfacet
  facet normal 0 0.382758 -0.923848
    outer loop
      vertex 4.4 3.28886 69.2629
      vertex 25.6 4.00982 69.5616
      vertex 25.6 3.28886 69.2629
    endloop
  endfacet
  facet normal 0 0.382758 -0.923848
    outer loop
      vertex 25.6 4.00982 69.5616
      vertex 4.4 3.28886 69.2629
      vertex 4.4 4.00982 69.5616
    endloop
  endfacet
  facet normal 0 -1 0
    outer loop
      vertex 4.4 25.5616 67.9902
      vertex 15 25.5616 61.6
      vertex 25.6 25.5616 67.9902
    endloop
  endfacet
  facet normal 0 -1 0
    outer loop
      vertex 4.4 25.5616 67.9902
      vertex 14.7912 25.5616 61.5863
      vertex 15 25.5616 61.6
    endloop
  endfacet
  facet normal 0 -1 0
    outer loop
      vertex 4.4 25.5616 67.9902
      vertex 14.5859 25.5616 61.5455
      vertex 14.7912 25.5616 61.5863
    endloop
  endfacet
  facet normal 0 -1 0
    outer loop
      vertex 4.4 25.5616 67.9902
      vertex 14.3877 25.5616 61.4782
      vertex 14.5859 25.5616 61.5455
    endloop
  endfacet
  facet normal 0 -1 0
    outer loop
      vertex 4.4 25.5616 67.9902
      vertex 14.2 25.5616 61.3856
      vertex 14.3877 25.5616 61.4782
    endloop
  endfacet
  facet normal 0 -1 0
    outer loop
      vertex 4.4 25.5616 67.9902
      vertex 14.026 25.5616 61.2694
      vertex 14.2 25.5616 61.3856
    endloop
  endfacet
  facet normal 0 -1 0
    outer loop
      vertex 4.4 25.5616 67.9902
      vertex 13.8686 25.5616 61.1314
      vertex 14.026 25.5616 61.2694
    endloop
  endfacet
  facet normal 0 -1 0
    outer loop
      vertex 4.4 25.5616 67.9902
      vertex 13.7306 25.5616 60.974
      vertex 13.8686 25.5616 61.1314
    endloop
  endfacet
  facet normal 0 -1 0
    outer loop
      vertex 4.4 25.5616 67.9902
      vertex 13.6144 25.5616 60.8
      vertex 13.7306 25.5616 60.974
    endloop
  endfacet
  facet normal 0 -1 0
    outer loop
      vertex 4.4 25.5616 67.9902
      vertex 13.5218 25.5616 60.6123
      vertex 13.6144 25.5616 60.8
    endloop
  endfacet
  facet normal 0 -1 0
    outer loop
      vertex 4.4 25.5616 67.9902
      vertex 13.4545 25.5616 60.4141
      vertex 13.5218 25.5616 60.6123
    endloop
  endfacet
  facet normal 0 -1 0
    outer loop
      vertex 4.4 25.5616 67.9902
      vertex 13.4137 25.5616 60.2088
      vertex 13.4545 25.5616 60.4141
    endloop
  endfacet
  facet normal 0 -1 0
    outer loop
      vertex 4.4 25.5616 67.9902
      vertex 13.4 25.5616 60
      vertex 13.4137 25.5616 60.2088
    endloop
  endfacet
  facet normal 0 -1 0
    outer loop
      vertex 4.4 25.5616 67.9902
      vertex 13.4137 25.5616 59.7912
      vertex 13.4 25.5616 60
    endloop
  endfacet
  facet normal 0 -1 0
    outer loop
      vertex 4.4 25.5616 67.9902
      vertex 13.4545 25.5616 59.5859
      vertex 13.4137 25.5616 59.7912
    endloop
  endfacet
  facet normal 0 -1 0
    outer loop
      vertex 4.4 25.5616 67.9902
      vertex 13.5218 25.5616 59.3877
      vertex 13.4545 25.5616 59.5859
    endloop
  endfacet
  facet normal 0 -1 0
    outer loop
      vertex 4.4 25.5616 67.9902
      vertex 13.6144 25.5616 59.2
      vertex 13.5218 25.5616 59.3877
    endloop
  endfacet
  facet normal 0 -1 0
    outer loop
      vertex 4.4 25.5616 67.9902
      vertex 13.7306 25.5616 59.026
      vertex 13.6144 25.5616 59.2
    endloop
  endfacet
  facet normal 0 -1 0
    outer loop
      vertex 13.7306 25.5616 12.974
      vertex 13.7306 25.5616 59.026
      vertex 4.4 25.5616 67.9902
    endloop
  endfacet
  facet normal 0 -1 0
    outer loop
      vertex 14.7912 25.5616 58.4137
      vertex 15 25.5616 13.6
      vertex 15 25.5616 58.4
    endloop
  endfacet
  facet normal 0 -1 0
    outer loop
      vertex 14.7912 25.5616 13.5863
      vertex 14.7912 25.5616 58.4137
      vertex 14.5859 25.5616 58.4545
    endloop
  endfacet
  facet normal 0 -1 0
    outer loop
      vertex 14.5859 25.5616 13.5455
      vertex 14.5859 25.5616 58.4545
      vertex 14.3877 25.5616 58.5218
    endloop
  endfacet
  facet normal 0 -1 0
    outer loop
      vertex 14.3877 25.5616 13.4782
      vertex 14.3877 25.5616 58.5218
      vertex 14.2 25.5616 58.6144
    endloop
  endfacet
  facet normal 0 -1 0
    outer loop
      vertex 14.2 25.5616 13.3856
      vertex 14.2 25.5616 58.6144
      vertex 14.026 25.5616 58.7306
    endloop
  endfacet
  facet normal 0 -1 0
    outer loop
      vertex 14.026 25.5616 13.2694
      vertex 14.026 25.5616 58.7306
      vertex 13.8686 25.5616 58.8686
    endloop
  endfacet
  facet normal 0 -1 0
    outer loop
      vertex 13.7306 25.5616 59.026
      vertex 13.7306 25.5616 12.974
      vertex 13.8686 25.5616 58.8686
    endloop
  endfacet
  facet normal 0 -1 0
    outer loop
      vertex 14.7912 25.5616 58.4137
      vertex 14.7912 25.5616 13.5863
      vertex 15 25.5616 13.6
    endloop
  endfacet
  facet normal 0 -1 0
    outer loop
      vertex 14.5859 25.5616 58.4545
      vertex 14.5859 25.5616 13.5455
      vertex 14.7912 25.5616 13.5863
    endloop
  endfacet
  facet normal 0 -1 0
    outer loop
      vertex 14.3877 25.5616 58.5218
      vertex 14.3877 25.5616 13.4782
      vertex 14.5859 25.5616 13.5455
    endloop
  endfacet
  facet normal 0 -1 0
    outer loop
      vertex 14.2 25.5616 58.6144
      vertex 14.2 25.5616 13.3856
      vertex 14.3877 25.5616 13.4782
    endloop
  endfacet
  facet normal 0 -1 0
    outer loop
      vertex 14.026 25.5616 58.7306
      vertex 14.026 25.5616 13.2694
      vertex 14.2 25.5616 13.3856
    endloop
  endfacet
  facet normal 0 -1 0
    outer loop
      vertex 13.8686 25.5616 58.8686
      vertex 13.8686 25.5616 13.1314
      vertex 14.026 25.5616 13.2694
    endloop
  endfacet
  facet normal 0 -1 -0
    outer loop
      vertex 13.8686 25.5616 58.8686
      vertex 13.7306 25.5616 12.974
      vertex 13.8686 25.5616 13.1314
    endloop
  endfacet
  facet normal 0 -1 0
    outer loop
      vertex 4.4 25.5616 4.00982
      vertex 13.7306 25.5616 12.974
      vertex 4.4 25.5616 67.9902
    endloop
  endfacet
  facet normal 0 -1 0
    outer loop
      vertex 13.7306 25.5616 12.974
      vertex 4.4 25.5616 4.00982
      vertex 13.6144 25.5616 12.8
    endloop
  endfacet
  facet normal 0 -1 0
    outer loop
      vertex 13.6144 25.5616 12.8
      vertex 4.4 25.5616 4.00982
      vertex 13.5218 25.5616 12.6123
    endloop
  endfacet
  facet normal 0 -1 0
    outer loop
      vertex 13.5218 25.5616 12.6123
      vertex 4.4 25.5616 4.00982
      vertex 13.4545 25.5616 12.4141
    endloop
  endfacet
  facet normal 0 -1 0
    outer loop
      vertex 13.4545 25.5616 12.4141
      vertex 4.4 25.5616 4.00982
      vertex 13.4137 25.5616 12.2088
    endloop
  endfacet
  facet normal 0 -1 0
    outer loop
      vertex 13.4137 25.5616 12.2088
      vertex 4.4 25.5616 4.00982
      vertex 13.4 25.5616 12
    endloop
  endfacet
  facet normal 0 -1 -0
    outer loop
      vertex 14.7912 25.5616 10.4137
      vertex 4.4 25.5616 4.00982
      vertex 15 25.5616 10.4
    endloop
  endfacet
  facet normal 0 -1 -0
    outer loop
      vertex 14.5859 25.5616 10.4545
      vertex 4.4 25.5616 4.00982
      vertex 14.7912 25.5616 10.4137
    endloop
  endfacet
  facet normal 0 -1 -0
    outer loop
      vertex 14.3877 25.5616 10.5218
      vertex 4.4 25.5616 4.00982
      vertex 14.5859 25.5616 10.4545
    endloop
  endfacet
  facet normal 0 -1 -0
    outer loop
      vertex 14.2 25.5616 10.6144
      vertex 4.4 25.5616 4.00982
      vertex 14.3877 25.5616 10.5218
    endloop
  endfacet
  facet normal 0 -1 -0
    outer loop
      vertex 14.026 25.5616 10.7306
      vertex 4.4 25.5616 4.00982
      vertex 14.2 25.5616 10.6144
    endloop
  endfacet
  facet normal 0 -1 -0
    outer loop
      vertex 13.8686 25.5616 10.8686
      vertex 4.4 25.5616 4.00982
      vertex 14.026 25.5616 10.7306
    endloop
  endfacet
  facet normal 0 -1 -0
    outer loop
      vertex 13.7306 25.5616 11.026
      vertex 4.4 25.5616 4.00982
      vertex 13.8686 25.5616 10.8686
    endloop
  endfacet
  facet normal 0 -1 -0
    outer loop
      vertex 13.6144 25.5616 11.2
      vertex 4.4 25.5616 4.00982
      vertex 13.7306 25.5616 11.026
    endloop
  endfacet
  facet normal 0 -1 -0
    outer loop
      vertex 13.5218 25.5616 11.3877
      vertex 4.4 25.5616 4.00982
      vertex 13.6144 25.5616 11.2
    endloop
  endfacet
  facet normal 0 -1 -0
    outer loop
      vertex 13.4545 25.5616 11.5859
      vertex 4.4 25.5616 4.00982
      vertex 13.5218 25.5616 11.3877
    endloop
  endfacet
  facet normal 0 -1 -0
    outer loop
      vertex 13.4137 25.5616 11.7912
      vertex 4.4 25.5616 4.00982
      vertex 13.4545 25.5616 11.5859
    endloop
  endfacet
  facet normal 0 -1 -0
    outer loop
      vertex 13.4 25.5616 12
      vertex 4.4 25.5616 4.00982
      vertex 13.4137 25.5616 11.7912
    endloop
  endfacet
  facet normal 0 -1 0
    outer loop
      vertex 15.2088 25.5616 61.5863
      vertex 25.6 25.5616 67.9902
      vertex 15 25.5616 61.6
    endloop
  endfacet
  facet normal 0 -1 0
    outer loop
      vertex 15.4141 25.5616 61.5455
      vertex 25.6 25.5616 67.9902
      vertex 15.2088 25.5616 61.5863
    endloop
  endfacet
  facet normal 0 -1 0
    outer loop
      vertex 15.6123 25.5616 61.4782
      vertex 25.6 25.5616 67.9902
      vertex 15.4141 25.5616 61.5455
    endloop
  endfacet
  facet normal 0 -1 0
    outer loop
      vertex 15.8 25.5616 61.3856
      vertex 25.6 25.5616 67.9902
      vertex 15.6123 25.5616 61.4782
    endloop
  endfacet
  facet normal 0 -1 0
    outer loop
      vertex 15.974 25.5616 61.2694
      vertex 25.6 25.5616 67.9902
      vertex 15.8 25.5616 61.3856
    endloop
  endfacet
  facet normal 0 -1 0
    outer loop
      vertex 16.1314 25.5616 61.1314
      vertex 25.6 25.5616 67.9902
      vertex 15.974 25.5616 61.2694
    endloop
  endfacet
  facet normal 0 -1 0
    outer loop
      vertex 16.2694 25.5616 60.974
      vertex 25.6 25.5616 67.9902
      vertex 16.1314 25.5616 61.1314
    endloop
  endfacet
  facet normal 0 -1 0
    outer loop
      vertex 16.3856 25.5616 60.8
      vertex 25.6 25.5616 67.9902
      vertex 16.2694 25.5616 60.974
    endloop
  endfacet
  facet normal 0 -1 0
    outer loop
      vertex 16.4782 25.5616 60.6123
      vertex 25.6 25.5616 67.9902
      vertex 16.3856 25.5616 60.8
    endloop
  endfacet
  facet normal 0 -1 0
    outer loop
      vertex 16.5455 25.5616 60.4141
      vertex 25.6 25.5616 67.9902
      vertex 16.4782 25.5616 60.6123
    endloop
  endfacet
  facet normal 0 -1 0
    outer loop
      vertex 16.5863 25.5616 60.2088
      vertex 25.6 25.5616 67.9902
      vertex 16.5455 25.5616 60.4141
    endloop
  endfacet
  facet normal 0 -1 0
    outer loop
      vertex 16.6 25.5616 60
      vertex 25.6 25.5616 67.9902
      vertex 16.5863 25.5616 60.2088
    endloop
  endfacet
  facet normal 0 -1 0
    outer loop
      vertex 16.5863 25.5616 59.7912
      vertex 25.6 25.5616 67.9902
      vertex 16.6 25.5616 60
    endloop
  endfacet
  facet normal 0 -1 0
    outer loop
      vertex 16.5455 25.5616 59.5859
      vertex 25.6 25.5616 67.9902
      vertex 16.5863 25.5616 59.7912
    endloop
  endfacet
  facet normal 0 -1 0
    outer loop
      vertex 16.4782 25.5616 59.3877
      vertex 25.6 25.5616 67.9902
      vertex 16.5455 25.5616 59.5859
    endloop
  endfacet
  facet normal 0 -1 0
    outer loop
      vertex 16.3856 25.5616 59.2
      vertex 25.6 25.5616 67.9902
      vertex 16.4782 25.5616 59.3877
    endloop
  endfacet
  facet normal 0 -1 0
    outer loop
      vertex 16.2694 25.5616 59.026
      vertex 25.6 25.5616 67.9902
      vertex 16.3856 25.5616 59.2
    endloop
  endfacet
  facet normal 0 -1 0
    outer loop
      vertex 16.2694 25.5616 12.974
      vertex 16.2694 25.5616 59.026
      vertex 16.1314 25.5616 58.8686
    endloop
  endfacet
  facet normal 0 -1 0
    outer loop
      vertex 15 25.5616 13.6
      vertex 15.2088 25.5616 58.4137
      vertex 15 25.5616 58.4
    endloop
  endfacet
  facet normal 0 -1 0
    outer loop
      vertex 15.2088 25.5616 13.5863
      vertex 15.2088 25.5616 58.4137
      vertex 15 25.5616 13.6
    endloop
  endfacet
  facet normal 0 -1 0
    outer loop
      vertex 15.2088 25.5616 58.4137
      vertex 15.2088 25.5616 13.5863
      vertex 15.4141 25.5616 58.4545
    endloop
  endfacet
  facet normal 0 -1 0
    outer loop
      vertex 15.4141 25.5616 13.5455
      vertex 15.4141 25.5616 58.4545
      vertex 15.2088 25.5616 13.5863
    endloop
  endfacet
  facet normal 0 -1 0
    outer loop
      vertex 15.4141 25.5616 58.4545
      vertex 15.4141 25.5616 13.5455
      vertex 15.6123 25.5616 58.5218
    endloop
  endfacet
  facet normal 0 -1 0
    outer loop
      vertex 15.6123 25.5616 13.4782
      vertex 15.6123 25.5616 58.5218
      vertex 15.4141 25.5616 13.5455
    endloop
  endfacet
  facet normal 0 -1 0
    outer loop
      vertex 15.6123 25.5616 58.5218
      vertex 15.6123 25.5616 13.4782
      vertex 15.8 25.5616 58.6144
    endloop
  endfacet
  facet normal 0 -1 0
    outer loop
      vertex 15.8 25.5616 13.3856
      vertex 15.8 25.5616 58.6144
      vertex 15.6123 25.5616 13.4782
    endloop
  endfacet
  facet normal 0 -1 0
    outer loop
      vertex 15.8 25.5616 58.6144
      vertex 15.8 25.5616 13.3856
      vertex 15.974 25.5616 58.7306
    endloop
  endfacet
  facet normal 0 -1 0
    outer loop
      vertex 15.974 25.5616 13.2694
      vertex 15.974 25.5616 58.7306
      vertex 15.8 25.5616 13.3856
    endloop
  endfacet
  facet normal 0 -1 0
    outer loop
      vertex 15.974 25.5616 58.7306
      vertex 15.974 25.5616 13.2694
      vertex 16.1314 25.5616 58.8686
    endloop
  endfacet
  facet normal 0 -1 0
    outer loop
      vertex 16.1314 25.5616 13.1314
      vertex 16.1314 25.5616 58.8686
      vertex 15.974 25.5616 13.2694
    endloop
  endfacet
  facet normal 0 -1 0
    outer loop
      vertex 16.2694 25.5616 12.974
      vertex 16.1314 25.5616 58.8686
      vertex 16.1314 25.5616 13.1314
    endloop
  endfacet
  facet normal 0 -1 0
    outer loop
      vertex 16.2694 25.5616 59.026
      vertex 16.2694 25.5616 12.974
      vertex 25.6 25.5616 67.9902
    endloop
  endfacet
  facet normal 0 -1 0
    outer loop
      vertex 25.6 25.5616 4.00982
      vertex 16.2694 25.5616 12.974
      vertex 16.3856 25.5616 12.8
    endloop
  endfacet
  facet normal 0 -1 0
    outer loop
      vertex 25.6 25.5616 4.00982
      vertex 16.3856 25.5616 12.8
      vertex 16.4782 25.5616 12.6123
    endloop
  endfacet
  facet normal 0 -1 0
    outer loop
      vertex 25.6 25.5616 4.00982
      vertex 16.4782 25.5616 12.6123
      vertex 16.5455 25.5616 12.4141
    endloop
  endfacet
  facet normal 0 -1 0
    outer loop
      vertex 25.6 25.5616 4.00982
      vertex 16.5455 25.5616 12.4141
      vertex 16.5863 25.5616 12.2088
    endloop
  endfacet
  facet normal 0 -1 0
    outer loop
      vertex 25.6 25.5616 4.00982
      vertex 16.5863 25.5616 12.2088
      vertex 16.6 25.5616 12
    endloop
  endfacet
  facet normal 0 -1 0
    outer loop
      vertex 25.6 25.5616 4.00982
      vertex 16.6 25.5616 12
      vertex 16.5863 25.5616 11.7912
    endloop
  endfacet
  facet normal 0 -1 0
    outer loop
      vertex 25.6 25.5616 4.00982
      vertex 15 25.5616 10.4
      vertex 4.4 25.5616 4.00982
    endloop
  endfacet
  facet normal 0 -1 0
    outer loop
      vertex 15 25.5616 10.4
      vertex 25.6 25.5616 4.00982
      vertex 15.2088 25.5616 10.4137
    endloop
  endfacet
  facet normal 0 -1 0
    outer loop
      vertex 15.2088 25.5616 10.4137
      vertex 25.6 25.5616 4.00982
      vertex 15.4141 25.5616 10.4545
    endloop
  endfacet
  facet normal 0 -1 0
    outer loop
      vertex 15.4141 25.5616 10.4545
      vertex 25.6 25.5616 4.00982
      vertex 15.6123 25.5616 10.5218
    endloop
  endfacet
  facet normal 0 -1 0
    outer loop
      vertex 16.2694 25.5616 12.974
      vertex 25.6 25.5616 4.00982
      vertex 25.6 25.5616 67.9902
    endloop
  endfacet
  facet normal 0 -1 0
    outer loop
      vertex 16.5455 25.5616 11.5859
      vertex 25.6 25.5616 4.00982
      vertex 16.5863 25.5616 11.7912
    endloop
  endfacet
  facet normal 0 -1 0
    outer loop
      vertex 16.4782 25.5616 11.3877
      vertex 25.6 25.5616 4.00982
      vertex 16.5455 25.5616 11.5859
    endloop
  endfacet
  facet normal 0 -1 0
    outer loop
      vertex 16.3856 25.5616 11.2
      vertex 25.6 25.5616 4.00982
      vertex 16.4782 25.5616 11.3877
    endloop
  endfacet
  facet normal 0 -1 0
    outer loop
      vertex 16.2694 25.5616 11.026
      vertex 25.6 25.5616 4.00982
      vertex 16.3856 25.5616 11.2
    endloop
  endfacet
  facet normal 0 -1 0
    outer loop
      vertex 16.1314 25.5616 10.8686
      vertex 25.6 25.5616 4.00982
      vertex 16.2694 25.5616 11.026
    endloop
  endfacet
  facet normal 0 -1 0
    outer loop
      vertex 15.974 25.5616 10.7306
      vertex 25.6 25.5616 4.00982
      vertex 16.1314 25.5616 10.8686
    endloop
  endfacet
  facet normal 0 -1 0
    outer loop
      vertex 15.8 25.5616 10.6144
      vertex 25.6 25.5616 4.00982
      vertex 15.974 25.5616 10.7306
    endloop
  endfacet
  facet normal 0 -1 0
    outer loop
      vertex 15.6123 25.5616 10.5218
      vertex 25.6 25.5616 4.00982
      vertex 15.8 25.5616 10.6144
    endloop
  endfacet
  facet normal 0.770316 0.514714 -0.376407
    outer loop
      vertex 2.86364 3.76362 68.7111
      vertex 3.01296 3.01296 67.9902
      vertex 2.58774 3.64934 67.9902
    endloop
  endfacet
  facet normal 0 1 0
    outer loop
      vertex 25.6 2.43843 67.9902
      vertex 15 2.43843 61.6
      vertex 4.4 2.43843 67.9902
    endloop
  endfacet
  facet normal 0 1 0
    outer loop
      vertex 25.6 2.43843 67.9902
      vertex 15.2088 2.43843 61.5863
      vertex 15 2.43843 61.6
    endloop
  endfacet
  facet normal 0 1 0
    outer loop
      vertex 25.6 2.43843 67.9902
      vertex 15.4141 2.43843 61.5455
      vertex 15.2088 2.43843 61.5863
    endloop
  endfacet
  facet normal 0 1 0
    outer loop
      vertex 25.6 2.43843 67.9902
      vertex 15.6123 2.43843 61.4782
      vertex 15.4141 2.43843 61.5455
    endloop
  endfacet
  facet normal 0 1 0
    outer loop
      vertex 25.6 2.43843 67.9902
      vertex 15.8 2.43843 61.3856
      vertex 15.6123 2.43843 61.4782
    endloop
  endfacet
  facet normal 0 1 0
    outer loop
      vertex 25.6 2.43843 67.9902
      vertex 15.974 2.43843 61.2694
      vertex 15.8 2.43843 61.3856
    endloop
  endfacet
  facet normal 0 1 0
    outer loop
      vertex 25.6 2.43843 67.9902
      vertex 16.1314 2.43843 61.1314
      vertex 15.974 2.43843 61.2694
    endloop
  endfacet
  facet normal 0 1 0
    outer loop
      vertex 25.6 2.43843 67.9902
      vertex 16.2694 2.43843 60.974
      vertex 16.1314 2.43843 61.1314
    endloop
  endfacet
  facet normal 0 1 0
    outer loop
      vertex 25.6 2.43843 67.9902
      vertex 16.3856 2.43843 60.8
      vertex 16.2694 2.43843 60.974
    endloop
  endfacet
  facet normal 0 1 0
    outer loop
      vertex 25.6 2.43843 67.9902
      vertex 16.4782 2.43843 60.6123
      vertex 16.3856 2.43843 60.8
    endloop
  endfacet
  facet normal 0 1 0
    outer loop
      vertex 25.6 2.43843 67.9902
      vertex 16.5455 2.43843 60.4141
      vertex 16.4782 2.43843 60.6123
    endloop
  endfacet
  facet normal 0 1 0
    outer loop
      vertex 25.6 2.43843 67.9902
      vertex 16.5863 2.43843 60.2088
      vertex 16.5455 2.43843 60.4141
    endloop
  endfacet
  facet normal 0 1 0
    outer loop
      vertex 25.6 2.43843 67.9902
      vertex 16.6 2.43843 60
      vertex 16.5863 2.43843 60.2088
    endloop
  endfacet
  facet normal 0 1 0
    outer loop
      vertex 25.6 2.43843 67.9902
      vertex 16.5863 2.43843 59.7912
      vertex 16.6 2.43843 60
    endloop
  endfacet
  facet normal 0 1 0
    outer loop
      vertex 25.6 2.43843 67.9902
      vertex 16.5455 2.43843 59.5859
      vertex 16.5863 2.43843 59.7912
    endloop
  endfacet
  facet normal 0 1 0
    outer loop
      vertex 25.6 2.43843 67.9902
      vertex 16.4782 2.43843 59.3877
      vertex 16.5455 2.43843 59.5859
    endloop
  endfacet
  facet normal 0 1 0
    outer loop
      vertex 25.6 2.43843 67.9902
      vertex 16.3856 2.43843 59.2
      vertex 16.4782 2.43843 59.3877
    endloop
  endfacet
  facet normal 0 1 0
    outer loop
      vertex 25.6 2.43843 67.9902
      vertex 16.2694 2.43843 59.026
      vertex 16.3856 2.43843 59.2
    endloop
  endfacet
  facet normal 0 1 0
    outer loop
      vertex 16.2694 2.43843 12.974
      vertex 16.2694 2.43843 59.026
      vertex 25.6 2.43843 67.9902
    endloop
  endfacet
  facet normal 0 1 0
    outer loop
      vertex 15.2088 2.43843 58.4137
      vertex 15 2.43843 13.6
      vertex 15 2.43843 58.4
    endloop
  endfacet
  facet normal 0 1 0
    outer loop
      vertex 15.2088 2.43843 13.5863
      vertex 15.2088 2.43843 58.4137
      vertex 15.4141 2.43843 58.4545
    endloop
  endfacet
  facet normal 0 1 0
    outer loop
      vertex 15.4141 2.43843 13.5455
      vertex 15.4141 2.43843 58.4545
      vertex 15.6123 2.43843 58.5218
    endloop
  endfacet
  facet normal 0 1 0
    outer loop
      vertex 15.6123 2.43843 13.4782
      vertex 15.6123 2.43843 58.5218
      vertex 15.8 2.43843 58.6144
    endloop
  endfacet
  facet normal 0 1 0
    outer loop
      vertex 15.8 2.43843 13.3856
      vertex 15.8 2.43843 58.6144
      vertex 15.974 2.43843 58.7306
    endloop
  endfacet
  facet normal 0 1 0
    outer loop
      vertex 15.974 2.43843 13.2694
      vertex 15.974 2.43843 58.7306
      vertex 16.1314 2.43843 58.8686
    endloop
  endfacet
  facet normal 0 1 0
    outer loop
      vertex 16.2694 2.43843 59.026
      vertex 16.2694 2.43843 12.974
      vertex 16.1314 2.43843 58.8686
    endloop
  endfacet
  facet normal 0 1 0
    outer loop
      vertex 15.2088 2.43843 58.4137
      vertex 15.2088 2.43843 13.5863
      vertex 15 2.43843 13.6
    endloop
  endfacet
  facet normal 0 1 0
    outer loop
      vertex 15.4141 2.43843 58.4545
      vertex 15.4141 2.43843 13.5455
      vertex 15.2088 2.43843 13.5863
    endloop
  endfacet
  facet normal 0 1 0
    outer loop
      vertex 15.6123 2.43843 58.5218
      vertex 15.6123 2.43843 13.4782
      vertex 15.4141 2.43843 13.5455
    endloop
  endfacet
  facet normal 0 1 0
    outer loop
      vertex 15.8 2.43843 58.6144
      vertex 15.8 2.43843 13.3856
      vertex 15.6123 2.43843 13.4782
    endloop
  endfacet
  facet normal 0 1 0
    outer loop
      vertex 15.974 2.43843 58.7306
      vertex 15.974 2.43843 13.2694
      vertex 15.8 2.43843 13.3856
    endloop
  endfacet
  facet normal 0 1 0
    outer loop
      vertex 16.1314 2.43843 58.8686
      vertex 16.1314 2.43843 13.1314
      vertex 15.974 2.43843 13.2694
    endloop
  endfacet
  facet normal 0 1 0
    outer loop
      vertex 16.1314 2.43843 58.8686
      vertex 16.2694 2.43843 12.974
      vertex 16.1314 2.43843 13.1314
    endloop
  endfacet
  facet normal 0 1 -0
    outer loop
      vertex 25.6 2.43843 4.00982
      vertex 16.2694 2.43843 12.974
      vertex 25.6 2.43843 67.9902
    endloop
  endfacet
  facet normal 0 1 0
    outer loop
      vertex 16.2694 2.43843 12.974
      vertex 25.6 2.43843 4.00982
      vertex 16.3856 2.43843 12.8
    endloop
  endfacet
  facet normal 0 1 0
    outer loop
      vertex 16.3856 2.43843 12.8
      vertex 25.6 2.43843 4.00982
      vertex 16.4782 2.43843 12.6123
    endloop
  endfacet
  facet normal 0 1 0
    outer loop
      vertex 16.4782 2.43843 12.6123
      vertex 25.6 2.43843 4.00982
      vertex 16.5455 2.43843 12.4141
    endloop
  endfacet
  facet normal 0 1 0
    outer loop
      vertex 16.5455 2.43843 12.4141
      vertex 25.6 2.43843 4.00982
      vertex 16.5863 2.43843 12.2088
    endloop
  endfacet
  facet normal 0 1 0
    outer loop
      vertex 16.5863 2.43843 12.2088
      vertex 25.6 2.43843 4.00982
      vertex 16.6 2.43843 12
    endloop
  endfacet
  facet normal 0 1 0
    outer loop
      vertex 15.2088 2.43843 10.4137
      vertex 25.6 2.43843 4.00982
      vertex 15 2.43843 10.4
    endloop
  endfacet
  facet normal 0 1 0
    outer loop
      vertex 15.4141 2.43843 10.4545
      vertex 25.6 2.43843 4.00982
      vertex 15.2088 2.43843 10.4137
    endloop
  endfacet
  facet normal 0 1 0
    outer loop
      vertex 15.6123 2.43843 10.5218
      vertex 25.6 2.43843 4.00982
      vertex 15.4141 2.43843 10.4545
    endloop
  endfacet
  facet normal 0 1 0
    outer loop
      vertex 15.8 2.43843 10.6144
      vertex 25.6 2.43843 4.00982
      vertex 15.6123 2.43843 10.5218
    endloop
  endfacet
  facet normal 0 1 0
    outer loop
      vertex 15.974 2.43843 10.7306
      vertex 25.6 2.43843 4.00982
      vertex 15.8 2.43843 10.6144
    endloop
  endfacet
  facet normal 0 1 0
    outer loop
      vertex 16.1314 2.43843 10.8686
      vertex 25.6 2.43843 4.00982
      vertex 15.974 2.43843 10.7306
    endloop
  endfacet
  facet normal 0 1 0
    outer loop
      vertex 16.2694 2.43843 11.026
      vertex 25.6 2.43843 4.00982
      vertex 16.1314 2.43843 10.8686
    endloop
  endfacet
  facet normal 0 1 0
    outer loop
      vertex 16.3856 2.43843 11.2
      vertex 25.6 2.43843 4.00982
      vertex 16.2694 2.43843 11.026
    endloop
  endfacet
  facet normal 0 1 0
    outer loop
      vertex 16.4782 2.43843 11.3877
      vertex 25.6 2.43843 4.00982
      vertex 16.3856 2.43843 11.2
    endloop
  endfacet
  facet normal 0 1 0
    outer loop
      vertex 16.5455 2.43843 11.5859
      vertex 25.6 2.43843 4.00982
      vertex 16.4782 2.43843 11.3877
    endloop
  endfacet
  facet normal 0 1 0
    outer loop
      vertex 16.5863 2.43843 11.7912
      vertex 25.6 2.43843 4.00982
      vertex 16.5455 2.43843 11.5859
    endloop
  endfacet
  facet normal 0 1 0
    outer loop
      vertex 16.6 2.43843 12
      vertex 25.6 2.43843 4.00982
      vertex 16.5863 2.43843 11.7912
    endloop
  endfacet
  facet normal 0 1 -0
    outer loop
      vertex 14.7912 2.43843 61.5863
      vertex 4.4 2.43843 67.9902
      vertex 15 2.43843 61.6
    endloop
  endfacet
  facet normal 0 1 -0
    outer loop
      vertex 14.5859 2.43843 61.5455
      vertex 4.4 2.43843 67.9902
      vertex 14.7912 2.43843 61.5863
    endloop
  endfacet
  facet normal 0 1 -0
    outer loop
      vertex 14.3877 2.43843 61.4782
      vertex 4.4 2.43843 67.9902
      vertex 14.5859 2.43843 61.5455
    endloop
  endfacet
  facet normal 0 1 -0
    outer loop
      vertex 14.2 2.43843 61.3856
      vertex 4.4 2.43843 67.9902
      vertex 14.3877 2.43843 61.4782
    endloop
  endfacet
  facet normal 0 1 -0
    outer loop
      vertex 14.026 2.43843 61.2694
      vertex 4.4 2.43843 67.9902
      vertex 14.2 2.43843 61.3856
    endloop
  endfacet
  facet normal 0 1 -0
    outer loop
      vertex 13.8686 2.43843 61.1314
      vertex 4.4 2.43843 67.9902
      vertex 14.026 2.43843 61.2694
    endloop
  endfacet
  facet normal 0 1 -0
    outer loop
      vertex 13.7306 2.43843 60.974
      vertex 4.4 2.43843 67.9902
      vertex 13.8686 2.43843 61.1314
    endloop
  endfacet
  facet normal 0 1 -0
    outer loop
      vertex 13.6144 2.43843 60.8
      vertex 4.4 2.43843 67.9902
      vertex 13.7306 2.43843 60.974
    endloop
  endfacet
  facet normal 0 1 -0
    outer loop
      vertex 13.5218 2.43843 60.6123
      vertex 4.4 2.43843 67.9902
      vertex 13.6144 2.43843 60.8
    endloop
  endfacet
  facet normal 0 1 -0
    outer loop
      vertex 13.4545 2.43843 60.4141
      vertex 4.4 2.43843 67.9902
      vertex 13.5218 2.43843 60.6123
    endloop
  endfacet
  facet normal 0 1 -0
    outer loop
      vertex 13.4137 2.43843 60.2088
      vertex 4.4 2.43843 67.9902
      vertex 13.4545 2.43843 60.4141
    endloop
  endfacet
  facet normal 0 1 -0
    outer loop
      vertex 13.4 2.43843 60
      vertex 4.4 2.43843 67.9902
      vertex 13.4137 2.43843 60.2088
    endloop
  endfacet
  facet normal 0 1 0
    outer loop
      vertex 13.4137 2.43843 59.7912
      vertex 4.4 2.43843 67.9902
      vertex 13.4 2.43843 60
    endloop
  endfacet
  facet normal 0 1 0
    outer loop
      vertex 13.4545 2.43843 59.5859
      vertex 4.4 2.43843 67.9902
      vertex 13.4137 2.43843 59.7912
    endloop
  endfacet
  facet normal 0 1 0
    outer loop
      vertex 13.5218 2.43843 59.3877
      vertex 4.4 2.43843 67.9902
      vertex 13.4545 2.43843 59.5859
    endloop
  endfacet
  facet normal 0 1 0
    outer loop
      vertex 13.6144 2.43843 59.2
      vertex 4.4 2.43843 67.9902
      vertex 13.5218 2.43843 59.3877
    endloop
  endfacet
  facet normal 0 1 0
    outer loop
      vertex 13.7306 2.43843 59.026
      vertex 4.4 2.43843 67.9902
      vertex 13.6144 2.43843 59.2
    endloop
  endfacet
  facet normal 0 1 0
    outer loop
      vertex 13.7306 2.43843 12.974
      vertex 13.7306 2.43843 59.026
      vertex 13.8686 2.43843 58.8686
    endloop
  endfacet
  facet normal 0 1 -0
    outer loop
      vertex 15 2.43843 13.6
      vertex 14.7912 2.43843 58.4137
      vertex 15 2.43843 58.4
    endloop
  endfacet
  facet normal 0 1 0
    outer loop
      vertex 14.7912 2.43843 13.5863
      vertex 14.7912 2.43843 58.4137
      vertex 15 2.43843 13.6
    endloop
  endfacet
  facet normal 0 1 0
    outer loop
      vertex 14.7912 2.43843 58.4137
      vertex 14.7912 2.43843 13.5863
      vertex 14.5859 2.43843 58.4545
    endloop
  endfacet
  facet normal 0 1 0
    outer loop
      vertex 14.5859 2.43843 13.5455
      vertex 14.5859 2.43843 58.4545
      vertex 14.7912 2.43843 13.5863
    endloop
  endfacet
  facet normal 0 1 0
    outer loop
      vertex 14.5859 2.43843 58.4545
      vertex 14.5859 2.43843 13.5455
      vertex 14.3877 2.43843 58.5218
    endloop
  endfacet
  facet normal 0 1 0
    outer loop
      vertex 14.3877 2.43843 13.4782
      vertex 14.3877 2.43843 58.5218
      vertex 14.5859 2.43843 13.5455
    endloop
  endfacet
  facet normal 0 1 0
    outer loop
      vertex 14.3877 2.43843 58.5218
      vertex 14.3877 2.43843 13.4782
      vertex 14.2 2.43843 58.6144
    endloop
  endfacet
  facet normal 0 1 0
    outer loop
      vertex 14.2 2.43843 13.3856
      vertex 14.2 2.43843 58.6144
      vertex 14.3877 2.43843 13.4782
    endloop
  endfacet
  facet normal 0 1 0
    outer loop
      vertex 14.2 2.43843 58.6144
      vertex 14.2 2.43843 13.3856
      vertex 14.026 2.43843 58.7306
    endloop
  endfacet
  facet normal 0 1 0
    outer loop
      vertex 14.026 2.43843 13.2694
      vertex 14.026 2.43843 58.7306
      vertex 14.2 2.43843 13.3856
    endloop
  endfacet
  facet normal 0 1 0
    outer loop
      vertex 14.026 2.43843 58.7306
      vertex 14.026 2.43843 13.2694
      vertex 13.8686 2.43843 58.8686
    endloop
  endfacet
  facet normal 0 1 0
    outer loop
      vertex 13.8686 2.43843 13.1314
      vertex 13.8686 2.43843 58.8686
      vertex 14.026 2.43843 13.2694
    endloop
  endfacet
  facet normal 0 1 0
    outer loop
      vertex 13.7306 2.43843 12.974
      vertex 13.8686 2.43843 58.8686
      vertex 13.8686 2.43843 13.1314
    endloop
  endfacet
  facet normal 0 1 0
    outer loop
      vertex 13.7306 2.43843 59.026
      vertex 13.7306 2.43843 12.974
      vertex 4.4 2.43843 67.9902
    endloop
  endfacet
  facet normal 0 1 0
    outer loop
      vertex 4.4 2.43843 4.00982
      vertex 13.7306 2.43843 12.974
      vertex 13.6144 2.43843 12.8
    endloop
  endfacet
  facet normal 0 1 0
    outer loop
      vertex 4.4 2.43843 4.00982
      vertex 13.6144 2.43843 12.8
      vertex 13.5218 2.43843 12.6123
    endloop
  endfacet
  facet normal 0 1 0
    outer loop
      vertex 4.4 2.43843 4.00982
      vertex 13.5218 2.43843 12.6123
      vertex 13.4545 2.43843 12.4141
    endloop
  endfacet
  facet normal 0 1 0
    outer loop
      vertex 4.4 2.43843 4.00982
      vertex 13.4545 2.43843 12.4141
      vertex 13.4137 2.43843 12.2088
    endloop
  endfacet
  facet normal 0 1 0
    outer loop
      vertex 4.4 2.43843 4.00982
      vertex 13.4137 2.43843 12.2088
      vertex 13.4 2.43843 12
    endloop
  endfacet
  facet normal 0 1 0
    outer loop
      vertex 4.4 2.43843 4.00982
      vertex 13.4 2.43843 12
      vertex 13.4137 2.43843 11.7912
    endloop
  endfacet
  facet normal 0 1 0
    outer loop
      vertex 4.4 2.43843 4.00982
      vertex 15 2.43843 10.4
      vertex 25.6 2.43843 4.00982
    endloop
  endfacet
  facet normal 0 1 0
    outer loop
      vertex 15 2.43843 10.4
      vertex 4.4 2.43843 4.00982
      vertex 14.7912 2.43843 10.4137
    endloop
  endfacet
  facet normal 0 1 0
    outer loop
      vertex 14.7912 2.43843 10.4137
      vertex 4.4 2.43843 4.00982
      vertex 14.5859 2.43843 10.4545
    endloop
  endfacet
  facet normal 0 1 0
    outer loop
      vertex 14.5859 2.43843 10.4545
      vertex 4.4 2.43843 4.00982
      vertex 14.3877 2.43843 10.5218
    endloop
  endfacet
  facet normal 0 1 0
    outer loop
      vertex 13.7306 2.43843 12.974
      vertex 4.4 2.43843 4.00982
      vertex 4.4 2.43843 67.9902
    endloop
  endfacet
  facet normal 0 1 0
    outer loop
      vertex 13.4545 2.43843 11.5859
      vertex 4.4 2.43843 4.00982
      vertex 13.4137 2.43843 11.7912
    endloop
  endfacet
  facet normal 0 1 0
    outer loop
      vertex 13.5218 2.43843 11.3877
      vertex 4.4 2.43843 4.00982
      vertex 13.4545 2.43843 11.5859
    endloop
  endfacet
  facet normal 0 1 0
    outer loop
      vertex 13.6144 2.43843 11.2
      vertex 4.4 2.43843 4.00982
      vertex 13.5218 2.43843 11.3877
    endloop
  endfacet
  facet normal 0 1 0
    outer loop
      vertex 13.7306 2.43843 11.026
      vertex 4.4 2.43843 4.00982
      vertex 13.6144 2.43843 11.2
    endloop
  endfacet
  facet normal 0 1 0
    outer loop
      vertex 13.8686 2.43843 10.8686
      vertex 4.4 2.43843 4.00982
      vertex 13.7306 2.43843 11.026
    endloop
  endfacet
  facet normal 0 1 0
    outer loop
      vertex 14.026 2.43843 10.7306
      vertex 4.4 2.43843 4.00982
      vertex 13.8686 2.43843 10.8686
    endloop
  endfacet
  facet normal 0 1 0
    outer loop
      vertex 14.2 2.43843 10.6144
      vertex 4.4 2.43843 4.00982
      vertex 14.026 2.43843 10.7306
    endloop
  endfacet
  facet normal 0 1 0
    outer loop
      vertex 14.3877 2.43843 10.5218
      vertex 4.4 2.43843 4.00982
      vertex 14.2 2.43843 10.6144
    endloop
  endfacet
  facet normal 0.216185 0.323551 -0.921183
    outer loop
      vertex 4.1241 4.1241 69.5616
      vertex 3.97478 3.37344 69.2629
      vertex 3.6143 3.6143 69.2629
    endloop
  endfacet
  facet normal -0.593605 0.396654 0.700213
    outer loop
      vertex 26.7759 3.22412 3.28886
      vertex 27.1364 3.76362 3.28886
      vertex 26.6266 3.97478 2.73706
    endloop
  endfacet
  facet normal 0.770293 -0.514763 0.376389
    outer loop
      vertex 2.86364 24.2364 3.28886
      vertex 3.01296 24.987 4.00982
      vertex 2.58774 24.3507 4.00982
    endloop
  endfacet
  facet normal 0.555647 -0.831419 0
    outer loop
      vertex 3.01296 24.987 4.00982
      vertex 3.64934 25.4123 67.9902
      vertex 3.01296 24.987 67.9902
    endloop
  endfacet
  facet normal 0.555647 -0.831419 0
    outer loop
      vertex 3.64934 25.4123 67.9902
      vertex 3.01296 24.987 4.00982
      vertex 3.64934 25.4123 4.00982
    endloop
  endfacet
  facet normal 0.18072 -0.908637 0.376456
    outer loop
      vertex 4.4 25.2629 3.28886
      vertex 4.4 25.5616 4.00982
      vertex 3.64934 25.4123 4.00982
    endloop
  endfacet
  facet normal 0.139194 -0.700239 -0.700207
    outer loop
      vertex 4.4 25.2629 68.7111
      vertex 3.97478 24.6266 69.2629
      vertex 3.76362 25.1364 68.7111
    endloop
  endfacet
  facet normal 0.382682 0 0.92388
    outer loop
      vertex 3.28886 23.6 2.73706
      vertex 4.00982 4.4 2.43843
      vertex 4.00982 23.6 2.43843
    endloop
  endfacet
  facet normal 0.382682 0 0.92388
    outer loop
      vertex 4.00982 4.4 2.43843
      vertex 3.28886 23.6 2.73706
      vertex 3.28886 4.4 2.73706
    endloop
  endfacet
  facet normal -0.707107 0 -0.707107
    outer loop
      vertex 27.2629 4.4 68.7111
      vertex 26.7111 23.6 69.2629
      vertex 27.2629 23.6 68.7111
    endloop
  endfacet
  facet normal -0.707107 -0 -0.707107
    outer loop
      vertex 26.7111 23.6 69.2629
      vertex 27.2629 4.4 68.7111
      vertex 26.7111 4.4 69.2629
    endloop
  endfacet
  facet normal -0.180624 -0.908689 0.376377
    outer loop
      vertex 26.2364 25.1364 3.28886
      vertex 26.3507 25.4123 4.00982
      vertex 25.6 25.2629 3.28886
    endloop
  endfacet
  facet normal -0.555623 0.831435 0
    outer loop
      vertex 26.987 3.01296 4.00982
      vertex 26.3507 2.58774 67.9902
      vertex 26.987 3.01296 67.9902
    endloop
  endfacet
  facet normal -0.555623 0.831435 0
    outer loop
      vertex 26.3507 2.58774 67.9902
      vertex 26.987 3.01296 4.00982
      vertex 26.3507 2.58774 4.00982
    endloop
  endfacet
  facet normal -0.38157 0.075895 0.921219
    outer loop
      vertex 26.6266 3.97478 2.73706
      vertex 25.9902 4.4 2.43843
      vertex 25.9605 4.25068 2.43843
    endloop
  endfacet
  facet normal -0.382709 0 0.923869
    outer loop
      vertex 25.9902 23.6 2.43843
      vertex 26.7111 4.4 2.73706
      vertex 26.7111 23.6 2.73706
    endloop
  endfacet
  facet normal -0.382709 0 0.923869
    outer loop
      vertex 26.7111 4.4 2.73706
      vertex 25.9902 23.6 2.43843
      vertex 25.9902 4.4 2.43843
    endloop
  endfacet
  facet normal -0.139285 0.700214 -0.700214
    outer loop
      vertex 25.6 3.28886 69.2629
      vertex 26.0252 3.37344 69.2629
      vertex 25.6 2.73706 68.7111
    endloop
  endfacet
  facet normal 0.700214 -0.139285 -0.700214
    outer loop
      vertex 3.37344 24.0252 69.2629
      vertex 3.28886 23.6 69.2629
      vertex 2.73706 23.6 68.7111
    endloop
  endfacet
  facet normal -0.195073 0.980789 0
    outer loop
      vertex 26.3507 2.58774 4.00982
      vertex 25.6 2.43843 67.9902
      vertex 26.3507 2.58774 67.9902
    endloop
  endfacet
  facet normal -0.195073 0.980789 0
    outer loop
      vertex 25.6 2.43843 67.9902
      vertex 26.3507 2.58774 4.00982
      vertex 25.6 2.43843 4.00982
    endloop
  endfacet
  facet normal 0.0759119 0.381655 -0.921182
    outer loop
      vertex 4.25068 4.03952 69.5616
      vertex 4.4 4.00982 69.5616
      vertex 3.97478 3.37344 69.2629
    endloop
  endfacet
  facet normal -0.77029 0.514794 -0.376352
    outer loop
      vertex 27.4123 3.64934 67.9902
      vertex 26.987 3.01296 67.9902
      vertex 26.7759 3.22412 68.7111
    endloop
  endfacet
  facet normal -0.908637 0.18072 0.376456
    outer loop
      vertex 27.4123 3.64934 4.00982
      vertex 27.5616 4.4 4.00982
      vertex 27.2629 4.4 3.28886
    endloop
  endfacet
  facet normal 0.180737 0.908654 -0.376408
    outer loop
      vertex 3.76362 2.86364 68.7111
      vertex 4.4 2.73706 68.7111
      vertex 3.64934 2.58774 67.9902
    endloop
  endfacet
  facet normal -0.0759179 0.381654 -0.921182
    outer loop
      vertex 25.6 4.00982 69.5616
      vertex 26.0252 3.37344 69.2629
      vertex 25.6 3.28886 69.2629
    endloop
  endfacet
  facet normal 0.770283 -0.514757 -0.376415
    outer loop
      vertex 3.01296 24.987 67.9902
      vertex 2.86364 24.2364 68.7111
      vertex 2.58774 24.3507 67.9902
    endloop
  endfacet
  facet normal 0.908653 -0.180731 -0.376411
    outer loop
      vertex 2.86364 24.2364 68.7111
      vertex 2.73706 23.6 68.7111
      vertex 2.58774 24.3507 67.9902
    endloop
  endfacet
  facet normal 0 -0.382786 -0.923837
    outer loop
      vertex 4.4 23.9902 69.5616
      vertex 25.6 24.7111 69.2629
      vertex 25.6 23.9902 69.5616
    endloop
  endfacet
  facet normal -0 -0.382786 -0.923837
    outer loop
      vertex 25.6 24.7111 69.2629
      vertex 4.4 23.9902 69.5616
      vertex 4.4 24.7111 69.2629
    endloop
  endfacet
  facet normal 0.382758 0 -0.923848
    outer loop
      vertex 3.28886 4.4 69.2629
      vertex 4.00982 23.6 69.5616
      vertex 4.00982 4.4 69.5616
    endloop
  endfacet
  facet normal 0.382758 0 -0.923848
    outer loop
      vertex 4.00982 23.6 69.5616
      vertex 3.28886 4.4 69.2629
      vertex 3.28886 23.6 69.2629
    endloop
  endfacet
  facet normal 0.770335 -0.514718 -0.376364
    outer loop
      vertex 3.01296 24.987 67.9902
      vertex 3.22412 24.7759 68.7111
      vertex 2.86364 24.2364 68.7111
    endloop
  endfacet
  facet normal 0.323556 -0.216177 -0.921183
    outer loop
      vertex 3.6143 24.3857 69.2629
      vertex 4.03952 23.7493 69.5616
      vertex 3.37344 24.0252 69.2629
    endloop
  endfacet
  facet normal -0.908638 -0.180711 0.376457
    outer loop
      vertex 27.5616 23.6 4.00982
      vertex 27.4123 24.3507 4.00982
      vertex 27.2629 23.6 3.28886
    endloop
  endfacet
  facet normal 0.980789 -0.195073 0
    outer loop
      vertex 2.43843 23.6 67.9902
      vertex 2.58774 24.3507 4.00982
      vertex 2.58774 24.3507 67.9902
    endloop
  endfacet
  facet normal 0.980789 -0.195073 0
    outer loop
      vertex 2.58774 24.3507 4.00982
      vertex 2.43843 23.6 67.9902
      vertex 2.43843 23.6 4.00982
    endloop
  endfacet
  facet normal 0 -0.707107 -0.707107
    outer loop
      vertex 4.4 25.2629 68.7111
      vertex 25.6 24.7111 69.2629
      vertex 4.4 24.7111 69.2629
    endloop
  endfacet
  facet normal 0 -0.707107 -0.707107
    outer loop
      vertex 25.6 24.7111 69.2629
      vertex 4.4 25.2629 68.7111
      vertex 25.6 25.2629 68.7111
    endloop
  endfacet
  facet normal -0.0758368 -0.381607 0.921208
    outer loop
      vertex 26.0252 24.6266 2.73706
      vertex 25.6 24.7111 2.73706
      vertex 25.6 23.9902 2.43843
    endloop
  endfacet
  facet normal -0.323537 -0.2162 -0.921185
    outer loop
      vertex 26.3857 24.3857 69.2629
      vertex 26.6266 24.0252 69.2629
      vertex 25.9605 23.7493 69.5616
    endloop
  endfacet
  facet normal -1 0 0
    outer loop
      vertex 27.5616 4.4 4.00982
      vertex 27.5616 23.6 67.9902
      vertex 27.5616 23.6 4.00982
    endloop
  endfacet
  facet normal -1 -0 0
    outer loop
      vertex 27.5616 23.6 67.9902
      vertex 27.5616 4.4 4.00982
      vertex 27.5616 4.4 67.9902
    endloop
  endfacet
  facet normal -0.180622 -0.908678 -0.376404
    outer loop
      vertex 26.3507 25.4123 67.9902
      vertex 26.2364 25.1364 68.7111
      vertex 25.6 25.2629 68.7111
    endloop
  endfacet
  facet normal 0.381652 -0.0759214 -0.921183
    outer loop
      vertex 4.03952 23.7493 69.5616
      vertex 4.00982 23.6 69.5616
      vertex 3.37344 24.0252 69.2629
    endloop
  endfacet
  facet normal -0.514718 0.770335 -0.376364
    outer loop
      vertex 26.7759 3.22412 68.7111
      vertex 26.987 3.01296 67.9902
      vertex 26.2364 2.86364 68.7111
    endloop
  endfacet
  facet normal -0.908626 0.180718 -0.376483
    outer loop
      vertex 27.5616 4.4 67.9902
      vertex 27.4123 3.64934 67.9902
      vertex 27.2629 4.4 68.7111
    endloop
  endfacet
  facet normal -0.323471 -0.216158 0.921218
    outer loop
      vertex 25.9605 23.7493 2.43843
      vertex 26.3857 24.3857 2.73706
      vertex 25.8759 23.8759 2.43843
    endloop
  endfacet
  facet normal 0.92388 -0 0.382682
    outer loop
      vertex 2.43843 4.4 4.00982
      vertex 2.73706 23.6 3.28886
      vertex 2.43843 23.6 4.00982
    endloop
  endfacet
  facet normal 0.92388 0 0.382682
    outer loop
      vertex 2.73706 23.6 3.28886
      vertex 2.43843 4.4 4.00982
      vertex 2.73706 4.4 3.28886
    endloop
  endfacet
  facet normal -0.514724 0.770344 0.376337
    outer loop
      vertex 26.987 3.01296 4.00982
      vertex 26.7759 3.22412 3.28886
      vertex 26.2364 2.86364 3.28886
    endloop
  endfacet
  facet normal 0.700214 0.139277 -0.700216
    outer loop
      vertex 3.37344 3.97478 69.2629
      vertex 2.86364 3.76362 68.7111
      vertex 2.73706 4.4 68.7111
    endloop
  endfacet
  facet normal 0.770322 0.51471 -0.376401
    outer loop
      vertex 3.22412 3.22412 68.7111
      vertex 3.01296 3.01296 67.9902
      vertex 2.86364 3.76362 68.7111
    endloop
  endfacet
  facet normal -0.700239 0.139194 -0.700207
    outer loop
      vertex 27.2629 4.4 68.7111
      vertex 27.1364 3.76362 68.7111
      vertex 26.6266 3.97478 69.2629
    endloop
  endfacet
  facet normal -0.908678 -0.180622 -0.376404
    outer loop
      vertex 27.4123 24.3507 67.9902
      vertex 27.2629 23.6 68.7111
      vertex 27.1364 24.2364 68.7111
    endloop
  endfacet
  facet normal 0 0.707107 -0.707107
    outer loop
      vertex 25.6 2.73706 68.7111
      vertex 4.4 3.28886 69.2629
      vertex 25.6 3.28886 69.2629
    endloop
  endfacet
  facet normal 0 0.707107 -0.707107
    outer loop
      vertex 4.4 3.28886 69.2629
      vertex 25.6 2.73706 68.7111
      vertex 4.4 2.73706 68.7111
    endloop
  endfacet
  facet normal 0.514714 0.770316 -0.376407
    outer loop
      vertex 3.76362 2.86364 68.7111
      vertex 3.64934 2.58774 67.9902
      vertex 3.01296 3.01296 67.9902
    endloop
  endfacet
  facet normal 0.396635 0.593619 -0.700212
    outer loop
      vertex 3.6143 3.6143 69.2629
      vertex 3.97478 3.37344 69.2629
      vertex 3.22412 3.22412 68.7111
    endloop
  endfacet
  facet normal 0.0758483 -0.381683 -0.921176
    outer loop
      vertex 4.4 24.7111 69.2629
      vertex 4.4 23.9902 69.5616
      vertex 3.97478 24.6266 69.2629
    endloop
  endfacet
  facet normal 0.180628 -0.908679 -0.3764
    outer loop
      vertex 4.4 25.2629 68.7111
      vertex 3.76362 25.1364 68.7111
      vertex 3.64934 25.4123 67.9902
    endloop
  endfacet
  facet normal 0.514794 -0.77029 -0.376352
    outer loop
      vertex 3.64934 25.4123 67.9902
      vertex 3.22412 24.7759 68.7111
      vertex 3.01296 24.987 67.9902
    endloop
  endfacet
  facet normal 0.831435 -0.555623 0
    outer loop
      vertex 2.58774 24.3507 67.9902
      vertex 3.01296 24.987 4.00982
      vertex 3.01296 24.987 67.9902
    endloop
  endfacet
  facet normal 0.831435 -0.555623 0
    outer loop
      vertex 3.01296 24.987 4.00982
      vertex 2.58774 24.3507 67.9902
      vertex 2.58774 24.3507 4.00982
    endloop
  endfacet
  facet normal -0.180711 -0.908638 0.376457
    outer loop
      vertex 26.3507 25.4123 4.00982
      vertex 25.6 25.5616 4.00982
      vertex 25.6 25.2629 3.28886
    endloop
  endfacet
  facet normal -0.514852 -0.77028 0.376292
    outer loop
      vertex 26.7759 24.7759 3.28886
      vertex 26.987 24.987 4.00982
      vertex 26.3507 25.4123 4.00982
    endloop
  endfacet
  facet normal -0.323536 -0.216201 -0.921185
    outer loop
      vertex 26.3857 24.3857 69.2629
      vertex 25.9605 23.7493 69.5616
      vertex 25.8759 23.8759 69.5616
    endloop
  endfacet
  facet normal -0.555695 -0.831386 0
    outer loop
      vertex 26.3507 25.4123 4.00982
      vertex 26.987 24.987 67.9902
      vertex 26.3507 25.4123 67.9902
    endloop
  endfacet
  facet normal -0.555695 -0.831386 -0
    outer loop
      vertex 26.987 24.987 67.9902
      vertex 26.3507 25.4123 4.00982
      vertex 26.987 24.987 4.00982
    endloop
  endfacet
  facet normal -0.770271 -0.514846 -0.376319
    outer loop
      vertex 26.987 24.987 67.9902
      vertex 27.4123 24.3507 67.9902
      vertex 26.7759 24.7759 68.7111
    endloop
  endfacet
  facet normal 0 -0.923837 -0.382786
    outer loop
      vertex 4.4 25.5616 67.9902
      vertex 25.6 25.2629 68.7111
      vertex 4.4 25.2629 68.7111
    endloop
  endfacet
  facet normal 0 -0.923837 -0.382786
    outer loop
      vertex 25.6 25.2629 68.7111
      vertex 4.4 25.5616 67.9902
      vertex 25.6 25.5616 67.9902
    endloop
  endfacet
  facet normal 0.381654 -0.0759179 -0.921182
    outer loop
      vertex 3.37344 24.0252 69.2629
      vertex 4.00982 23.6 69.5616
      vertex 3.28886 23.6 69.2629
    endloop
  endfacet
  facet normal -0.382786 0 -0.923837
    outer loop
      vertex 25.9902 4.4 69.5616
      vertex 26.7111 23.6 69.2629
      vertex 26.7111 4.4 69.2629
    endloop
  endfacet
  facet normal -0.382786 0 -0.923837
    outer loop
      vertex 26.7111 23.6 69.2629
      vertex 25.9902 4.4 69.5616
      vertex 25.9902 23.6 69.5616
    endloop
  endfacet
  facet normal -0.770299 0.5148 0.376325
    outer loop
      vertex 26.987 3.01296 4.00982
      vertex 27.4123 3.64934 4.00982
      vertex 26.7759 3.22412 3.28886
    endloop
  endfacet
  facet normal 0.180739 0.908664 0.376381
    outer loop
      vertex 4.4 2.73706 3.28886
      vertex 3.76362 2.86364 3.28886
      vertex 3.64934 2.58774 4.00982
    endloop
  endfacet
  facet normal 0.593614 0.396638 0.700215
    outer loop
      vertex 3.22412 3.22412 3.28886
      vertex 3.37344 3.97478 2.73706
      vertex 2.86364 3.76362 3.28886
    endloop
  endfacet
  facet normal 0.831467 0.555574 0
    outer loop
      vertex 3.01296 3.01296 67.9902
      vertex 2.58774 3.64934 4.00982
      vertex 2.58774 3.64934 67.9902
    endloop
  endfacet
  facet normal 0.831467 0.555574 0
    outer loop
      vertex 2.58774 3.64934 4.00982
      vertex 3.01296 3.01296 67.9902
      vertex 3.01296 3.01296 4.00982
    endloop
  endfacet
  facet normal 0.139279 0.700215 0.700215
    outer loop
      vertex 4.4 2.73706 3.28886
      vertex 4.4 3.28886 2.73706
      vertex 3.97478 3.37344 2.73706
    endloop
  endfacet
  facet normal 0.396654 -0.593605 0.700213
    outer loop
      vertex 3.97478 24.6266 2.73706
      vertex 3.76362 25.1364 3.28886
      vertex 3.22412 24.7759 3.28886
    endloop
  endfacet
  facet normal 0.593614 0.396638 -0.700215
    outer loop
      vertex 3.37344 3.97478 69.2629
      vertex 3.22412 3.22412 68.7111
      vertex 2.86364 3.76362 68.7111
    endloop
  endfacet
  facet normal 0.0759143 0.381654 -0.921183
    outer loop
      vertex 4.4 4.00982 69.5616
      vertex 4.4 3.28886 69.2629
      vertex 3.97478 3.37344 69.2629
    endloop
  endfacet
  facet normal 0.593624 -0.396617 -0.700218
    outer loop
      vertex 3.6143 24.3857 69.2629
      vertex 3.37344 24.0252 69.2629
      vertex 3.22412 24.7759 68.7111
    endloop
  endfacet
  facet normal 0.593619 0.396635 -0.700212
    outer loop
      vertex 3.37344 3.97478 69.2629
      vertex 3.6143 3.6143 69.2629
      vertex 3.22412 3.22412 68.7111
    endloop
  endfacet
  facet normal 0.323551 0.216185 -0.921183
    outer loop
      vertex 4.1241 4.1241 69.5616
      vertex 3.6143 3.6143 69.2629
      vertex 3.37344 3.97478 69.2629
    endloop
  endfacet
  facet normal -0.908679 0.180628 -0.3764
    outer loop
      vertex 27.2629 4.4 68.7111
      vertex 27.4123 3.64934 67.9902
      vertex 27.1364 3.76362 68.7111
    endloop
  endfacet
  facet normal -0.180727 0.908656 -0.376407
    outer loop
      vertex 25.6 2.73706 68.7111
      vertex 26.3507 2.58774 67.9902
      vertex 25.6 2.43843 67.9902
    endloop
  endfacet
  facet normal 0.593602 -0.39663 -0.700229
    outer loop
      vertex 3.22412 24.7759 68.7111
      vertex 3.37344 24.0252 69.2629
      vertex 2.86364 24.2364 68.7111
    endloop
  endfacet
  facet normal 0.700211 -0.139272 -0.70022
    outer loop
      vertex 2.86364 24.2364 68.7111
      vertex 3.37344 24.0252 69.2629
      vertex 2.73706 23.6 68.7111
    endloop
  endfacet
  facet normal -0.700227 -0.139156 -0.700227
    outer loop
      vertex 27.2629 23.6 68.7111
      vertex 26.7111 23.6 69.2629
      vertex 26.6266 24.0252 69.2629
    endloop
  endfacet
  facet normal 0.13915 -0.700228 -0.700228
    outer loop
      vertex 4.4 25.2629 68.7111
      vertex 4.4 24.7111 69.2629
      vertex 3.97478 24.6266 69.2629
    endloop
  endfacet
  facet normal 0.514728 -0.770307 -0.376406
    outer loop
      vertex 3.64934 25.4123 67.9902
      vertex 3.76362 25.1364 68.7111
      vertex 3.22412 24.7759 68.7111
    endloop
  endfacet
  facet normal 0.396654 -0.593605 -0.700213
    outer loop
      vertex 3.76362 25.1364 68.7111
      vertex 3.97478 24.6266 69.2629
      vertex 3.22412 24.7759 68.7111
    endloop
  endfacet
  facet normal 0.514734 -0.770317 0.376379
    outer loop
      vertex 3.76362 25.1364 3.28886
      vertex 3.64934 25.4123 4.00982
      vertex 3.22412 24.7759 3.28886
    endloop
  endfacet
  facet normal 0.139194 -0.700239 0.700207
    outer loop
      vertex 3.97478 24.6266 2.73706
      vertex 4.4 25.2629 3.28886
      vertex 3.76362 25.1364 3.28886
    endloop
  endfacet
  facet normal 0.13915 -0.700228 0.700228
    outer loop
      vertex 4.4 24.7111 2.73706
      vertex 4.4 25.2629 3.28886
      vertex 3.97478 24.6266 2.73706
    endloop
  endfacet
  facet normal -0.514731 -0.770312 0.376391
    outer loop
      vertex 26.7759 24.7759 3.28886
      vertex 26.3507 25.4123 4.00982
      vertex 26.2364 25.1364 3.28886
    endloop
  endfacet
  facet normal 0.323549 0.216193 -0.921182
    outer loop
      vertex 4.03952 4.25068 69.5616
      vertex 4.1241 4.1241 69.5616
      vertex 3.37344 3.97478 69.2629
    endloop
  endfacet
  facet normal -0.593589 -0.396643 -0.700233
    outer loop
      vertex 26.7759 24.7759 68.7111
      vertex 27.1364 24.2364 68.7111
      vertex 26.3857 24.3857 69.2629
    endloop
  endfacet
  facet normal -0.908628 -0.180709 -0.376484
    outer loop
      vertex 27.4123 24.3507 67.9902
      vertex 27.5616 23.6 67.9902
      vertex 27.2629 23.6 68.7111
    endloop
  endfacet
  facet normal -0.195061 -0.980791 0
    outer loop
      vertex 25.6 25.5616 4.00982
      vertex 26.3507 25.4123 67.9902
      vertex 25.6 25.5616 67.9902
    endloop
  endfacet
  facet normal -0.195061 -0.980791 -0
    outer loop
      vertex 26.3507 25.4123 67.9902
      vertex 25.6 25.5616 4.00982
      vertex 26.3507 25.4123 4.00982
    endloop
  endfacet
  facet normal -0.923837 0 -0.382786
    outer loop
      vertex 27.5616 4.4 67.9902
      vertex 27.2629 23.6 68.7111
      vertex 27.5616 23.6 67.9902
    endloop
  endfacet
  facet normal -0.923837 -0 -0.382786
    outer loop
      vertex 27.2629 23.6 68.7111
      vertex 27.5616 4.4 67.9902
      vertex 27.2629 4.4 68.7111
    endloop
  endfacet
  facet normal -0.381607 0.0758332 0.921209
    outer loop
      vertex 26.6266 3.97478 2.73706
      vertex 26.7111 4.4 2.73706
      vertex 25.9902 4.4 2.43843
    endloop
  endfacet
  facet normal -0.77028 -0.514852 0.376292
    outer loop
      vertex 27.4123 24.3507 4.00982
      vertex 26.987 24.987 4.00982
      vertex 26.7759 24.7759 3.28886
    endloop
  endfacet
  facet normal -0.381646 0.0759101 -0.921186
    outer loop
      vertex 25.9902 4.4 69.5616
      vertex 26.6266 3.97478 69.2629
      vertex 25.9605 4.25068 69.5616
    endloop
  endfacet
  facet normal -0.0759214 0.381652 -0.921183
    outer loop
      vertex 25.7493 4.03952 69.5616
      vertex 26.0252 3.37344 69.2629
      vertex 25.6 4.00982 69.5616
    endloop
  endfacet
  facet normal 0 -0.382709 0.923869
    outer loop
      vertex 4.4 24.7111 2.73706
      vertex 25.6 23.9902 2.43843
      vertex 25.6 24.7111 2.73706
    endloop
  endfacet
  facet normal 0 -0.382709 0.923869
    outer loop
      vertex 25.6 23.9902 2.43843
      vertex 4.4 24.7111 2.73706
      vertex 4.4 23.9902 2.43843
    endloop
  endfacet
  facet normal -0.323473 -0.216157 0.921217
    outer loop
      vertex 26.6266 24.0252 2.73706
      vertex 26.3857 24.3857 2.73706
      vertex 25.9605 23.7493 2.43843
    endloop
  endfacet
  facet normal 0.195083 0.980787 -0
    outer loop
      vertex 4.4 2.43843 4.00982
      vertex 3.64934 2.58774 67.9902
      vertex 4.4 2.43843 67.9902
    endloop
  endfacet
  facet normal 0.195083 0.980787 0
    outer loop
      vertex 3.64934 2.58774 67.9902
      vertex 4.4 2.43843 4.00982
      vertex 3.64934 2.58774 4.00982
    endloop
  endfacet
  facet normal 0.216185 -0.32346 0.921215
    outer loop
      vertex 4.1241 23.8759 2.43843
      vertex 4.25068 23.9605 2.43843
      vertex 3.97478 24.6266 2.73706
    endloop
  endfacet
  facet normal 0.980787 0.195083 0
    outer loop
      vertex 2.58774 3.64934 67.9902
      vertex 2.43843 4.4 4.00982
      vertex 2.43843 4.4 67.9902
    endloop
  endfacet
  facet normal 0.980787 0.195083 0
    outer loop
      vertex 2.43843 4.4 4.00982
      vertex 2.58774 3.64934 67.9902
      vertex 2.58774 3.64934 4.00982
    endloop
  endfacet
  facet normal 0.180736 0.908654 -0.376406
    outer loop
      vertex 4.4 2.73706 68.7111
      vertex 4.4 2.43843 67.9902
      vertex 3.64934 2.58774 67.9902
    endloop
  endfacet
  facet normal 0 0.923869 -0.382709
    outer loop
      vertex 25.6 2.43843 67.9902
      vertex 4.4 2.73706 68.7111
      vertex 25.6 2.73706 68.7111
    endloop
  endfacet
  facet normal 0 0.923869 -0.382709
    outer loop
      vertex 4.4 2.73706 68.7111
      vertex 25.6 2.43843 67.9902
      vertex 4.4 2.43843 67.9902
    endloop
  endfacet
  facet normal 0.555574 0.831467 -0
    outer loop
      vertex 3.64934 2.58774 4.00982
      vertex 3.01296 3.01296 67.9902
      vertex 3.64934 2.58774 67.9902
    endloop
  endfacet
  facet normal 0.555574 0.831467 0
    outer loop
      vertex 3.01296 3.01296 67.9902
      vertex 3.64934 2.58774 4.00982
      vertex 3.01296 3.01296 4.00982
    endloop
  endfacet
  facet normal 0.396638 0.593614 0.700215
    outer loop
      vertex 3.76362 2.86364 3.28886
      vertex 3.97478 3.37344 2.73706
      vertex 3.22412 3.22412 3.28886
    endloop
  endfacet
  facet normal 0.700214 -0.139285 0.700214
    outer loop
      vertex 3.28886 23.6 2.73706
      vertex 3.37344 24.0252 2.73706
      vertex 2.73706 23.6 3.28886
    endloop
  endfacet
  facet normal 0.908664 0.180739 0.376381
    outer loop
      vertex 2.86364 3.76362 3.28886
      vertex 2.73706 4.4 3.28886
      vertex 2.58774 3.64934 4.00982
    endloop
  endfacet
  facet normal 0.0758992 0.381578 0.921215
    outer loop
      vertex 4.4 3.28886 2.73706
      vertex 4.4 4.00982 2.43843
      vertex 3.97478 3.37344 2.73706
    endloop
  endfacet
  facet normal 0.700215 0.139279 -0.700215
    outer loop
      vertex 3.28886 4.4 69.2629
      vertex 3.37344 3.97478 69.2629
      vertex 2.73706 4.4 68.7111
    endloop
  endfacet
  facet normal 0.381654 0.0759143 -0.921183
    outer loop
      vertex 4.00982 4.4 69.5616
      vertex 3.37344 3.97478 69.2629
      vertex 3.28886 4.4 69.2629
    endloop
  endfacet
  facet normal 0.0759101 -0.381646 -0.921186
    outer loop
      vertex 4.4 23.9902 69.5616
      vertex 4.25068 23.9605 69.5616
      vertex 3.97478 24.6266 69.2629
    endloop
  endfacet
  facet normal -0.0759196 -0.381643 -0.921187
    outer loop
      vertex 26.0252 24.6266 69.2629
      vertex 25.7493 23.9605 69.5616
      vertex 25.6 23.9902 69.5616
    endloop
  endfacet
  facet normal -0.396643 -0.593589 0.700233
    outer loop
      vertex 26.3857 24.3857 2.73706
      vertex 26.7759 24.7759 3.28886
      vertex 26.2364 25.1364 3.28886
    endloop
  endfacet
  facet normal 0.18063 -0.908689 0.376373
    outer loop
      vertex 3.76362 25.1364 3.28886
      vertex 4.4 25.2629 3.28886
      vertex 3.64934 25.4123 4.00982
    endloop
  endfacet
  facet normal 0.323501 -0.216127 0.921215
    outer loop
      vertex 4.03952 23.7493 2.43843
      vertex 4.1241 23.8759 2.43843
      vertex 3.6143 24.3857 2.73706
    endloop
  endfacet
  facet normal -0.831386 -0.555695 0
    outer loop
      vertex 27.4123 24.3507 4.00982
      vertex 26.987 24.987 67.9902
      vertex 26.987 24.987 4.00982
    endloop
  endfacet
  facet normal -0.831386 -0.555695 0
    outer loop
      vertex 26.987 24.987 67.9902
      vertex 27.4123 24.3507 4.00982
      vertex 27.4123 24.3507 67.9902
    endloop
  endfacet
  facet normal 0.381655 0.0759119 -0.921182
    outer loop
      vertex 4.00982 4.4 69.5616
      vertex 4.03952 4.25068 69.5616
      vertex 3.37344 3.97478 69.2629
    endloop
  endfacet
  facet normal -0.770303 -0.514725 -0.376418
    outer loop
      vertex 27.4123 24.3507 67.9902
      vertex 27.1364 24.2364 68.7111
      vertex 26.7759 24.7759 68.7111
    endloop
  endfacet
  facet normal -0.514725 -0.770303 -0.376418
    outer loop
      vertex 26.3507 25.4123 67.9902
      vertex 26.7759 24.7759 68.7111
      vertex 26.2364 25.1364 68.7111
    endloop
  endfacet
  facet normal -0.770312 -0.514731 0.376391
    outer loop
      vertex 27.1364 24.2364 3.28886
      vertex 27.4123 24.3507 4.00982
      vertex 26.7759 24.7759 3.28886
    endloop
  endfacet
  facet normal -0.908689 -0.180624 0.376377
    outer loop
      vertex 27.2629 23.6 3.28886
      vertex 27.4123 24.3507 4.00982
      vertex 27.1364 24.2364 3.28886
    endloop
  endfacet
  facet normal -0.21617 0.323565 -0.921182
    outer loop
      vertex 25.8759 4.1241 69.5616
      vertex 26.3857 3.6143 69.2629
      vertex 25.7493 4.03952 69.5616
    endloop
  endfacet
  facet normal -0.396617 0.593624 -0.700218
    outer loop
      vertex 26.3857 3.6143 69.2629
      vertex 26.7759 3.22412 68.7111
      vertex 26.0252 3.37344 69.2629
    endloop
  endfacet
  facet normal -0.770307 0.514728 -0.376406
    outer loop
      vertex 27.1364 3.76362 68.7111
      vertex 27.4123 3.64934 67.9902
      vertex 26.7759 3.22412 68.7111
    endloop
  endfacet
  facet normal -0.323525 0.216228 -0.921182
    outer loop
      vertex 25.9605 4.25068 69.5616
      vertex 26.6266 3.97478 69.2629
      vertex 25.8759 4.1241 69.5616
    endloop
  endfacet
  facet normal -0.32353 0.216207 -0.921185
    outer loop
      vertex 26.6266 3.97478 69.2629
      vertex 26.3857 3.6143 69.2629
      vertex 25.8759 4.1241 69.5616
    endloop
  endfacet
  facet normal -0.593589 -0.396643 0.700233
    outer loop
      vertex 27.1364 24.2364 3.28886
      vertex 26.7759 24.7759 3.28886
      vertex 26.3857 24.3857 2.73706
    endloop
  endfacet
  facet normal -0.593575 0.396672 0.700229
    outer loop
      vertex 26.7759 3.22412 3.28886
      vertex 26.6266 3.97478 2.73706
      vertex 26.3857 3.6143 2.73706
    endloop
  endfacet
  facet normal -0.381607 -0.0758368 0.921208
    outer loop
      vertex 26.7111 23.6 2.73706
      vertex 26.6266 24.0252 2.73706
      vertex 25.9902 23.6 2.43843
    endloop
  endfacet
  facet normal -0.770317 0.514734 0.376379
    outer loop
      vertex 27.4123 3.64934 4.00982
      vertex 27.1364 3.76362 3.28886
      vertex 26.7759 3.22412 3.28886
    endloop
  endfacet
  facet normal -0.323466 0.216164 0.921218
    outer loop
      vertex 26.3857 3.6143 2.73706
      vertex 26.6266 3.97478 2.73706
      vertex 25.8759 4.1241 2.43843
    endloop
  endfacet
  facet normal 0.216193 0.323549 -0.921182
    outer loop
      vertex 4.1241 4.1241 69.5616
      vertex 4.25068 4.03952 69.5616
      vertex 3.97478 3.37344 69.2629
    endloop
  endfacet
  facet normal 0.51471 0.770322 -0.376401
    outer loop
      vertex 3.22412 3.22412 68.7111
      vertex 3.76362 2.86364 68.7111
      vertex 3.01296 3.01296 67.9902
    endloop
  endfacet
  facet normal 1 -0 0
    outer loop
      vertex 2.43843 4.4 67.9902
      vertex 2.43843 23.6 4.00982
      vertex 2.43843 23.6 67.9902
    endloop
  endfacet
  facet normal 1 0 0
    outer loop
      vertex 2.43843 23.6 4.00982
      vertex 2.43843 4.4 67.9902
      vertex 2.43843 4.4 4.00982
    endloop
  endfacet
  facet normal 0.700211 -0.139272 0.70022
    outer loop
      vertex 3.37344 24.0252 2.73706
      vertex 2.86364 24.2364 3.28886
      vertex 2.73706 23.6 3.28886
    endloop
  endfacet
  facet normal 0.908664 -0.180733 0.376385
    outer loop
      vertex 2.73706 23.6 3.28886
      vertex 2.86364 24.2364 3.28886
      vertex 2.58774 24.3507 4.00982
    endloop
  endfacet
  facet normal 0.770331 0.514716 0.376374
    outer loop
      vertex 3.01296 3.01296 4.00982
      vertex 3.22412 3.22412 3.28886
      vertex 2.86364 3.76362 3.28886
    endloop
  endfacet
  facet normal 0.707107 0 -0.707107
    outer loop
      vertex 3.28886 4.4 69.2629
      vertex 2.73706 23.6 68.7111
      vertex 3.28886 23.6 69.2629
    endloop
  endfacet
  facet normal 0.707107 0 -0.707107
    outer loop
      vertex 2.73706 23.6 68.7111
      vertex 3.28886 4.4 69.2629
      vertex 2.73706 4.4 68.7111
    endloop
  endfacet
  facet normal 0 0 -1
    outer loop
      vertex 25.6 4.00982 69.5616
      vertex 25.9902 4.4 69.5616
      vertex 25.9605 4.25068 69.5616
    endloop
  endfacet
  facet normal 0 0 -1
    outer loop
      vertex 25.9902 4.4 69.5616
      vertex 20 7 69.5616
      vertex 25.9902 23.6 69.5616
    endloop
  endfacet
  facet normal 0 0 -1
    outer loop
      vertex 25.6 4.00982 69.5616
      vertex 25.9605 4.25068 69.5616
      vertex 25.8759 4.1241 69.5616
    endloop
  endfacet
  facet normal 0 0 -1
    outer loop
      vertex 20 22 69.5616
      vertex 25.9902 23.6 69.5616
      vertex 20 7 69.5616
    endloop
  endfacet
  facet normal 0 0 -1
    outer loop
      vertex 25.6 4.00982 69.5616
      vertex 25.8759 4.1241 69.5616
      vertex 25.7493 4.03952 69.5616
    endloop
  endfacet
  facet normal 0 -0 -1
    outer loop
      vertex 25.6 23.9902 69.5616
      vertex 25.9902 23.6 69.5616
      vertex 20 22 69.5616
    endloop
  endfacet
  facet normal -0 0 -1
    outer loop
      vertex 25.9902 4.4 69.5616
      vertex 25.6 4.00982 69.5616
      vertex 20 7 69.5616
    endloop
  endfacet
  facet normal 0 0 -1
    outer loop
      vertex 25.9902 23.6 69.5616
      vertex 25.6 23.9902 69.5616
      vertex 25.9605 23.7493 69.5616
    endloop
  endfacet
  facet normal 0 0 -1
    outer loop
      vertex 25.9605 23.7493 69.5616
      vertex 25.6 23.9902 69.5616
      vertex 25.8759 23.8759 69.5616
    endloop
  endfacet
  facet normal 0 0 -1
    outer loop
      vertex 25.6 4.00982 69.5616
      vertex 10 7 69.5616
      vertex 20 7 69.5616
    endloop
  endfacet
  facet normal 0 0 -1
    outer loop
      vertex 4.00982 4.4 69.5616
      vertex 10 7 69.5616
      vertex 4.4 4.00982 69.5616
    endloop
  endfacet
  facet normal 0 0 -1
    outer loop
      vertex 4.4 4.00982 69.5616
      vertex 10 7 69.5616
      vertex 25.6 4.00982 69.5616
    endloop
  endfacet
  facet normal 0 0 -1
    outer loop
      vertex 25.8759 23.8759 69.5616
      vertex 25.6 23.9902 69.5616
      vertex 25.7493 23.9605 69.5616
    endloop
  endfacet
  facet normal 0 0 -1
    outer loop
      vertex 10 22 69.5616
      vertex 25.6 23.9902 69.5616
      vertex 20 22 69.5616
    endloop
  endfacet
  facet normal 0 0 -1
    outer loop
      vertex 10 22 69.5616
      vertex 4.4 23.9902 69.5616
      vertex 25.6 23.9902 69.5616
    endloop
  endfacet
  facet normal 0 0 -1
    outer loop
      vertex 4.00982 23.6 69.5616
      vertex 10 7 69.5616
      vertex 4.00982 4.4 69.5616
    endloop
  endfacet
  facet normal 0 0 -1
    outer loop
      vertex 4.00982 4.4 69.5616
      vertex 4.4 4.00982 69.5616
      vertex 4.25068 4.03952 69.5616
    endloop
  endfacet
  facet normal 0 0 -1
    outer loop
      vertex 10 7 69.5616
      vertex 4.00982 23.6 69.5616
      vertex 10 22 69.5616
    endloop
  endfacet
  facet normal 0 0 -1
    outer loop
      vertex 4.00982 4.4 69.5616
      vertex 4.25068 4.03952 69.5616
      vertex 4.1241 4.1241 69.5616
    endloop
  endfacet
  facet normal 0 0 -1
    outer loop
      vertex 10 22 69.5616
      vertex 4.00982 23.6 69.5616
      vertex 4.4 23.9902 69.5616
    endloop
  endfacet
  facet normal 0 0 -1
    outer loop
      vertex 4.00982 4.4 69.5616
      vertex 4.1241 4.1241 69.5616
      vertex 4.03952 4.25068 69.5616
    endloop
  endfacet
  facet normal 0 0 -1
    outer loop
      vertex 4.4 23.9902 69.5616
      vertex 4.00982 23.6 69.5616
      vertex 4.25068 23.9605 69.5616
    endloop
  endfacet
  facet normal 0 0 -1
    outer loop
      vertex 4.25068 23.9605 69.5616
      vertex 4.00982 23.6 69.5616
      vertex 4.1241 23.8759 69.5616
    endloop
  endfacet
  facet normal 0 0 -1
    outer loop
      vertex 4.1241 23.8759 69.5616
      vertex 4.00982 23.6 69.5616
      vertex 4.03952 23.7493 69.5616
    endloop
  endfacet
  facet normal -0.216177 0.323556 -0.921183
    outer loop
      vertex 26.3857 3.6143 69.2629
      vertex 26.0252 3.37344 69.2629
      vertex 25.7493 4.03952 69.5616
    endloop
  endfacet
  facet normal 0.323565 -0.21617 -0.921182
    outer loop
      vertex 4.1241 23.8759 69.5616
      vertex 4.03952 23.7493 69.5616
      vertex 3.6143 24.3857 69.2629
    endloop
  endfacet
  facet normal 0.216207 -0.32353 -0.921185
    outer loop
      vertex 3.97478 24.6266 69.2629
      vertex 4.1241 23.8759 69.5616
      vertex 3.6143 24.3857 69.2629
    endloop
  endfacet
  facet normal -0.139189 -0.700236 -0.700212
    outer loop
      vertex 26.2364 25.1364 68.7111
      vertex 26.0252 24.6266 69.2629
      vertex 25.6 25.2629 68.7111
    endloop
  endfacet
  facet normal -0.700236 -0.139189 -0.700212
    outer loop
      vertex 27.1364 24.2364 68.7111
      vertex 27.2629 23.6 68.7111
      vertex 26.6266 24.0252 69.2629
    endloop
  endfacet
  facet normal 0.195071 -0.980789 0
    outer loop
      vertex 3.64934 25.4123 4.00982
      vertex 4.4 25.5616 67.9902
      vertex 3.64934 25.4123 67.9902
    endloop
  endfacet
  facet normal 0.195071 -0.980789 0
    outer loop
      vertex 4.4 25.5616 67.9902
      vertex 3.64934 25.4123 4.00982
      vertex 4.4 25.5616 4.00982
    endloop
  endfacet
  facet normal 0 -0.923848 0.382758
    outer loop
      vertex 4.4 25.2629 3.28886
      vertex 25.6 25.5616 4.00982
      vertex 4.4 25.5616 4.00982
    endloop
  endfacet
  facet normal 0 -0.923848 0.382758
    outer loop
      vertex 25.6 25.5616 4.00982
      vertex 4.4 25.2629 3.28886
      vertex 25.6 25.2629 3.28886
    endloop
  endfacet
  facet normal 0.216164 -0.323466 0.921218
    outer loop
      vertex 4.1241 23.8759 2.43843
      vertex 3.97478 24.6266 2.73706
      vertex 3.6143 24.3857 2.73706
    endloop
  endfacet
  facet normal 0.593602 -0.39663 0.700229
    outer loop
      vertex 3.37344 24.0252 2.73706
      vertex 3.22412 24.7759 3.28886
      vertex 2.86364 24.2364 3.28886
    endloop
  endfacet
  facet normal -0.396658 -0.593587 0.700226
    outer loop
      vertex 26.3857 24.3857 2.73706
      vertex 26.2364 25.1364 3.28886
      vertex 26.0252 24.6266 2.73706
    endloop
  endfacet
  facet normal -0.514846 -0.770271 -0.376319
    outer loop
      vertex 26.987 24.987 67.9902
      vertex 26.7759 24.7759 68.7111
      vertex 26.3507 25.4123 67.9902
    endloop
  endfacet
  facet normal -0.700227 -0.139156 0.700227
    outer loop
      vertex 26.7111 23.6 2.73706
      vertex 27.2629 23.6 3.28886
      vertex 26.6266 24.0252 2.73706
    endloop
  endfacet
  facet normal -0.0759045 -0.381567 0.921219
    outer loop
      vertex 25.7493 23.9605 2.43843
      vertex 26.0252 24.6266 2.73706
      vertex 25.6 23.9902 2.43843
    endloop
  endfacet
  facet normal -0.593575 0.396672 -0.700229
    outer loop
      vertex 26.6266 3.97478 69.2629
      vertex 26.7759 3.22412 68.7111
      vertex 26.3857 3.6143 69.2629
    endloop
  endfacet
  facet normal -0.593605 0.396654 -0.700213
    outer loop
      vertex 27.1364 3.76362 68.7111
      vertex 26.7759 3.22412 68.7111
      vertex 26.6266 3.97478 69.2629
    endloop
  endfacet
  facet normal -0.39663 0.593602 -0.700229
    outer loop
      vertex 26.7759 3.22412 68.7111
      vertex 26.2364 2.86364 68.7111
      vertex 26.0252 3.37344 69.2629
    endloop
  endfacet
  facet normal -0.139272 0.700211 -0.70022
    outer loop
      vertex 26.0252 3.37344 69.2629
      vertex 26.2364 2.86364 68.7111
      vertex 25.6 2.73706 68.7111
    endloop
  endfacet
  facet normal -0.700228 0.13915 -0.700228
    outer loop
      vertex 26.7111 4.4 69.2629
      vertex 27.2629 4.4 68.7111
      vertex 26.6266 3.97478 69.2629
    endloop
  endfacet
  facet normal -0.381683 0.0758483 -0.921176
    outer loop
      vertex 26.7111 4.4 69.2629
      vertex 26.6266 3.97478 69.2629
      vertex 25.9902 4.4 69.5616
    endloop
  endfacet
  facet normal 0 -0.707107 0.707107
    outer loop
      vertex 4.4 25.2629 3.28886
      vertex 25.6 24.7111 2.73706
      vertex 25.6 25.2629 3.28886
    endloop
  endfacet
  facet normal 0 -0.707107 0.707107
    outer loop
      vertex 25.6 24.7111 2.73706
      vertex 4.4 25.2629 3.28886
      vertex 4.4 24.7111 2.73706
    endloop
  endfacet
  facet normal 0.075895 -0.38157 0.921219
    outer loop
      vertex 4.25068 23.9605 2.43843
      vertex 4.4 23.9902 2.43843
      vertex 3.97478 24.6266 2.73706
    endloop
  endfacet
  facet normal -0.700228 0.13915 0.700228
    outer loop
      vertex 27.2629 4.4 3.28886
      vertex 26.7111 4.4 2.73706
      vertex 26.6266 3.97478 2.73706
    endloop
  endfacet
  facet normal 0.0758332 -0.381607 0.921209
    outer loop
      vertex 4.4 23.9902 2.43843
      vertex 4.4 24.7111 2.73706
      vertex 3.97478 24.6266 2.73706
    endloop
  endfacet
  facet normal -0.923848 0 0.382758
    outer loop
      vertex 27.2629 4.4 3.28886
      vertex 27.5616 23.6 4.00982
      vertex 27.2629 23.6 3.28886
    endloop
  endfacet
  facet normal -0.923848 0 0.382758
    outer loop
      vertex 27.5616 23.6 4.00982
      vertex 27.2629 4.4 3.28886
      vertex 27.5616 4.4 4.00982
    endloop
  endfacet
  facet normal -0.39663 0.593602 0.700229
    outer loop
      vertex 26.2364 2.86364 3.28886
      vertex 26.7759 3.22412 3.28886
      vertex 26.0252 3.37344 2.73706
    endloop
  endfacet
  facet normal 0 0.92388 0.382682
    outer loop
      vertex 25.6 2.73706 3.28886
      vertex 4.4 2.43843 4.00982
      vertex 25.6 2.43843 4.00982
    endloop
  endfacet
  facet normal 0 0.92388 0.382682
    outer loop
      vertex 4.4 2.43843 4.00982
      vertex 25.6 2.73706 3.28886
      vertex 4.4 2.73706 3.28886
    endloop
  endfacet
  facet normal -0.381567 -0.0759045 0.921219
    outer loop
      vertex 25.9902 23.6 2.43843
      vertex 26.6266 24.0252 2.73706
      vertex 25.9605 23.7493 2.43843
    endloop
  endfacet
  facet normal 0.323487 0.216142 0.921216
    outer loop
      vertex 3.6143 3.6143 2.73706
      vertex 4.1241 4.1241 2.43843
      vertex 3.37344 3.97478 2.73706
    endloop
  endfacet
  facet normal 0.180738 0.908665 0.37638
    outer loop
      vertex 4.4 2.43843 4.00982
      vertex 4.4 2.73706 3.28886
      vertex 3.64934 2.58774 4.00982
    endloop
  endfacet
  facet normal 0.139277 0.700214 -0.700216
    outer loop
      vertex 3.97478 3.37344 69.2629
      vertex 4.4 2.73706 68.7111
      vertex 3.76362 2.86364 68.7111
    endloop
  endfacet
  facet normal 0.139279 0.700215 -0.700215
    outer loop
      vertex 4.4 3.28886 69.2629
      vertex 4.4 2.73706 68.7111
      vertex 3.97478 3.37344 69.2629
    endloop
  endfacet
  facet normal 0.381579 0.0758968 0.921215
    outer loop
      vertex 4.03952 4.25068 2.43843
      vertex 4.00982 4.4 2.43843
      vertex 3.37344 3.97478 2.73706
    endloop
  endfacet
  facet normal 0.381578 -0.0759028 0.921215
    outer loop
      vertex 4.00982 23.6 2.43843
      vertex 3.37344 24.0252 2.73706
      vertex 3.28886 23.6 2.73706
    endloop
  endfacet
  facet normal 0.770325 0.51472 0.37638
    outer loop
      vertex 3.01296 3.01296 4.00982
      vertex 2.86364 3.76362 3.28886
      vertex 2.58774 3.64934 4.00982
    endloop
  endfacet
  facet normal 0.908665 0.180738 0.37638
    outer loop
      vertex 2.58774 3.64934 4.00982
      vertex 2.73706 4.4 3.28886
      vertex 2.43843 4.4 4.00982
    endloop
  endfacet
  facet normal 0.0758968 0.381579 0.921215
    outer loop
      vertex 4.4 4.00982 2.43843
      vertex 4.25068 4.03952 2.43843
      vertex 3.97478 3.37344 2.73706
    endloop
  endfacet
  facet normal 0.216142 0.323487 0.921216
    outer loop
      vertex 3.97478 3.37344 2.73706
      vertex 4.1241 4.1241 2.43843
      vertex 3.6143 3.6143 2.73706
    endloop
  endfacet
  facet normal -0.396658 -0.593587 -0.700226
    outer loop
      vertex 26.2364 25.1364 68.7111
      vertex 26.3857 24.3857 69.2629
      vertex 26.0252 24.6266 69.2629
    endloop
  endfacet
  facet normal -0.216201 -0.323536 -0.921185
    outer loop
      vertex 26.3857 24.3857 69.2629
      vertex 25.8759 23.8759 69.5616
      vertex 25.7493 23.9605 69.5616
    endloop
  endfacet
  facet normal -0.180731 0.908653 -0.376411
    outer loop
      vertex 26.2364 2.86364 68.7111
      vertex 26.3507 2.58774 67.9902
      vertex 25.6 2.73706 68.7111
    endloop
  endfacet
  facet normal -0.514757 0.770283 -0.376415
    outer loop
      vertex 26.987 3.01296 67.9902
      vertex 26.3507 2.58774 67.9902
      vertex 26.2364 2.86364 68.7111
    endloop
  endfacet
  facet normal 0.21615 0.323484 0.921215
    outer loop
      vertex 4.25068 4.03952 2.43843
      vertex 4.1241 4.1241 2.43843
      vertex 3.97478 3.37344 2.73706
    endloop
  endfacet
  facet normal -0.593587 -0.396658 0.700226
    outer loop
      vertex 26.6266 24.0252 2.73706
      vertex 27.1364 24.2364 3.28886
      vertex 26.3857 24.3857 2.73706
    endloop
  endfacet
  facet normal -0.700236 -0.139189 0.700212
    outer loop
      vertex 27.2629 23.6 3.28886
      vertex 27.1364 24.2364 3.28886
      vertex 26.6266 24.0252 2.73706
    endloop
  endfacet
  facet normal -0.139156 -0.700227 0.700227
    outer loop
      vertex 26.0252 24.6266 2.73706
      vertex 25.6 25.2629 3.28886
      vertex 25.6 24.7111 2.73706
    endloop
  endfacet
  facet normal -0.139189 -0.700236 0.700212
    outer loop
      vertex 26.0252 24.6266 2.73706
      vertex 26.2364 25.1364 3.28886
      vertex 25.6 25.2629 3.28886
    endloop
  endfacet
  facet normal 0.323492 -0.216134 0.921216
    outer loop
      vertex 4.03952 23.7493 2.43843
      vertex 3.6143 24.3857 2.73706
      vertex 3.37344 24.0252 2.73706
    endloop
  endfacet
  facet normal 0.381576 -0.0759063 0.921216
    outer loop
      vertex 4.00982 23.6 2.43843
      vertex 4.03952 23.7493 2.43843
      vertex 3.37344 24.0252 2.73706
    endloop
  endfacet
  facet normal -0.139272 0.700211 0.70022
    outer loop
      vertex 26.2364 2.86364 3.28886
      vertex 26.0252 3.37344 2.73706
      vertex 25.6 2.73706 3.28886
    endloop
  endfacet
  facet normal -0 0.382682 0.92388
    outer loop
      vertex 4.4 4.00982 2.43843
      vertex 25.6 3.28886 2.73706
      vertex 25.6 4.00982 2.43843
    endloop
  endfacet
  facet normal 0 0.382682 0.92388
    outer loop
      vertex 25.6 3.28886 2.73706
      vertex 4.4 4.00982 2.43843
      vertex 4.4 3.28886 2.73706
    endloop
  endfacet
  facet normal -0.700239 0.139194 0.700207
    outer loop
      vertex 27.1364 3.76362 3.28886
      vertex 27.2629 4.4 3.28886
      vertex 26.6266 3.97478 2.73706
    endloop
  endfacet
  facet normal -0.908689 0.18063 0.376373
    outer loop
      vertex 27.4123 3.64934 4.00982
      vertex 27.2629 4.4 3.28886
      vertex 27.1364 3.76362 3.28886
    endloop
  endfacet
  facet normal -0.707107 0 0.707107
    outer loop
      vertex 26.7111 23.6 2.73706
      vertex 27.2629 4.4 3.28886
      vertex 27.2629 23.6 3.28886
    endloop
  endfacet
  facet normal -0.707107 0 0.707107
    outer loop
      vertex 27.2629 4.4 3.28886
      vertex 26.7111 23.6 2.73706
      vertex 26.7111 4.4 2.73706
    endloop
  endfacet
  facet normal -0.216127 0.323501 0.921215
    outer loop
      vertex 26.3857 3.6143 2.73706
      vertex 25.8759 4.1241 2.43843
      vertex 25.7493 4.03952 2.43843
    endloop
  endfacet
  facet normal -0.32346 0.216185 0.921215
    outer loop
      vertex 26.6266 3.97478 2.73706
      vertex 25.9605 4.25068 2.43843
      vertex 25.8759 4.1241 2.43843
    endloop
  endfacet
  facet normal 0.51472 0.770325 0.37638
    outer loop
      vertex 3.64934 2.58774 4.00982
      vertex 3.76362 2.86364 3.28886
      vertex 3.01296 3.01296 4.00982
    endloop
  endfacet
  facet normal 0.514716 0.770331 0.376374
    outer loop
      vertex 3.76362 2.86364 3.28886
      vertex 3.22412 3.22412 3.28886
      vertex 3.01296 3.01296 4.00982
    endloop
  endfacet
  facet normal 0.770344 -0.514724 0.376337
    outer loop
      vertex 3.22412 24.7759 3.28886
      vertex 3.01296 24.987 4.00982
      vertex 2.86364 24.2364 3.28886
    endloop
  endfacet
  facet normal 0.5148 -0.770299 0.376325
    outer loop
      vertex 3.22412 24.7759 3.28886
      vertex 3.64934 25.4123 4.00982
      vertex 3.01296 24.987 4.00982
    endloop
  endfacet
  facet normal -0.216158 -0.323471 0.921218
    outer loop
      vertex 25.8759 23.8759 2.43843
      vertex 26.3857 24.3857 2.73706
      vertex 25.7493 23.9605 2.43843
    endloop
  endfacet
  facet normal 0.700214 0.139277 0.700216
    outer loop
      vertex 2.86364 3.76362 3.28886
      vertex 3.37344 3.97478 2.73706
      vertex 2.73706 4.4 3.28886
    endloop
  endfacet
  facet normal 0.700215 0.139279 0.700215
    outer loop
      vertex 3.37344 3.97478 2.73706
      vertex 3.28886 4.4 2.73706
      vertex 2.73706 4.4 3.28886
    endloop
  endfacet
  facet normal 0.396635 0.593619 0.700212
    outer loop
      vertex 3.97478 3.37344 2.73706
      vertex 3.6143 3.6143 2.73706
      vertex 3.22412 3.22412 3.28886
    endloop
  endfacet
  facet normal 0.381578 0.0758992 0.921215
    outer loop
      vertex 3.37344 3.97478 2.73706
      vertex 4.00982 4.4 2.43843
      vertex 3.28886 4.4 2.73706
    endloop
  endfacet
  facet normal -0.216157 -0.323473 0.921217
    outer loop
      vertex 26.3857 24.3857 2.73706
      vertex 26.0252 24.6266 2.73706
      vertex 25.7493 23.9605 2.43843
    endloop
  endfacet
  facet normal -0.381643 -0.0759196 -0.921187
    outer loop
      vertex 26.6266 24.0252 69.2629
      vertex 25.9902 23.6 69.5616
      vertex 25.9605 23.7493 69.5616
    endloop
  endfacet
  facet normal -0.381683 -0.0758518 -0.921176
    outer loop
      vertex 26.6266 24.0252 69.2629
      vertex 26.7111 23.6 69.2629
      vertex 25.9902 23.6 69.5616
    endloop
  endfacet
  facet normal -0.2162 -0.323537 -0.921185
    outer loop
      vertex 26.0252 24.6266 69.2629
      vertex 26.3857 24.3857 69.2629
      vertex 25.7493 23.9605 69.5616
    endloop
  endfacet
  facet normal -0.396643 -0.593589 -0.700233
    outer loop
      vertex 26.7759 24.7759 68.7111
      vertex 26.3857 24.3857 69.2629
      vertex 26.2364 25.1364 68.7111
    endloop
  endfacet
  facet normal -0.514763 0.770293 0.376389
    outer loop
      vertex 26.3507 2.58774 4.00982
      vertex 26.987 3.01296 4.00982
      vertex 26.2364 2.86364 3.28886
    endloop
  endfacet
  facet normal 0 0.707107 0.707107
    outer loop
      vertex 25.6 3.28886 2.73706
      vertex 4.4 2.73706 3.28886
      vertex 25.6 2.73706 3.28886
    endloop
  endfacet
  facet normal 0 0.707107 0.707107
    outer loop
      vertex 4.4 2.73706 3.28886
      vertex 25.6 3.28886 2.73706
      vertex 4.4 3.28886 2.73706
    endloop
  endfacet
  facet normal -0.139285 0.700214 0.700214
    outer loop
      vertex 26.0252 3.37344 2.73706
      vertex 25.6 3.28886 2.73706
      vertex 25.6 2.73706 3.28886
    endloop
  endfacet
  facet normal -0.0759028 0.381578 0.921215
    outer loop
      vertex 26.0252 3.37344 2.73706
      vertex 25.6 4.00982 2.43843
      vertex 25.6 3.28886 2.73706
    endloop
  endfacet
  facet normal 0.593624 -0.396617 0.700218
    outer loop
      vertex 3.37344 24.0252 2.73706
      vertex 3.6143 24.3857 2.73706
      vertex 3.22412 24.7759 3.28886
    endloop
  endfacet
  facet normal 0.396672 -0.593575 0.700229
    outer loop
      vertex 3.6143 24.3857 2.73706
      vertex 3.97478 24.6266 2.73706
      vertex 3.22412 24.7759 3.28886
    endloop
  endfacet
  facet normal 0.323484 0.21615 0.921215
    outer loop
      vertex 4.1241 4.1241 2.43843
      vertex 4.03952 4.25068 2.43843
      vertex 3.37344 3.97478 2.73706
    endloop
  endfacet
  facet normal 0.593619 0.396635 0.700212
    outer loop
      vertex 3.6143 3.6143 2.73706
      vertex 3.37344 3.97478 2.73706
      vertex 3.22412 3.22412 3.28886
    endloop
  endfacet
  facet normal -0.139156 -0.700227 -0.700227
    outer loop
      vertex 25.6 25.2629 68.7111
      vertex 26.0252 24.6266 69.2629
      vertex 25.6 24.7111 69.2629
    endloop
  endfacet
  facet normal -0.0758518 -0.381683 -0.921176
    outer loop
      vertex 25.6 24.7111 69.2629
      vertex 26.0252 24.6266 69.2629
      vertex 25.6 23.9902 69.5616
    endloop
  endfacet
  facet normal -0.180733 0.908664 0.376385
    outer loop
      vertex 26.3507 2.58774 4.00982
      vertex 26.2364 2.86364 3.28886
      vertex 25.6 2.73706 3.28886
    endloop
  endfacet
  facet normal -0.180729 0.908667 0.37638
    outer loop
      vertex 26.3507 2.58774 4.00982
      vertex 25.6 2.73706 3.28886
      vertex 25.6 2.43843 4.00982
    endloop
  endfacet
  facet normal -0.0759063 0.381576 0.921216
    outer loop
      vertex 26.0252 3.37344 2.73706
      vertex 25.7493 4.03952 2.43843
      vertex 25.6 4.00982 2.43843
    endloop
  endfacet
  facet normal 0 0 1
    outer loop
      vertex 25.6 23.9902 2.43843
      vertex 25.9902 23.6 2.43843
      vertex 25.9605 23.7493 2.43843
    endloop
  endfacet
  facet normal 0 0 1
    outer loop
      vertex 25.9902 23.6 2.43843
      vertex 25.6 23.9902 2.43843
      vertex 25.9902 4.4 2.43843
    endloop
  endfacet
  facet normal 0 0 1
    outer loop
      vertex 25.6 23.9902 2.43843
      vertex 25.9605 23.7493 2.43843
      vertex 25.8759 23.8759 2.43843
    endloop
  endfacet
  facet normal 0 0 1
    outer loop
      vertex 25.6 4.00982 2.43843
      vertex 25.9902 4.4 2.43843
      vertex 25.6 23.9902 2.43843
    endloop
  endfacet
  facet normal 0 0 1
    outer loop
      vertex 25.6 23.9902 2.43843
      vertex 25.8759 23.8759 2.43843
      vertex 25.7493 23.9605 2.43843
    endloop
  endfacet
  facet normal 0 0 1
    outer loop
      vertex 25.9902 4.4 2.43843
      vertex 25.6 4.00982 2.43843
      vertex 25.9605 4.25068 2.43843
    endloop
  endfacet
  facet normal 0 0 1
    outer loop
      vertex 25.9605 4.25068 2.43843
      vertex 25.6 4.00982 2.43843
      vertex 25.8759 4.1241 2.43843
    endloop
  endfacet
  facet normal 0 0 1
    outer loop
      vertex 25.8759 4.1241 2.43843
      vertex 25.6 4.00982 2.43843
      vertex 25.7493 4.03952 2.43843
    endloop
  endfacet
  facet normal -0 0 1
    outer loop
      vertex 4.4 23.9902 2.43843
      vertex 25.6 4.00982 2.43843
      vertex 25.6 23.9902 2.43843
    endloop
  endfacet
  facet normal 0 0 1
    outer loop
      vertex 4.4 23.9902 2.43843
      vertex 4.4 4.00982 2.43843
      vertex 25.6 4.00982 2.43843
    endloop
  endfacet
  facet normal 0 0 1
    outer loop
      vertex 4.00982 23.6 2.43843
      vertex 4.4 23.9902 2.43843
      vertex 4.25068 23.9605 2.43843
    endloop
  endfacet
  facet normal 0 0 1
    outer loop
      vertex 4.4 23.9902 2.43843
      vertex 4.00982 23.6 2.43843
      vertex 4.4 4.00982 2.43843
    endloop
  endfacet
  facet normal 0 0 1
    outer loop
      vertex 4.00982 23.6 2.43843
      vertex 4.25068 23.9605 2.43843
      vertex 4.1241 23.8759 2.43843
    endloop
  endfacet
  facet normal -0 0 1
    outer loop
      vertex 4.00982 4.4 2.43843
      vertex 4.4 4.00982 2.43843
      vertex 4.00982 23.6 2.43843
    endloop
  endfacet
  facet normal 0 0 1
    outer loop
      vertex 4.00982 23.6 2.43843
      vertex 4.1241 23.8759 2.43843
      vertex 4.03952 23.7493 2.43843
    endloop
  endfacet
  facet normal 0 0 1
    outer loop
      vertex 4.4 4.00982 2.43843
      vertex 4.00982 4.4 2.43843
      vertex 4.25068 4.03952 2.43843
    endloop
  endfacet
  facet normal 0 0 1
    outer loop
      vertex 4.25068 4.03952 2.43843
      vertex 4.00982 4.4 2.43843
      vertex 4.1241 4.1241 2.43843
    endloop
  endfacet
  facet normal 0 0 1
    outer loop
      vertex 4.1241 4.1241 2.43843
      vertex 4.00982 4.4 2.43843
      vertex 4.03952 4.25068 2.43843
    endloop
  endfacet
  facet normal -0.396617 0.593624 0.700218
    outer loop
      vertex 26.7759 3.22412 3.28886
      vertex 26.3857 3.6143 2.73706
      vertex 26.0252 3.37344 2.73706
    endloop
  endfacet
  facet normal -0.216134 0.323492 0.921216
    outer loop
      vertex 26.0252 3.37344 2.73706
      vertex 26.3857 3.6143 2.73706
      vertex 25.7493 4.03952 2.43843
    endloop
  endfacet
  facet normal -0.194922 0 0.980819
    outer loop
      vertex 15.2088 2.43843 10.4137
      vertex 15.4141 0.0768585 10.4545
      vertex 15.4141 2.43843 10.4545
    endloop
  endfacet
  facet normal -0.194922 0 0.980819
    outer loop
      vertex 15.4141 0.0768585 10.4545
      vertex 15.2088 2.43843 10.4137
      vertex 15.2088 0.0768585 10.4137
    endloop
  endfacet
  facet normal -0.194922 0 0.980819
    outer loop
      vertex 15.2088 27.9231 10.4137
      vertex 15.4141 25.5616 10.4545
      vertex 15.4141 27.9231 10.4545
    endloop
  endfacet
  facet normal -0.194922 0 0.980819
    outer loop
      vertex 15.4141 25.5616 10.4545
      vertex 15.2088 27.9231 10.4137
      vertex 15.2088 25.5616 10.4137
    endloop
  endfacet
  facet normal -0.980819 0 0.194922
    outer loop
      vertex 16.5455 0.0768585 11.5859
      vertex 16.5863 2.43843 11.7912
      vertex 16.5455 2.43843 11.5859
    endloop
  endfacet
  facet normal -0.980819 0 0.194922
    outer loop
      vertex 16.5863 2.43843 11.7912
      vertex 16.5455 0.0768585 11.5859
      vertex 16.5863 0.0768585 11.7912
    endloop
  endfacet
  facet normal -0.980819 0 0.194922
    outer loop
      vertex 16.5455 25.5616 11.5859
      vertex 16.5863 27.9231 11.7912
      vertex 16.5455 27.9231 11.5859
    endloop
  endfacet
  facet normal -0.980819 0 0.194922
    outer loop
      vertex 16.5863 27.9231 11.7912
      vertex 16.5455 25.5616 11.5859
      vertex 16.5863 25.5616 11.7912
    endloop
  endfacet
  facet normal -0.997854 0 0.0654722
    outer loop
      vertex 16.5863 0.0768585 11.7912
      vertex 16.6 2.43843 12
      vertex 16.5863 2.43843 11.7912
    endloop
  endfacet
  facet normal -0.997854 0 0.0654722
    outer loop
      vertex 16.6 2.43843 12
      vertex 16.5863 0.0768585 11.7912
      vertex 16.6 0.0768585 12
    endloop
  endfacet
  facet normal -0.997854 0 0.0654722
    outer loop
      vertex 16.5863 25.5616 11.7912
      vertex 16.6 27.9231 12
      vertex 16.5863 27.9231 11.7912
    endloop
  endfacet
  facet normal -0.997854 0 0.0654722
    outer loop
      vertex 16.6 27.9231 12
      vertex 16.5863 25.5616 11.7912
      vertex 16.6 25.5616 12
    endloop
  endfacet
  facet normal -0.946901 0 0.321526
    outer loop
      vertex 16.4782 0.0768585 11.3877
      vertex 16.5455 2.43843 11.5859
      vertex 16.4782 2.43843 11.3877
    endloop
  endfacet
  facet normal -0.946901 0 0.321526
    outer loop
      vertex 16.5455 2.43843 11.5859
      vertex 16.4782 0.0768585 11.3877
      vertex 16.5455 0.0768585 11.5859
    endloop
  endfacet
  facet normal -0.946901 0 0.321526
    outer loop
      vertex 16.4782 25.5616 11.3877
      vertex 16.5455 27.9231 11.5859
      vertex 16.4782 27.9231 11.3877
    endloop
  endfacet
  facet normal -0.946901 0 0.321526
    outer loop
      vertex 16.5455 27.9231 11.5859
      vertex 16.4782 25.5616 11.3877
      vertex 16.5455 25.5616 11.5859
    endloop
  endfacet
  facet normal -0.831609 0 0.555362
    outer loop
      vertex 16.2694 0.0768585 11.026
      vertex 16.3856 2.43843 11.2
      vertex 16.2694 2.43843 11.026
    endloop
  endfacet
  facet normal -0.831609 0 0.555362
    outer loop
      vertex 16.3856 2.43843 11.2
      vertex 16.2694 0.0768585 11.026
      vertex 16.3856 0.0768585 11.2
    endloop
  endfacet
  facet normal -0.831609 0 0.555362
    outer loop
      vertex 16.2694 25.5616 11.026
      vertex 16.3856 27.9231 11.2
      vertex 16.2694 27.9231 11.026
    endloop
  endfacet
  facet normal -0.831609 0 0.555362
    outer loop
      vertex 16.3856 27.9231 11.2
      vertex 16.2694 25.5616 11.026
      vertex 16.3856 25.5616 11.2
    endloop
  endfacet
  facet normal -0.321526 0 0.946901
    outer loop
      vertex 15.4141 2.43843 10.4545
      vertex 15.6123 0.0768585 10.5218
      vertex 15.6123 2.43843 10.5218
    endloop
  endfacet
  facet normal -0.321526 0 0.946901
    outer loop
      vertex 15.6123 0.0768585 10.5218
      vertex 15.4141 2.43843 10.4545
      vertex 15.4141 0.0768585 10.4545
    endloop
  endfacet
  facet normal -0.321526 0 0.946901
    outer loop
      vertex 15.4141 27.9231 10.4545
      vertex 15.6123 25.5616 10.5218
      vertex 15.6123 27.9231 10.5218
    endloop
  endfacet
  facet normal -0.321526 0 0.946901
    outer loop
      vertex 15.6123 25.5616 10.5218
      vertex 15.4141 27.9231 10.4545
      vertex 15.4141 25.5616 10.4545
    endloop
  endfacet
  facet normal -0.997854 0 -0.0654722
    outer loop
      vertex 16.6 0.0768585 12
      vertex 16.5863 2.43843 12.2088
      vertex 16.6 2.43843 12
    endloop
  endfacet
  facet normal -0.997854 -0 -0.0654722
    outer loop
      vertex 16.5863 2.43843 12.2088
      vertex 16.6 0.0768585 12
      vertex 16.5863 0.0768585 12.2088
    endloop
  endfacet
  facet normal -0.997854 0 -0.0654722
    outer loop
      vertex 16.6 25.5616 12
      vertex 16.5863 27.9231 12.2088
      vertex 16.6 27.9231 12
    endloop
  endfacet
  facet normal -0.997854 -0 -0.0654722
    outer loop
      vertex 16.5863 27.9231 12.2088
      vertex 16.6 25.5616 12
      vertex 16.5863 25.5616 12.2088
    endloop
  endfacet
  facet normal 0.555362 0 -0.831609
    outer loop
      vertex 14.026 0.0768585 13.2694
      vertex 14.2 2.43843 13.3856
      vertex 14.2 0.0768585 13.3856
    endloop
  endfacet
  facet normal 0.555362 0 -0.831609
    outer loop
      vertex 14.2 2.43843 13.3856
      vertex 14.026 0.0768585 13.2694
      vertex 14.026 2.43843 13.2694
    endloop
  endfacet
  facet normal 0.555362 0 -0.831609
    outer loop
      vertex 14.026 25.5616 13.2694
      vertex 14.2 27.9231 13.3856
      vertex 14.2 25.5616 13.3856
    endloop
  endfacet
  facet normal 0.555362 0 -0.831609
    outer loop
      vertex 14.2 27.9231 13.3856
      vertex 14.026 25.5616 13.2694
      vertex 14.026 27.9231 13.2694
    endloop
  endfacet
  facet normal 0.321526 0 -0.946901
    outer loop
      vertex 14.3877 25.5616 13.4782
      vertex 14.5859 27.9231 13.5455
      vertex 14.5859 25.5616 13.5455
    endloop
  endfacet
  facet normal 0.321526 0 -0.946901
    outer loop
      vertex 14.5859 27.9231 13.5455
      vertex 14.3877 25.5616 13.4782
      vertex 14.3877 27.9231 13.4782
    endloop
  endfacet
  facet normal 0.321526 0 -0.946901
    outer loop
      vertex 14.3877 0.0768585 13.4782
      vertex 14.5859 2.43843 13.5455
      vertex 14.5859 0.0768585 13.5455
    endloop
  endfacet
  facet normal 0.321526 0 -0.946901
    outer loop
      vertex 14.5859 2.43843 13.5455
      vertex 14.3877 0.0768585 13.4782
      vertex 14.3877 2.43843 13.4782
    endloop
  endfacet
  facet normal -0.896803 0 0.442429
    outer loop
      vertex 16.3856 0.0768585 11.2
      vertex 16.4782 2.43843 11.3877
      vertex 16.3856 2.43843 11.2
    endloop
  endfacet
  facet normal -0.896803 0 0.442429
    outer loop
      vertex 16.4782 2.43843 11.3877
      vertex 16.3856 0.0768585 11.2
      vertex 16.4782 0.0768585 11.3877
    endloop
  endfacet
  facet normal -0.896803 0 0.442429
    outer loop
      vertex 16.3856 25.5616 11.2
      vertex 16.4782 27.9231 11.3877
      vertex 16.3856 27.9231 11.2
    endloop
  endfacet
  facet normal -0.896803 0 0.442429
    outer loop
      vertex 16.4782 27.9231 11.3877
      vertex 16.3856 25.5616 11.2
      vertex 16.4782 25.5616 11.3877
    endloop
  endfacet
  facet normal 0.321526 0 0.946901
    outer loop
      vertex 14.3877 2.43843 10.5218
      vertex 14.5859 0.0768585 10.4545
      vertex 14.5859 2.43843 10.4545
    endloop
  endfacet
  facet normal 0.321526 0 0.946901
    outer loop
      vertex 14.5859 0.0768585 10.4545
      vertex 14.3877 2.43843 10.5218
      vertex 14.3877 0.0768585 10.5218
    endloop
  endfacet
  facet normal 0.321526 0 0.946901
    outer loop
      vertex 14.3877 27.9231 10.5218
      vertex 14.5859 25.5616 10.4545
      vertex 14.5859 27.9231 10.4545
    endloop
  endfacet
  facet normal 0.321526 0 0.946901
    outer loop
      vertex 14.5859 25.5616 10.4545
      vertex 14.3877 27.9231 10.5218
      vertex 14.3877 25.5616 10.5218
    endloop
  endfacet
  facet normal -0.751925 0 0.659248
    outer loop
      vertex 16.1314 0.0768585 10.8686
      vertex 16.2694 2.43843 11.026
      vertex 16.1314 2.43843 10.8686
    endloop
  endfacet
  facet normal -0.751925 0 0.659248
    outer loop
      vertex 16.2694 2.43843 11.026
      vertex 16.1314 0.0768585 10.8686
      vertex 16.2694 0.0768585 11.026
    endloop
  endfacet
  facet normal -0.751925 0 0.659248
    outer loop
      vertex 16.1314 25.5616 10.8686
      vertex 16.2694 27.9231 11.026
      vertex 16.1314 27.9231 10.8686
    endloop
  endfacet
  facet normal -0.751925 0 0.659248
    outer loop
      vertex 16.2694 27.9231 11.026
      vertex 16.1314 25.5616 10.8686
      vertex 16.2694 25.5616 11.026
    endloop
  endfacet
  facet normal -0.946901 0 -0.321526
    outer loop
      vertex 16.5455 0.0768585 12.4141
      vertex 16.4782 2.43843 12.6123
      vertex 16.5455 2.43843 12.4141
    endloop
  endfacet
  facet normal -0.946901 -0 -0.321526
    outer loop
      vertex 16.4782 2.43843 12.6123
      vertex 16.5455 0.0768585 12.4141
      vertex 16.4782 0.0768585 12.6123
    endloop
  endfacet
  facet normal -0.946901 0 -0.321526
    outer loop
      vertex 16.5455 25.5616 12.4141
      vertex 16.4782 27.9231 12.6123
      vertex 16.5455 27.9231 12.4141
    endloop
  endfacet
  facet normal -0.946901 -0 -0.321526
    outer loop
      vertex 16.4782 27.9231 12.6123
      vertex 16.5455 25.5616 12.4141
      vertex 16.4782 25.5616 12.6123
    endloop
  endfacet
  facet normal 0.751925 0 -0.659248
    outer loop
      vertex 13.8686 0.0768585 13.1314
      vertex 13.7306 2.43843 12.974
      vertex 13.8686 2.43843 13.1314
    endloop
  endfacet
  facet normal 0.751925 0 -0.659248
    outer loop
      vertex 13.7306 2.43843 12.974
      vertex 13.8686 0.0768585 13.1314
      vertex 13.7306 0.0768585 12.974
    endloop
  endfacet
  facet normal 0.751925 0 -0.659248
    outer loop
      vertex 13.8686 25.5616 13.1314
      vertex 13.7306 27.9231 12.974
      vertex 13.8686 27.9231 13.1314
    endloop
  endfacet
  facet normal 0.751925 0 -0.659248
    outer loop
      vertex 13.7306 27.9231 12.974
      vertex 13.8686 25.5616 13.1314
      vertex 13.7306 25.5616 12.974
    endloop
  endfacet
  facet normal -0.980819 0 -0.194922
    outer loop
      vertex 16.5863 0.0768585 12.2088
      vertex 16.5455 2.43843 12.4141
      vertex 16.5863 2.43843 12.2088
    endloop
  endfacet
  facet normal -0.980819 -0 -0.194922
    outer loop
      vertex 16.5455 2.43843 12.4141
      vertex 16.5863 0.0768585 12.2088
      vertex 16.5455 0.0768585 12.4141
    endloop
  endfacet
  facet normal -0.980819 0 -0.194922
    outer loop
      vertex 16.5863 25.5616 12.2088
      vertex 16.5455 27.9231 12.4141
      vertex 16.5863 27.9231 12.2088
    endloop
  endfacet
  facet normal -0.980819 -0 -0.194922
    outer loop
      vertex 16.5455 27.9231 12.4141
      vertex 16.5863 25.5616 12.2088
      vertex 16.5455 25.5616 12.4141
    endloop
  endfacet
  facet normal 0.659248 0 0.751925
    outer loop
      vertex 13.8686 2.43843 10.8686
      vertex 14.026 0.0768585 10.7306
      vertex 14.026 2.43843 10.7306
    endloop
  endfacet
  facet normal 0.659248 0 0.751925
    outer loop
      vertex 14.026 0.0768585 10.7306
      vertex 13.8686 2.43843 10.8686
      vertex 13.8686 0.0768585 10.8686
    endloop
  endfacet
  facet normal 0.659248 0 0.751925
    outer loop
      vertex 13.8686 27.9231 10.8686
      vertex 14.026 25.5616 10.7306
      vertex 14.026 27.9231 10.7306
    endloop
  endfacet
  facet normal 0.659248 0 0.751925
    outer loop
      vertex 14.026 25.5616 10.7306
      vertex 13.8686 27.9231 10.8686
      vertex 13.8686 25.5616 10.8686
    endloop
  endfacet
  facet normal 0.946901 0 -0.321526
    outer loop
      vertex 13.5218 0.0768585 12.6123
      vertex 13.4545 2.43843 12.4141
      vertex 13.5218 2.43843 12.6123
    endloop
  endfacet
  facet normal 0.946901 0 -0.321526
    outer loop
      vertex 13.4545 2.43843 12.4141
      vertex 13.5218 0.0768585 12.6123
      vertex 13.4545 0.0768585 12.4141
    endloop
  endfacet
  facet normal 0.946901 0 -0.321526
    outer loop
      vertex 13.5218 25.5616 12.6123
      vertex 13.4545 27.9231 12.4141
      vertex 13.5218 27.9231 12.6123
    endloop
  endfacet
  facet normal 0.946901 0 -0.321526
    outer loop
      vertex 13.4545 27.9231 12.4141
      vertex 13.5218 25.5616 12.6123
      vertex 13.4545 25.5616 12.4141
    endloop
  endfacet
  facet normal -0.831609 0 -0.555362
    outer loop
      vertex 16.3856 0.0768585 12.8
      vertex 16.2694 2.43843 12.974
      vertex 16.3856 2.43843 12.8
    endloop
  endfacet
  facet normal -0.831609 -0 -0.555362
    outer loop
      vertex 16.2694 2.43843 12.974
      vertex 16.3856 0.0768585 12.8
      vertex 16.2694 0.0768585 12.974
    endloop
  endfacet
  facet normal -0.831609 0 -0.555362
    outer loop
      vertex 16.3856 25.5616 12.8
      vertex 16.2694 27.9231 12.974
      vertex 16.3856 27.9231 12.8
    endloop
  endfacet
  facet normal -0.831609 -0 -0.555362
    outer loop
      vertex 16.2694 27.9231 12.974
      vertex 16.3856 25.5616 12.8
      vertex 16.2694 25.5616 12.974
    endloop
  endfacet
  facet normal -0.442429 0 0.896803
    outer loop
      vertex 15.6123 2.43843 10.5218
      vertex 15.8 0.0768585 10.6144
      vertex 15.8 2.43843 10.6144
    endloop
  endfacet
  facet normal -0.442429 0 0.896803
    outer loop
      vertex 15.8 0.0768585 10.6144
      vertex 15.6123 2.43843 10.5218
      vertex 15.6123 0.0768585 10.5218
    endloop
  endfacet
  facet normal -0.442429 0 0.896803
    outer loop
      vertex 15.6123 27.9231 10.5218
      vertex 15.8 25.5616 10.6144
      vertex 15.8 27.9231 10.6144
    endloop
  endfacet
  facet normal -0.442429 0 0.896803
    outer loop
      vertex 15.8 25.5616 10.6144
      vertex 15.6123 27.9231 10.5218
      vertex 15.6123 25.5616 10.5218
    endloop
  endfacet
  facet normal 0.442429 0 0.896803
    outer loop
      vertex 14.2 2.43843 10.6144
      vertex 14.3877 0.0768585 10.5218
      vertex 14.3877 2.43843 10.5218
    endloop
  endfacet
  facet normal 0.442429 0 0.896803
    outer loop
      vertex 14.3877 0.0768585 10.5218
      vertex 14.2 2.43843 10.6144
      vertex 14.2 0.0768585 10.6144
    endloop
  endfacet
  facet normal 0.442429 0 0.896803
    outer loop
      vertex 14.2 27.9231 10.6144
      vertex 14.3877 25.5616 10.5218
      vertex 14.3877 27.9231 10.5218
    endloop
  endfacet
  facet normal 0.442429 0 0.896803
    outer loop
      vertex 14.3877 25.5616 10.5218
      vertex 14.2 27.9231 10.6144
      vertex 14.2 25.5616 10.6144
    endloop
  endfacet
  facet normal -0.442429 0 -0.896803
    outer loop
      vertex 15.6123 0.0768585 13.4782
      vertex 15.8 2.43843 13.3856
      vertex 15.8 0.0768585 13.3856
    endloop
  endfacet
  facet normal -0.442429 0 -0.896803
    outer loop
      vertex 15.8 2.43843 13.3856
      vertex 15.6123 0.0768585 13.4782
      vertex 15.6123 2.43843 13.4782
    endloop
  endfacet
  facet normal -0.442429 0 -0.896803
    outer loop
      vertex 15.6123 25.5616 13.4782
      vertex 15.8 27.9231 13.3856
      vertex 15.8 25.5616 13.3856
    endloop
  endfacet
  facet normal -0.442429 0 -0.896803
    outer loop
      vertex 15.8 27.9231 13.3856
      vertex 15.6123 25.5616 13.4782
      vertex 15.6123 27.9231 13.4782
    endloop
  endfacet
  facet normal -0.321526 0 -0.946901
    outer loop
      vertex 15.4141 25.5616 13.5455
      vertex 15.6123 27.9231 13.4782
      vertex 15.6123 25.5616 13.4782
    endloop
  endfacet
  facet normal -0.321526 0 -0.946901
    outer loop
      vertex 15.6123 27.9231 13.4782
      vertex 15.4141 25.5616 13.5455
      vertex 15.4141 27.9231 13.5455
    endloop
  endfacet
  facet normal -0.321526 0 -0.946901
    outer loop
      vertex 15.4141 0.0768585 13.5455
      vertex 15.6123 2.43843 13.4782
      vertex 15.6123 0.0768585 13.4782
    endloop
  endfacet
  facet normal -0.321526 0 -0.946901
    outer loop
      vertex 15.6123 2.43843 13.4782
      vertex 15.4141 0.0768585 13.5455
      vertex 15.4141 2.43843 13.5455
    endloop
  endfacet
  facet normal 0.980819 0 -0.194922
    outer loop
      vertex 13.4545 0.0768585 12.4141
      vertex 13.4137 2.43843 12.2088
      vertex 13.4545 2.43843 12.4141
    endloop
  endfacet
  facet normal 0.980819 0 -0.194922
    outer loop
      vertex 13.4137 2.43843 12.2088
      vertex 13.4545 0.0768585 12.4141
      vertex 13.4137 0.0768585 12.2088
    endloop
  endfacet
  facet normal 0.980819 0 -0.194922
    outer loop
      vertex 13.4545 25.5616 12.4141
      vertex 13.4137 27.9231 12.2088
      vertex 13.4545 27.9231 12.4141
    endloop
  endfacet
  facet normal 0.980819 0 -0.194922
    outer loop
      vertex 13.4137 27.9231 12.2088
      vertex 13.4545 25.5616 12.4141
      vertex 13.4137 25.5616 12.2088
    endloop
  endfacet
  facet normal 0.555362 0 0.831609
    outer loop
      vertex 14.026 2.43843 10.7306
      vertex 14.2 0.0768585 10.6144
      vertex 14.2 2.43843 10.6144
    endloop
  endfacet
  facet normal 0.555362 0 0.831609
    outer loop
      vertex 14.2 0.0768585 10.6144
      vertex 14.026 2.43843 10.7306
      vertex 14.026 0.0768585 10.7306
    endloop
  endfacet
  facet normal 0.555362 0 0.831609
    outer loop
      vertex 14.026 27.9231 10.7306
      vertex 14.2 25.5616 10.6144
      vertex 14.2 27.9231 10.6144
    endloop
  endfacet
  facet normal 0.555362 0 0.831609
    outer loop
      vertex 14.2 25.5616 10.6144
      vertex 14.026 27.9231 10.7306
      vertex 14.026 25.5616 10.7306
    endloop
  endfacet
  facet normal -0.555362 0 -0.831609
    outer loop
      vertex 15.8 0.0768585 13.3856
      vertex 15.974 2.43843 13.2694
      vertex 15.974 0.0768585 13.2694
    endloop
  endfacet
  facet normal -0.555362 0 -0.831609
    outer loop
      vertex 15.974 2.43843 13.2694
      vertex 15.8 0.0768585 13.3856
      vertex 15.8 2.43843 13.3856
    endloop
  endfacet
  facet normal -0.555362 0 -0.831609
    outer loop
      vertex 15.8 25.5616 13.3856
      vertex 15.974 27.9231 13.2694
      vertex 15.974 25.5616 13.2694
    endloop
  endfacet
  facet normal -0.555362 0 -0.831609
    outer loop
      vertex 15.974 27.9231 13.2694
      vertex 15.8 25.5616 13.3856
      vertex 15.8 27.9231 13.3856
    endloop
  endfacet
  facet normal -0.194922 0 -0.980819
    outer loop
      vertex 15.2088 25.5616 13.5863
      vertex 15.4141 27.9231 13.5455
      vertex 15.4141 25.5616 13.5455
    endloop
  endfacet
  facet normal -0.194922 0 -0.980819
    outer loop
      vertex 15.4141 27.9231 13.5455
      vertex 15.2088 25.5616 13.5863
      vertex 15.2088 27.9231 13.5863
    endloop
  endfacet
  facet normal -0.194922 0 -0.980819
    outer loop
      vertex 15.2088 0.0768585 13.5863
      vertex 15.4141 2.43843 13.5455
      vertex 15.4141 0.0768585 13.5455
    endloop
  endfacet
  facet normal -0.194922 0 -0.980819
    outer loop
      vertex 15.4141 2.43843 13.5455
      vertex 15.2088 0.0768585 13.5863
      vertex 15.2088 2.43843 13.5863
    endloop
  endfacet
  facet normal -0.659248 0 0.751925
    outer loop
      vertex 15.974 2.43843 10.7306
      vertex 16.1314 0.0768585 10.8686
      vertex 16.1314 2.43843 10.8686
    endloop
  endfacet
  facet normal -0.659248 0 0.751925
    outer loop
      vertex 16.1314 0.0768585 10.8686
      vertex 15.974 2.43843 10.7306
      vertex 15.974 0.0768585 10.7306
    endloop
  endfacet
  facet normal -0.659248 0 0.751925
    outer loop
      vertex 15.974 27.9231 10.7306
      vertex 16.1314 25.5616 10.8686
      vertex 16.1314 27.9231 10.8686
    endloop
  endfacet
  facet normal -0.659248 0 0.751925
    outer loop
      vertex 16.1314 25.5616 10.8686
      vertex 15.974 27.9231 10.7306
      vertex 15.974 25.5616 10.7306
    endloop
  endfacet
  facet normal 0.946901 -0 0.321526
    outer loop
      vertex 13.4545 0.0768585 11.5859
      vertex 13.5218 2.43843 11.3877
      vertex 13.4545 2.43843 11.5859
    endloop
  endfacet
  facet normal 0.946901 0 0.321526
    outer loop
      vertex 13.5218 2.43843 11.3877
      vertex 13.4545 0.0768585 11.5859
      vertex 13.5218 0.0768585 11.3877
    endloop
  endfacet
  facet normal 0.946901 -0 0.321526
    outer loop
      vertex 13.4545 25.5616 11.5859
      vertex 13.5218 27.9231 11.3877
      vertex 13.4545 27.9231 11.5859
    endloop
  endfacet
  facet normal 0.946901 0 0.321526
    outer loop
      vertex 13.5218 27.9231 11.3877
      vertex 13.4545 25.5616 11.5859
      vertex 13.5218 25.5616 11.3877
    endloop
  endfacet
  facet normal -0.0654722 0 -0.997854
    outer loop
      vertex 15 25.5616 13.6
      vertex 15.2088 27.9231 13.5863
      vertex 15.2088 25.5616 13.5863
    endloop
  endfacet
  facet normal -0.0654722 0 -0.997854
    outer loop
      vertex 15.2088 27.9231 13.5863
      vertex 15 25.5616 13.6
      vertex 15 27.9231 13.6
    endloop
  endfacet
  facet normal -0.0654722 0 -0.997854
    outer loop
      vertex 15 0.0768585 13.6
      vertex 15.2088 2.43843 13.5863
      vertex 15.2088 0.0768585 13.5863
    endloop
  endfacet
  facet normal -0.0654722 0 -0.997854
    outer loop
      vertex 15.2088 2.43843 13.5863
      vertex 15 0.0768585 13.6
      vertex 15 2.43843 13.6
    endloop
  endfacet
  facet normal 0.194922 0 0.980819
    outer loop
      vertex 14.5859 2.43843 10.4545
      vertex 14.7912 0.0768585 10.4137
      vertex 14.7912 2.43843 10.4137
    endloop
  endfacet
  facet normal 0.194922 0 0.980819
    outer loop
      vertex 14.7912 0.0768585 10.4137
      vertex 14.5859 2.43843 10.4545
      vertex 14.5859 0.0768585 10.4545
    endloop
  endfacet
  facet normal 0.194922 0 0.980819
    outer loop
      vertex 14.5859 27.9231 10.4545
      vertex 14.7912 25.5616 10.4137
      vertex 14.7912 27.9231 10.4137
    endloop
  endfacet
  facet normal 0.194922 0 0.980819
    outer loop
      vertex 14.7912 25.5616 10.4137
      vertex 14.5859 27.9231 10.4545
      vertex 14.5859 25.5616 10.4545
    endloop
  endfacet
  facet normal 0.659248 0 -0.751925
    outer loop
      vertex 13.8686 0.0768585 13.1314
      vertex 14.026 2.43843 13.2694
      vertex 14.026 0.0768585 13.2694
    endloop
  endfacet
  facet normal 0.659248 0 -0.751925
    outer loop
      vertex 14.026 2.43843 13.2694
      vertex 13.8686 0.0768585 13.1314
      vertex 13.8686 2.43843 13.1314
    endloop
  endfacet
  facet normal 0.659248 0 -0.751925
    outer loop
      vertex 13.8686 25.5616 13.1314
      vertex 14.026 27.9231 13.2694
      vertex 14.026 25.5616 13.2694
    endloop
  endfacet
  facet normal 0.659248 0 -0.751925
    outer loop
      vertex 14.026 27.9231 13.2694
      vertex 13.8686 25.5616 13.1314
      vertex 13.8686 27.9231 13.1314
    endloop
  endfacet
  facet normal -0.659248 0 -0.751925
    outer loop
      vertex 15.974 0.0768585 13.2694
      vertex 16.1314 2.43843 13.1314
      vertex 16.1314 0.0768585 13.1314
    endloop
  endfacet
  facet normal -0.659248 0 -0.751925
    outer loop
      vertex 16.1314 2.43843 13.1314
      vertex 15.974 0.0768585 13.2694
      vertex 15.974 2.43843 13.2694
    endloop
  endfacet
  facet normal -0.659248 0 -0.751925
    outer loop
      vertex 15.974 25.5616 13.2694
      vertex 16.1314 27.9231 13.1314
      vertex 16.1314 25.5616 13.1314
    endloop
  endfacet
  facet normal -0.659248 0 -0.751925
    outer loop
      vertex 16.1314 27.9231 13.1314
      vertex 15.974 25.5616 13.2694
      vertex 15.974 27.9231 13.2694
    endloop
  endfacet
  facet normal 0.896803 -0 0.442429
    outer loop
      vertex 13.5218 0.0768585 11.3877
      vertex 13.6144 2.43843 11.2
      vertex 13.5218 2.43843 11.3877
    endloop
  endfacet
  facet normal 0.896803 0 0.442429
    outer loop
      vertex 13.6144 2.43843 11.2
      vertex 13.5218 0.0768585 11.3877
      vertex 13.6144 0.0768585 11.2
    endloop
  endfacet
  facet normal 0.896803 -0 0.442429
    outer loop
      vertex 13.5218 25.5616 11.3877
      vertex 13.6144 27.9231 11.2
      vertex 13.5218 27.9231 11.3877
    endloop
  endfacet
  facet normal 0.896803 0 0.442429
    outer loop
      vertex 13.6144 27.9231 11.2
      vertex 13.5218 25.5616 11.3877
      vertex 13.6144 25.5616 11.2
    endloop
  endfacet
  facet normal -0.896803 0 -0.442429
    outer loop
      vertex 16.4782 0.0768585 12.6123
      vertex 16.3856 2.43843 12.8
      vertex 16.4782 2.43843 12.6123
    endloop
  endfacet
  facet normal -0.896803 -0 -0.442429
    outer loop
      vertex 16.3856 2.43843 12.8
      vertex 16.4782 0.0768585 12.6123
      vertex 16.3856 0.0768585 12.8
    endloop
  endfacet
  facet normal -0.896803 0 -0.442429
    outer loop
      vertex 16.4782 25.5616 12.6123
      vertex 16.3856 27.9231 12.8
      vertex 16.4782 27.9231 12.6123
    endloop
  endfacet
  facet normal -0.896803 -0 -0.442429
    outer loop
      vertex 16.3856 27.9231 12.8
      vertex 16.4782 25.5616 12.6123
      vertex 16.3856 25.5616 12.8
    endloop
  endfacet
  facet normal -0.751925 0 -0.659248
    outer loop
      vertex 16.2694 0.0768585 12.974
      vertex 16.1314 2.43843 13.1314
      vertex 16.2694 2.43843 12.974
    endloop
  endfacet
  facet normal -0.751925 -0 -0.659248
    outer loop
      vertex 16.1314 2.43843 13.1314
      vertex 16.2694 0.0768585 12.974
      vertex 16.1314 0.0768585 13.1314
    endloop
  endfacet
  facet normal -0.751925 0 -0.659248
    outer loop
      vertex 16.2694 25.5616 12.974
      vertex 16.1314 27.9231 13.1314
      vertex 16.2694 27.9231 12.974
    endloop
  endfacet
  facet normal -0.751925 -0 -0.659248
    outer loop
      vertex 16.1314 27.9231 13.1314
      vertex 16.2694 25.5616 12.974
      vertex 16.1314 25.5616 13.1314
    endloop
  endfacet
  facet normal 0.0654722 0 -0.997854
    outer loop
      vertex 14.7912 25.5616 13.5863
      vertex 15 27.9231 13.6
      vertex 15 25.5616 13.6
    endloop
  endfacet
  facet normal 0.0654722 0 -0.997854
    outer loop
      vertex 15 27.9231 13.6
      vertex 14.7912 25.5616 13.5863
      vertex 14.7912 27.9231 13.5863
    endloop
  endfacet
  facet normal 0.0654722 0 -0.997854
    outer loop
      vertex 14.7912 0.0768585 13.5863
      vertex 15 2.43843 13.6
      vertex 15 0.0768585 13.6
    endloop
  endfacet
  facet normal 0.0654722 0 -0.997854
    outer loop
      vertex 15 2.43843 13.6
      vertex 14.7912 0.0768585 13.5863
      vertex 14.7912 2.43843 13.5863
    endloop
  endfacet
  facet normal -0.0654722 0 0.997854
    outer loop
      vertex 15 27.9231 10.4
      vertex 15.2088 25.5616 10.4137
      vertex 15.2088 27.9231 10.4137
    endloop
  endfacet
  facet normal -0.0654722 0 0.997854
    outer loop
      vertex 15.2088 25.5616 10.4137
      vertex 15 27.9231 10.4
      vertex 15 25.5616 10.4
    endloop
  endfacet
  facet normal -0.0654722 0 0.997854
    outer loop
      vertex 15 2.43843 10.4
      vertex 15.2088 0.0768585 10.4137
      vertex 15.2088 2.43843 10.4137
    endloop
  endfacet
  facet normal -0.0654722 0 0.997854
    outer loop
      vertex 15.2088 0.0768585 10.4137
      vertex 15 2.43843 10.4
      vertex 15 0.0768585 10.4
    endloop
  endfacet
  facet normal -0.555362 0 0.831609
    outer loop
      vertex 15.8 2.43843 10.6144
      vertex 15.974 0.0768585 10.7306
      vertex 15.974 2.43843 10.7306
    endloop
  endfacet
  facet normal -0.555362 0 0.831609
    outer loop
      vertex 15.974 0.0768585 10.7306
      vertex 15.8 2.43843 10.6144
      vertex 15.8 0.0768585 10.6144
    endloop
  endfacet
  facet normal -0.555362 0 0.831609
    outer loop
      vertex 15.8 27.9231 10.6144
      vertex 15.974 25.5616 10.7306
      vertex 15.974 27.9231 10.7306
    endloop
  endfacet
  facet normal -0.555362 0 0.831609
    outer loop
      vertex 15.974 25.5616 10.7306
      vertex 15.8 27.9231 10.6144
      vertex 15.8 25.5616 10.6144
    endloop
  endfacet
  facet normal 0.997854 0 -0.0654722
    outer loop
      vertex 13.4137 0.0768585 12.2088
      vertex 13.4 2.43843 12
      vertex 13.4137 2.43843 12.2088
    endloop
  endfacet
  facet normal 0.997854 0 -0.0654722
    outer loop
      vertex 13.4 2.43843 12
      vertex 13.4137 0.0768585 12.2088
      vertex 13.4 0.0768585 12
    endloop
  endfacet
  facet normal 0.997854 0 -0.0654722
    outer loop
      vertex 13.4137 25.5616 12.2088
      vertex 13.4 27.9231 12
      vertex 13.4137 27.9231 12.2088
    endloop
  endfacet
  facet normal 0.997854 0 -0.0654722
    outer loop
      vertex 13.4 27.9231 12
      vertex 13.4137 25.5616 12.2088
      vertex 13.4 25.5616 12
    endloop
  endfacet
  facet normal 0.751925 -0 0.659248
    outer loop
      vertex 13.7306 0.0768585 11.026
      vertex 13.8686 2.43843 10.8686
      vertex 13.7306 2.43843 11.026
    endloop
  endfacet
  facet normal 0.751925 0 0.659248
    outer loop
      vertex 13.8686 2.43843 10.8686
      vertex 13.7306 0.0768585 11.026
      vertex 13.8686 0.0768585 10.8686
    endloop
  endfacet
  facet normal 0.751925 -0 0.659248
    outer loop
      vertex 13.7306 25.5616 11.026
      vertex 13.8686 27.9231 10.8686
      vertex 13.7306 27.9231 11.026
    endloop
  endfacet
  facet normal 0.751925 0 0.659248
    outer loop
      vertex 13.8686 27.9231 10.8686
      vertex 13.7306 25.5616 11.026
      vertex 13.8686 25.5616 10.8686
    endloop
  endfacet
  facet normal 0.0654722 0 0.997854
    outer loop
      vertex 14.7912 27.9231 10.4137
      vertex 15 25.5616 10.4
      vertex 15 27.9231 10.4
    endloop
  endfacet
  facet normal 0.0654722 0 0.997854
    outer loop
      vertex 15 25.5616 10.4
      vertex 14.7912 27.9231 10.4137
      vertex 14.7912 25.5616 10.4137
    endloop
  endfacet
  facet normal 0.0654722 0 0.997854
    outer loop
      vertex 14.7912 2.43843 10.4137
      vertex 15 0.0768585 10.4
      vertex 15 2.43843 10.4
    endloop
  endfacet
  facet normal 0.0654722 0 0.997854
    outer loop
      vertex 15 0.0768585 10.4
      vertex 14.7912 2.43843 10.4137
      vertex 14.7912 0.0768585 10.4137
    endloop
  endfacet
  facet normal 0.194922 0 -0.980819
    outer loop
      vertex 14.5859 25.5616 13.5455
      vertex 14.7912 27.9231 13.5863
      vertex 14.7912 25.5616 13.5863
    endloop
  endfacet
  facet normal 0.194922 0 -0.980819
    outer loop
      vertex 14.7912 27.9231 13.5863
      vertex 14.5859 25.5616 13.5455
      vertex 14.5859 27.9231 13.5455
    endloop
  endfacet
  facet normal 0.194922 0 -0.980819
    outer loop
      vertex 14.5859 0.0768585 13.5455
      vertex 14.7912 2.43843 13.5863
      vertex 14.7912 0.0768585 13.5863
    endloop
  endfacet
  facet normal 0.194922 0 -0.980819
    outer loop
      vertex 14.7912 2.43843 13.5863
      vertex 14.5859 0.0768585 13.5455
      vertex 14.5859 2.43843 13.5455
    endloop
  endfacet
  facet normal 0.980819 -0 0.194922
    outer loop
      vertex 13.4137 0.0768585 11.7912
      vertex 13.4545 2.43843 11.5859
      vertex 13.4137 2.43843 11.7912
    endloop
  endfacet
  facet normal 0.980819 0 0.194922
    outer loop
      vertex 13.4545 2.43843 11.5859
      vertex 13.4137 0.0768585 11.7912
      vertex 13.4545 0.0768585 11.5859
    endloop
  endfacet
  facet normal 0.980819 -0 0.194922
    outer loop
      vertex 13.4137 25.5616 11.7912
      vertex 13.4545 27.9231 11.5859
      vertex 13.4137 27.9231 11.7912
    endloop
  endfacet
  facet normal 0.980819 0 0.194922
    outer loop
      vertex 13.4545 27.9231 11.5859
      vertex 13.4137 25.5616 11.7912
      vertex 13.4545 25.5616 11.5859
    endloop
  endfacet
  facet normal 0.997854 -0 0.0654722
    outer loop
      vertex 13.4 0.0768585 12
      vertex 13.4137 2.43843 11.7912
      vertex 13.4 2.43843 12
    endloop
  endfacet
  facet normal 0.997854 0 0.0654722
    outer loop
      vertex 13.4137 2.43843 11.7912
      vertex 13.4 0.0768585 12
      vertex 13.4137 0.0768585 11.7912
    endloop
  endfacet
  facet normal 0.997854 -0 0.0654722
    outer loop
      vertex 13.4 25.5616 12
      vertex 13.4137 27.9231 11.7912
      vertex 13.4 27.9231 12
    endloop
  endfacet
  facet normal 0.997854 0 0.0654722
    outer loop
      vertex 13.4137 27.9231 11.7912
      vertex 13.4 25.5616 12
      vertex 13.4137 25.5616 11.7912
    endloop
  endfacet
  facet normal 0.442429 0 -0.896803
    outer loop
      vertex 14.2 0.0768585 13.3856
      vertex 14.3877 2.43843 13.4782
      vertex 14.3877 0.0768585 13.4782
    endloop
  endfacet
  facet normal 0.442429 0 -0.896803
    outer loop
      vertex 14.3877 2.43843 13.4782
      vertex 14.2 0.0768585 13.3856
      vertex 14.2 2.43843 13.3856
    endloop
  endfacet
  facet normal 0.442429 0 -0.896803
    outer loop
      vertex 14.2 25.5616 13.3856
      vertex 14.3877 27.9231 13.4782
      vertex 14.3877 25.5616 13.4782
    endloop
  endfacet
  facet normal 0.442429 0 -0.896803
    outer loop
      vertex 14.3877 27.9231 13.4782
      vertex 14.2 25.5616 13.3856
      vertex 14.2 27.9231 13.3856
    endloop
  endfacet
  facet normal 0.831609 -0 0.555362
    outer loop
      vertex 13.6144 0.0768585 11.2
      vertex 13.7306 2.43843 11.026
      vertex 13.6144 2.43843 11.2
    endloop
  endfacet
  facet normal 0.831609 0 0.555362
    outer loop
      vertex 13.7306 2.43843 11.026
      vertex 13.6144 0.0768585 11.2
      vertex 13.7306 0.0768585 11.026
    endloop
  endfacet
  facet normal 0.831609 -0 0.555362
    outer loop
      vertex 13.6144 25.5616 11.2
      vertex 13.7306 27.9231 11.026
      vertex 13.6144 27.9231 11.2
    endloop
  endfacet
  facet normal 0.831609 0 0.555362
    outer loop
      vertex 13.7306 27.9231 11.026
      vertex 13.6144 25.5616 11.2
      vertex 13.7306 25.5616 11.026
    endloop
  endfacet
  facet normal 0.831609 0 -0.555362
    outer loop
      vertex 13.7306 0.0768585 12.974
      vertex 13.6144 2.43843 12.8
      vertex 13.7306 2.43843 12.974
    endloop
  endfacet
  facet normal 0.831609 0 -0.555362
    outer loop
      vertex 13.6144 2.43843 12.8
      vertex 13.7306 0.0768585 12.974
      vertex 13.6144 0.0768585 12.8
    endloop
  endfacet
  facet normal 0.831609 0 -0.555362
    outer loop
      vertex 13.7306 25.5616 12.974
      vertex 13.6144 27.9231 12.8
      vertex 13.7306 27.9231 12.974
    endloop
  endfacet
  facet normal 0.831609 0 -0.555362
    outer loop
      vertex 13.6144 27.9231 12.8
      vertex 13.7306 25.5616 12.974
      vertex 13.6144 25.5616 12.8
    endloop
  endfacet
  facet normal 0.896803 0 -0.442429
    outer loop
      vertex 13.6144 0.0768585 12.8
      vertex 13.5218 2.43843 12.6123
      vertex 13.6144 2.43843 12.8
    endloop
  endfacet
  facet normal 0.896803 0 -0.442429
    outer loop
      vertex 13.5218 2.43843 12.6123
      vertex 13.6144 0.0768585 12.8
      vertex 13.5218 0.0768585 12.6123
    endloop
  endfacet
  facet normal 0.896803 0 -0.442429
    outer loop
      vertex 13.6144 25.5616 12.8
      vertex 13.5218 27.9231 12.6123
      vertex 13.6144 27.9231 12.8
    endloop
  endfacet
  facet normal 0.896803 0 -0.442429
    outer loop
      vertex 13.5218 27.9231 12.6123
      vertex 13.6144 25.5616 12.8
      vertex 13.5218 25.5616 12.6123
    endloop
  endfacet
  facet normal -0.194922 0 0.980819
    outer loop
      vertex 15.2088 2.43843 58.4137
      vertex 15.4141 0.0768585 58.4545
      vertex 15.4141 2.43843 58.4545
    endloop
  endfacet
  facet normal -0.194922 0 0.980819
    outer loop
      vertex 15.4141 0.0768585 58.4545
      vertex 15.2088 2.43843 58.4137
      vertex 15.2088 0.0768585 58.4137
    endloop
  endfacet
  facet normal -0.194922 0 0.980819
    outer loop
      vertex 15.2088 27.9231 58.4137
      vertex 15.4141 25.5616 58.4545
      vertex 15.4141 27.9231 58.4545
    endloop
  endfacet
  facet normal -0.194922 0 0.980819
    outer loop
      vertex 15.4141 25.5616 58.4545
      vertex 15.2088 27.9231 58.4137
      vertex 15.2088 25.5616 58.4137
    endloop
  endfacet
  facet normal -0.980819 0 0.194922
    outer loop
      vertex 16.5455 0.0768585 59.5859
      vertex 16.5863 2.43843 59.7912
      vertex 16.5455 2.43843 59.5859
    endloop
  endfacet
  facet normal -0.980819 0 0.194922
    outer loop
      vertex 16.5863 2.43843 59.7912
      vertex 16.5455 0.0768585 59.5859
      vertex 16.5863 0.0768585 59.7912
    endloop
  endfacet
  facet normal -0.980819 0 0.194922
    outer loop
      vertex 16.5455 25.5616 59.5859
      vertex 16.5863 27.9231 59.7912
      vertex 16.5455 27.9231 59.5859
    endloop
  endfacet
  facet normal -0.980819 0 0.194922
    outer loop
      vertex 16.5863 27.9231 59.7912
      vertex 16.5455 25.5616 59.5859
      vertex 16.5863 25.5616 59.7912
    endloop
  endfacet
  facet normal -0.997854 0 0.0654722
    outer loop
      vertex 16.5863 0.0768585 59.7912
      vertex 16.6 2.43843 60
      vertex 16.5863 2.43843 59.7912
    endloop
  endfacet
  facet normal -0.997854 0 0.0654722
    outer loop
      vertex 16.6 2.43843 60
      vertex 16.5863 0.0768585 59.7912
      vertex 16.6 0.0768585 60
    endloop
  endfacet
  facet normal -0.997854 0 0.0654722
    outer loop
      vertex 16.5863 25.5616 59.7912
      vertex 16.6 27.9231 60
      vertex 16.5863 27.9231 59.7912
    endloop
  endfacet
  facet normal -0.997854 0 0.0654722
    outer loop
      vertex 16.6 27.9231 60
      vertex 16.5863 25.5616 59.7912
      vertex 16.6 25.5616 60
    endloop
  endfacet
  facet normal -0.946901 0 0.321526
    outer loop
      vertex 16.4782 0.0768585 59.3877
      vertex 16.5455 2.43843 59.5859
      vertex 16.4782 2.43843 59.3877
    endloop
  endfacet
  facet normal -0.946901 0 0.321526
    outer loop
      vertex 16.5455 2.43843 59.5859
      vertex 16.4782 0.0768585 59.3877
      vertex 16.5455 0.0768585 59.5859
    endloop
  endfacet
  facet normal -0.946901 0 0.321526
    outer loop
      vertex 16.4782 25.5616 59.3877
      vertex 16.5455 27.9231 59.5859
      vertex 16.4782 27.9231 59.3877
    endloop
  endfacet
  facet normal -0.946901 0 0.321526
    outer loop
      vertex 16.5455 27.9231 59.5859
      vertex 16.4782 25.5616 59.3877
      vertex 16.5455 25.5616 59.5859
    endloop
  endfacet
  facet normal -0.831609 0 0.555362
    outer loop
      vertex 16.2694 0.0768585 59.026
      vertex 16.3856 2.43843 59.2
      vertex 16.2694 2.43843 59.026
    endloop
  endfacet
  facet normal -0.831609 0 0.555362
    outer loop
      vertex 16.3856 2.43843 59.2
      vertex 16.2694 0.0768585 59.026
      vertex 16.3856 0.0768585 59.2
    endloop
  endfacet
  facet normal -0.831609 0 0.555362
    outer loop
      vertex 16.2694 25.5616 59.026
      vertex 16.3856 27.9231 59.2
      vertex 16.2694 27.9231 59.026
    endloop
  endfacet
  facet normal -0.831609 0 0.555362
    outer loop
      vertex 16.3856 27.9231 59.2
      vertex 16.2694 25.5616 59.026
      vertex 16.3856 25.5616 59.2
    endloop
  endfacet
  facet normal -0.321526 0 0.946901
    outer loop
      vertex 15.4141 2.43843 58.4545
      vertex 15.6123 0.0768585 58.5218
      vertex 15.6123 2.43843 58.5218
    endloop
  endfacet
  facet normal -0.321526 0 0.946901
    outer loop
      vertex 15.6123 0.0768585 58.5218
      vertex 15.4141 2.43843 58.4545
      vertex 15.4141 0.0768585 58.4545
    endloop
  endfacet
  facet normal -0.321526 0 0.946901
    outer loop
      vertex 15.4141 27.9231 58.4545
      vertex 15.6123 25.5616 58.5218
      vertex 15.6123 27.9231 58.5218
    endloop
  endfacet
  facet normal -0.321526 0 0.946901
    outer loop
      vertex 15.6123 25.5616 58.5218
      vertex 15.4141 27.9231 58.4545
      vertex 15.4141 25.5616 58.4545
    endloop
  endfacet
  facet normal -0.997854 0 -0.0654722
    outer loop
      vertex 16.6 0.0768585 60
      vertex 16.5863 2.43843 60.2088
      vertex 16.6 2.43843 60
    endloop
  endfacet
  facet normal -0.997854 -0 -0.0654722
    outer loop
      vertex 16.5863 2.43843 60.2088
      vertex 16.6 0.0768585 60
      vertex 16.5863 0.0768585 60.2088
    endloop
  endfacet
  facet normal -0.997854 0 -0.0654722
    outer loop
      vertex 16.6 25.5616 60
      vertex 16.5863 27.9231 60.2088
      vertex 16.6 27.9231 60
    endloop
  endfacet
  facet normal -0.997854 -0 -0.0654722
    outer loop
      vertex 16.5863 27.9231 60.2088
      vertex 16.6 25.5616 60
      vertex 16.5863 25.5616 60.2088
    endloop
  endfacet
  facet normal 0.555362 0 -0.831609
    outer loop
      vertex 14.026 0.0768585 61.2694
      vertex 14.2 2.43843 61.3856
      vertex 14.2 0.0768585 61.3856
    endloop
  endfacet
  facet normal 0.555362 0 -0.831609
    outer loop
      vertex 14.2 2.43843 61.3856
      vertex 14.026 0.0768585 61.2694
      vertex 14.026 2.43843 61.2694
    endloop
  endfacet
  facet normal 0.555362 0 -0.831609
    outer loop
      vertex 14.026 25.5616 61.2694
      vertex 14.2 27.9231 61.3856
      vertex 14.2 25.5616 61.3856
    endloop
  endfacet
  facet normal 0.555362 0 -0.831609
    outer loop
      vertex 14.2 27.9231 61.3856
      vertex 14.026 25.5616 61.2694
      vertex 14.026 27.9231 61.2694
    endloop
  endfacet
  facet normal 0.321526 0 -0.946901
    outer loop
      vertex 14.3877 25.5616 61.4782
      vertex 14.5859 27.9231 61.5455
      vertex 14.5859 25.5616 61.5455
    endloop
  endfacet
  facet normal 0.321526 0 -0.946901
    outer loop
      vertex 14.5859 27.9231 61.5455
      vertex 14.3877 25.5616 61.4782
      vertex 14.3877 27.9231 61.4782
    endloop
  endfacet
  facet normal 0.321526 0 -0.946901
    outer loop
      vertex 14.3877 0.0768585 61.4782
      vertex 14.5859 2.43843 61.5455
      vertex 14.5859 0.0768585 61.5455
    endloop
  endfacet
  facet normal 0.321526 0 -0.946901
    outer loop
      vertex 14.5859 2.43843 61.5455
      vertex 14.3877 0.0768585 61.4782
      vertex 14.3877 2.43843 61.4782
    endloop
  endfacet
  facet normal -0.896803 0 0.442429
    outer loop
      vertex 16.3856 0.0768585 59.2
      vertex 16.4782 2.43843 59.3877
      vertex 16.3856 2.43843 59.2
    endloop
  endfacet
  facet normal -0.896803 0 0.442429
    outer loop
      vertex 16.4782 2.43843 59.3877
      vertex 16.3856 0.0768585 59.2
      vertex 16.4782 0.0768585 59.3877
    endloop
  endfacet
  facet normal -0.896803 0 0.442429
    outer loop
      vertex 16.3856 25.5616 59.2
      vertex 16.4782 27.9231 59.3877
      vertex 16.3856 27.9231 59.2
    endloop
  endfacet
  facet normal -0.896803 0 0.442429
    outer loop
      vertex 16.4782 27.9231 59.3877
      vertex 16.3856 25.5616 59.2
      vertex 16.4782 25.5616 59.3877
    endloop
  endfacet
  facet normal 0.321526 0 0.946901
    outer loop
      vertex 14.3877 2.43843 58.5218
      vertex 14.5859 0.0768585 58.4545
      vertex 14.5859 2.43843 58.4545
    endloop
  endfacet
  facet normal 0.321526 0 0.946901
    outer loop
      vertex 14.5859 0.0768585 58.4545
      vertex 14.3877 2.43843 58.5218
      vertex 14.3877 0.0768585 58.5218
    endloop
  endfacet
  facet normal 0.321526 0 0.946901
    outer loop
      vertex 14.3877 27.9231 58.5218
      vertex 14.5859 25.5616 58.4545
      vertex 14.5859 27.9231 58.4545
    endloop
  endfacet
  facet normal 0.321526 0 0.946901
    outer loop
      vertex 14.5859 25.5616 58.4545
      vertex 14.3877 27.9231 58.5218
      vertex 14.3877 25.5616 58.5218
    endloop
  endfacet
  facet normal -0.751925 0 0.659248
    outer loop
      vertex 16.1314 0.0768585 58.8686
      vertex 16.2694 2.43843 59.026
      vertex 16.1314 2.43843 58.8686
    endloop
  endfacet
  facet normal -0.751925 0 0.659248
    outer loop
      vertex 16.2694 2.43843 59.026
      vertex 16.1314 0.0768585 58.8686
      vertex 16.2694 0.0768585 59.026
    endloop
  endfacet
  facet normal -0.751925 0 0.659248
    outer loop
      vertex 16.1314 25.5616 58.8686
      vertex 16.2694 27.9231 59.026
      vertex 16.1314 27.9231 58.8686
    endloop
  endfacet
  facet normal -0.751925 0 0.659248
    outer loop
      vertex 16.2694 27.9231 59.026
      vertex 16.1314 25.5616 58.8686
      vertex 16.2694 25.5616 59.026
    endloop
  endfacet
  facet normal -0.946901 0 -0.321526
    outer loop
      vertex 16.5455 0.0768585 60.4141
      vertex 16.4782 2.43843 60.6123
      vertex 16.5455 2.43843 60.4141
    endloop
  endfacet
  facet normal -0.946901 -0 -0.321526
    outer loop
      vertex 16.4782 2.43843 60.6123
      vertex 16.5455 0.0768585 60.4141
      vertex 16.4782 0.0768585 60.6123
    endloop
  endfacet
  facet normal -0.946901 0 -0.321526
    outer loop
      vertex 16.5455 25.5616 60.4141
      vertex 16.4782 27.9231 60.6123
      vertex 16.5455 27.9231 60.4141
    endloop
  endfacet
  facet normal -0.946901 -0 -0.321526
    outer loop
      vertex 16.4782 27.9231 60.6123
      vertex 16.5455 25.5616 60.4141
      vertex 16.4782 25.5616 60.6123
    endloop
  endfacet
  facet normal 0.751925 0 -0.659248
    outer loop
      vertex 13.8686 0.0768585 61.1314
      vertex 13.7306 2.43843 60.974
      vertex 13.8686 2.43843 61.1314
    endloop
  endfacet
  facet normal 0.751925 0 -0.659248
    outer loop
      vertex 13.7306 2.43843 60.974
      vertex 13.8686 0.0768585 61.1314
      vertex 13.7306 0.0768585 60.974
    endloop
  endfacet
  facet normal 0.751925 0 -0.659248
    outer loop
      vertex 13.8686 25.5616 61.1314
      vertex 13.7306 27.9231 60.974
      vertex 13.8686 27.9231 61.1314
    endloop
  endfacet
  facet normal 0.751925 0 -0.659248
    outer loop
      vertex 13.7306 27.9231 60.974
      vertex 13.8686 25.5616 61.1314
      vertex 13.7306 25.5616 60.974
    endloop
  endfacet
  facet normal -0.980819 0 -0.194922
    outer loop
      vertex 16.5863 0.0768585 60.2088
      vertex 16.5455 2.43843 60.4141
      vertex 16.5863 2.43843 60.2088
    endloop
  endfacet
  facet normal -0.980819 -0 -0.194922
    outer loop
      vertex 16.5455 2.43843 60.4141
      vertex 16.5863 0.0768585 60.2088
      vertex 16.5455 0.0768585 60.4141
    endloop
  endfacet
  facet normal -0.980819 0 -0.194922
    outer loop
      vertex 16.5863 25.5616 60.2088
      vertex 16.5455 27.9231 60.4141
      vertex 16.5863 27.9231 60.2088
    endloop
  endfacet
  facet normal -0.980819 -0 -0.194922
    outer loop
      vertex 16.5455 27.9231 60.4141
      vertex 16.5863 25.5616 60.2088
      vertex 16.5455 25.5616 60.4141
    endloop
  endfacet
  facet normal 0.659248 0 0.751925
    outer loop
      vertex 13.8686 2.43843 58.8686
      vertex 14.026 0.0768585 58.7306
      vertex 14.026 2.43843 58.7306
    endloop
  endfacet
  facet normal 0.659248 0 0.751925
    outer loop
      vertex 14.026 0.0768585 58.7306
      vertex 13.8686 2.43843 58.8686
      vertex 13.8686 0.0768585 58.8686
    endloop
  endfacet
  facet normal 0.659248 0 0.751925
    outer loop
      vertex 13.8686 27.9231 58.8686
      vertex 14.026 25.5616 58.7306
      vertex 14.026 27.9231 58.7306
    endloop
  endfacet
  facet normal 0.659248 0 0.751925
    outer loop
      vertex 14.026 25.5616 58.7306
      vertex 13.8686 27.9231 58.8686
      vertex 13.8686 25.5616 58.8686
    endloop
  endfacet
  facet normal 0.946901 0 -0.321526
    outer loop
      vertex 13.5218 0.0768585 60.6123
      vertex 13.4545 2.43843 60.4141
      vertex 13.5218 2.43843 60.6123
    endloop
  endfacet
  facet normal 0.946901 0 -0.321526
    outer loop
      vertex 13.4545 2.43843 60.4141
      vertex 13.5218 0.0768585 60.6123
      vertex 13.4545 0.0768585 60.4141
    endloop
  endfacet
  facet normal 0.946901 0 -0.321526
    outer loop
      vertex 13.5218 25.5616 60.6123
      vertex 13.4545 27.9231 60.4141
      vertex 13.5218 27.9231 60.6123
    endloop
  endfacet
  facet normal 0.946901 0 -0.321526
    outer loop
      vertex 13.4545 27.9231 60.4141
      vertex 13.5218 25.5616 60.6123
      vertex 13.4545 25.5616 60.4141
    endloop
  endfacet
  facet normal -0.831609 0 -0.555362
    outer loop
      vertex 16.3856 0.0768585 60.8
      vertex 16.2694 2.43843 60.974
      vertex 16.3856 2.43843 60.8
    endloop
  endfacet
  facet normal -0.831609 -0 -0.555362
    outer loop
      vertex 16.2694 2.43843 60.974
      vertex 16.3856 0.0768585 60.8
      vertex 16.2694 0.0768585 60.974
    endloop
  endfacet
  facet normal -0.831609 0 -0.555362
    outer loop
      vertex 16.3856 25.5616 60.8
      vertex 16.2694 27.9231 60.974
      vertex 16.3856 27.9231 60.8
    endloop
  endfacet
  facet normal -0.831609 -0 -0.555362
    outer loop
      vertex 16.2694 27.9231 60.974
      vertex 16.3856 25.5616 60.8
      vertex 16.2694 25.5616 60.974
    endloop
  endfacet
  facet normal -0.442429 0 0.896803
    outer loop
      vertex 15.6123 2.43843 58.5218
      vertex 15.8 0.0768585 58.6144
      vertex 15.8 2.43843 58.6144
    endloop
  endfacet
  facet normal -0.442429 0 0.896803
    outer loop
      vertex 15.8 0.0768585 58.6144
      vertex 15.6123 2.43843 58.5218
      vertex 15.6123 0.0768585 58.5218
    endloop
  endfacet
  facet normal -0.442429 0 0.896803
    outer loop
      vertex 15.6123 27.9231 58.5218
      vertex 15.8 25.5616 58.6144
      vertex 15.8 27.9231 58.6144
    endloop
  endfacet
  facet normal -0.442429 0 0.896803
    outer loop
      vertex 15.8 25.5616 58.6144
      vertex 15.6123 27.9231 58.5218
      vertex 15.6123 25.5616 58.5218
    endloop
  endfacet
  facet normal 0.442429 0 0.896803
    outer loop
      vertex 14.2 2.43843 58.6144
      vertex 14.3877 0.0768585 58.5218
      vertex 14.3877 2.43843 58.5218
    endloop
  endfacet
  facet normal 0.442429 0 0.896803
    outer loop
      vertex 14.3877 0.0768585 58.5218
      vertex 14.2 2.43843 58.6144
      vertex 14.2 0.0768585 58.6144
    endloop
  endfacet
  facet normal 0.442429 0 0.896803
    outer loop
      vertex 14.2 27.9231 58.6144
      vertex 14.3877 25.5616 58.5218
      vertex 14.3877 27.9231 58.5218
    endloop
  endfacet
  facet normal 0.442429 0 0.896803
    outer loop
      vertex 14.3877 25.5616 58.5218
      vertex 14.2 27.9231 58.6144
      vertex 14.2 25.5616 58.6144
    endloop
  endfacet
  facet normal -0.442429 0 -0.896803
    outer loop
      vertex 15.6123 0.0768585 61.4782
      vertex 15.8 2.43843 61.3856
      vertex 15.8 0.0768585 61.3856
    endloop
  endfacet
  facet normal -0.442429 0 -0.896803
    outer loop
      vertex 15.8 2.43843 61.3856
      vertex 15.6123 0.0768585 61.4782
      vertex 15.6123 2.43843 61.4782
    endloop
  endfacet
  facet normal -0.442429 0 -0.896803
    outer loop
      vertex 15.6123 25.5616 61.4782
      vertex 15.8 27.9231 61.3856
      vertex 15.8 25.5616 61.3856
    endloop
  endfacet
  facet normal -0.442429 0 -0.896803
    outer loop
      vertex 15.8 27.9231 61.3856
      vertex 15.6123 25.5616 61.4782
      vertex 15.6123 27.9231 61.4782
    endloop
  endfacet
  facet normal -0.321526 0 -0.946901
    outer loop
      vertex 15.4141 25.5616 61.5455
      vertex 15.6123 27.9231 61.4782
      vertex 15.6123 25.5616 61.4782
    endloop
  endfacet
  facet normal -0.321526 0 -0.946901
    outer loop
      vertex 15.6123 27.9231 61.4782
      vertex 15.4141 25.5616 61.5455
      vertex 15.4141 27.9231 61.5455
    endloop
  endfacet
  facet normal -0.321526 0 -0.946901
    outer loop
      vertex 15.4141 0.0768585 61.5455
      vertex 15.6123 2.43843 61.4782
      vertex 15.6123 0.0768585 61.4782
    endloop
  endfacet
  facet normal -0.321526 0 -0.946901
    outer loop
      vertex 15.6123 2.43843 61.4782
      vertex 15.4141 0.0768585 61.5455
      vertex 15.4141 2.43843 61.5455
    endloop
  endfacet
  facet normal 0.896803 0 -0.442429
    outer loop
      vertex 13.6144 0.0768585 60.8
      vertex 13.5218 2.43843 60.6123
      vertex 13.6144 2.43843 60.8
    endloop
  endfacet
  facet normal 0.896803 0 -0.442429
    outer loop
      vertex 13.5218 2.43843 60.6123
      vertex 13.6144 0.0768585 60.8
      vertex 13.5218 0.0768585 60.6123
    endloop
  endfacet
  facet normal 0.896803 0 -0.442429
    outer loop
      vertex 13.6144 25.5616 60.8
      vertex 13.5218 27.9231 60.6123
      vertex 13.6144 27.9231 60.8
    endloop
  endfacet
  facet normal 0.896803 0 -0.442429
    outer loop
      vertex 13.5218 27.9231 60.6123
      vertex 13.6144 25.5616 60.8
      vertex 13.5218 25.5616 60.6123
    endloop
  endfacet
  facet normal 0.980819 0 -0.194922
    outer loop
      vertex 13.4545 0.0768585 60.4141
      vertex 13.4137 2.43843 60.2088
      vertex 13.4545 2.43843 60.4141
    endloop
  endfacet
  facet normal 0.980819 0 -0.194922
    outer loop
      vertex 13.4137 2.43843 60.2088
      vertex 13.4545 0.0768585 60.4141
      vertex 13.4137 0.0768585 60.2088
    endloop
  endfacet
  facet normal 0.980819 0 -0.194922
    outer loop
      vertex 13.4545 25.5616 60.4141
      vertex 13.4137 27.9231 60.2088
      vertex 13.4545 27.9231 60.4141
    endloop
  endfacet
  facet normal 0.980819 0 -0.194922
    outer loop
      vertex 13.4137 27.9231 60.2088
      vertex 13.4545 25.5616 60.4141
      vertex 13.4137 25.5616 60.2088
    endloop
  endfacet
  facet normal 0.555362 0 0.831609
    outer loop
      vertex 14.026 2.43843 58.7306
      vertex 14.2 0.0768585 58.6144
      vertex 14.2 2.43843 58.6144
    endloop
  endfacet
  facet normal 0.555362 0 0.831609
    outer loop
      vertex 14.2 0.0768585 58.6144
      vertex 14.026 2.43843 58.7306
      vertex 14.026 0.0768585 58.7306
    endloop
  endfacet
  facet normal 0.555362 0 0.831609
    outer loop
      vertex 14.026 27.9231 58.7306
      vertex 14.2 25.5616 58.6144
      vertex 14.2 27.9231 58.6144
    endloop
  endfacet
  facet normal 0.555362 0 0.831609
    outer loop
      vertex 14.2 25.5616 58.6144
      vertex 14.026 27.9231 58.7306
      vertex 14.026 25.5616 58.7306
    endloop
  endfacet
  facet normal -0.555362 0 -0.831609
    outer loop
      vertex 15.8 0.0768585 61.3856
      vertex 15.974 2.43843 61.2694
      vertex 15.974 0.0768585 61.2694
    endloop
  endfacet
  facet normal -0.555362 0 -0.831609
    outer loop
      vertex 15.974 2.43843 61.2694
      vertex 15.8 0.0768585 61.3856
      vertex 15.8 2.43843 61.3856
    endloop
  endfacet
  facet normal -0.555362 0 -0.831609
    outer loop
      vertex 15.8 25.5616 61.3856
      vertex 15.974 27.9231 61.2694
      vertex 15.974 25.5616 61.2694
    endloop
  endfacet
  facet normal -0.555362 0 -0.831609
    outer loop
      vertex 15.974 27.9231 61.2694
      vertex 15.8 25.5616 61.3856
      vertex 15.8 27.9231 61.3856
    endloop
  endfacet
  facet normal -0.194922 0 -0.980819
    outer loop
      vertex 15.2088 25.5616 61.5863
      vertex 15.4141 27.9231 61.5455
      vertex 15.4141 25.5616 61.5455
    endloop
  endfacet
  facet normal -0.194922 0 -0.980819
    outer loop
      vertex 15.4141 27.9231 61.5455
      vertex 15.2088 25.5616 61.5863
      vertex 15.2088 27.9231 61.5863
    endloop
  endfacet
  facet normal -0.194922 0 -0.980819
    outer loop
      vertex 15.2088 0.0768585 61.5863
      vertex 15.4141 2.43843 61.5455
      vertex 15.4141 0.0768585 61.5455
    endloop
  endfacet
  facet normal -0.194922 0 -0.980819
    outer loop
      vertex 15.4141 2.43843 61.5455
      vertex 15.2088 0.0768585 61.5863
      vertex 15.2088 2.43843 61.5863
    endloop
  endfacet
  facet normal -0.659248 0 0.751925
    outer loop
      vertex 15.974 2.43843 58.7306
      vertex 16.1314 0.0768585 58.8686
      vertex 16.1314 2.43843 58.8686
    endloop
  endfacet
  facet normal -0.659248 0 0.751925
    outer loop
      vertex 16.1314 0.0768585 58.8686
      vertex 15.974 2.43843 58.7306
      vertex 15.974 0.0768585 58.7306
    endloop
  endfacet
  facet normal -0.659248 0 0.751925
    outer loop
      vertex 15.974 27.9231 58.7306
      vertex 16.1314 25.5616 58.8686
      vertex 16.1314 27.9231 58.8686
    endloop
  endfacet
  facet normal -0.659248 0 0.751925
    outer loop
      vertex 16.1314 25.5616 58.8686
      vertex 15.974 27.9231 58.7306
      vertex 15.974 25.5616 58.7306
    endloop
  endfacet
  facet normal 0.946901 -0 0.321526
    outer loop
      vertex 13.4545 0.0768585 59.5859
      vertex 13.5218 2.43843 59.3877
      vertex 13.4545 2.43843 59.5859
    endloop
  endfacet
  facet normal 0.946901 0 0.321526
    outer loop
      vertex 13.5218 2.43843 59.3877
      vertex 13.4545 0.0768585 59.5859
      vertex 13.5218 0.0768585 59.3877
    endloop
  endfacet
  facet normal 0.946901 -0 0.321526
    outer loop
      vertex 13.4545 25.5616 59.5859
      vertex 13.5218 27.9231 59.3877
      vertex 13.4545 27.9231 59.5859
    endloop
  endfacet
  facet normal 0.946901 0 0.321526
    outer loop
      vertex 13.5218 27.9231 59.3877
      vertex 13.4545 25.5616 59.5859
      vertex 13.5218 25.5616 59.3877
    endloop
  endfacet
  facet normal -0.0654722 0 -0.997854
    outer loop
      vertex 15 25.5616 61.6
      vertex 15.2088 27.9231 61.5863
      vertex 15.2088 25.5616 61.5863
    endloop
  endfacet
  facet normal -0.0654722 0 -0.997854
    outer loop
      vertex 15.2088 27.9231 61.5863
      vertex 15 25.5616 61.6
      vertex 15 27.9231 61.6
    endloop
  endfacet
  facet normal -0.0654722 0 -0.997854
    outer loop
      vertex 15 0.0768585 61.6
      vertex 15.2088 2.43843 61.5863
      vertex 15.2088 0.0768585 61.5863
    endloop
  endfacet
  facet normal -0.0654722 0 -0.997854
    outer loop
      vertex 15.2088 2.43843 61.5863
      vertex 15 0.0768585 61.6
      vertex 15 2.43843 61.6
    endloop
  endfacet
  facet normal 0.194922 0 0.980819
    outer loop
      vertex 14.5859 2.43843 58.4545
      vertex 14.7912 0.0768585 58.4137
      vertex 14.7912 2.43843 58.4137
    endloop
  endfacet
  facet normal 0.194922 0 0.980819
    outer loop
      vertex 14.7912 0.0768585 58.4137
      vertex 14.5859 2.43843 58.4545
      vertex 14.5859 0.0768585 58.4545
    endloop
  endfacet
  facet normal 0.194922 0 0.980819
    outer loop
      vertex 14.5859 27.9231 58.4545
      vertex 14.7912 25.5616 58.4137
      vertex 14.7912 27.9231 58.4137
    endloop
  endfacet
  facet normal 0.194922 0 0.980819
    outer loop
      vertex 14.7912 25.5616 58.4137
      vertex 14.5859 27.9231 58.4545
      vertex 14.5859 25.5616 58.4545
    endloop
  endfacet
  facet normal 0.659248 0 -0.751925
    outer loop
      vertex 13.8686 0.0768585 61.1314
      vertex 14.026 2.43843 61.2694
      vertex 14.026 0.0768585 61.2694
    endloop
  endfacet
  facet normal 0.659248 0 -0.751925
    outer loop
      vertex 14.026 2.43843 61.2694
      vertex 13.8686 0.0768585 61.1314
      vertex 13.8686 2.43843 61.1314
    endloop
  endfacet
  facet normal 0.659248 0 -0.751925
    outer loop
      vertex 13.8686 25.5616 61.1314
      vertex 14.026 27.9231 61.2694
      vertex 14.026 25.5616 61.2694
    endloop
  endfacet
  facet normal 0.659248 0 -0.751925
    outer loop
      vertex 14.026 27.9231 61.2694
      vertex 13.8686 25.5616 61.1314
      vertex 13.8686 27.9231 61.1314
    endloop
  endfacet
  facet normal 0.896803 -0 0.442429
    outer loop
      vertex 13.5218 0.0768585 59.3877
      vertex 13.6144 2.43843 59.2
      vertex 13.5218 2.43843 59.3877
    endloop
  endfacet
  facet normal 0.896803 0 0.442429
    outer loop
      vertex 13.6144 2.43843 59.2
      vertex 13.5218 0.0768585 59.3877
      vertex 13.6144 0.0768585 59.2
    endloop
  endfacet
  facet normal 0.896803 -0 0.442429
    outer loop
      vertex 13.5218 25.5616 59.3877
      vertex 13.6144 27.9231 59.2
      vertex 13.5218 27.9231 59.3877
    endloop
  endfacet
  facet normal 0.896803 0 0.442429
    outer loop
      vertex 13.6144 27.9231 59.2
      vertex 13.5218 25.5616 59.3877
      vertex 13.6144 25.5616 59.2
    endloop
  endfacet
  facet normal -0.896803 0 -0.442429
    outer loop
      vertex 16.4782 0.0768585 60.6123
      vertex 16.3856 2.43843 60.8
      vertex 16.4782 2.43843 60.6123
    endloop
  endfacet
  facet normal -0.896803 -0 -0.442429
    outer loop
      vertex 16.3856 2.43843 60.8
      vertex 16.4782 0.0768585 60.6123
      vertex 16.3856 0.0768585 60.8
    endloop
  endfacet
  facet normal -0.896803 0 -0.442429
    outer loop
      vertex 16.4782 25.5616 60.6123
      vertex 16.3856 27.9231 60.8
      vertex 16.4782 27.9231 60.6123
    endloop
  endfacet
  facet normal -0.896803 -0 -0.442429
    outer loop
      vertex 16.3856 27.9231 60.8
      vertex 16.4782 25.5616 60.6123
      vertex 16.3856 25.5616 60.8
    endloop
  endfacet
  facet normal -0.751925 0 -0.659248
    outer loop
      vertex 16.2694 0.0768585 60.974
      vertex 16.1314 2.43843 61.1314
      vertex 16.2694 2.43843 60.974
    endloop
  endfacet
  facet normal -0.751925 -0 -0.659248
    outer loop
      vertex 16.1314 2.43843 61.1314
      vertex 16.2694 0.0768585 60.974
      vertex 16.1314 0.0768585 61.1314
    endloop
  endfacet
  facet normal -0.751925 0 -0.659248
    outer loop
      vertex 16.2694 25.5616 60.974
      vertex 16.1314 27.9231 61.1314
      vertex 16.2694 27.9231 60.974
    endloop
  endfacet
  facet normal -0.751925 -0 -0.659248
    outer loop
      vertex 16.1314 27.9231 61.1314
      vertex 16.2694 25.5616 60.974
      vertex 16.1314 25.5616 61.1314
    endloop
  endfacet
  facet normal 0.0654722 0 -0.997854
    outer loop
      vertex 14.7912 25.5616 61.5863
      vertex 15 27.9231 61.6
      vertex 15 25.5616 61.6
    endloop
  endfacet
  facet normal 0.0654722 0 -0.997854
    outer loop
      vertex 15 27.9231 61.6
      vertex 14.7912 25.5616 61.5863
      vertex 14.7912 27.9231 61.5863
    endloop
  endfacet
  facet normal 0.0654722 0 -0.997854
    outer loop
      vertex 14.7912 0.0768585 61.5863
      vertex 15 2.43843 61.6
      vertex 15 0.0768585 61.6
    endloop
  endfacet
  facet normal 0.0654722 0 -0.997854
    outer loop
      vertex 15 2.43843 61.6
      vertex 14.7912 0.0768585 61.5863
      vertex 14.7912 2.43843 61.5863
    endloop
  endfacet
  facet normal -0.0654722 0 0.997854
    outer loop
      vertex 15 27.9231 58.4
      vertex 15.2088 25.5616 58.4137
      vertex 15.2088 27.9231 58.4137
    endloop
  endfacet
  facet normal -0.0654722 0 0.997854
    outer loop
      vertex 15.2088 25.5616 58.4137
      vertex 15 27.9231 58.4
      vertex 15 25.5616 58.4
    endloop
  endfacet
  facet normal -0.0654722 0 0.997854
    outer loop
      vertex 15 2.43843 58.4
      vertex 15.2088 0.0768585 58.4137
      vertex 15.2088 2.43843 58.4137
    endloop
  endfacet
  facet normal -0.0654722 0 0.997854
    outer loop
      vertex 15.2088 0.0768585 58.4137
      vertex 15 2.43843 58.4
      vertex 15 0.0768585 58.4
    endloop
  endfacet
  facet normal -0.555362 0 0.831609
    outer loop
      vertex 15.8 2.43843 58.6144
      vertex 15.974 0.0768585 58.7306
      vertex 15.974 2.43843 58.7306
    endloop
  endfacet
  facet normal -0.555362 0 0.831609
    outer loop
      vertex 15.974 0.0768585 58.7306
      vertex 15.8 2.43843 58.6144
      vertex 15.8 0.0768585 58.6144
    endloop
  endfacet
  facet normal -0.555362 0 0.831609
    outer loop
      vertex 15.8 27.9231 58.6144
      vertex 15.974 25.5616 58.7306
      vertex 15.974 27.9231 58.7306
    endloop
  endfacet
  facet normal -0.555362 0 0.831609
    outer loop
      vertex 15.974 25.5616 58.7306
      vertex 15.8 27.9231 58.6144
      vertex 15.8 25.5616 58.6144
    endloop
  endfacet
  facet normal 0.997854 0 -0.0654722
    outer loop
      vertex 13.4137 0.0768585 60.2088
      vertex 13.4 2.43843 60
      vertex 13.4137 2.43843 60.2088
    endloop
  endfacet
  facet normal 0.997854 0 -0.0654722
    outer loop
      vertex 13.4 2.43843 60
      vertex 13.4137 0.0768585 60.2088
      vertex 13.4 0.0768585 60
    endloop
  endfacet
  facet normal 0.997854 0 -0.0654722
    outer loop
      vertex 13.4137 25.5616 60.2088
      vertex 13.4 27.9231 60
      vertex 13.4137 27.9231 60.2088
    endloop
  endfacet
  facet normal 0.997854 0 -0.0654722
    outer loop
      vertex 13.4 27.9231 60
      vertex 13.4137 25.5616 60.2088
      vertex 13.4 25.5616 60
    endloop
  endfacet
  facet normal 0.751925 -0 0.659248
    outer loop
      vertex 13.7306 0.0768585 59.026
      vertex 13.8686 2.43843 58.8686
      vertex 13.7306 2.43843 59.026
    endloop
  endfacet
  facet normal 0.751925 0 0.659248
    outer loop
      vertex 13.8686 2.43843 58.8686
      vertex 13.7306 0.0768585 59.026
      vertex 13.8686 0.0768585 58.8686
    endloop
  endfacet
  facet normal 0.751925 -0 0.659248
    outer loop
      vertex 13.7306 25.5616 59.026
      vertex 13.8686 27.9231 58.8686
      vertex 13.7306 27.9231 59.026
    endloop
  endfacet
  facet normal 0.751925 0 0.659248
    outer loop
      vertex 13.8686 27.9231 58.8686
      vertex 13.7306 25.5616 59.026
      vertex 13.8686 25.5616 58.8686
    endloop
  endfacet
  facet normal 0.0654722 0 0.997854
    outer loop
      vertex 14.7912 27.9231 58.4137
      vertex 15 25.5616 58.4
      vertex 15 27.9231 58.4
    endloop
  endfacet
  facet normal 0.0654722 0 0.997854
    outer loop
      vertex 15 25.5616 58.4
      vertex 14.7912 27.9231 58.4137
      vertex 14.7912 25.5616 58.4137
    endloop
  endfacet
  facet normal 0.0654722 0 0.997854
    outer loop
      vertex 14.7912 2.43843 58.4137
      vertex 15 0.0768585 58.4
      vertex 15 2.43843 58.4
    endloop
  endfacet
  facet normal 0.0654722 0 0.997854
    outer loop
      vertex 15 0.0768585 58.4
      vertex 14.7912 2.43843 58.4137
      vertex 14.7912 0.0768585 58.4137
    endloop
  endfacet
  facet normal 0.194922 0 -0.980819
    outer loop
      vertex 14.5859 25.5616 61.5455
      vertex 14.7912 27.9231 61.5863
      vertex 14.7912 25.5616 61.5863
    endloop
  endfacet
  facet normal 0.194922 0 -0.980819
    outer loop
      vertex 14.7912 27.9231 61.5863
      vertex 14.5859 25.5616 61.5455
      vertex 14.5859 27.9231 61.5455
    endloop
  endfacet
  facet normal 0.194922 0 -0.980819
    outer loop
      vertex 14.5859 0.0768585 61.5455
      vertex 14.7912 2.43843 61.5863
      vertex 14.7912 0.0768585 61.5863
    endloop
  endfacet
  facet normal 0.194922 0 -0.980819
    outer loop
      vertex 14.7912 2.43843 61.5863
      vertex 14.5859 0.0768585 61.5455
      vertex 14.5859 2.43843 61.5455
    endloop
  endfacet
  facet normal 0.980819 -0 0.194922
    outer loop
      vertex 13.4137 0.0768585 59.7912
      vertex 13.4545 2.43843 59.5859
      vertex 13.4137 2.43843 59.7912
    endloop
  endfacet
  facet normal 0.980819 0 0.194922
    outer loop
      vertex 13.4545 2.43843 59.5859
      vertex 13.4137 0.0768585 59.7912
      vertex 13.4545 0.0768585 59.5859
    endloop
  endfacet
  facet normal 0.980819 -0 0.194922
    outer loop
      vertex 13.4137 25.5616 59.7912
      vertex 13.4545 27.9231 59.5859
      vertex 13.4137 27.9231 59.7912
    endloop
  endfacet
  facet normal 0.980819 0 0.194922
    outer loop
      vertex 13.4545 27.9231 59.5859
      vertex 13.4137 25.5616 59.7912
      vertex 13.4545 25.5616 59.5859
    endloop
  endfacet
  facet normal 0.997854 -0 0.0654722
    outer loop
      vertex 13.4 0.0768585 60
      vertex 13.4137 2.43843 59.7912
      vertex 13.4 2.43843 60
    endloop
  endfacet
  facet normal 0.997854 0 0.0654722
    outer loop
      vertex 13.4137 2.43843 59.7912
      vertex 13.4 0.0768585 60
      vertex 13.4137 0.0768585 59.7912
    endloop
  endfacet
  facet normal 0.997854 -0 0.0654722
    outer loop
      vertex 13.4 25.5616 60
      vertex 13.4137 27.9231 59.7912
      vertex 13.4 27.9231 60
    endloop
  endfacet
  facet normal 0.997854 0 0.0654722
    outer loop
      vertex 13.4137 27.9231 59.7912
      vertex 13.4 25.5616 60
      vertex 13.4137 25.5616 59.7912
    endloop
  endfacet
  facet normal 0.442429 0 -0.896803
    outer loop
      vertex 14.2 0.0768585 61.3856
      vertex 14.3877 2.43843 61.4782
      vertex 14.3877 0.0768585 61.4782
    endloop
  endfacet
  facet normal 0.442429 0 -0.896803
    outer loop
      vertex 14.3877 2.43843 61.4782
      vertex 14.2 0.0768585 61.3856
      vertex 14.2 2.43843 61.3856
    endloop
  endfacet
  facet normal 0.442429 0 -0.896803
    outer loop
      vertex 14.2 25.5616 61.3856
      vertex 14.3877 27.9231 61.4782
      vertex 14.3877 25.5616 61.4782
    endloop
  endfacet
  facet normal 0.442429 0 -0.896803
    outer loop
      vertex 14.3877 27.9231 61.4782
      vertex 14.2 25.5616 61.3856
      vertex 14.2 27.9231 61.3856
    endloop
  endfacet
  facet normal -0.659248 0 -0.751925
    outer loop
      vertex 15.974 0.0768585 61.2694
      vertex 16.1314 2.43843 61.1314
      vertex 16.1314 0.0768585 61.1314
    endloop
  endfacet
  facet normal -0.659248 0 -0.751925
    outer loop
      vertex 16.1314 2.43843 61.1314
      vertex 15.974 0.0768585 61.2694
      vertex 15.974 2.43843 61.2694
    endloop
  endfacet
  facet normal -0.659248 0 -0.751925
    outer loop
      vertex 15.974 25.5616 61.2694
      vertex 16.1314 27.9231 61.1314
      vertex 16.1314 25.5616 61.1314
    endloop
  endfacet
  facet normal -0.659248 0 -0.751925
    outer loop
      vertex 16.1314 27.9231 61.1314
      vertex 15.974 25.5616 61.2694
      vertex 15.974 27.9231 61.2694
    endloop
  endfacet
  facet normal 0.831609 -0 0.555362
    outer loop
      vertex 13.6144 0.0768585 59.2
      vertex 13.7306 2.43843 59.026
      vertex 13.6144 2.43843 59.2
    endloop
  endfacet
  facet normal 0.831609 0 0.555362
    outer loop
      vertex 13.7306 2.43843 59.026
      vertex 13.6144 0.0768585 59.2
      vertex 13.7306 0.0768585 59.026
    endloop
  endfacet
  facet normal 0.831609 -0 0.555362
    outer loop
      vertex 13.6144 25.5616 59.2
      vertex 13.7306 27.9231 59.026
      vertex 13.6144 27.9231 59.2
    endloop
  endfacet
  facet normal 0.831609 0 0.555362
    outer loop
      vertex 13.7306 27.9231 59.026
      vertex 13.6144 25.5616 59.2
      vertex 13.7306 25.5616 59.026
    endloop
  endfacet
  facet normal 0.831609 0 -0.555362
    outer loop
      vertex 13.7306 0.0768585 60.974
      vertex 13.6144 2.43843 60.8
      vertex 13.7306 2.43843 60.974
    endloop
  endfacet
  facet normal 0.831609 0 -0.555362
    outer loop
      vertex 13.6144 2.43843 60.8
      vertex 13.7306 0.0768585 60.974
      vertex 13.6144 0.0768585 60.8
    endloop
  endfacet
  facet normal 0.831609 0 -0.555362
    outer loop
      vertex 13.7306 25.5616 60.974
      vertex 13.6144 27.9231 60.8
      vertex 13.7306 27.9231 60.974
    endloop
  endfacet
  facet normal 0.831609 0 -0.555362
    outer loop
      vertex 13.6144 27.9231 60.8
      vertex 13.7306 25.5616 60.974
      vertex 13.6144 25.5616 60.8
    endloop
  endfacet
  facet normal -1 0 0
    outer loop
      vertex 20 7 69.5616
      vertex 20 22 71.9231
      vertex 20 22 69.5616
    endloop
  endfacet
  facet normal -1 -0 0
    outer loop
      vertex 20 22 71.9231
      vertex 20 7 69.5616
      vertex 20 7 71.9231
    endloop
  endfacet
  facet normal 1 -0 0
    outer loop
      vertex 10 7 71.9231
      vertex 10 22 69.5616
      vertex 10 22 71.9231
    endloop
  endfacet
  facet normal 1 0 0
    outer loop
      vertex 10 22 69.5616
      vertex 10 7 71.9231
      vertex 10 7 69.5616
    endloop
  endfacet
  facet normal 0 -1 0
    outer loop
      vertex 10 22 69.5616
      vertex 20 22 71.9231
      vertex 10 22 71.9231
    endloop
  endfacet
  facet normal 0 -1 -0
    outer loop
      vertex 20 22 71.9231
      vertex 10 22 69.5616
      vertex 20 22 69.5616
    endloop
  endfacet
  facet normal 0 1 -0
    outer loop
      vertex 20 7 69.5616
      vertex 10 7 71.9231
      vertex 20 7 71.9231
    endloop
  endfacet
  facet normal 0 1 0
    outer loop
      vertex 10 7 71.9231
      vertex 20 7 69.5616
      vertex 10 7 69.5616
    endloop
  endfacet
endsolid OpenSCAD_Model
