solid OpenSCAD_Model
  facet normal 0.980813 0.19495 0
    outer loop
      vertex 24.9743 0.391578 17
      vertex 24.8978 0.776457 13
      vertex 24.8978 0.776457 17
    endloop
  endfacet
  facet normal 0.980813 0.19495 0
    outer loop
      vertex 24.8978 0.776457 13
      vertex 24.9743 0.391578 17
      vertex 24.9743 0.391578 13
    endloop
  endfacet
  facet normal 0.997853 0.065491 0
    outer loop
      vertex 25 0 17
      vertex 24.9743 0.391578 13
      vertex 24.9743 0.391578 17
    endloop
  endfacet
  facet normal 0.997853 0.065491 0
    outer loop
      vertex 24.9743 0.391578 13
      vertex 25 0 17
      vertex 25 0 13
    endloop
  endfacet
  facet normal 0.946883 -0.321579 0
    outer loop
      vertex 24.7716 -1.14805 17
      vertex 24.8978 -0.776457 13
      vertex 24.8978 -0.776457 17
    endloop
  endfacet
  facet normal 0.946883 -0.321579 0
    outer loop
      vertex 24.8978 -0.776457 13
      vertex 24.7716 -1.14805 17
      vertex 24.7716 -1.14805 13
    endloop
  endfacet
  facet normal 0.997853 -0.065491 0
    outer loop
      vertex 24.9743 -0.391578 17
      vertex 25 0 13
      vertex 25 0 17
    endloop
  endfacet
  facet normal 0.997853 -0.065491 0
    outer loop
      vertex 25 0 13
      vertex 24.9743 -0.391578 17
      vertex 24.9743 -0.391578 13
    endloop
  endfacet
  facet normal 0.896936 0.44216 0
    outer loop
      vertex 24.7716 1.14805 17
      vertex 24.5981 1.5 13
      vertex 24.5981 1.5 17
    endloop
  endfacet
  facet normal 0.896936 0.44216 0
    outer loop
      vertex 24.5981 1.5 13
      vertex 24.7716 1.14805 17
      vertex 24.7716 1.14805 13
    endloop
  endfacet
  facet normal 0.659391 -0.751801 0
    outer loop
      vertex 23.8451 -2.36357 13
      vertex 24.1213 -2.12132 17
      vertex 23.8451 -2.36357 17
    endloop
  endfacet
  facet normal 0.659391 -0.751801 0
    outer loop
      vertex 24.1213 -2.12132 17
      vertex 23.8451 -2.36357 13
      vertex 24.1213 -2.12132 13
    endloop
  endfacet
  facet normal 0.659391 0.751801 -0
    outer loop
      vertex 24.1213 2.12132 13
      vertex 23.8451 2.36357 17
      vertex 24.1213 2.12132 17
    endloop
  endfacet
  facet normal 0.659391 0.751801 0
    outer loop
      vertex 23.8451 2.36357 17
      vertex 24.1213 2.12132 13
      vertex 23.8451 2.36357 13
    endloop
  endfacet
  facet normal 0.831485 -0.555547 0
    outer loop
      vertex 24.3801 -1.82628 17
      vertex 24.5981 -1.5 13
      vertex 24.5981 -1.5 17
    endloop
  endfacet
  facet normal 0.831485 -0.555547 0
    outer loop
      vertex 24.5981 -1.5 13
      vertex 24.3801 -1.82628 17
      vertex 24.3801 -1.82628 13
    endloop
  endfacet
  facet normal 0.896936 -0.44216 0
    outer loop
      vertex 24.5981 -1.5 17
      vertex 24.7716 -1.14805 13
      vertex 24.7716 -1.14805 17
    endloop
  endfacet
  facet normal 0.896936 -0.44216 0
    outer loop
      vertex 24.7716 -1.14805 13
      vertex 24.5981 -1.5 17
      vertex 24.5981 -1.5 13
    endloop
  endfacet
  facet normal 0.751768 -0.659428 0
    outer loop
      vertex 24.1213 -2.12132 17
      vertex 24.3801 -1.82628 13
      vertex 24.3801 -1.82628 17
    endloop
  endfacet
  facet normal 0.751768 -0.659428 0
    outer loop
      vertex 24.3801 -1.82628 13
      vertex 24.1213 -2.12132 17
      vertex 24.1213 -2.12132 13
    endloop
  endfacet
  facet normal 0.831485 0.555547 0
    outer loop
      vertex 24.5981 1.5 17
      vertex 24.3801 1.82628 13
      vertex 24.3801 1.82628 17
    endloop
  endfacet
  facet normal 0.831485 0.555547 0
    outer loop
      vertex 24.3801 1.82628 13
      vertex 24.5981 1.5 17
      vertex 24.5981 1.5 13
    endloop
  endfacet
  facet normal 0 0 -1
    outer loop
      vertex -20.6144 0.799999 13
      vertex -10.6 4.5 13
      vertex -20.5218 0.612293 13
    endloop
  endfacet
  facet normal 0 0 -1
    outer loop
      vertex -20.7306 0.974018 13
      vertex -10.6 4.5 13
      vertex -20.6144 0.799999 13
    endloop
  endfacet
  facet normal 0 0 -1
    outer loop
      vertex -20.8686 1.13137 13
      vertex -10.6 4.5 13
      vertex -20.7306 0.974018 13
    endloop
  endfacet
  facet normal -0 0 -1
    outer loop
      vertex -10.6 4.5 13
      vertex -20.8686 1.13137 13
      vertex -10.5863 4.70884 13
    endloop
  endfacet
  facet normal 0 0 -1
    outer loop
      vertex -22.1731 9.1844 13
      vertex -10.5863 4.70884 13
      vertex -20.8686 1.13137 13
    endloop
  endfacet
  facet normal 0 0 -1
    outer loop
      vertex -10.5455 4.91411 13
      vertex -20.7846 12 13
      vertex -19.0405 14.6103 13
    endloop
  endfacet
  facet normal 0 0 -1
    outer loop
      vertex -10.5863 4.70884 13
      vertex -22.1731 9.1844 13
      vertex -10.5455 4.91411 13
    endloop
  endfacet
  facet normal 0 0 -1
    outer loop
      vertex -22.1731 9.1844 13
      vertex -20.8686 1.13137 13
      vertex -21.026 1.26937 13
    endloop
  endfacet
  facet normal 0 0 -1
    outer loop
      vertex -23.1822 6.21166 13
      vertex -21.026 1.26937 13
      vertex -21.2 1.38564 13
    endloop
  endfacet
  facet normal 0 0 -1
    outer loop
      vertex -23.1822 6.21166 13
      vertex -21.2 1.38564 13
      vertex -21.3877 1.47821 13
    endloop
  endfacet
  facet normal 0 0 -1
    outer loop
      vertex -23.1822 6.21166 13
      vertex -21.3877 1.47821 13
      vertex -21.5859 1.54548 13
    endloop
  endfacet
  facet normal 0 0 -1
    outer loop
      vertex -23.1822 6.21166 13
      vertex -21.5859 1.54548 13
      vertex -21.7912 1.58631 13
    endloop
  endfacet
  facet normal 0 0 -1
    outer loop
      vertex -23.7947 3.13263 13
      vertex -21.7912 1.58631 13
      vertex -22 1.6 13
    endloop
  endfacet
  facet normal 0 0 -1
    outer loop
      vertex -10.5455 4.91411 13
      vertex -22.1731 9.1844 13
      vertex -20.7846 12 13
    endloop
  endfacet
  facet normal 0 0 -1
    outer loop
      vertex -23.7947 3.13263 13
      vertex -22 1.6 13
      vertex -22.2088 1.58631 13
    endloop
  endfacet
  facet normal 0 0 -1
    outer loop
      vertex -23.7947 3.13263 13
      vertex -22.2088 1.58631 13
      vertex -22.4141 1.54548 13
    endloop
  endfacet
  facet normal 0 0 -1
    outer loop
      vertex -23.8451 2.36357 13
      vertex -22.4141 1.54548 13
      vertex -22.6123 1.47821 13
    endloop
  endfacet
  facet normal 0 0 -1
    outer loop
      vertex -23.8451 2.36357 13
      vertex -22.6123 1.47821 13
      vertex -22.8 1.38564 13
    endloop
  endfacet
  facet normal 0 0 -1
    outer loop
      vertex -23.8451 2.36357 13
      vertex -22.8 1.38564 13
      vertex -22.974 1.26937 13
    endloop
  endfacet
  facet normal 0 0 -1
    outer loop
      vertex -23.8451 2.36357 13
      vertex -22.974 1.26937 13
      vertex -23.1314 1.13137 13
    endloop
  endfacet
  facet normal 0 0 -1
    outer loop
      vertex -21.026 1.26937 13
      vertex -23.1822 6.21166 13
      vertex -22.1731 9.1844 13
    endloop
  endfacet
  facet normal 0 0 -1
    outer loop
      vertex -24.1213 2.12132 13
      vertex -23.1314 1.13137 13
      vertex -23.2694 0.974018 13
    endloop
  endfacet
  facet normal 0 0 -1
    outer loop
      vertex -24.3801 1.82628 13
      vertex -23.2694 0.974018 13
      vertex -23.3856 0.799999 13
    endloop
  endfacet
  facet normal 0 0 -1
    outer loop
      vertex -24.5981 1.5 13
      vertex -23.3856 0.799999 13
      vertex -23.4782 0.612293 13
    endloop
  endfacet
  facet normal 0 0 -1
    outer loop
      vertex -24.7716 1.14805 13
      vertex -23.4782 0.612293 13
      vertex -23.5455 0.41411 13
    endloop
  endfacet
  facet normal 0 0 -1
    outer loop
      vertex -24.8978 0.776457 13
      vertex -23.5455 0.41411 13
      vertex -23.5863 0.208841 13
    endloop
  endfacet
  facet normal 0 0 -1
    outer loop
      vertex -21.7912 1.58631 13
      vertex -23.7947 3.13263 13
      vertex -23.1822 6.21166 13
    endloop
  endfacet
  facet normal 0 0 -1
    outer loop
      vertex -24.9743 0.391578 13
      vertex -23.5863 0.208841 13
      vertex -23.6 0 13
    endloop
  endfacet
  facet normal -0 0 -1
    outer loop
      vertex -23.3856 -0.799999 13
      vertex -24.5981 -1.5 13
      vertex -23.4782 -0.612293 13
    endloop
  endfacet
  facet normal 0 0 -1
    outer loop
      vertex -24.7716 -1.14805 13
      vertex -23.4782 -0.612293 13
      vertex -24.5981 -1.5 13
    endloop
  endfacet
  facet normal 0 0 -1
    outer loop
      vertex -22.4141 1.54548 13
      vertex -23.8451 2.36357 13
      vertex -23.7947 3.13263 13
    endloop
  endfacet
  facet normal -0 0 -1
    outer loop
      vertex -23.4782 -0.612293 13
      vertex -24.7716 -1.14805 13
      vertex -23.5455 -0.41411 13
    endloop
  endfacet
  facet normal 0 0 -1
    outer loop
      vertex -23.1314 1.13137 13
      vertex -24.1213 2.12132 13
      vertex -23.8451 2.36357 13
    endloop
  endfacet
  facet normal 0 0 -1
    outer loop
      vertex -24.8978 -0.776457 13
      vertex -23.5455 -0.41411 13
      vertex -24.7716 -1.14805 13
    endloop
  endfacet
  facet normal 0 0 -1
    outer loop
      vertex -23.2694 0.974018 13
      vertex -24.3801 1.82628 13
      vertex -24.1213 2.12132 13
    endloop
  endfacet
  facet normal -0 0 -1
    outer loop
      vertex -23.5455 -0.41411 13
      vertex -24.8978 -0.776457 13
      vertex -23.5863 -0.208841 13
    endloop
  endfacet
  facet normal 0 0 -1
    outer loop
      vertex -23.3856 0.799999 13
      vertex -24.5981 1.5 13
      vertex -24.3801 1.82628 13
    endloop
  endfacet
  facet normal 0 0 -1
    outer loop
      vertex -24.9743 -0.391578 13
      vertex -23.5863 -0.208841 13
      vertex -24.8978 -0.776457 13
    endloop
  endfacet
  facet normal 0 0 -1
    outer loop
      vertex -23.4782 0.612293 13
      vertex -24.7716 1.14805 13
      vertex -24.5981 1.5 13
    endloop
  endfacet
  facet normal -0 0 -1
    outer loop
      vertex -23.5863 -0.208841 13
      vertex -24.9743 -0.391578 13
      vertex -23.6 0 13
    endloop
  endfacet
  facet normal 0 0 -1
    outer loop
      vertex -23.5455 0.41411 13
      vertex -24.8978 0.776457 13
      vertex -24.7716 1.14805 13
    endloop
  endfacet
  facet normal 0 0 -1
    outer loop
      vertex -25 0 13
      vertex -23.6 0 13
      vertex -24.9743 -0.391578 13
    endloop
  endfacet
  facet normal 0 0 -1
    outer loop
      vertex -23.5863 0.208841 13
      vertex -24.9743 0.391578 13
      vertex -24.8978 0.776457 13
    endloop
  endfacet
  facet normal 0 0 -1
    outer loop
      vertex -23.6 0 13
      vertex -25 0 13
      vertex -24.9743 0.391578 13
    endloop
  endfacet
  facet normal 0 0 -1
    outer loop
      vertex -8.02598 5.76937 13
      vertex -5.76937 8.02598 13
      vertex -7.86863 5.63137 13
    endloop
  endfacet
  facet normal -0 0 -1
    outer loop
      vertex -5.76937 8.02598 13
      vertex -8.02598 5.76937 13
      vertex -5.88564 8.2 13
    endloop
  endfacet
  facet normal 0 0 -1
    outer loop
      vertex -8.2 5.88564 13
      vertex -5.88564 8.2 13
      vertex -8.02598 5.76937 13
    endloop
  endfacet
  facet normal -0 0 -1
    outer loop
      vertex -5.88564 8.2 13
      vertex -8.2 5.88564 13
      vertex -5.97821 8.38771 13
    endloop
  endfacet
  facet normal 0 0 -1
    outer loop
      vertex -8.38771 5.97821 13
      vertex -5.97821 8.38771 13
      vertex -8.2 5.88564 13
    endloop
  endfacet
  facet normal -0 0 -1
    outer loop
      vertex -5.97821 8.38771 13
      vertex -8.38771 5.97821 13
      vertex -6.04548 8.58589 13
    endloop
  endfacet
  facet normal 0 0 -1
    outer loop
      vertex -8.58589 6.04548 13
      vertex -6.04548 8.58589 13
      vertex -8.38771 5.97821 13
    endloop
  endfacet
  facet normal -0 0 -1
    outer loop
      vertex -6.04548 8.58589 13
      vertex -8.58589 6.04548 13
      vertex -6.08631 8.79116 13
    endloop
  endfacet
  facet normal 0 0 -1
    outer loop
      vertex -8.79116 6.08631 13
      vertex -6.08631 8.79116 13
      vertex -8.58589 6.04548 13
    endloop
  endfacet
  facet normal -0 0 -1
    outer loop
      vertex -6.08631 8.79116 13
      vertex -8.79116 6.08631 13
      vertex -6.1 9 13
    endloop
  endfacet
  facet normal 0 0 -1
    outer loop
      vertex -9 6.1 13
      vertex -6.1 9 13
      vertex -8.79116 6.08631 13
    endloop
  endfacet
  facet normal -0 0 -1
    outer loop
      vertex -6.1 9 13
      vertex -9 6.1 13
      vertex -6.08631 9.20884 13
    endloop
  endfacet
  facet normal 0 0 -1
    outer loop
      vertex -9.20884 6.08631 13
      vertex -6.08631 9.20884 13
      vertex -9 6.1 13
    endloop
  endfacet
  facet normal 0 0 -1
    outer loop
      vertex -6.08631 9.20884 13
      vertex -9.1844 22.1731 13
      vertex -6.21166 23.1822 13
    endloop
  endfacet
  facet normal 0 0 -1
    outer loop
      vertex -9.41411 6.04548 13
      vertex -6.08631 9.20884 13
      vertex -9.20884 6.08631 13
    endloop
  endfacet
  facet normal 0 0 -1
    outer loop
      vertex -9.61229 5.97821 13
      vertex -6.08631 9.20884 13
      vertex -9.41411 6.04548 13
    endloop
  endfacet
  facet normal -0 0 -1
    outer loop
      vertex -6.08631 9.20884 13
      vertex -9.61229 5.97821 13
      vertex -16.9706 16.9706 13
    endloop
  endfacet
  facet normal 0 0 -1
    outer loop
      vertex -16.9706 16.9706 13
      vertex -9.61229 5.97821 13
      vertex -9.8 5.88564 13
    endloop
  endfacet
  facet normal 0 0 -1
    outer loop
      vertex -19.0405 14.6103 13
      vertex -9.8 5.88564 13
      vertex -9.97402 5.76937 13
    endloop
  endfacet
  facet normal 0 0 -1
    outer loop
      vertex -19.0405 14.6103 13
      vertex -9.97402 5.76937 13
      vertex -10.1314 5.63137 13
    endloop
  endfacet
  facet normal 0 0 -1
    outer loop
      vertex -19.0405 14.6103 13
      vertex -10.1314 5.63137 13
      vertex -10.2694 5.47402 13
    endloop
  endfacet
  facet normal 0 0 -1
    outer loop
      vertex -19.0405 14.6103 13
      vertex -10.2694 5.47402 13
      vertex -10.3856 5.3 13
    endloop
  endfacet
  facet normal 0 0 -1
    outer loop
      vertex -19.0405 14.6103 13
      vertex -10.3856 5.3 13
      vertex -10.4782 5.11229 13
    endloop
  endfacet
  facet normal 0 0 -1
    outer loop
      vertex -19.0405 14.6103 13
      vertex -10.4782 5.11229 13
      vertex -10.5455 4.91411 13
    endloop
  endfacet
  facet normal 0 0 -1
    outer loop
      vertex -20.4545 0.41411 13
      vertex -10.6 4.5 13
      vertex -20.4137 0.208841 13
    endloop
  endfacet
  facet normal 0 0 -1
    outer loop
      vertex -6.08631 9.20884 13
      vertex -12 20.7846 13
      vertex -9.1844 22.1731 13
    endloop
  endfacet
  facet normal 0 0 -1
    outer loop
      vertex -20.4137 0.208841 13
      vertex -10.6 4.5 13
      vertex -20.4 0 13
    endloop
  endfacet
  facet normal 0 0 -1
    outer loop
      vertex -22.1731 -9.1844 13
      vertex -10.4782 -5.11229 13
      vertex -20.7846 -12 13
    endloop
  endfacet
  facet normal -0 0 -1
    outer loop
      vertex -10.4782 -5.11229 13
      vertex -22.1731 -9.1844 13
      vertex -10.5455 -4.91411 13
    endloop
  endfacet
  facet normal 0 0 -1
    outer loop
      vertex -20.5218 0.612293 13
      vertex -10.6 4.5 13
      vertex -20.4545 0.41411 13
    endloop
  endfacet
  facet normal -0 0 -1
    outer loop
      vertex -10.5455 -4.91411 13
      vertex -22.1731 -9.1844 13
      vertex -10.5863 -4.70884 13
    endloop
  endfacet
  facet normal 0 0 -1
    outer loop
      vertex -6.08631 9.20884 13
      vertex -14.6103 19.0405 13
      vertex -12 20.7846 13
    endloop
  endfacet
  facet normal 0 -0 -1
    outer loop
      vertex -20.8686 -1.13137 13
      vertex -10.5863 -4.70884 13
      vertex -22.1731 -9.1844 13
    endloop
  endfacet
  facet normal 0 0 -1
    outer loop
      vertex -6.08631 9.20884 13
      vertex -16.9706 16.9706 13
      vertex -14.6103 19.0405 13
    endloop
  endfacet
  facet normal 0 0 -1
    outer loop
      vertex -9.8 5.88564 13
      vertex -19.0405 14.6103 13
      vertex -16.9706 16.9706 13
    endloop
  endfacet
  facet normal 0 0 -1
    outer loop
      vertex -10.6 -4.5 13
      vertex -20.4 0 13
      vertex -10.6 4.5 13
    endloop
  endfacet
  facet normal 0 -0 -1
    outer loop
      vertex -20.4 0 13
      vertex -10.6 -4.5 13
      vertex -20.4137 -0.208841 13
    endloop
  endfacet
  facet normal 0 -0 -1
    outer loop
      vertex -20.4137 -0.208841 13
      vertex -10.6 -4.5 13
      vertex -20.4545 -0.41411 13
    endloop
  endfacet
  facet normal 0 -0 -1
    outer loop
      vertex -20.4545 -0.41411 13
      vertex -10.6 -4.5 13
      vertex -20.5218 -0.612293 13
    endloop
  endfacet
  facet normal 0 -0 -1
    outer loop
      vertex -20.5218 -0.612293 13
      vertex -10.6 -4.5 13
      vertex -20.6144 -0.799999 13
    endloop
  endfacet
  facet normal 0 0 -1
    outer loop
      vertex -10.6 -4.5 13
      vertex -20.7306 -0.974018 13
      vertex -20.6144 -0.799999 13
    endloop
  endfacet
  facet normal 0 0 -1
    outer loop
      vertex -10.5863 -4.70884 13
      vertex -20.8686 -1.13137 13
      vertex -10.6 -4.5 13
    endloop
  endfacet
  facet normal 0 0 -1
    outer loop
      vertex -10.6 -4.5 13
      vertex -20.8686 -1.13137 13
      vertex -20.7306 -0.974018 13
    endloop
  endfacet
  facet normal 0 0 -1
    outer loop
      vertex -20.8686 -1.13137 13
      vertex -22.1731 -9.1844 13
      vertex -21.026 -1.26937 13
    endloop
  endfacet
  facet normal 0 0 -1
    outer loop
      vertex -23.1822 -6.21166 13
      vertex -21.026 -1.26937 13
      vertex -22.1731 -9.1844 13
    endloop
  endfacet
  facet normal 0 0 -1
    outer loop
      vertex -21.026 -1.26937 13
      vertex -23.1822 -6.21166 13
      vertex -21.2 -1.38564 13
    endloop
  endfacet
  facet normal 0 0 -1
    outer loop
      vertex -21.2 -1.38564 13
      vertex -23.1822 -6.21166 13
      vertex -21.3877 -1.47821 13
    endloop
  endfacet
  facet normal 0 0 -1
    outer loop
      vertex -21.3877 -1.47821 13
      vertex -23.1822 -6.21166 13
      vertex -21.5859 -1.54548 13
    endloop
  endfacet
  facet normal 0 0 -1
    outer loop
      vertex -21.5859 -1.54548 13
      vertex -23.1822 -6.21166 13
      vertex -21.7912 -1.58631 13
    endloop
  endfacet
  facet normal 0 0 -1
    outer loop
      vertex -23.7947 -3.13263 13
      vertex -21.7912 -1.58631 13
      vertex -23.1822 -6.21166 13
    endloop
  endfacet
  facet normal 0 0 -1
    outer loop
      vertex -21.7912 -1.58631 13
      vertex -23.7947 -3.13263 13
      vertex -22 -1.6 13
    endloop
  endfacet
  facet normal -0 0 -1
    outer loop
      vertex -22 -1.6 13
      vertex -23.7947 -3.13263 13
      vertex -22.2088 -1.58631 13
    endloop
  endfacet
  facet normal -0 0 -1
    outer loop
      vertex -22.2088 -1.58631 13
      vertex -23.7947 -3.13263 13
      vertex -22.4141 -1.54548 13
    endloop
  endfacet
  facet normal 0 0 -1
    outer loop
      vertex -23.8451 -2.36357 13
      vertex -22.4141 -1.54548 13
      vertex -23.7947 -3.13263 13
    endloop
  endfacet
  facet normal -0 0 -1
    outer loop
      vertex -22.4141 -1.54548 13
      vertex -23.8451 -2.36357 13
      vertex -22.6123 -1.47821 13
    endloop
  endfacet
  facet normal -0 0 -1
    outer loop
      vertex -22.6123 -1.47821 13
      vertex -23.8451 -2.36357 13
      vertex -22.8 -1.38564 13
    endloop
  endfacet
  facet normal -0 0 -1
    outer loop
      vertex -22.8 -1.38564 13
      vertex -23.8451 -2.36357 13
      vertex -22.974 -1.26937 13
    endloop
  endfacet
  facet normal -0 0 -1
    outer loop
      vertex -22.974 -1.26937 13
      vertex -23.8451 -2.36357 13
      vertex -23.1314 -1.13137 13
    endloop
  endfacet
  facet normal 0 0 -1
    outer loop
      vertex -24.1213 -2.12132 13
      vertex -23.1314 -1.13137 13
      vertex -23.8451 -2.36357 13
    endloop
  endfacet
  facet normal -0 0 -1
    outer loop
      vertex -23.1314 -1.13137 13
      vertex -24.1213 -2.12132 13
      vertex -23.2694 -0.974018 13
    endloop
  endfacet
  facet normal 0 0 -1
    outer loop
      vertex -24.3801 -1.82628 13
      vertex -23.2694 -0.974018 13
      vertex -24.1213 -2.12132 13
    endloop
  endfacet
  facet normal 0 0 -1
    outer loop
      vertex -24.5981 -1.5 13
      vertex -23.3856 -0.799999 13
      vertex -24.3801 -1.82628 13
    endloop
  endfacet
  facet normal -0 0 -1
    outer loop
      vertex -23.2694 -0.974018 13
      vertex -24.3801 -1.82628 13
      vertex -23.3856 -0.799999 13
    endloop
  endfacet
  facet normal 0 0 -1
    outer loop
      vertex 3.13263 -23.7947 13
      vertex 1.58631 -22.2088 13
      vertex 1.6 -22 13
    endloop
  endfacet
  facet normal 0 0 -1
    outer loop
      vertex 2.12132 -24.1213 13
      vertex 1.54548 -22.4141 13
      vertex 1.58631 -22.2088 13
    endloop
  endfacet
  facet normal 0 0 -1
    outer loop
      vertex 0.974018 -23.2694 13
      vertex 1.82628 -24.3801 13
      vertex 1.5 -24.5981 13
    endloop
  endfacet
  facet normal 0 0 -1
    outer loop
      vertex 2.12132 -24.1213 13
      vertex 1.47821 -22.6123 13
      vertex 1.54548 -22.4141 13
    endloop
  endfacet
  facet normal 0 0 -1
    outer loop
      vertex 2.12132 -24.1213 13
      vertex 1.38564 -22.8 13
      vertex 1.47821 -22.6123 13
    endloop
  endfacet
  facet normal 0 0 -1
    outer loop
      vertex 2.12132 -24.1213 13
      vertex 1.26937 -22.974 13
      vertex 1.38564 -22.8 13
    endloop
  endfacet
  facet normal 0 0 -1
    outer loop
      vertex 0.799999 -23.3856 13
      vertex 1.5 -24.5981 13
      vertex 1.14805 -24.7716 13
    endloop
  endfacet
  facet normal 0 0 -1
    outer loop
      vertex 2.12132 -24.1213 13
      vertex 1.13137 -23.1314 13
      vertex 1.26937 -22.974 13
    endloop
  endfacet
  facet normal 0 0 -1
    outer loop
      vertex 1.82628 -24.3801 13
      vertex 0.974018 -23.2694 13
      vertex 1.13137 -23.1314 13
    endloop
  endfacet
  facet normal 0 0 -1
    outer loop
      vertex 1.5 -24.5981 13
      vertex 0.799999 -23.3856 13
      vertex 0.974018 -23.2694 13
    endloop
  endfacet
  facet normal 0 0 -1
    outer loop
      vertex 0.612293 -23.4782 13
      vertex 1.14805 -24.7716 13
      vertex 0.776457 -24.8978 13
    endloop
  endfacet
  facet normal 0 0 -1
    outer loop
      vertex 1.14805 -24.7716 13
      vertex 0.612293 -23.4782 13
      vertex 0.799999 -23.3856 13
    endloop
  endfacet
  facet normal 0 0 -1
    outer loop
      vertex 0.776457 -24.8978 13
      vertex 0.41411 -23.5455 13
      vertex 0.612293 -23.4782 13
    endloop
  endfacet
  facet normal 0 0 -1
    outer loop
      vertex 0.391578 -24.9743 13
      vertex 0.41411 -23.5455 13
      vertex 0.776457 -24.8978 13
    endloop
  endfacet
  facet normal 0 0 -1
    outer loop
      vertex 0.391578 -24.9743 13
      vertex 0.208841 -23.5863 13
      vertex 0.41411 -23.5455 13
    endloop
  endfacet
  facet normal 0 0 -1
    outer loop
      vertex 0 -25 13
      vertex 0.208841 -23.5863 13
      vertex 0.391578 -24.9743 13
    endloop
  endfacet
  facet normal 0 0 -1
    outer loop
      vertex 0 -25 13
      vertex 0 -23.6 13
      vertex 0.208841 -23.5863 13
    endloop
  endfacet
  facet normal 0 0 -1
    outer loop
      vertex 0 -25 13
      vertex -0.208841 -23.5863 13
      vertex 0 -23.6 13
    endloop
  endfacet
  facet normal 0 0 -1
    outer loop
      vertex -0.391578 -24.9743 13
      vertex -0.208841 -23.5863 13
      vertex 0 -25 13
    endloop
  endfacet
  facet normal 0 0 -1
    outer loop
      vertex -0.391578 -24.9743 13
      vertex -0.41411 -23.5455 13
      vertex -0.208841 -23.5863 13
    endloop
  endfacet
  facet normal 0 0 -1
    outer loop
      vertex -0.776457 -24.8978 13
      vertex -0.41411 -23.5455 13
      vertex -0.391578 -24.9743 13
    endloop
  endfacet
  facet normal -0 0 -1
    outer loop
      vertex -0.41411 -23.5455 13
      vertex -0.776457 -24.8978 13
      vertex -0.612293 -23.4782 13
    endloop
  endfacet
  facet normal 0 0 -1
    outer loop
      vertex -1.14805 -24.7716 13
      vertex -0.612293 -23.4782 13
      vertex -0.776457 -24.8978 13
    endloop
  endfacet
  facet normal -0 0 -1
    outer loop
      vertex -0.612293 -23.4782 13
      vertex -1.14805 -24.7716 13
      vertex -0.799999 -23.3856 13
    endloop
  endfacet
  facet normal 0 0 -1
    outer loop
      vertex -1.5 -24.5981 13
      vertex -0.799999 -23.3856 13
      vertex -1.14805 -24.7716 13
    endloop
  endfacet
  facet normal -0 0 -1
    outer loop
      vertex -0.799999 -23.3856 13
      vertex -1.5 -24.5981 13
      vertex -0.974018 -23.2694 13
    endloop
  endfacet
  facet normal 0 0 -1
    outer loop
      vertex -1.82628 -24.3801 13
      vertex -0.974018 -23.2694 13
      vertex -1.5 -24.5981 13
    endloop
  endfacet
  facet normal -0 0 -1
    outer loop
      vertex -0.974018 -23.2694 13
      vertex -1.82628 -24.3801 13
      vertex -1.13137 -23.1314 13
    endloop
  endfacet
  facet normal 0 0 -1
    outer loop
      vertex -2.12132 -24.1213 13
      vertex -1.13137 -23.1314 13
      vertex -1.82628 -24.3801 13
    endloop
  endfacet
  facet normal 0 0 -1
    outer loop
      vertex -2.36357 -23.8451 13
      vertex -1.13137 -23.1314 13
      vertex -2.12132 -24.1213 13
    endloop
  endfacet
  facet normal -0 0 -1
    outer loop
      vertex -1.13137 -23.1314 13
      vertex -2.36357 -23.8451 13
      vertex -1.26937 -22.974 13
    endloop
  endfacet
  facet normal -0 0 -1
    outer loop
      vertex -1.26937 -22.974 13
      vertex -2.36357 -23.8451 13
      vertex -1.38564 -22.8 13
    endloop
  endfacet
  facet normal -0 0 -1
    outer loop
      vertex -1.38564 -22.8 13
      vertex -2.36357 -23.8451 13
      vertex -1.47821 -22.6123 13
    endloop
  endfacet
  facet normal -0 0 -1
    outer loop
      vertex -1.47821 -22.6123 13
      vertex -2.36357 -23.8451 13
      vertex -1.54548 -22.4141 13
    endloop
  endfacet
  facet normal -0 0 -1
    outer loop
      vertex 7.73063 -5.47402 13
      vertex 5.47402 -7.73063 13
      vertex 7.61436 -5.3 13
    endloop
  endfacet
  facet normal 0 0 -1
    outer loop
      vertex 7.4 4.5 13
      vertex 6.08631 8.79116 13
      vertex 6.1 9 13
    endloop
  endfacet
  facet normal 0 0 -1
    outer loop
      vertex 5.3 -7.61436 13
      vertex 7.61436 -5.3 13
      vertex 5.47402 -7.73063 13
    endloop
  endfacet
  facet normal 0 0 -1
    outer loop
      vertex 7.4 4.5 13
      vertex 6.04548 8.58589 13
      vertex 6.08631 8.79116 13
    endloop
  endfacet
  facet normal -0 0 -1
    outer loop
      vertex 7.61436 -5.3 13
      vertex 5.3 -7.61436 13
      vertex 7.52179 -5.11229 13
    endloop
  endfacet
  facet normal 0 0 -1
    outer loop
      vertex 7.4 4.5 13
      vertex 5.97821 8.38771 13
      vertex 6.04548 8.58589 13
    endloop
  endfacet
  facet normal 0 0 -1
    outer loop
      vertex 5.11229 -7.52179 13
      vertex 7.52179 -5.11229 13
      vertex 5.3 -7.61436 13
    endloop
  endfacet
  facet normal 0 0 -1
    outer loop
      vertex 7.4 4.5 13
      vertex 5.88564 8.2 13
      vertex 5.97821 8.38771 13
    endloop
  endfacet
  facet normal 0 -0 -1
    outer loop
      vertex 3.86663 -0.509051 13
      vertex 7.4 -4.5 13
      vertex 3.76711 -1.00939 13
    endloop
  endfacet
  facet normal 0 0 -1
    outer loop
      vertex 3.86663 0.509051 13
      vertex 7.4 4.5 13
      vertex 3.9 0 13
    endloop
  endfacet
  facet normal -0 0 -1
    outer loop
      vertex 7.52179 -5.11229 13
      vertex 5.11229 -7.52179 13
      vertex 7.45452 -4.91411 13
    endloop
  endfacet
  facet normal 0 0 -1
    outer loop
      vertex 3.76711 1.00939 13
      vertex 7.4 4.5 13
      vertex 3.86663 0.509051 13
    endloop
  endfacet
  facet normal 0 0 -1
    outer loop
      vertex 4.91411 -7.45452 13
      vertex 7.45452 -4.91411 13
      vertex 5.11229 -7.52179 13
    endloop
  endfacet
  facet normal 0 0 -1
    outer loop
      vertex 7.4 4.5 13
      vertex 5.76937 8.02598 13
      vertex 5.88564 8.2 13
    endloop
  endfacet
  facet normal -0 0 -1
    outer loop
      vertex 7.45452 -4.91411 13
      vertex 4.91411 -7.45452 13
      vertex 7.41369 -4.70884 13
    endloop
  endfacet
  facet normal 0 0 -1
    outer loop
      vertex 3.60313 1.49247 13
      vertex 7.4 4.5 13
      vertex 3.76711 1.00939 13
    endloop
  endfacet
  facet normal 0 0 -1
    outer loop
      vertex 4.70884 -7.41369 13
      vertex 7.41369 -4.70884 13
      vertex 4.91411 -7.45452 13
    endloop
  endfacet
  facet normal 0 0 -1
    outer loop
      vertex 7.4 4.5 13
      vertex 5.63137 7.86863 13
      vertex 5.76937 8.02598 13
    endloop
  endfacet
  facet normal -0 0 -1
    outer loop
      vertex 7.41369 -4.70884 13
      vertex 4.70884 -7.41369 13
      vertex 7.4 -4.5 13
    endloop
  endfacet
  facet normal 0 0 -1
    outer loop
      vertex 7.4 4.5 13
      vertex 5.47402 7.73063 13
      vertex 5.63137 7.86863 13
    endloop
  endfacet
  facet normal 0 0 -1
    outer loop
      vertex 4.5 -7.4 13
      vertex 7.4 -4.5 13
      vertex 4.70884 -7.41369 13
    endloop
  endfacet
  facet normal 0 0 -1
    outer loop
      vertex 3.3775 1.95 13
      vertex 7.4 4.5 13
      vertex 3.60313 1.49247 13
    endloop
  endfacet
  facet normal -0 0 -1
    outer loop
      vertex 7.4 -4.5 13
      vertex 4.5 -7.4 13
      vertex 2.75772 -2.75772 13
    endloop
  endfacet
  facet normal 0 0 -1
    outer loop
      vertex 7.4 4.5 13
      vertex 5.3 7.61436 13
      vertex 5.47402 7.73063 13
    endloop
  endfacet
  facet normal 0 0 -1
    outer loop
      vertex 3.09408 2.37417 13
      vertex 7.4 4.5 13
      vertex 3.3775 1.95 13
    endloop
  endfacet
  facet normal 0 0 -1
    outer loop
      vertex 7.4 -4.5 13
      vertex 3.9 0 13
      vertex 7.4 4.5 13
    endloop
  endfacet
  facet normal 0 -0 -1
    outer loop
      vertex 3.9 0 13
      vertex 7.4 -4.5 13
      vertex 3.86663 -0.509051 13
    endloop
  endfacet
  facet normal 0 0 -1
    outer loop
      vertex 7.4 -4.5 13
      vertex 3.60313 -1.49247 13
      vertex 3.76711 -1.00939 13
    endloop
  endfacet
  facet normal 0 0 -1
    outer loop
      vertex 7.4 -4.5 13
      vertex 3.3775 -1.95 13
      vertex 3.60313 -1.49247 13
    endloop
  endfacet
  facet normal 0 0 -1
    outer loop
      vertex 7.4 -4.5 13
      vertex 3.09408 -2.37417 13
      vertex 3.3775 -1.95 13
    endloop
  endfacet
  facet normal 0 0 -1
    outer loop
      vertex 7.4 -4.5 13
      vertex 2.75772 -2.75772 13
      vertex 3.09408 -2.37417 13
    endloop
  endfacet
  facet normal 0 0 -1
    outer loop
      vertex 4.5 -7.4 13
      vertex 2.37417 -3.09408 13
      vertex 2.75772 -2.75772 13
    endloop
  endfacet
  facet normal 0 0 -1
    outer loop
      vertex 4.5 -7.4 13
      vertex 1.95 -3.3775 13
      vertex 2.37417 -3.09408 13
    endloop
  endfacet
  facet normal 0 0 -1
    outer loop
      vertex 4.5 -7.4 13
      vertex 1.49247 -3.60313 13
      vertex 1.95 -3.3775 13
    endloop
  endfacet
  facet normal 0 0 -1
    outer loop
      vertex 4.5 -7.4 13
      vertex 1.00939 -3.76711 13
      vertex 1.49247 -3.60313 13
    endloop
  endfacet
  facet normal 0 0 -1
    outer loop
      vertex 4.5 -7.4 13
      vertex 0.509051 -3.86663 13
      vertex 1.00939 -3.76711 13
    endloop
  endfacet
  facet normal 0 0 -1
    outer loop
      vertex 4.5 -7.4 13
      vertex 0 -3.9 13
      vertex 0.509051 -3.86663 13
    endloop
  endfacet
  facet normal 0 0 -1
    outer loop
      vertex -4.5 -7.4 13
      vertex 0 -3.9 13
      vertex 4.5 -7.4 13
    endloop
  endfacet
  facet normal -0 0 -1
    outer loop
      vertex 0 -3.9 13
      vertex -4.5 -7.4 13
      vertex -0.509051 -3.86663 13
    endloop
  endfacet
  facet normal -0 0 -1
    outer loop
      vertex -0.509051 -3.86663 13
      vertex -4.5 -7.4 13
      vertex -1.00939 -3.76711 13
    endloop
  endfacet
  facet normal -0 0 -1
    outer loop
      vertex -1.00939 -3.76711 13
      vertex -4.5 -7.4 13
      vertex -1.49247 -3.60313 13
    endloop
  endfacet
  facet normal -0 0 -1
    outer loop
      vertex -3.76711 -1.00939 13
      vertex -7.4 -4.5 13
      vertex -3.86663 -0.509051 13
    endloop
  endfacet
  facet normal -0 0 -1
    outer loop
      vertex -3.60313 -1.49247 13
      vertex -7.4 -4.5 13
      vertex -3.76711 -1.00939 13
    endloop
  endfacet
  facet normal -0 0 -1
    outer loop
      vertex -3.3775 -1.95 13
      vertex -7.4 -4.5 13
      vertex -3.60313 -1.49247 13
    endloop
  endfacet
  facet normal -0 0 -1
    outer loop
      vertex -3.09408 -2.37417 13
      vertex -7.4 -4.5 13
      vertex -3.3775 -1.95 13
    endloop
  endfacet
  facet normal -0 0 -1
    outer loop
      vertex -2.75772 -2.75772 13
      vertex -7.4 -4.5 13
      vertex -3.09408 -2.37417 13
    endloop
  endfacet
  facet normal 0 0 -1
    outer loop
      vertex -7.4 -4.5 13
      vertex -2.75772 -2.75772 13
      vertex -4.5 -7.4 13
    endloop
  endfacet
  facet normal -0 0 -1
    outer loop
      vertex -2.37417 -3.09408 13
      vertex -4.5 -7.4 13
      vertex -2.75772 -2.75772 13
    endloop
  endfacet
  facet normal -0 0 -1
    outer loop
      vertex -1.95 -3.3775 13
      vertex -4.5 -7.4 13
      vertex -2.37417 -3.09408 13
    endloop
  endfacet
  facet normal -0 0 -1
    outer loop
      vertex -1.49247 -3.60313 13
      vertex -4.5 -7.4 13
      vertex -1.95 -3.3775 13
    endloop
  endfacet
  facet normal 0 0 -1
    outer loop
      vertex 5.88564 9.8 13
      vertex 16.9706 16.9706 13
      vertex 5.97821 9.61229 13
    endloop
  endfacet
  facet normal -0 0 -1
    outer loop
      vertex 16.9706 16.9706 13
      vertex 5.88564 9.8 13
      vertex 14.6103 19.0405 13
    endloop
  endfacet
  facet normal 0 0 -1
    outer loop
      vertex 5.76937 9.97402 13
      vertex 14.6103 19.0405 13
      vertex 5.88564 9.8 13
    endloop
  endfacet
  facet normal 0 0 -1
    outer loop
      vertex 5.63137 10.1314 13
      vertex 14.6103 19.0405 13
      vertex 5.76937 9.97402 13
    endloop
  endfacet
  facet normal -0 0 -1
    outer loop
      vertex 14.6103 19.0405 13
      vertex 5.63137 10.1314 13
      vertex 12 20.7846 13
    endloop
  endfacet
  facet normal 0 0 -1
    outer loop
      vertex 5.47402 10.2694 13
      vertex 12 20.7846 13
      vertex 5.63137 10.1314 13
    endloop
  endfacet
  facet normal 0 0 -1
    outer loop
      vertex 5.3 10.3856 13
      vertex 12 20.7846 13
      vertex 5.47402 10.2694 13
    endloop
  endfacet
  facet normal -0 0 -1
    outer loop
      vertex 12 20.7846 13
      vertex 5.3 10.3856 13
      vertex 9.1844 22.1731 13
    endloop
  endfacet
  facet normal 0 0 -1
    outer loop
      vertex 5.11229 10.4782 13
      vertex 9.1844 22.1731 13
      vertex 5.3 10.3856 13
    endloop
  endfacet
  facet normal 0 0 -1
    outer loop
      vertex 4.91411 10.5455 13
      vertex 9.1844 22.1731 13
      vertex 5.11229 10.4782 13
    endloop
  endfacet
  facet normal 0 0 -1
    outer loop
      vertex 4.70884 10.5863 13
      vertex 9.1844 22.1731 13
      vertex 4.91411 10.5455 13
    endloop
  endfacet
  facet normal 0 0 -1
    outer loop
      vertex 1.26937 21.026 13
      vertex 9.1844 22.1731 13
      vertex 4.70884 10.5863 13
    endloop
  endfacet
  facet normal 0 0 -1
    outer loop
      vertex 1.13137 20.8686 13
      vertex 4.70884 10.5863 13
      vertex 4.5 10.6 13
    endloop
  endfacet
  facet normal -0 0 -1
    outer loop
      vertex 9.1844 22.1731 13
      vertex 1.26937 21.026 13
      vertex 6.21166 23.1822 13
    endloop
  endfacet
  facet normal 0 -0 -1
    outer loop
      vertex 1.54548 21.5859 13
      vertex 6.21166 23.1822 13
      vertex 1.47821 21.3877 13
    endloop
  endfacet
  facet normal -0 0 -1
    outer loop
      vertex 6.21166 23.1822 13
      vertex 1.58631 21.7912 13
      vertex 3.13263 23.7947 13
    endloop
  endfacet
  facet normal 0 0 -1
    outer loop
      vertex 1.58631 22.2088 13
      vertex 3.13263 23.7947 13
      vertex 1.6 22 13
    endloop
  endfacet
  facet normal -0 0 -1
    outer loop
      vertex 3.13263 23.7947 13
      vertex 1.54548 22.4141 13
      vertex 2.36357 23.8451 13
    endloop
  endfacet
  facet normal 0 0 -1
    outer loop
      vertex 1.54548 22.4141 13
      vertex 3.13263 23.7947 13
      vertex 1.58631 22.2088 13
    endloop
  endfacet
  facet normal 0 -0 -1
    outer loop
      vertex 1.6 22 13
      vertex 3.13263 23.7947 13
      vertex 1.58631 21.7912 13
    endloop
  endfacet
  facet normal 0 -0 -1
    outer loop
      vertex 1.58631 21.7912 13
      vertex 6.21166 23.1822 13
      vertex 1.54548 21.5859 13
    endloop
  endfacet
  facet normal 0 0 -1
    outer loop
      vertex 6.21166 23.1822 13
      vertex 1.38564 21.2 13
      vertex 1.47821 21.3877 13
    endloop
  endfacet
  facet normal 0 0 -1
    outer loop
      vertex 6.21166 23.1822 13
      vertex 1.26937 21.026 13
      vertex 1.38564 21.2 13
    endloop
  endfacet
  facet normal 0 0 -1
    outer loop
      vertex 4.70884 10.5863 13
      vertex 1.13137 20.8686 13
      vertex 1.26937 21.026 13
    endloop
  endfacet
  facet normal 0 0 -1
    outer loop
      vertex 4.5 10.6 13
      vertex 0.974018 20.7306 13
      vertex 1.13137 20.8686 13
    endloop
  endfacet
  facet normal 0 0 -1
    outer loop
      vertex 4.5 10.6 13
      vertex 0.799999 20.6144 13
      vertex 0.974018 20.7306 13
    endloop
  endfacet
  facet normal 0 0 -1
    outer loop
      vertex 4.5 10.6 13
      vertex 0.612293 20.5218 13
      vertex 0.799999 20.6144 13
    endloop
  endfacet
  facet normal 0 0 -1
    outer loop
      vertex 4.5 10.6 13
      vertex 0.41411 20.4545 13
      vertex 0.612293 20.5218 13
    endloop
  endfacet
  facet normal 0 0 -1
    outer loop
      vertex 4.5 10.6 13
      vertex 0.208841 20.4137 13
      vertex 0.41411 20.4545 13
    endloop
  endfacet
  facet normal 0 0 -1
    outer loop
      vertex 4.5 10.6 13
      vertex 0 20.4 13
      vertex 0.208841 20.4137 13
    endloop
  endfacet
  facet normal 0 0 -1
    outer loop
      vertex -4.5 10.6 13
      vertex 0 20.4 13
      vertex 4.5 10.6 13
    endloop
  endfacet
  facet normal -0 0 -1
    outer loop
      vertex 0 20.4 13
      vertex -4.5 10.6 13
      vertex -0.208841 20.4137 13
    endloop
  endfacet
  facet normal -0 0 -1
    outer loop
      vertex -0.208841 20.4137 13
      vertex -4.5 10.6 13
      vertex -0.41411 20.4545 13
    endloop
  endfacet
  facet normal -0 0 -1
    outer loop
      vertex -0.41411 20.4545 13
      vertex -4.5 10.6 13
      vertex -0.612293 20.5218 13
    endloop
  endfacet
  facet normal -0 0 -1
    outer loop
      vertex -0.612293 20.5218 13
      vertex -4.5 10.6 13
      vertex -0.799999 20.6144 13
    endloop
  endfacet
  facet normal -0 0 -1
    outer loop
      vertex -0.799999 20.6144 13
      vertex -4.5 10.6 13
      vertex -0.974018 20.7306 13
    endloop
  endfacet
  facet normal -0 0 -1
    outer loop
      vertex -0.974018 20.7306 13
      vertex -4.5 10.6 13
      vertex -1.13137 20.8686 13
    endloop
  endfacet
  facet normal 0 0 -1
    outer loop
      vertex -4.70884 10.5863 13
      vertex -1.13137 20.8686 13
      vertex -4.5 10.6 13
    endloop
  endfacet
  facet normal 0 0 -1
    outer loop
      vertex -3.13263 23.7947 13
      vertex -1.6 22 13
      vertex -1.58631 21.7912 13
    endloop
  endfacet
  facet normal 0 0 -1
    outer loop
      vertex -1.6 22 13
      vertex -2.12132 24.1213 13
      vertex -1.82628 24.3801 13
    endloop
  endfacet
  facet normal 0 0 -1
    outer loop
      vertex -6.21166 23.1822 13
      vertex -1.58631 21.7912 13
      vertex -1.54548 21.5859 13
    endloop
  endfacet
  facet normal 0 0 -1
    outer loop
      vertex -1.6 22 13
      vertex -2.36357 23.8451 13
      vertex -2.12132 24.1213 13
    endloop
  endfacet
  facet normal 0 0 -1
    outer loop
      vertex -6.21166 23.1822 13
      vertex -1.54548 21.5859 13
      vertex -1.47821 21.3877 13
    endloop
  endfacet
  facet normal 0 0 -1
    outer loop
      vertex -1.6 22 13
      vertex -3.13263 23.7947 13
      vertex -2.36357 23.8451 13
    endloop
  endfacet
  facet normal 0 0 -1
    outer loop
      vertex -6.21166 23.1822 13
      vertex -1.47821 21.3877 13
      vertex -1.38564 21.2 13
    endloop
  endfacet
  facet normal -0 0 -1
    outer loop
      vertex -1.13137 20.8686 13
      vertex -4.70884 10.5863 13
      vertex -1.26937 21.026 13
    endloop
  endfacet
  facet normal 0 0 -1
    outer loop
      vertex -6.21166 23.1822 13
      vertex -1.26937 21.026 13
      vertex -4.70884 10.5863 13
    endloop
  endfacet
  facet normal 0 0 -1
    outer loop
      vertex -1.26937 21.026 13
      vertex -6.21166 23.1822 13
      vertex -1.38564 21.2 13
    endloop
  endfacet
  facet normal 0 0 -1
    outer loop
      vertex -6.21166 23.1822 13
      vertex -4.70884 10.5863 13
      vertex -4.91411 10.5455 13
    endloop
  endfacet
  facet normal 0 0 -1
    outer loop
      vertex -6.21166 23.1822 13
      vertex -4.91411 10.5455 13
      vertex -5.11229 10.4782 13
    endloop
  endfacet
  facet normal 0 0 -1
    outer loop
      vertex -6.21166 23.1822 13
      vertex -5.11229 10.4782 13
      vertex -5.3 10.3856 13
    endloop
  endfacet
  facet normal 0 0 -1
    outer loop
      vertex -6.21166 23.1822 13
      vertex -5.3 10.3856 13
      vertex -5.47402 10.2694 13
    endloop
  endfacet
  facet normal 0 0 -1
    outer loop
      vertex -6.21166 23.1822 13
      vertex -5.47402 10.2694 13
      vertex -5.63137 10.1314 13
    endloop
  endfacet
  facet normal 0 0 -1
    outer loop
      vertex -6.21166 23.1822 13
      vertex -5.63137 10.1314 13
      vertex -5.76937 9.97402 13
    endloop
  endfacet
  facet normal 0 0 -1
    outer loop
      vertex -6.21166 23.1822 13
      vertex -5.76937 9.97402 13
      vertex -5.88564 9.8 13
    endloop
  endfacet
  facet normal 0 0 -1
    outer loop
      vertex -6.21166 23.1822 13
      vertex -5.88564 9.8 13
      vertex -5.97821 9.61229 13
    endloop
  endfacet
  facet normal 0 0 -1
    outer loop
      vertex -6.21166 23.1822 13
      vertex -5.97821 9.61229 13
      vertex -6.04548 9.41411 13
    endloop
  endfacet
  facet normal 0 0 -1
    outer loop
      vertex -1.58631 21.7912 13
      vertex -6.21166 23.1822 13
      vertex -3.13263 23.7947 13
    endloop
  endfacet
  facet normal 0 0 -1
    outer loop
      vertex -6.08631 9.20884 13
      vertex -6.21166 23.1822 13
      vertex -6.04548 9.41411 13
    endloop
  endfacet
  facet normal -0 0 -1
    outer loop
      vertex -5.63137 7.86863 13
      vertex -7.86863 5.63137 13
      vertex -5.76937 8.02598 13
    endloop
  endfacet
  facet normal -0 0 -1
    outer loop
      vertex -5.47402 7.73063 13
      vertex -7.73063 5.47402 13
      vertex -5.63137 7.86863 13
    endloop
  endfacet
  facet normal 0 0 -1
    outer loop
      vertex -7.86863 5.63137 13
      vertex -5.63137 7.86863 13
      vertex -7.73063 5.47402 13
    endloop
  endfacet
  facet normal 0 0 -1
    outer loop
      vertex -6.21166 -23.1822 13
      vertex -7.41369 -4.70884 13
      vertex -7.4 -4.5 13
    endloop
  endfacet
  facet normal 0 0 -1
    outer loop
      vertex -6.21166 -23.1822 13
      vertex -7.45452 -4.91411 13
      vertex -7.41369 -4.70884 13
    endloop
  endfacet
  facet normal 0 0 -1
    outer loop
      vertex -6.21166 -23.1822 13
      vertex -7.52179 -5.11229 13
      vertex -7.45452 -4.91411 13
    endloop
  endfacet
  facet normal 0 0 -1
    outer loop
      vertex -6.21166 -23.1822 13
      vertex -7.61436 -5.3 13
      vertex -7.52179 -5.11229 13
    endloop
  endfacet
  facet normal 0 0 -1
    outer loop
      vertex -6.21166 -23.1822 13
      vertex -7.73063 -5.47402 13
      vertex -7.61436 -5.3 13
    endloop
  endfacet
  facet normal 0 0 -1
    outer loop
      vertex -6.21166 -23.1822 13
      vertex -7.86863 -5.63137 13
      vertex -7.73063 -5.47402 13
    endloop
  endfacet
  facet normal 0 0 -1
    outer loop
      vertex -6.21166 -23.1822 13
      vertex -8.02598 -5.76937 13
      vertex -7.86863 -5.63137 13
    endloop
  endfacet
  facet normal 0 0 -1
    outer loop
      vertex -6.21166 -23.1822 13
      vertex -8.2 -5.88564 13
      vertex -8.02598 -5.76937 13
    endloop
  endfacet
  facet normal 0 0 -1
    outer loop
      vertex -6.21166 -23.1822 13
      vertex -8.38771 -5.97821 13
      vertex -8.2 -5.88564 13
    endloop
  endfacet
  facet normal 0 0 -1
    outer loop
      vertex -9.1844 -22.1731 13
      vertex -8.38771 -5.97821 13
      vertex -6.21166 -23.1822 13
    endloop
  endfacet
  facet normal 0 0 -1
    outer loop
      vertex -8.38771 -5.97821 13
      vertex -9.1844 -22.1731 13
      vertex -8.58589 -6.04548 13
    endloop
  endfacet
  facet normal 0 0 -1
    outer loop
      vertex -8.58589 -6.04548 13
      vertex -9.1844 -22.1731 13
      vertex -8.79116 -6.08631 13
    endloop
  endfacet
  facet normal 0 0 -1
    outer loop
      vertex -12 -20.7846 13
      vertex -8.79116 -6.08631 13
      vertex -9.1844 -22.1731 13
    endloop
  endfacet
  facet normal 0 0 -1
    outer loop
      vertex -8.79116 -6.08631 13
      vertex -12 -20.7846 13
      vertex -9 -6.1 13
    endloop
  endfacet
  facet normal 0 0 -1
    outer loop
      vertex -14.6103 -19.0405 13
      vertex -9 -6.1 13
      vertex -12 -20.7846 13
    endloop
  endfacet
  facet normal -0 0 -1
    outer loop
      vertex -9 -6.1 13
      vertex -14.6103 -19.0405 13
      vertex -9.20884 -6.08631 13
    endloop
  endfacet
  facet normal -0 0 -1
    outer loop
      vertex -9.20884 -6.08631 13
      vertex -14.6103 -19.0405 13
      vertex -9.41411 -6.04548 13
    endloop
  endfacet
  facet normal 0 0 -1
    outer loop
      vertex -16.9706 -16.9706 13
      vertex -9.41411 -6.04548 13
      vertex -14.6103 -19.0405 13
    endloop
  endfacet
  facet normal -0 0 -1
    outer loop
      vertex -9.41411 -6.04548 13
      vertex -16.9706 -16.9706 13
      vertex -9.61229 -5.97821 13
    endloop
  endfacet
  facet normal -0 0 -1
    outer loop
      vertex -9.61229 -5.97821 13
      vertex -16.9706 -16.9706 13
      vertex -9.8 -5.88564 13
    endloop
  endfacet
  facet normal 0 0 -1
    outer loop
      vertex -19.0405 -14.6103 13
      vertex -9.8 -5.88564 13
      vertex -16.9706 -16.9706 13
    endloop
  endfacet
  facet normal -0 0 -1
    outer loop
      vertex -9.8 -5.88564 13
      vertex -19.0405 -14.6103 13
      vertex -9.97402 -5.76937 13
    endloop
  endfacet
  facet normal -0 0 -1
    outer loop
      vertex -9.97402 -5.76937 13
      vertex -19.0405 -14.6103 13
      vertex -10.1314 -5.63137 13
    endloop
  endfacet
  facet normal 0 0 -1
    outer loop
      vertex -20.7846 -12 13
      vertex -10.1314 -5.63137 13
      vertex -19.0405 -14.6103 13
    endloop
  endfacet
  facet normal -0 0 -1
    outer loop
      vertex -10.3856 -5.3 13
      vertex -20.7846 -12 13
      vertex -10.4782 -5.11229 13
    endloop
  endfacet
  facet normal -0 0 -1
    outer loop
      vertex -10.2694 -5.47402 13
      vertex -20.7846 -12 13
      vertex -10.3856 -5.3 13
    endloop
  endfacet
  facet normal -0 0 -1
    outer loop
      vertex -10.1314 -5.63137 13
      vertex -20.7846 -12 13
      vertex -10.2694 -5.47402 13
    endloop
  endfacet
  facet normal 0 0 -1
    outer loop
      vertex 7.4 4.5 13
      vertex 5.11229 7.52179 13
      vertex 5.3 7.61436 13
    endloop
  endfacet
  facet normal 0 0 -1
    outer loop
      vertex 7.4 4.5 13
      vertex 4.91411 7.45452 13
      vertex 5.11229 7.52179 13
    endloop
  endfacet
  facet normal 0 0 -1
    outer loop
      vertex 2.75772 2.75772 13
      vertex 7.4 4.5 13
      vertex 3.09408 2.37417 13
    endloop
  endfacet
  facet normal 0 0 -1
    outer loop
      vertex 7.4 4.5 13
      vertex 4.70884 7.41369 13
      vertex 4.91411 7.45452 13
    endloop
  endfacet
  facet normal 0 -0 -1
    outer loop
      vertex 4.5 7.4 13
      vertex 7.4 4.5 13
      vertex 2.75772 2.75772 13
    endloop
  endfacet
  facet normal 0 0 -1
    outer loop
      vertex 7.4 4.5 13
      vertex 4.5 7.4 13
      vertex 4.70884 7.41369 13
    endloop
  endfacet
  facet normal 0 0 -1
    outer loop
      vertex 2.37417 3.09408 13
      vertex 4.5 7.4 13
      vertex 2.75772 2.75772 13
    endloop
  endfacet
  facet normal 0 0 -1
    outer loop
      vertex 1.95 3.3775 13
      vertex 4.5 7.4 13
      vertex 2.37417 3.09408 13
    endloop
  endfacet
  facet normal 0 0 -1
    outer loop
      vertex 1.49247 3.60313 13
      vertex 4.5 7.4 13
      vertex 1.95 3.3775 13
    endloop
  endfacet
  facet normal 0 0 -1
    outer loop
      vertex 1.00939 3.76711 13
      vertex 4.5 7.4 13
      vertex 1.49247 3.60313 13
    endloop
  endfacet
  facet normal 0 0 -1
    outer loop
      vertex 0.509051 3.86663 13
      vertex 4.5 7.4 13
      vertex 1.00939 3.76711 13
    endloop
  endfacet
  facet normal 0 0 -1
    outer loop
      vertex 0 3.9 13
      vertex 4.5 7.4 13
      vertex 0.509051 3.86663 13
    endloop
  endfacet
  facet normal 0 0 -1
    outer loop
      vertex -4.5 7.4 13
      vertex 0 3.9 13
      vertex -0.509051 3.86663 13
    endloop
  endfacet
  facet normal 0 0 -1
    outer loop
      vertex -4.5 7.4 13
      vertex -0.509051 3.86663 13
      vertex -1.00939 3.76711 13
    endloop
  endfacet
  facet normal 0 0 -1
    outer loop
      vertex -4.5 7.4 13
      vertex -1.00939 3.76711 13
      vertex -1.49247 3.60313 13
    endloop
  endfacet
  facet normal 0 0 -1
    outer loop
      vertex -4.5 7.4 13
      vertex -1.49247 3.60313 13
      vertex -1.95 3.3775 13
    endloop
  endfacet
  facet normal 0 0 -1
    outer loop
      vertex -7.4 -4.5 13
      vertex -4.5 -7.4 13
      vertex -4.70884 -7.41369 13
    endloop
  endfacet
  facet normal 0 0 -1
    outer loop
      vertex 0 3.9 13
      vertex -4.5 7.4 13
      vertex 4.5 7.4 13
    endloop
  endfacet
  facet normal 0 0 -1
    outer loop
      vertex -2.37417 3.09408 13
      vertex -4.5 7.4 13
      vertex -1.95 3.3775 13
    endloop
  endfacet
  facet normal 0 0 -1
    outer loop
      vertex -2.75772 2.75772 13
      vertex -4.5 7.4 13
      vertex -2.37417 3.09408 13
    endloop
  endfacet
  facet normal 0 0 -1
    outer loop
      vertex -7.4 4.5 13
      vertex -2.75772 2.75772 13
      vertex -3.09408 2.37417 13
    endloop
  endfacet
  facet normal 0 0 -1
    outer loop
      vertex -7.4 4.5 13
      vertex -3.09408 2.37417 13
      vertex -3.3775 1.95 13
    endloop
  endfacet
  facet normal 0 0 -1
    outer loop
      vertex -7.4 4.5 13
      vertex -3.3775 1.95 13
      vertex -3.60313 1.49247 13
    endloop
  endfacet
  facet normal 0 0 -1
    outer loop
      vertex -7.4 4.5 13
      vertex -3.60313 1.49247 13
      vertex -3.76711 1.00939 13
    endloop
  endfacet
  facet normal 0 0 -1
    outer loop
      vertex -3.9 0 13
      vertex -7.4 4.5 13
      vertex -3.86663 0.509051 13
    endloop
  endfacet
  facet normal 0 0 -1
    outer loop
      vertex -7.4 -4.5 13
      vertex -4.70884 -7.41369 13
      vertex -4.91411 -7.45452 13
    endloop
  endfacet
  facet normal 0 0 -1
    outer loop
      vertex -7.4 -4.5 13
      vertex -4.91411 -7.45452 13
      vertex -5.11229 -7.52179 13
    endloop
  endfacet
  facet normal 0 0 -1
    outer loop
      vertex -7.4 4.5 13
      vertex -4.5 7.4 13
      vertex -2.75772 2.75772 13
    endloop
  endfacet
  facet normal 0 0 -1
    outer loop
      vertex -7.4 -4.5 13
      vertex -5.11229 -7.52179 13
      vertex -5.3 -7.61436 13
    endloop
  endfacet
  facet normal -0 0 -1
    outer loop
      vertex -4.5 7.4 13
      vertex -7.4 4.5 13
      vertex -4.70884 7.41369 13
    endloop
  endfacet
  facet normal 0 0 -1
    outer loop
      vertex -7.4 -4.5 13
      vertex -5.3 -7.61436 13
      vertex -5.47402 -7.73063 13
    endloop
  endfacet
  facet normal 0 0 -1
    outer loop
      vertex -7.41369 4.70884 13
      vertex -4.70884 7.41369 13
      vertex -7.4 4.5 13
    endloop
  endfacet
  facet normal 0 0 -1
    outer loop
      vertex -7.4 -4.5 13
      vertex -5.47402 -7.73063 13
      vertex -5.63137 -7.86863 13
    endloop
  endfacet
  facet normal -0 0 -1
    outer loop
      vertex -4.70884 7.41369 13
      vertex -7.41369 4.70884 13
      vertex -4.91411 7.45452 13
    endloop
  endfacet
  facet normal 0 0 -1
    outer loop
      vertex -7.4 -4.5 13
      vertex -5.63137 -7.86863 13
      vertex -5.76937 -8.02598 13
    endloop
  endfacet
  facet normal 0 0 -1
    outer loop
      vertex -7.45452 4.91411 13
      vertex -4.91411 7.45452 13
      vertex -7.41369 4.70884 13
    endloop
  endfacet
  facet normal 0 0 -1
    outer loop
      vertex -7.4 -4.5 13
      vertex -5.76937 -8.02598 13
      vertex -5.88564 -8.2 13
    endloop
  endfacet
  facet normal -0 0 -1
    outer loop
      vertex -4.91411 7.45452 13
      vertex -7.45452 4.91411 13
      vertex -5.11229 7.52179 13
    endloop
  endfacet
  facet normal -0 0 -1
    outer loop
      vertex -3.86663 -0.509051 13
      vertex -7.4 -4.5 13
      vertex -3.9 0 13
    endloop
  endfacet
  facet normal 0 0 -1
    outer loop
      vertex -7.52179 5.11229 13
      vertex -5.11229 7.52179 13
      vertex -7.45452 4.91411 13
    endloop
  endfacet
  facet normal 0 0 -1
    outer loop
      vertex -7.4 4.5 13
      vertex -3.9 0 13
      vertex -7.4 -4.5 13
    endloop
  endfacet
  facet normal 0 0 -1
    outer loop
      vertex -3.86663 0.509051 13
      vertex -7.4 4.5 13
      vertex -3.76711 1.00939 13
    endloop
  endfacet
  facet normal 0 0 -1
    outer loop
      vertex -7.4 -4.5 13
      vertex -5.88564 -8.2 13
      vertex -5.97821 -8.38771 13
    endloop
  endfacet
  facet normal -0 0 -1
    outer loop
      vertex -5.11229 7.52179 13
      vertex -7.52179 5.11229 13
      vertex -5.3 7.61436 13
    endloop
  endfacet
  facet normal 0 0 -1
    outer loop
      vertex -7.4 -4.5 13
      vertex -5.97821 -8.38771 13
      vertex -6.04548 -8.58589 13
    endloop
  endfacet
  facet normal 0 0 -1
    outer loop
      vertex -7.61436 5.3 13
      vertex -5.3 7.61436 13
      vertex -7.52179 5.11229 13
    endloop
  endfacet
  facet normal 0 0 -1
    outer loop
      vertex -7.4 -4.5 13
      vertex -6.04548 -8.58589 13
      vertex -6.08631 -8.79116 13
    endloop
  endfacet
  facet normal -0 0 -1
    outer loop
      vertex -5.3 7.61436 13
      vertex -7.61436 5.3 13
      vertex -5.47402 7.73063 13
    endloop
  endfacet
  facet normal 0 0 -1
    outer loop
      vertex -7.4 -4.5 13
      vertex -6.08631 -8.79116 13
      vertex -6.1 -9 13
    endloop
  endfacet
  facet normal 0 0 -1
    outer loop
      vertex -7.73063 5.47402 13
      vertex -5.47402 7.73063 13
      vertex -7.61436 5.3 13
    endloop
  endfacet
  facet normal 0 0 -1
    outer loop
      vertex 1.47821 22.6123 13
      vertex 2.36357 23.8451 13
      vertex 1.54548 22.4141 13
    endloop
  endfacet
  facet normal 0 0 -1
    outer loop
      vertex 1.38564 22.8 13
      vertex 2.36357 23.8451 13
      vertex 1.47821 22.6123 13
    endloop
  endfacet
  facet normal 0 0 -1
    outer loop
      vertex 1.26937 22.974 13
      vertex 2.36357 23.8451 13
      vertex 1.38564 22.8 13
    endloop
  endfacet
  facet normal 0 0 -1
    outer loop
      vertex 1.13137 23.1314 13
      vertex 2.36357 23.8451 13
      vertex 1.26937 22.974 13
    endloop
  endfacet
  facet normal -0 0 -1
    outer loop
      vertex 2.36357 23.8451 13
      vertex 1.13137 23.1314 13
      vertex 2.12132 24.1213 13
    endloop
  endfacet
  facet normal -0 0 -1
    outer loop
      vertex 2.12132 24.1213 13
      vertex 1.13137 23.1314 13
      vertex 1.82628 24.3801 13
    endloop
  endfacet
  facet normal 0 0 -1
    outer loop
      vertex 0.974018 23.2694 13
      vertex 1.82628 24.3801 13
      vertex 1.13137 23.1314 13
    endloop
  endfacet
  facet normal -0 0 -1
    outer loop
      vertex 1.82628 24.3801 13
      vertex 0.974018 23.2694 13
      vertex 1.5 24.5981 13
    endloop
  endfacet
  facet normal 0 0 -1
    outer loop
      vertex 0.799999 23.3856 13
      vertex 1.5 24.5981 13
      vertex 0.974018 23.2694 13
    endloop
  endfacet
  facet normal -0 0 -1
    outer loop
      vertex 1.5 24.5981 13
      vertex 0.799999 23.3856 13
      vertex 1.14805 24.7716 13
    endloop
  endfacet
  facet normal 0 0 -1
    outer loop
      vertex 0.612293 23.4782 13
      vertex 1.14805 24.7716 13
      vertex 0.799999 23.3856 13
    endloop
  endfacet
  facet normal -0 0 -1
    outer loop
      vertex 1.14805 24.7716 13
      vertex 0.612293 23.4782 13
      vertex 0.776457 24.8978 13
    endloop
  endfacet
  facet normal 0 0 -1
    outer loop
      vertex 0.41411 23.5455 13
      vertex 0.776457 24.8978 13
      vertex 0.612293 23.4782 13
    endloop
  endfacet
  facet normal 0 0 -1
    outer loop
      vertex 0.41411 23.5455 13
      vertex 0.391578 24.9743 13
      vertex 0.776457 24.8978 13
    endloop
  endfacet
  facet normal 0 0 -1
    outer loop
      vertex 0.208841 23.5863 13
      vertex 0.391578 24.9743 13
      vertex 0.41411 23.5455 13
    endloop
  endfacet
  facet normal 0 0 -1
    outer loop
      vertex 0 23.6 13
      vertex 0.391578 24.9743 13
      vertex 0.208841 23.5863 13
    endloop
  endfacet
  facet normal 0 0 -1
    outer loop
      vertex 0 23.6 13
      vertex 0 25 13
      vertex 0.391578 24.9743 13
    endloop
  endfacet
  facet normal 0 0 -1
    outer loop
      vertex -0.208841 23.5863 13
      vertex 0 25 13
      vertex 0 23.6 13
    endloop
  endfacet
  facet normal 0 0 -1
    outer loop
      vertex -0.208841 23.5863 13
      vertex -0.391578 24.9743 13
      vertex 0 25 13
    endloop
  endfacet
  facet normal 0 0 -1
    outer loop
      vertex -0.41411 23.5455 13
      vertex -0.391578 24.9743 13
      vertex -0.208841 23.5863 13
    endloop
  endfacet
  facet normal 0 0 -1
    outer loop
      vertex -0.776457 24.8978 13
      vertex -0.41411 23.5455 13
      vertex -0.612293 23.4782 13
    endloop
  endfacet
  facet normal 0 0 -1
    outer loop
      vertex -0.41411 23.5455 13
      vertex -0.776457 24.8978 13
      vertex -0.391578 24.9743 13
    endloop
  endfacet
  facet normal 0 0 -1
    outer loop
      vertex -1.14805 24.7716 13
      vertex -0.612293 23.4782 13
      vertex -0.799999 23.3856 13
    endloop
  endfacet
  facet normal 0 0 -1
    outer loop
      vertex -1.5 24.5981 13
      vertex -0.799999 23.3856 13
      vertex -0.974018 23.2694 13
    endloop
  endfacet
  facet normal 0 0 -1
    outer loop
      vertex -1.82628 24.3801 13
      vertex -0.974018 23.2694 13
      vertex -1.13137 23.1314 13
    endloop
  endfacet
  facet normal 0 0 -1
    outer loop
      vertex -0.612293 23.4782 13
      vertex -1.14805 24.7716 13
      vertex -0.776457 24.8978 13
    endloop
  endfacet
  facet normal 0 0 -1
    outer loop
      vertex -1.82628 24.3801 13
      vertex -1.13137 23.1314 13
      vertex -1.26937 22.974 13
    endloop
  endfacet
  facet normal 0 0 -1
    outer loop
      vertex -1.82628 24.3801 13
      vertex -1.26937 22.974 13
      vertex -1.38564 22.8 13
    endloop
  endfacet
  facet normal 0 0 -1
    outer loop
      vertex -1.82628 24.3801 13
      vertex -1.38564 22.8 13
      vertex -1.47821 22.6123 13
    endloop
  endfacet
  facet normal 0 0 -1
    outer loop
      vertex -0.799999 23.3856 13
      vertex -1.5 24.5981 13
      vertex -1.14805 24.7716 13
    endloop
  endfacet
  facet normal 0 0 -1
    outer loop
      vertex -1.82628 24.3801 13
      vertex -1.47821 22.6123 13
      vertex -1.54548 22.4141 13
    endloop
  endfacet
  facet normal 0 0 -1
    outer loop
      vertex -1.82628 24.3801 13
      vertex -1.54548 22.4141 13
      vertex -1.58631 22.2088 13
    endloop
  endfacet
  facet normal 0 0 -1
    outer loop
      vertex -1.82628 24.3801 13
      vertex -1.58631 22.2088 13
      vertex -1.6 22 13
    endloop
  endfacet
  facet normal 0 0 -1
    outer loop
      vertex -0.974018 23.2694 13
      vertex -1.82628 24.3801 13
      vertex -1.5 24.5981 13
    endloop
  endfacet
  facet normal 0 0 -1
    outer loop
      vertex 10.3856 5.3 13
      vertex 20.7846 12 13
      vertex 10.4782 5.11229 13
    endloop
  endfacet
  facet normal 0 0 -1
    outer loop
      vertex 10.2694 5.47402 13
      vertex 20.7846 12 13
      vertex 10.3856 5.3 13
    endloop
  endfacet
  facet normal 0 0 -1
    outer loop
      vertex 10.1314 5.63137 13
      vertex 20.7846 12 13
      vertex 10.2694 5.47402 13
    endloop
  endfacet
  facet normal -0 0 -1
    outer loop
      vertex 20.7846 12 13
      vertex 10.1314 5.63137 13
      vertex 19.0405 14.6103 13
    endloop
  endfacet
  facet normal 0 0 -1
    outer loop
      vertex 9.97402 5.76937 13
      vertex 19.0405 14.6103 13
      vertex 10.1314 5.63137 13
    endloop
  endfacet
  facet normal 0 0 -1
    outer loop
      vertex 9.8 5.88564 13
      vertex 19.0405 14.6103 13
      vertex 9.97402 5.76937 13
    endloop
  endfacet
  facet normal -0 0 -1
    outer loop
      vertex 19.0405 14.6103 13
      vertex 9.8 5.88564 13
      vertex 16.9706 16.9706 13
    endloop
  endfacet
  facet normal 0 0 -1
    outer loop
      vertex 9.61229 5.97821 13
      vertex 16.9706 16.9706 13
      vertex 9.8 5.88564 13
    endloop
  endfacet
  facet normal 0 0 -1
    outer loop
      vertex 9.20884 6.08631 13
      vertex 6.08631 9.20884 13
      vertex 9.41411 6.04548 13
    endloop
  endfacet
  facet normal 0 0 -1
    outer loop
      vertex 6.04548 9.41411 13
      vertex 9.41411 6.04548 13
      vertex 6.08631 9.20884 13
    endloop
  endfacet
  facet normal 0 0 -1
    outer loop
      vertex 6.08631 9.20884 13
      vertex 9.20884 6.08631 13
      vertex 6.1 9 13
    endloop
  endfacet
  facet normal 0 0 -1
    outer loop
      vertex 6.1 9 13
      vertex 9.20884 6.08631 13
      vertex 9 6.1 13
    endloop
  endfacet
  facet normal 0 0 -1
    outer loop
      vertex 9.41411 6.04548 13
      vertex 6.04548 9.41411 13
      vertex 9.61229 5.97821 13
    endloop
  endfacet
  facet normal 0 0 -1
    outer loop
      vertex 6.1 9 13
      vertex 9 6.1 13
      vertex 8.79116 6.08631 13
    endloop
  endfacet
  facet normal 0 0 -1
    outer loop
      vertex 5.97821 9.61229 13
      vertex 9.61229 5.97821 13
      vertex 6.04548 9.41411 13
    endloop
  endfacet
  facet normal 0 0 -1
    outer loop
      vertex 6.1 9 13
      vertex 8.79116 6.08631 13
      vertex 8.58589 6.04548 13
    endloop
  endfacet
  facet normal 0 0 -1
    outer loop
      vertex 6.1 9 13
      vertex 8.58589 6.04548 13
      vertex 8.38771 5.97821 13
    endloop
  endfacet
  facet normal 0 0 -1
    outer loop
      vertex 6.1 9 13
      vertex 8.38771 5.97821 13
      vertex 8.2 5.88564 13
    endloop
  endfacet
  facet normal 0 0 -1
    outer loop
      vertex 6.1 9 13
      vertex 8.2 5.88564 13
      vertex 8.02598 5.76937 13
    endloop
  endfacet
  facet normal 0 0 -1
    outer loop
      vertex 6.1 9 13
      vertex 8.02598 5.76937 13
      vertex 7.86863 5.63137 13
    endloop
  endfacet
  facet normal 0 0 -1
    outer loop
      vertex 6.1 9 13
      vertex 7.86863 5.63137 13
      vertex 7.73063 5.47402 13
    endloop
  endfacet
  facet normal 0 0 -1
    outer loop
      vertex 6.1 9 13
      vertex 7.73063 5.47402 13
      vertex 7.61436 5.3 13
    endloop
  endfacet
  facet normal 0 0 -1
    outer loop
      vertex 6.1 9 13
      vertex 7.61436 5.3 13
      vertex 7.52179 5.11229 13
    endloop
  endfacet
  facet normal 0 0 -1
    outer loop
      vertex 6.1 9 13
      vertex 7.52179 5.11229 13
      vertex 7.45452 4.91411 13
    endloop
  endfacet
  facet normal 0 0 -1
    outer loop
      vertex 6.1 9 13
      vertex 7.45452 4.91411 13
      vertex 7.41369 4.70884 13
    endloop
  endfacet
  facet normal 0 0 -1
    outer loop
      vertex 9.61229 5.97821 13
      vertex 5.97821 9.61229 13
      vertex 16.9706 16.9706 13
    endloop
  endfacet
  facet normal 0 0 -1
    outer loop
      vertex 6.1 9 13
      vertex 7.41369 4.70884 13
      vertex 7.4 4.5 13
    endloop
  endfacet
  facet normal -0 0 -1
    outer loop
      vertex 7.86863 -5.63137 13
      vertex 5.63137 -7.86863 13
      vertex 7.73063 -5.47402 13
    endloop
  endfacet
  facet normal 0 0 -1
    outer loop
      vertex 5.47402 -7.73063 13
      vertex 7.73063 -5.47402 13
      vertex 5.63137 -7.86863 13
    endloop
  endfacet
  facet normal 0 0 -1
    outer loop
      vertex 6.21166 -23.1822 13
      vertex 6.08631 -9.20884 13
      vertex 6.1 -9 13
    endloop
  endfacet
  facet normal 0 0 -1
    outer loop
      vertex 6.21166 -23.1822 13
      vertex 6.04548 -9.41411 13
      vertex 6.08631 -9.20884 13
    endloop
  endfacet
  facet normal 0 0 -1
    outer loop
      vertex 6.21166 -23.1822 13
      vertex 5.97821 -9.61229 13
      vertex 6.04548 -9.41411 13
    endloop
  endfacet
  facet normal 0 0 -1
    outer loop
      vertex 6.21166 -23.1822 13
      vertex 5.88564 -9.8 13
      vertex 5.97821 -9.61229 13
    endloop
  endfacet
  facet normal 0 0 -1
    outer loop
      vertex 6.21166 -23.1822 13
      vertex 5.76937 -9.97402 13
      vertex 5.88564 -9.8 13
    endloop
  endfacet
  facet normal 0 0 -1
    outer loop
      vertex 6.21166 -23.1822 13
      vertex 5.63137 -10.1314 13
      vertex 5.76937 -9.97402 13
    endloop
  endfacet
  facet normal 0 0 -1
    outer loop
      vertex 6.21166 -23.1822 13
      vertex 5.47402 -10.2694 13
      vertex 5.63137 -10.1314 13
    endloop
  endfacet
  facet normal 0 0 -1
    outer loop
      vertex 6.21166 -23.1822 13
      vertex 5.3 -10.3856 13
      vertex 5.47402 -10.2694 13
    endloop
  endfacet
  facet normal 0 0 -1
    outer loop
      vertex 6.21166 -23.1822 13
      vertex 5.11229 -10.4782 13
      vertex 5.3 -10.3856 13
    endloop
  endfacet
  facet normal 0 0 -1
    outer loop
      vertex 6.21166 -23.1822 13
      vertex 4.91411 -10.5455 13
      vertex 5.11229 -10.4782 13
    endloop
  endfacet
  facet normal 0 0 -1
    outer loop
      vertex 6.21166 -23.1822 13
      vertex 4.70884 -10.5863 13
      vertex 4.91411 -10.5455 13
    endloop
  endfacet
  facet normal 0 0 -1
    outer loop
      vertex 1.26937 -21.026 13
      vertex 4.70884 -10.5863 13
      vertex 6.21166 -23.1822 13
    endloop
  endfacet
  facet normal 0 0 -1
    outer loop
      vertex 1.58631 -21.7912 13
      vertex 6.21166 -23.1822 13
      vertex 3.13263 -23.7947 13
    endloop
  endfacet
  facet normal 0 0 -1
    outer loop
      vertex 1.58631 -22.2088 13
      vertex 3.13263 -23.7947 13
      vertex 2.36357 -23.8451 13
    endloop
  endfacet
  facet normal 0 0 -1
    outer loop
      vertex 1.58631 -22.2088 13
      vertex 2.36357 -23.8451 13
      vertex 2.12132 -24.1213 13
    endloop
  endfacet
  facet normal 0 0 -1
    outer loop
      vertex 1.13137 -23.1314 13
      vertex 2.12132 -24.1213 13
      vertex 1.82628 -24.3801 13
    endloop
  endfacet
  facet normal 0 0 -1
    outer loop
      vertex 3.13263 -23.7947 13
      vertex 1.6 -22 13
      vertex 1.58631 -21.7912 13
    endloop
  endfacet
  facet normal 0 0 -1
    outer loop
      vertex 6.21166 -23.1822 13
      vertex 1.58631 -21.7912 13
      vertex 1.54548 -21.5859 13
    endloop
  endfacet
  facet normal 0 0 -1
    outer loop
      vertex 6.21166 -23.1822 13
      vertex 1.54548 -21.5859 13
      vertex 1.47821 -21.3877 13
    endloop
  endfacet
  facet normal 0 0 -1
    outer loop
      vertex 1.38564 -21.2 13
      vertex 6.21166 -23.1822 13
      vertex 1.47821 -21.3877 13
    endloop
  endfacet
  facet normal 0 0 -1
    outer loop
      vertex 1.26937 -21.026 13
      vertex 6.21166 -23.1822 13
      vertex 1.38564 -21.2 13
    endloop
  endfacet
  facet normal 0 0 -1
    outer loop
      vertex 1.13137 -20.8686 13
      vertex 4.70884 -10.5863 13
      vertex 1.26937 -21.026 13
    endloop
  endfacet
  facet normal 0 0 -1
    outer loop
      vertex 4.70884 -10.5863 13
      vertex 1.13137 -20.8686 13
      vertex 4.5 -10.6 13
    endloop
  endfacet
  facet normal 0 0 -1
    outer loop
      vertex 0.974018 -20.7306 13
      vertex 4.5 -10.6 13
      vertex 1.13137 -20.8686 13
    endloop
  endfacet
  facet normal 0 0 -1
    outer loop
      vertex 0.799999 -20.6144 13
      vertex 4.5 -10.6 13
      vertex 0.974018 -20.7306 13
    endloop
  endfacet
  facet normal 0 0 -1
    outer loop
      vertex 0.612293 -20.5218 13
      vertex 4.5 -10.6 13
      vertex 0.799999 -20.6144 13
    endloop
  endfacet
  facet normal 0 0 -1
    outer loop
      vertex 0.41411 -20.4545 13
      vertex 4.5 -10.6 13
      vertex 0.612293 -20.5218 13
    endloop
  endfacet
  facet normal 0 0 -1
    outer loop
      vertex 0.208841 -20.4137 13
      vertex 4.5 -10.6 13
      vertex 0.41411 -20.4545 13
    endloop
  endfacet
  facet normal 0 0 -1
    outer loop
      vertex 0 -20.4 13
      vertex 4.5 -10.6 13
      vertex 0.208841 -20.4137 13
    endloop
  endfacet
  facet normal 0 0 -1
    outer loop
      vertex -4.5 -10.6 13
      vertex 0 -20.4 13
      vertex -0.208841 -20.4137 13
    endloop
  endfacet
  facet normal 0 0 -1
    outer loop
      vertex -4.5 -10.6 13
      vertex -0.208841 -20.4137 13
      vertex -0.41411 -20.4545 13
    endloop
  endfacet
  facet normal 0 0 -1
    outer loop
      vertex -4.5 -10.6 13
      vertex -0.41411 -20.4545 13
      vertex -0.612293 -20.5218 13
    endloop
  endfacet
  facet normal 0 0 -1
    outer loop
      vertex -4.5 -10.6 13
      vertex -0.612293 -20.5218 13
      vertex -0.799999 -20.6144 13
    endloop
  endfacet
  facet normal 0 0 -1
    outer loop
      vertex -4.5 -10.6 13
      vertex -0.799999 -20.6144 13
      vertex -0.974018 -20.7306 13
    endloop
  endfacet
  facet normal 0 0 -1
    outer loop
      vertex -4.5 -10.6 13
      vertex -0.974018 -20.7306 13
      vertex -1.13137 -20.8686 13
    endloop
  endfacet
  facet normal 0 0 -1
    outer loop
      vertex -4.70884 -10.5863 13
      vertex -1.13137 -20.8686 13
      vertex -1.26937 -21.026 13
    endloop
  endfacet
  facet normal 0 0 -1
    outer loop
      vertex -6.21166 -23.1822 13
      vertex -1.26937 -21.026 13
      vertex -1.38564 -21.2 13
    endloop
  endfacet
  facet normal 0 0 -1
    outer loop
      vertex -3.13263 -23.7947 13
      vertex -1.54548 -22.4141 13
      vertex -2.36357 -23.8451 13
    endloop
  endfacet
  facet normal -0 0 -1
    outer loop
      vertex -1.54548 -22.4141 13
      vertex -3.13263 -23.7947 13
      vertex -1.58631 -22.2088 13
    endloop
  endfacet
  facet normal -0 0 -1
    outer loop
      vertex -1.58631 -22.2088 13
      vertex -3.13263 -23.7947 13
      vertex -1.6 -22 13
    endloop
  endfacet
  facet normal -0 0 -1
    outer loop
      vertex -1.6 -22 13
      vertex -3.13263 -23.7947 13
      vertex -1.58631 -21.7912 13
    endloop
  endfacet
  facet normal 0 0 -1
    outer loop
      vertex -6.21166 -23.1822 13
      vertex -1.58631 -21.7912 13
      vertex -3.13263 -23.7947 13
    endloop
  endfacet
  facet normal -0 0 -1
    outer loop
      vertex -1.58631 -21.7912 13
      vertex -6.21166 -23.1822 13
      vertex -1.54548 -21.5859 13
    endloop
  endfacet
  facet normal -0 0 -1
    outer loop
      vertex -1.54548 -21.5859 13
      vertex -6.21166 -23.1822 13
      vertex -1.47821 -21.3877 13
    endloop
  endfacet
  facet normal -0 0 -1
    outer loop
      vertex -1.47821 -21.3877 13
      vertex -6.21166 -23.1822 13
      vertex -1.38564 -21.2 13
    endloop
  endfacet
  facet normal 0 0 -1
    outer loop
      vertex 0 -20.4 13
      vertex -4.5 -10.6 13
      vertex 4.5 -10.6 13
    endloop
  endfacet
  facet normal -0 0 -1
    outer loop
      vertex -1.26937 -21.026 13
      vertex -6.21166 -23.1822 13
      vertex -4.70884 -10.5863 13
    endloop
  endfacet
  facet normal 0 0 -1
    outer loop
      vertex -1.13137 -20.8686 13
      vertex -4.70884 -10.5863 13
      vertex -4.5 -10.6 13
    endloop
  endfacet
  facet normal -0 0 -1
    outer loop
      vertex -4.70884 -10.5863 13
      vertex -6.21166 -23.1822 13
      vertex -4.91411 -10.5455 13
    endloop
  endfacet
  facet normal -0 0 -1
    outer loop
      vertex -4.91411 -10.5455 13
      vertex -6.21166 -23.1822 13
      vertex -5.11229 -10.4782 13
    endloop
  endfacet
  facet normal -0 0 -1
    outer loop
      vertex -5.11229 -10.4782 13
      vertex -6.21166 -23.1822 13
      vertex -5.3 -10.3856 13
    endloop
  endfacet
  facet normal -0 0 -1
    outer loop
      vertex -5.3 -10.3856 13
      vertex -6.21166 -23.1822 13
      vertex -5.47402 -10.2694 13
    endloop
  endfacet
  facet normal -0 0 -1
    outer loop
      vertex -5.47402 -10.2694 13
      vertex -6.21166 -23.1822 13
      vertex -5.63137 -10.1314 13
    endloop
  endfacet
  facet normal -0 0 -1
    outer loop
      vertex -5.63137 -10.1314 13
      vertex -6.21166 -23.1822 13
      vertex -5.76937 -9.97402 13
    endloop
  endfacet
  facet normal -0 0 -1
    outer loop
      vertex -5.76937 -9.97402 13
      vertex -6.21166 -23.1822 13
      vertex -5.88564 -9.8 13
    endloop
  endfacet
  facet normal -0 0 -1
    outer loop
      vertex -5.88564 -9.8 13
      vertex -6.21166 -23.1822 13
      vertex -5.97821 -9.61229 13
    endloop
  endfacet
  facet normal 0 0 -1
    outer loop
      vertex -6.08631 -9.20884 13
      vertex -7.4 -4.5 13
      vertex -6.1 -9 13
    endloop
  endfacet
  facet normal 0 0 -1
    outer loop
      vertex -7.4 -4.5 13
      vertex -6.08631 -9.20884 13
      vertex -6.21166 -23.1822 13
    endloop
  endfacet
  facet normal -0 0 -1
    outer loop
      vertex -6.04548 -9.41411 13
      vertex -6.21166 -23.1822 13
      vertex -6.08631 -9.20884 13
    endloop
  endfacet
  facet normal -0 0 -1
    outer loop
      vertex -5.97821 -9.61229 13
      vertex -6.21166 -23.1822 13
      vertex -6.04548 -9.41411 13
    endloop
  endfacet
  facet normal 0 0 -1
    outer loop
      vertex 23.6 0 13
      vertex 25 0 13
      vertex 24.9743 -0.391578 13
    endloop
  endfacet
  facet normal 0 0 -1
    outer loop
      vertex 23.5863 -0.208841 13
      vertex 24.9743 -0.391578 13
      vertex 24.8978 -0.776457 13
    endloop
  endfacet
  facet normal 0 0 -1
    outer loop
      vertex 25 0 13
      vertex 23.6 0 13
      vertex 24.9743 0.391578 13
    endloop
  endfacet
  facet normal 0 0 -1
    outer loop
      vertex 23.5455 -0.41411 13
      vertex 24.8978 -0.776457 13
      vertex 24.7716 -1.14805 13
    endloop
  endfacet
  facet normal 0 0 -1
    outer loop
      vertex 23.5863 0.208841 13
      vertex 24.9743 0.391578 13
      vertex 23.6 0 13
    endloop
  endfacet
  facet normal 0 0 -1
    outer loop
      vertex 23.4782 -0.612293 13
      vertex 24.7716 -1.14805 13
      vertex 24.5981 -1.5 13
    endloop
  endfacet
  facet normal -0 0 -1
    outer loop
      vertex 24.9743 0.391578 13
      vertex 23.5863 0.208841 13
      vertex 24.8978 0.776457 13
    endloop
  endfacet
  facet normal 0 0 -1
    outer loop
      vertex 23.3856 -0.799999 13
      vertex 24.5981 -1.5 13
      vertex 24.3801 -1.82628 13
    endloop
  endfacet
  facet normal 0 0 -1
    outer loop
      vertex 23.5455 0.41411 13
      vertex 24.8978 0.776457 13
      vertex 23.5863 0.208841 13
    endloop
  endfacet
  facet normal 0 0 -1
    outer loop
      vertex 23.2694 -0.974018 13
      vertex 24.3801 -1.82628 13
      vertex 24.1213 -2.12132 13
    endloop
  endfacet
  facet normal -0 0 -1
    outer loop
      vertex 24.8978 0.776457 13
      vertex 23.5455 0.41411 13
      vertex 24.7716 1.14805 13
    endloop
  endfacet
  facet normal 0 0 -1
    outer loop
      vertex 23.1314 -1.13137 13
      vertex 24.1213 -2.12132 13
      vertex 23.8451 -2.36357 13
    endloop
  endfacet
  facet normal 0 0 -1
    outer loop
      vertex 23.4782 0.612293 13
      vertex 24.7716 1.14805 13
      vertex 23.5455 0.41411 13
    endloop
  endfacet
  facet normal 0 0 -1
    outer loop
      vertex 22.4141 -1.54548 13
      vertex 23.8451 -2.36357 13
      vertex 23.7947 -3.13263 13
    endloop
  endfacet
  facet normal -0 0 -1
    outer loop
      vertex 24.7716 1.14805 13
      vertex 23.4782 0.612293 13
      vertex 24.5981 1.5 13
    endloop
  endfacet
  facet normal 0 0 -1
    outer loop
      vertex 23.3856 0.799999 13
      vertex 24.5981 1.5 13
      vertex 23.4782 0.612293 13
    endloop
  endfacet
  facet normal 0 0 -1
    outer loop
      vertex 24.9743 -0.391578 13
      vertex 23.5863 -0.208841 13
      vertex 23.6 0 13
    endloop
  endfacet
  facet normal 0 0 -1
    outer loop
      vertex 24.8978 -0.776457 13
      vertex 23.5455 -0.41411 13
      vertex 23.5863 -0.208841 13
    endloop
  endfacet
  facet normal 0 0 -1
    outer loop
      vertex 24.7716 -1.14805 13
      vertex 23.4782 -0.612293 13
      vertex 23.5455 -0.41411 13
    endloop
  endfacet
  facet normal 0 0 -1
    outer loop
      vertex 24.5981 -1.5 13
      vertex 23.3856 -0.799999 13
      vertex 23.4782 -0.612293 13
    endloop
  endfacet
  facet normal 0 0 -1
    outer loop
      vertex 24.3801 -1.82628 13
      vertex 23.2694 -0.974018 13
      vertex 23.3856 -0.799999 13
    endloop
  endfacet
  facet normal 0 0 -1
    outer loop
      vertex 21.7912 -1.58631 13
      vertex 23.7947 -3.13263 13
      vertex 23.1822 -6.21166 13
    endloop
  endfacet
  facet normal 0 0 -1
    outer loop
      vertex 24.1213 -2.12132 13
      vertex 23.1314 -1.13137 13
      vertex 23.2694 -0.974018 13
    endloop
  endfacet
  facet normal 0 0 -1
    outer loop
      vertex 23.8451 -2.36357 13
      vertex 22.974 -1.26937 13
      vertex 23.1314 -1.13137 13
    endloop
  endfacet
  facet normal 0 0 -1
    outer loop
      vertex 23.8451 -2.36357 13
      vertex 22.8 -1.38564 13
      vertex 22.974 -1.26937 13
    endloop
  endfacet
  facet normal 0 0 -1
    outer loop
      vertex 23.8451 -2.36357 13
      vertex 22.6123 -1.47821 13
      vertex 22.8 -1.38564 13
    endloop
  endfacet
  facet normal 0 0 -1
    outer loop
      vertex 23.8451 -2.36357 13
      vertex 22.4141 -1.54548 13
      vertex 22.6123 -1.47821 13
    endloop
  endfacet
  facet normal 0 0 -1
    outer loop
      vertex 23.7947 -3.13263 13
      vertex 22.2088 -1.58631 13
      vertex 22.4141 -1.54548 13
    endloop
  endfacet
  facet normal 0 0 -1
    outer loop
      vertex 21.026 -1.26937 13
      vertex 23.1822 -6.21166 13
      vertex 22.1731 -9.1844 13
    endloop
  endfacet
  facet normal 0 0 -1
    outer loop
      vertex 23.7947 -3.13263 13
      vertex 22 -1.6 13
      vertex 22.2088 -1.58631 13
    endloop
  endfacet
  facet normal 0 0 -1
    outer loop
      vertex 23.7947 -3.13263 13
      vertex 21.7912 -1.58631 13
      vertex 22 -1.6 13
    endloop
  endfacet
  facet normal 0 0 -1
    outer loop
      vertex 23.1822 -6.21166 13
      vertex 21.5859 -1.54548 13
      vertex 21.7912 -1.58631 13
    endloop
  endfacet
  facet normal 0 0 -1
    outer loop
      vertex 23.1822 -6.21166 13
      vertex 21.3877 -1.47821 13
      vertex 21.5859 -1.54548 13
    endloop
  endfacet
  facet normal 0 0 -1
    outer loop
      vertex 23.1822 -6.21166 13
      vertex 21.2 -1.38564 13
      vertex 21.3877 -1.47821 13
    endloop
  endfacet
  facet normal 0 0 -1
    outer loop
      vertex 23.1822 -6.21166 13
      vertex 21.026 -1.26937 13
      vertex 21.2 -1.38564 13
    endloop
  endfacet
  facet normal 0 0 -1
    outer loop
      vertex 22.1731 -9.1844 13
      vertex 20.8686 -1.13137 13
      vertex 21.026 -1.26937 13
    endloop
  endfacet
  facet normal 0 0 -1
    outer loop
      vertex 10.4782 -5.11229 13
      vertex 22.1731 -9.1844 13
      vertex 20.7846 -12 13
    endloop
  endfacet
  facet normal 0 -0 -1
    outer loop
      vertex 10.5863 -4.70884 13
      vertex 22.1731 -9.1844 13
      vertex 10.5455 -4.91411 13
    endloop
  endfacet
  facet normal 0 0 -1
    outer loop
      vertex 22.1731 -9.1844 13
      vertex 10.5863 -4.70884 13
      vertex 20.8686 -1.13137 13
    endloop
  endfacet
  facet normal 0 -0 -1
    outer loop
      vertex 10.6 -4.5 13
      vertex 20.8686 -1.13137 13
      vertex 10.5863 -4.70884 13
    endloop
  endfacet
  facet normal -0 0 -1
    outer loop
      vertex 20.8686 -1.13137 13
      vertex 10.6 -4.5 13
      vertex 20.7306 -0.974018 13
    endloop
  endfacet
  facet normal -0 0 -1
    outer loop
      vertex 20.7306 -0.974018 13
      vertex 10.6 -4.5 13
      vertex 20.6144 -0.799999 13
    endloop
  endfacet
  facet normal -0 0 -1
    outer loop
      vertex 20.6144 -0.799999 13
      vertex 10.6 -4.5 13
      vertex 20.5218 -0.612293 13
    endloop
  endfacet
  facet normal 0 0 -1
    outer loop
      vertex 10.1314 -5.63137 13
      vertex 20.7846 -12 13
      vertex 19.0405 -14.6103 13
    endloop
  endfacet
  facet normal -0 0 -1
    outer loop
      vertex 24.5981 1.5 13
      vertex 23.3856 0.799999 13
      vertex 24.3801 1.82628 13
    endloop
  endfacet
  facet normal 0 0 -1
    outer loop
      vertex 23.2694 0.974018 13
      vertex 24.3801 1.82628 13
      vertex 23.3856 0.799999 13
    endloop
  endfacet
  facet normal -0 0 -1
    outer loop
      vertex 24.3801 1.82628 13
      vertex 23.2694 0.974018 13
      vertex 24.1213 2.12132 13
    endloop
  endfacet
  facet normal 0 0 -1
    outer loop
      vertex 23.1314 1.13137 13
      vertex 24.1213 2.12132 13
      vertex 23.2694 0.974018 13
    endloop
  endfacet
  facet normal -0 0 -1
    outer loop
      vertex 24.1213 2.12132 13
      vertex 23.1314 1.13137 13
      vertex 23.8451 2.36357 13
    endloop
  endfacet
  facet normal 0 0 -1
    outer loop
      vertex 22.974 1.26937 13
      vertex 23.8451 2.36357 13
      vertex 23.1314 1.13137 13
    endloop
  endfacet
  facet normal 0 0 -1
    outer loop
      vertex 22.8 1.38564 13
      vertex 23.8451 2.36357 13
      vertex 22.974 1.26937 13
    endloop
  endfacet
  facet normal 0 0 -1
    outer loop
      vertex 22.6123 1.47821 13
      vertex 23.8451 2.36357 13
      vertex 22.8 1.38564 13
    endloop
  endfacet
  facet normal 0 0 -1
    outer loop
      vertex 22.4141 1.54548 13
      vertex 23.8451 2.36357 13
      vertex 22.6123 1.47821 13
    endloop
  endfacet
  facet normal -0 0 -1
    outer loop
      vertex 23.8451 2.36357 13
      vertex 22.4141 1.54548 13
      vertex 23.7947 3.13263 13
    endloop
  endfacet
  facet normal 0 0 -1
    outer loop
      vertex 22.2088 1.58631 13
      vertex 23.7947 3.13263 13
      vertex 22.4141 1.54548 13
    endloop
  endfacet
  facet normal 0 0 -1
    outer loop
      vertex 22 1.6 13
      vertex 23.7947 3.13263 13
      vertex 22.2088 1.58631 13
    endloop
  endfacet
  facet normal 0 0 -1
    outer loop
      vertex 21.7912 1.58631 13
      vertex 23.7947 3.13263 13
      vertex 22 1.6 13
    endloop
  endfacet
  facet normal -0 0 -1
    outer loop
      vertex 23.7947 3.13263 13
      vertex 21.7912 1.58631 13
      vertex 23.1822 6.21166 13
    endloop
  endfacet
  facet normal 0 0 -1
    outer loop
      vertex 21.5859 1.54548 13
      vertex 23.1822 6.21166 13
      vertex 21.7912 1.58631 13
    endloop
  endfacet
  facet normal 0 0 -1
    outer loop
      vertex 21.3877 1.47821 13
      vertex 23.1822 6.21166 13
      vertex 21.5859 1.54548 13
    endloop
  endfacet
  facet normal 0 0 -1
    outer loop
      vertex 21.2 1.38564 13
      vertex 23.1822 6.21166 13
      vertex 21.3877 1.47821 13
    endloop
  endfacet
  facet normal 0 0 -1
    outer loop
      vertex 21.026 1.26937 13
      vertex 23.1822 6.21166 13
      vertex 21.2 1.38564 13
    endloop
  endfacet
  facet normal -0 0 -1
    outer loop
      vertex 23.1822 6.21166 13
      vertex 21.026 1.26937 13
      vertex 22.1731 9.1844 13
    endloop
  endfacet
  facet normal 0 0 -1
    outer loop
      vertex 20.8686 1.13137 13
      vertex 22.1731 9.1844 13
      vertex 21.026 1.26937 13
    endloop
  endfacet
  facet normal 0 0 -1
    outer loop
      vertex 10.6 4.5 13
      vertex 20.8686 1.13137 13
      vertex 20.7306 0.974018 13
    endloop
  endfacet
  facet normal 0 0 -1
    outer loop
      vertex 10.5863 4.70884 13
      vertex 20.8686 1.13137 13
      vertex 10.6 4.5 13
    endloop
  endfacet
  facet normal 0 0 -1
    outer loop
      vertex 10.6 4.5 13
      vertex 20.7306 0.974018 13
      vertex 20.6144 0.799999 13
    endloop
  endfacet
  facet normal 0 0 -1
    outer loop
      vertex 20.4545 0.41411 13
      vertex 10.6 4.5 13
      vertex 20.5218 0.612293 13
    endloop
  endfacet
  facet normal 0 0 -1
    outer loop
      vertex 20.4137 0.208841 13
      vertex 10.6 4.5 13
      vertex 20.4545 0.41411 13
    endloop
  endfacet
  facet normal 0 0 -1
    outer loop
      vertex 20.4 0 13
      vertex 10.6 4.5 13
      vertex 20.4137 0.208841 13
    endloop
  endfacet
  facet normal 0 0 -1
    outer loop
      vertex 10.6 4.5 13
      vertex 20.4 0 13
      vertex 10.6 -4.5 13
    endloop
  endfacet
  facet normal -0 0 -1
    outer loop
      vertex 20.5218 -0.612293 13
      vertex 10.6 -4.5 13
      vertex 20.4545 -0.41411 13
    endloop
  endfacet
  facet normal 0 0 -1
    outer loop
      vertex 20.5218 0.612293 13
      vertex 10.6 4.5 13
      vertex 20.6144 0.799999 13
    endloop
  endfacet
  facet normal 0 0 -1
    outer loop
      vertex 9.8 -5.88564 13
      vertex 19.0405 -14.6103 13
      vertex 16.9706 -16.9706 13
    endloop
  endfacet
  facet normal 0 0 -1
    outer loop
      vertex 20.8686 1.13137 13
      vertex 10.5863 4.70884 13
      vertex 22.1731 9.1844 13
    endloop
  endfacet
  facet normal 0 0 -1
    outer loop
      vertex 6.1 -9 13
      vertex 16.9706 -16.9706 13
      vertex 14.6103 -19.0405 13
    endloop
  endfacet
  facet normal 0 0 -1
    outer loop
      vertex 10.5455 4.91411 13
      vertex 22.1731 9.1844 13
      vertex 10.5863 4.70884 13
    endloop
  endfacet
  facet normal 0 0 -1
    outer loop
      vertex 6.1 -9 13
      vertex 14.6103 -19.0405 13
      vertex 12 -20.7846 13
    endloop
  endfacet
  facet normal 0 0 -1
    outer loop
      vertex 10.4782 5.11229 13
      vertex 22.1731 9.1844 13
      vertex 10.5455 4.91411 13
    endloop
  endfacet
  facet normal -0 0 -1
    outer loop
      vertex 22.1731 9.1844 13
      vertex 10.4782 5.11229 13
      vertex 20.7846 12 13
    endloop
  endfacet
  facet normal -0 0 -1
    outer loop
      vertex 20.4137 -0.208841 13
      vertex 10.6 -4.5 13
      vertex 20.4 0 13
    endloop
  endfacet
  facet normal -0 0 -1
    outer loop
      vertex 20.4545 -0.41411 13
      vertex 10.6 -4.5 13
      vertex 20.4137 -0.208841 13
    endloop
  endfacet
  facet normal 0 0 -1
    outer loop
      vertex 22.1731 -9.1844 13
      vertex 10.4782 -5.11229 13
      vertex 10.5455 -4.91411 13
    endloop
  endfacet
  facet normal 0 0 -1
    outer loop
      vertex 20.7846 -12 13
      vertex 10.3856 -5.3 13
      vertex 10.4782 -5.11229 13
    endloop
  endfacet
  facet normal 0 0 -1
    outer loop
      vertex 20.7846 -12 13
      vertex 10.2694 -5.47402 13
      vertex 10.3856 -5.3 13
    endloop
  endfacet
  facet normal 0 0 -1
    outer loop
      vertex 20.7846 -12 13
      vertex 10.1314 -5.63137 13
      vertex 10.2694 -5.47402 13
    endloop
  endfacet
  facet normal 0 0 -1
    outer loop
      vertex 19.0405 -14.6103 13
      vertex 9.97402 -5.76937 13
      vertex 10.1314 -5.63137 13
    endloop
  endfacet
  facet normal 0 0 -1
    outer loop
      vertex 19.0405 -14.6103 13
      vertex 9.8 -5.88564 13
      vertex 9.97402 -5.76937 13
    endloop
  endfacet
  facet normal 0 0 -1
    outer loop
      vertex 16.9706 -16.9706 13
      vertex 9.61229 -5.97821 13
      vertex 9.8 -5.88564 13
    endloop
  endfacet
  facet normal 0 0 -1
    outer loop
      vertex 6.1 -9 13
      vertex 9.61229 -5.97821 13
      vertex 16.9706 -16.9706 13
    endloop
  endfacet
  facet normal 0 0 -1
    outer loop
      vertex 9.61229 -5.97821 13
      vertex 6.1 -9 13
      vertex 9.41411 -6.04548 13
    endloop
  endfacet
  facet normal 0 0 -1
    outer loop
      vertex 6.1 -9 13
      vertex 12 -20.7846 13
      vertex 9.1844 -22.1731 13
    endloop
  endfacet
  facet normal 0 0 -1
    outer loop
      vertex 9.41411 -6.04548 13
      vertex 6.1 -9 13
      vertex 9.20884 -6.08631 13
    endloop
  endfacet
  facet normal 0 0 -1
    outer loop
      vertex 9.20884 -6.08631 13
      vertex 6.1 -9 13
      vertex 9 -6.1 13
    endloop
  endfacet
  facet normal -0 0 -1
    outer loop
      vertex 9 -6.1 13
      vertex 6.1 -9 13
      vertex 8.79116 -6.08631 13
    endloop
  endfacet
  facet normal 0 0 -1
    outer loop
      vertex 6.08631 -8.79116 13
      vertex 8.79116 -6.08631 13
      vertex 6.1 -9 13
    endloop
  endfacet
  facet normal 0 0 -1
    outer loop
      vertex 6.1 -9 13
      vertex 9.1844 -22.1731 13
      vertex 6.21166 -23.1822 13
    endloop
  endfacet
  facet normal -0 0 -1
    outer loop
      vertex 8.79116 -6.08631 13
      vertex 6.08631 -8.79116 13
      vertex 8.58589 -6.04548 13
    endloop
  endfacet
  facet normal 0 0 -1
    outer loop
      vertex 6.04548 -8.58589 13
      vertex 8.58589 -6.04548 13
      vertex 6.08631 -8.79116 13
    endloop
  endfacet
  facet normal -0 0 -1
    outer loop
      vertex 8.58589 -6.04548 13
      vertex 6.04548 -8.58589 13
      vertex 8.38771 -5.97821 13
    endloop
  endfacet
  facet normal 0 0 -1
    outer loop
      vertex 5.97821 -8.38771 13
      vertex 8.38771 -5.97821 13
      vertex 6.04548 -8.58589 13
    endloop
  endfacet
  facet normal -0 0 -1
    outer loop
      vertex 8.38771 -5.97821 13
      vertex 5.97821 -8.38771 13
      vertex 8.2 -5.88564 13
    endloop
  endfacet
  facet normal 0 0 -1
    outer loop
      vertex 5.88564 -8.2 13
      vertex 8.2 -5.88564 13
      vertex 5.97821 -8.38771 13
    endloop
  endfacet
  facet normal -0 0 -1
    outer loop
      vertex 8.2 -5.88564 13
      vertex 5.88564 -8.2 13
      vertex 8.02598 -5.76937 13
    endloop
  endfacet
  facet normal 0 0 -1
    outer loop
      vertex 5.63137 -7.86863 13
      vertex 7.86863 -5.63137 13
      vertex 5.76937 -8.02598 13
    endloop
  endfacet
  facet normal -0 0 -1
    outer loop
      vertex 8.02598 -5.76937 13
      vertex 5.76937 -8.02598 13
      vertex 7.86863 -5.63137 13
    endloop
  endfacet
  facet normal 0 0 -1
    outer loop
      vertex 5.76937 -8.02598 13
      vertex 8.02598 -5.76937 13
      vertex 5.88564 -8.2 13
    endloop
  endfacet
  facet normal 0.980813 -0.19495 0
    outer loop
      vertex 24.8978 -0.776457 17
      vertex 24.9743 -0.391578 13
      vertex 24.9743 -0.391578 17
    endloop
  endfacet
  facet normal 0.980813 -0.19495 0
    outer loop
      vertex 24.9743 -0.391578 13
      vertex 24.8978 -0.776457 17
      vertex 24.8978 -0.776457 13
    endloop
  endfacet
  facet normal 0.751768 0.659428 0
    outer loop
      vertex 24.3801 1.82628 17
      vertex 24.1213 2.12132 13
      vertex 24.1213 2.12132 17
    endloop
  endfacet
  facet normal 0.751768 0.659428 0
    outer loop
      vertex 24.1213 2.12132 13
      vertex 24.3801 1.82628 17
      vertex 24.3801 1.82628 13
    endloop
  endfacet
  facet normal 0.946883 0.321579 0
    outer loop
      vertex 24.8978 0.776457 17
      vertex 24.7716 1.14805 13
      vertex 24.7716 1.14805 17
    endloop
  endfacet
  facet normal 0.946883 0.321579 0
    outer loop
      vertex 24.7716 1.14805 13
      vertex 24.8978 0.776457 17
      vertex 24.8978 0.776457 13
    endloop
  endfacet
  facet normal -0 0 1
    outer loop
      vertex -20.6144 -0.799999 17
      vertex -10.6 -4.5 17
      vertex -20.5218 -0.612293 17
    endloop
  endfacet
  facet normal -0 0 1
    outer loop
      vertex -20.7306 -0.974018 17
      vertex -10.6 -4.5 17
      vertex -20.6144 -0.799999 17
    endloop
  endfacet
  facet normal -0 0 1
    outer loop
      vertex -20.8686 -1.13137 17
      vertex -10.6 -4.5 17
      vertex -20.7306 -0.974018 17
    endloop
  endfacet
  facet normal 0 0 1
    outer loop
      vertex -10.6 -4.5 17
      vertex -20.8686 -1.13137 17
      vertex -10.5863 -4.70884 17
    endloop
  endfacet
  facet normal 0 0 1
    outer loop
      vertex -22.1731 -9.1844 17
      vertex -10.5863 -4.70884 17
      vertex -20.8686 -1.13137 17
    endloop
  endfacet
  facet normal 0 0 1
    outer loop
      vertex -10.5455 -4.91411 17
      vertex -20.7846 -12 17
      vertex -19.0405 -14.6103 17
    endloop
  endfacet
  facet normal 0 0 1
    outer loop
      vertex -10.5863 -4.70884 17
      vertex -22.1731 -9.1844 17
      vertex -10.5455 -4.91411 17
    endloop
  endfacet
  facet normal 0 0 1
    outer loop
      vertex -22.1731 -9.1844 17
      vertex -20.8686 -1.13137 17
      vertex -21.026 -1.26937 17
    endloop
  endfacet
  facet normal 0 0 1
    outer loop
      vertex -23.1822 -6.21166 17
      vertex -21.026 -1.26937 17
      vertex -21.2 -1.38564 17
    endloop
  endfacet
  facet normal 0 0 1
    outer loop
      vertex -23.1822 -6.21166 17
      vertex -21.2 -1.38564 17
      vertex -21.3877 -1.47821 17
    endloop
  endfacet
  facet normal 0 0 1
    outer loop
      vertex -23.1822 -6.21166 17
      vertex -21.3877 -1.47821 17
      vertex -21.5859 -1.54548 17
    endloop
  endfacet
  facet normal 0 0 1
    outer loop
      vertex -23.1822 -6.21166 17
      vertex -21.5859 -1.54548 17
      vertex -21.7912 -1.58631 17
    endloop
  endfacet
  facet normal 0 0 1
    outer loop
      vertex -23.7947 -3.13263 17
      vertex -21.7912 -1.58631 17
      vertex -22 -1.6 17
    endloop
  endfacet
  facet normal 0 0 1
    outer loop
      vertex -10.5455 -4.91411 17
      vertex -22.1731 -9.1844 17
      vertex -20.7846 -12 17
    endloop
  endfacet
  facet normal 0 0 1
    outer loop
      vertex -23.7947 -3.13263 17
      vertex -22 -1.6 17
      vertex -22.2088 -1.58631 17
    endloop
  endfacet
  facet normal 0 0 1
    outer loop
      vertex -23.7947 -3.13263 17
      vertex -22.2088 -1.58631 17
      vertex -22.4141 -1.54548 17
    endloop
  endfacet
  facet normal 0 0 1
    outer loop
      vertex -23.8451 -2.36357 17
      vertex -22.4141 -1.54548 17
      vertex -22.6123 -1.47821 17
    endloop
  endfacet
  facet normal 0 0 1
    outer loop
      vertex -23.8451 -2.36357 17
      vertex -22.6123 -1.47821 17
      vertex -22.8 -1.38564 17
    endloop
  endfacet
  facet normal 0 0 1
    outer loop
      vertex -23.8451 -2.36357 17
      vertex -22.8 -1.38564 17
      vertex -22.974 -1.26937 17
    endloop
  endfacet
  facet normal 0 0 1
    outer loop
      vertex -23.8451 -2.36357 17
      vertex -22.974 -1.26937 17
      vertex -23.1314 -1.13137 17
    endloop
  endfacet
  facet normal 0 0 1
    outer loop
      vertex -21.026 -1.26937 17
      vertex -23.1822 -6.21166 17
      vertex -22.1731 -9.1844 17
    endloop
  endfacet
  facet normal 0 0 1
    outer loop
      vertex -24.1213 -2.12132 17
      vertex -23.1314 -1.13137 17
      vertex -23.2694 -0.974018 17
    endloop
  endfacet
  facet normal 0 0 1
    outer loop
      vertex -24.3801 -1.82628 17
      vertex -23.2694 -0.974018 17
      vertex -23.3856 -0.799999 17
    endloop
  endfacet
  facet normal 0 0 1
    outer loop
      vertex -24.5981 -1.5 17
      vertex -23.3856 -0.799999 17
      vertex -23.4782 -0.612293 17
    endloop
  endfacet
  facet normal 0 0 1
    outer loop
      vertex -24.7716 -1.14805 17
      vertex -23.4782 -0.612293 17
      vertex -23.5455 -0.41411 17
    endloop
  endfacet
  facet normal 0 0 1
    outer loop
      vertex -24.8978 -0.776457 17
      vertex -23.5455 -0.41411 17
      vertex -23.5863 -0.208841 17
    endloop
  endfacet
  facet normal 0 0 1
    outer loop
      vertex -21.7912 -1.58631 17
      vertex -23.7947 -3.13263 17
      vertex -23.1822 -6.21166 17
    endloop
  endfacet
  facet normal 0 0 1
    outer loop
      vertex -24.9743 -0.391578 17
      vertex -23.5863 -0.208841 17
      vertex -23.6 0 17
    endloop
  endfacet
  facet normal 0 0 1
    outer loop
      vertex -23.3856 0.799999 17
      vertex -24.5981 1.5 17
      vertex -23.4782 0.612293 17
    endloop
  endfacet
  facet normal -0 0 1
    outer loop
      vertex -24.7716 1.14805 17
      vertex -23.4782 0.612293 17
      vertex -24.5981 1.5 17
    endloop
  endfacet
  facet normal 0 0 1
    outer loop
      vertex -22.4141 -1.54548 17
      vertex -23.8451 -2.36357 17
      vertex -23.7947 -3.13263 17
    endloop
  endfacet
  facet normal 0 0 1
    outer loop
      vertex -23.4782 0.612293 17
      vertex -24.7716 1.14805 17
      vertex -23.5455 0.41411 17
    endloop
  endfacet
  facet normal 0 0 1
    outer loop
      vertex -23.1314 -1.13137 17
      vertex -24.1213 -2.12132 17
      vertex -23.8451 -2.36357 17
    endloop
  endfacet
  facet normal -0 0 1
    outer loop
      vertex -24.8978 0.776457 17
      vertex -23.5455 0.41411 17
      vertex -24.7716 1.14805 17
    endloop
  endfacet
  facet normal 0 0 1
    outer loop
      vertex -23.2694 -0.974018 17
      vertex -24.3801 -1.82628 17
      vertex -24.1213 -2.12132 17
    endloop
  endfacet
  facet normal 0 0 1
    outer loop
      vertex -23.5455 0.41411 17
      vertex -24.8978 0.776457 17
      vertex -23.5863 0.208841 17
    endloop
  endfacet
  facet normal 0 0 1
    outer loop
      vertex -23.3856 -0.799999 17
      vertex -24.5981 -1.5 17
      vertex -24.3801 -1.82628 17
    endloop
  endfacet
  facet normal -0 0 1
    outer loop
      vertex -24.9743 0.391578 17
      vertex -23.5863 0.208841 17
      vertex -24.8978 0.776457 17
    endloop
  endfacet
  facet normal 0 0 1
    outer loop
      vertex -23.4782 -0.612293 17
      vertex -24.7716 -1.14805 17
      vertex -24.5981 -1.5 17
    endloop
  endfacet
  facet normal 0 0 1
    outer loop
      vertex -23.5863 0.208841 17
      vertex -24.9743 0.391578 17
      vertex -23.6 0 17
    endloop
  endfacet
  facet normal 0 0 1
    outer loop
      vertex -23.5455 -0.41411 17
      vertex -24.8978 -0.776457 17
      vertex -24.7716 -1.14805 17
    endloop
  endfacet
  facet normal 0 0 1
    outer loop
      vertex -25 0 17
      vertex -23.6 0 17
      vertex -24.9743 0.391578 17
    endloop
  endfacet
  facet normal 0 0 1
    outer loop
      vertex -23.5863 -0.208841 17
      vertex -24.9743 -0.391578 17
      vertex -24.8978 -0.776457 17
    endloop
  endfacet
  facet normal 0 0 1
    outer loop
      vertex -23.6 0 17
      vertex -25 0 17
      vertex -24.9743 -0.391578 17
    endloop
  endfacet
  facet normal -0 0 1
    outer loop
      vertex -8.02598 -5.76937 17
      vertex -5.76937 -8.02598 17
      vertex -7.86863 -5.63137 17
    endloop
  endfacet
  facet normal 0 0 1
    outer loop
      vertex -5.76937 -8.02598 17
      vertex -8.02598 -5.76937 17
      vertex -5.88564 -8.2 17
    endloop
  endfacet
  facet normal -0 0 1
    outer loop
      vertex -8.2 -5.88564 17
      vertex -5.88564 -8.2 17
      vertex -8.02598 -5.76937 17
    endloop
  endfacet
  facet normal 0 0 1
    outer loop
      vertex -5.88564 -8.2 17
      vertex -8.2 -5.88564 17
      vertex -5.97821 -8.38771 17
    endloop
  endfacet
  facet normal -0 0 1
    outer loop
      vertex -8.38771 -5.97821 17
      vertex -5.97821 -8.38771 17
      vertex -8.2 -5.88564 17
    endloop
  endfacet
  facet normal 0 0 1
    outer loop
      vertex -5.97821 -8.38771 17
      vertex -8.38771 -5.97821 17
      vertex -6.04548 -8.58589 17
    endloop
  endfacet
  facet normal -0 0 1
    outer loop
      vertex -8.58589 -6.04548 17
      vertex -6.04548 -8.58589 17
      vertex -8.38771 -5.97821 17
    endloop
  endfacet
  facet normal 0 0 1
    outer loop
      vertex -6.04548 -8.58589 17
      vertex -8.58589 -6.04548 17
      vertex -6.08631 -8.79116 17
    endloop
  endfacet
  facet normal -0 0 1
    outer loop
      vertex -8.79116 -6.08631 17
      vertex -6.08631 -8.79116 17
      vertex -8.58589 -6.04548 17
    endloop
  endfacet
  facet normal 0 0 1
    outer loop
      vertex -6.08631 -8.79116 17
      vertex -8.79116 -6.08631 17
      vertex -6.1 -9 17
    endloop
  endfacet
  facet normal -0 0 1
    outer loop
      vertex -9 -6.1 17
      vertex -6.1 -9 17
      vertex -8.79116 -6.08631 17
    endloop
  endfacet
  facet normal 0 0 1
    outer loop
      vertex -6.1 -9 17
      vertex -9 -6.1 17
      vertex -6.08631 -9.20884 17
    endloop
  endfacet
  facet normal 0 0 1
    outer loop
      vertex -9.20884 -6.08631 17
      vertex -6.08631 -9.20884 17
      vertex -9 -6.1 17
    endloop
  endfacet
  facet normal 0 0 1
    outer loop
      vertex -6.08631 -9.20884 17
      vertex -9.1844 -22.1731 17
      vertex -6.21166 -23.1822 17
    endloop
  endfacet
  facet normal 0 0 1
    outer loop
      vertex -9.41411 -6.04548 17
      vertex -6.08631 -9.20884 17
      vertex -9.20884 -6.08631 17
    endloop
  endfacet
  facet normal 0 0 1
    outer loop
      vertex -9.61229 -5.97821 17
      vertex -6.08631 -9.20884 17
      vertex -9.41411 -6.04548 17
    endloop
  endfacet
  facet normal 0 0 1
    outer loop
      vertex -6.08631 -9.20884 17
      vertex -9.61229 -5.97821 17
      vertex -16.9706 -16.9706 17
    endloop
  endfacet
  facet normal 0 0 1
    outer loop
      vertex -16.9706 -16.9706 17
      vertex -9.61229 -5.97821 17
      vertex -9.8 -5.88564 17
    endloop
  endfacet
  facet normal 0 0 1
    outer loop
      vertex -19.0405 -14.6103 17
      vertex -9.8 -5.88564 17
      vertex -9.97402 -5.76937 17
    endloop
  endfacet
  facet normal 0 0 1
    outer loop
      vertex -19.0405 -14.6103 17
      vertex -9.97402 -5.76937 17
      vertex -10.1314 -5.63137 17
    endloop
  endfacet
  facet normal 0 0 1
    outer loop
      vertex -19.0405 -14.6103 17
      vertex -10.1314 -5.63137 17
      vertex -10.2694 -5.47402 17
    endloop
  endfacet
  facet normal 0 0 1
    outer loop
      vertex -19.0405 -14.6103 17
      vertex -10.2694 -5.47402 17
      vertex -10.3856 -5.3 17
    endloop
  endfacet
  facet normal 0 0 1
    outer loop
      vertex -19.0405 -14.6103 17
      vertex -10.3856 -5.3 17
      vertex -10.4782 -5.11229 17
    endloop
  endfacet
  facet normal 0 0 1
    outer loop
      vertex -19.0405 -14.6103 17
      vertex -10.4782 -5.11229 17
      vertex -10.5455 -4.91411 17
    endloop
  endfacet
  facet normal -0 0 1
    outer loop
      vertex -20.4545 -0.41411 17
      vertex -10.6 -4.5 17
      vertex -20.4137 -0.208841 17
    endloop
  endfacet
  facet normal 0 0 1
    outer loop
      vertex -6.08631 -9.20884 17
      vertex -12 -20.7846 17
      vertex -9.1844 -22.1731 17
    endloop
  endfacet
  facet normal -0 0 1
    outer loop
      vertex -20.4137 -0.208841 17
      vertex -10.6 -4.5 17
      vertex -20.4 0 17
    endloop
  endfacet
  facet normal -0 0 1
    outer loop
      vertex -22.1731 9.1844 17
      vertex -10.4782 5.11229 17
      vertex -20.7846 12 17
    endloop
  endfacet
  facet normal 0 0 1
    outer loop
      vertex -10.4782 5.11229 17
      vertex -22.1731 9.1844 17
      vertex -10.5455 4.91411 17
    endloop
  endfacet
  facet normal -0 0 1
    outer loop
      vertex -20.5218 -0.612293 17
      vertex -10.6 -4.5 17
      vertex -20.4545 -0.41411 17
    endloop
  endfacet
  facet normal 0 0 1
    outer loop
      vertex -10.5455 4.91411 17
      vertex -22.1731 9.1844 17
      vertex -10.5863 4.70884 17
    endloop
  endfacet
  facet normal 0 0 1
    outer loop
      vertex -6.08631 -9.20884 17
      vertex -14.6103 -19.0405 17
      vertex -12 -20.7846 17
    endloop
  endfacet
  facet normal 0 -0 1
    outer loop
      vertex -20.8686 1.13137 17
      vertex -10.5863 4.70884 17
      vertex -22.1731 9.1844 17
    endloop
  endfacet
  facet normal 0 0 1
    outer loop
      vertex -6.08631 -9.20884 17
      vertex -16.9706 -16.9706 17
      vertex -14.6103 -19.0405 17
    endloop
  endfacet
  facet normal 0 0 1
    outer loop
      vertex -9.8 -5.88564 17
      vertex -19.0405 -14.6103 17
      vertex -16.9706 -16.9706 17
    endloop
  endfacet
  facet normal 0 0 1
    outer loop
      vertex -10.6 4.5 17
      vertex -20.4 0 17
      vertex -10.6 -4.5 17
    endloop
  endfacet
  facet normal 0 -0 1
    outer loop
      vertex -20.4 0 17
      vertex -10.6 4.5 17
      vertex -20.4137 0.208841 17
    endloop
  endfacet
  facet normal 0 -0 1
    outer loop
      vertex -20.4137 0.208841 17
      vertex -10.6 4.5 17
      vertex -20.4545 0.41411 17
    endloop
  endfacet
  facet normal 0 -0 1
    outer loop
      vertex -20.4545 0.41411 17
      vertex -10.6 4.5 17
      vertex -20.5218 0.612293 17
    endloop
  endfacet
  facet normal 0 -0 1
    outer loop
      vertex -20.5218 0.612293 17
      vertex -10.6 4.5 17
      vertex -20.6144 0.799999 17
    endloop
  endfacet
  facet normal 0 0 1
    outer loop
      vertex -10.6 4.5 17
      vertex -20.7306 0.974018 17
      vertex -20.6144 0.799999 17
    endloop
  endfacet
  facet normal 0 0 1
    outer loop
      vertex -10.5863 4.70884 17
      vertex -20.8686 1.13137 17
      vertex -10.6 4.5 17
    endloop
  endfacet
  facet normal 0 0 1
    outer loop
      vertex -10.6 4.5 17
      vertex -20.8686 1.13137 17
      vertex -20.7306 0.974018 17
    endloop
  endfacet
  facet normal 0 0 1
    outer loop
      vertex -20.8686 1.13137 17
      vertex -22.1731 9.1844 17
      vertex -21.026 1.26937 17
    endloop
  endfacet
  facet normal -0 0 1
    outer loop
      vertex -23.1822 6.21166 17
      vertex -21.026 1.26937 17
      vertex -22.1731 9.1844 17
    endloop
  endfacet
  facet normal 0 0 1
    outer loop
      vertex -21.026 1.26937 17
      vertex -23.1822 6.21166 17
      vertex -21.2 1.38564 17
    endloop
  endfacet
  facet normal 0 0 1
    outer loop
      vertex -21.2 1.38564 17
      vertex -23.1822 6.21166 17
      vertex -21.3877 1.47821 17
    endloop
  endfacet
  facet normal 0 0 1
    outer loop
      vertex -21.3877 1.47821 17
      vertex -23.1822 6.21166 17
      vertex -21.5859 1.54548 17
    endloop
  endfacet
  facet normal 0 0 1
    outer loop
      vertex -21.5859 1.54548 17
      vertex -23.1822 6.21166 17
      vertex -21.7912 1.58631 17
    endloop
  endfacet
  facet normal -0 0 1
    outer loop
      vertex -23.7947 3.13263 17
      vertex -21.7912 1.58631 17
      vertex -23.1822 6.21166 17
    endloop
  endfacet
  facet normal 0 0 1
    outer loop
      vertex -21.7912 1.58631 17
      vertex -23.7947 3.13263 17
      vertex -22 1.6 17
    endloop
  endfacet
  facet normal 0 0 1
    outer loop
      vertex -22 1.6 17
      vertex -23.7947 3.13263 17
      vertex -22.2088 1.58631 17
    endloop
  endfacet
  facet normal 0 0 1
    outer loop
      vertex -22.2088 1.58631 17
      vertex -23.7947 3.13263 17
      vertex -22.4141 1.54548 17
    endloop
  endfacet
  facet normal -0 0 1
    outer loop
      vertex -23.8451 2.36357 17
      vertex -22.4141 1.54548 17
      vertex -23.7947 3.13263 17
    endloop
  endfacet
  facet normal 0 0 1
    outer loop
      vertex -22.4141 1.54548 17
      vertex -23.8451 2.36357 17
      vertex -22.6123 1.47821 17
    endloop
  endfacet
  facet normal 0 0 1
    outer loop
      vertex -22.6123 1.47821 17
      vertex -23.8451 2.36357 17
      vertex -22.8 1.38564 17
    endloop
  endfacet
  facet normal 0 0 1
    outer loop
      vertex -22.8 1.38564 17
      vertex -23.8451 2.36357 17
      vertex -22.974 1.26937 17
    endloop
  endfacet
  facet normal 0 0 1
    outer loop
      vertex -22.974 1.26937 17
      vertex -23.8451 2.36357 17
      vertex -23.1314 1.13137 17
    endloop
  endfacet
  facet normal -0 0 1
    outer loop
      vertex -24.1213 2.12132 17
      vertex -23.1314 1.13137 17
      vertex -23.8451 2.36357 17
    endloop
  endfacet
  facet normal 0 0 1
    outer loop
      vertex -23.1314 1.13137 17
      vertex -24.1213 2.12132 17
      vertex -23.2694 0.974018 17
    endloop
  endfacet
  facet normal -0 0 1
    outer loop
      vertex -24.3801 1.82628 17
      vertex -23.2694 0.974018 17
      vertex -24.1213 2.12132 17
    endloop
  endfacet
  facet normal -0 0 1
    outer loop
      vertex -24.5981 1.5 17
      vertex -23.3856 0.799999 17
      vertex -24.3801 1.82628 17
    endloop
  endfacet
  facet normal 0 0 1
    outer loop
      vertex -23.2694 0.974018 17
      vertex -24.3801 1.82628 17
      vertex -23.3856 0.799999 17
    endloop
  endfacet
  facet normal 0 0 1
    outer loop
      vertex 3.13263 23.7947 17
      vertex 1.58631 22.2088 17
      vertex 1.6 22 17
    endloop
  endfacet
  facet normal 0 0 1
    outer loop
      vertex 2.12132 24.1213 17
      vertex 1.54548 22.4141 17
      vertex 1.58631 22.2088 17
    endloop
  endfacet
  facet normal 0 0 1
    outer loop
      vertex 0.974018 23.2694 17
      vertex 1.82628 24.3801 17
      vertex 1.5 24.5981 17
    endloop
  endfacet
  facet normal 0 0 1
    outer loop
      vertex 2.12132 24.1213 17
      vertex 1.47821 22.6123 17
      vertex 1.54548 22.4141 17
    endloop
  endfacet
  facet normal 0 0 1
    outer loop
      vertex 2.12132 24.1213 17
      vertex 1.38564 22.8 17
      vertex 1.47821 22.6123 17
    endloop
  endfacet
  facet normal 0 0 1
    outer loop
      vertex 2.12132 24.1213 17
      vertex 1.26937 22.974 17
      vertex 1.38564 22.8 17
    endloop
  endfacet
  facet normal 0 0 1
    outer loop
      vertex 0.799999 23.3856 17
      vertex 1.5 24.5981 17
      vertex 1.14805 24.7716 17
    endloop
  endfacet
  facet normal 0 0 1
    outer loop
      vertex 2.12132 24.1213 17
      vertex 1.13137 23.1314 17
      vertex 1.26937 22.974 17
    endloop
  endfacet
  facet normal 0 0 1
    outer loop
      vertex 1.82628 24.3801 17
      vertex 0.974018 23.2694 17
      vertex 1.13137 23.1314 17
    endloop
  endfacet
  facet normal 0 0 1
    outer loop
      vertex 1.5 24.5981 17
      vertex 0.799999 23.3856 17
      vertex 0.974018 23.2694 17
    endloop
  endfacet
  facet normal 0 0 1
    outer loop
      vertex 0.612293 23.4782 17
      vertex 1.14805 24.7716 17
      vertex 0.776457 24.8978 17
    endloop
  endfacet
  facet normal 0 0 1
    outer loop
      vertex 1.14805 24.7716 17
      vertex 0.612293 23.4782 17
      vertex 0.799999 23.3856 17
    endloop
  endfacet
  facet normal 0 0 1
    outer loop
      vertex 0.776457 24.8978 17
      vertex 0.41411 23.5455 17
      vertex 0.612293 23.4782 17
    endloop
  endfacet
  facet normal 0 0 1
    outer loop
      vertex 0.391578 24.9743 17
      vertex 0.41411 23.5455 17
      vertex 0.776457 24.8978 17
    endloop
  endfacet
  facet normal 0 0 1
    outer loop
      vertex 0.391578 24.9743 17
      vertex 0.208841 23.5863 17
      vertex 0.41411 23.5455 17
    endloop
  endfacet
  facet normal 0 0 1
    outer loop
      vertex 0 25 17
      vertex 0.208841 23.5863 17
      vertex 0.391578 24.9743 17
    endloop
  endfacet
  facet normal 0 0 1
    outer loop
      vertex 0 25 17
      vertex 0 23.6 17
      vertex 0.208841 23.5863 17
    endloop
  endfacet
  facet normal 0 0 1
    outer loop
      vertex 0 25 17
      vertex -0.208841 23.5863 17
      vertex 0 23.6 17
    endloop
  endfacet
  facet normal -0 0 1
    outer loop
      vertex -0.391578 24.9743 17
      vertex -0.208841 23.5863 17
      vertex 0 25 17
    endloop
  endfacet
  facet normal 0 0 1
    outer loop
      vertex -0.391578 24.9743 17
      vertex -0.41411 23.5455 17
      vertex -0.208841 23.5863 17
    endloop
  endfacet
  facet normal -0 0 1
    outer loop
      vertex -0.776457 24.8978 17
      vertex -0.41411 23.5455 17
      vertex -0.391578 24.9743 17
    endloop
  endfacet
  facet normal 0 0 1
    outer loop
      vertex -0.41411 23.5455 17
      vertex -0.776457 24.8978 17
      vertex -0.612293 23.4782 17
    endloop
  endfacet
  facet normal -0 0 1
    outer loop
      vertex -1.14805 24.7716 17
      vertex -0.612293 23.4782 17
      vertex -0.776457 24.8978 17
    endloop
  endfacet
  facet normal 0 0 1
    outer loop
      vertex -0.612293 23.4782 17
      vertex -1.14805 24.7716 17
      vertex -0.799999 23.3856 17
    endloop
  endfacet
  facet normal -0 0 1
    outer loop
      vertex -1.5 24.5981 17
      vertex -0.799999 23.3856 17
      vertex -1.14805 24.7716 17
    endloop
  endfacet
  facet normal 0 0 1
    outer loop
      vertex -0.799999 23.3856 17
      vertex -1.5 24.5981 17
      vertex -0.974018 23.2694 17
    endloop
  endfacet
  facet normal -0 0 1
    outer loop
      vertex -1.82628 24.3801 17
      vertex -0.974018 23.2694 17
      vertex -1.5 24.5981 17
    endloop
  endfacet
  facet normal 0 0 1
    outer loop
      vertex -0.974018 23.2694 17
      vertex -1.82628 24.3801 17
      vertex -1.13137 23.1314 17
    endloop
  endfacet
  facet normal -0 0 1
    outer loop
      vertex -2.12132 24.1213 17
      vertex -1.13137 23.1314 17
      vertex -1.82628 24.3801 17
    endloop
  endfacet
  facet normal -0 0 1
    outer loop
      vertex -2.36357 23.8451 17
      vertex -1.13137 23.1314 17
      vertex -2.12132 24.1213 17
    endloop
  endfacet
  facet normal 0 0 1
    outer loop
      vertex -1.13137 23.1314 17
      vertex -2.36357 23.8451 17
      vertex -1.26937 22.974 17
    endloop
  endfacet
  facet normal 0 0 1
    outer loop
      vertex -1.26937 22.974 17
      vertex -2.36357 23.8451 17
      vertex -1.38564 22.8 17
    endloop
  endfacet
  facet normal 0 0 1
    outer loop
      vertex -1.38564 22.8 17
      vertex -2.36357 23.8451 17
      vertex -1.47821 22.6123 17
    endloop
  endfacet
  facet normal 0 0 1
    outer loop
      vertex -1.47821 22.6123 17
      vertex -2.36357 23.8451 17
      vertex -1.54548 22.4141 17
    endloop
  endfacet
  facet normal 0 0 1
    outer loop
      vertex 7.73063 5.47402 17
      vertex 5.47402 7.73063 17
      vertex 7.61436 5.3 17
    endloop
  endfacet
  facet normal 0 0 1
    outer loop
      vertex 7.4 -4.5 17
      vertex 6.08631 -8.79116 17
      vertex 6.1 -9 17
    endloop
  endfacet
  facet normal -0 0 1
    outer loop
      vertex 5.3 7.61436 17
      vertex 7.61436 5.3 17
      vertex 5.47402 7.73063 17
    endloop
  endfacet
  facet normal 0 0 1
    outer loop
      vertex 7.4 -4.5 17
      vertex 6.04548 -8.58589 17
      vertex 6.08631 -8.79116 17
    endloop
  endfacet
  facet normal 0 0 1
    outer loop
      vertex 7.61436 5.3 17
      vertex 5.3 7.61436 17
      vertex 7.52179 5.11229 17
    endloop
  endfacet
  facet normal 0 0 1
    outer loop
      vertex 7.4 -4.5 17
      vertex 5.97821 -8.38771 17
      vertex 6.04548 -8.58589 17
    endloop
  endfacet
  facet normal -0 0 1
    outer loop
      vertex 5.11229 7.52179 17
      vertex 7.52179 5.11229 17
      vertex 5.3 7.61436 17
    endloop
  endfacet
  facet normal 0 0 1
    outer loop
      vertex 7.4 -4.5 17
      vertex 5.88564 -8.2 17
      vertex 5.97821 -8.38771 17
    endloop
  endfacet
  facet normal 0 0 1
    outer loop
      vertex 7.52179 5.11229 17
      vertex 5.11229 7.52179 17
      vertex 7.45452 4.91411 17
    endloop
  endfacet
  facet normal 0 0 1
    outer loop
      vertex 7.4 -4.5 17
      vertex 5.76937 -8.02598 17
      vertex 5.88564 -8.2 17
    endloop
  endfacet
  facet normal -0 0 1
    outer loop
      vertex 4.91411 7.45452 17
      vertex 7.45452 4.91411 17
      vertex 5.11229 7.52179 17
    endloop
  endfacet
  facet normal 0 0 1
    outer loop
      vertex 7.4 -4.5 17
      vertex 5.63137 -7.86863 17
      vertex 5.76937 -8.02598 17
    endloop
  endfacet
  facet normal 0 0 1
    outer loop
      vertex 7.45452 4.91411 17
      vertex 4.91411 7.45452 17
      vertex 7.41369 4.70884 17
    endloop
  endfacet
  facet normal 0 0 1
    outer loop
      vertex 7.4 -4.5 17
      vertex 5.47402 -7.73063 17
      vertex 5.63137 -7.86863 17
    endloop
  endfacet
  facet normal -0 0 1
    outer loop
      vertex 4.70884 7.41369 17
      vertex 7.41369 4.70884 17
      vertex 4.91411 7.45452 17
    endloop
  endfacet
  facet normal -0 0 1
    outer loop
      vertex 1.58631 -0.208841 17
      vertex 7.4 -4.5 17
      vertex 1.6 0 17
    endloop
  endfacet
  facet normal 0 -0 1
    outer loop
      vertex 1.58631 0.208841 17
      vertex 7.4 4.5 17
      vertex 1.54548 0.41411 17
    endloop
  endfacet
  facet normal 0 0 1
    outer loop
      vertex 7.4 -4.5 17
      vertex 5.3 -7.61436 17
      vertex 5.47402 -7.73063 17
    endloop
  endfacet
  facet normal 0 0 1
    outer loop
      vertex 7.41369 4.70884 17
      vertex 4.70884 7.41369 17
      vertex 7.4 4.5 17
    endloop
  endfacet
  facet normal -0 0 1
    outer loop
      vertex 1.54548 -0.41411 17
      vertex 7.4 -4.5 17
      vertex 1.58631 -0.208841 17
    endloop
  endfacet
  facet normal -0 0 1
    outer loop
      vertex 4.5 7.4 17
      vertex 7.4 4.5 17
      vertex 4.70884 7.41369 17
    endloop
  endfacet
  facet normal 0 0 1
    outer loop
      vertex 7.4 -4.5 17
      vertex 5.11229 -7.52179 17
      vertex 5.3 -7.61436 17
    endloop
  endfacet
  facet normal 0 0 1
    outer loop
      vertex 1.13137 1.13137 17
      vertex 7.4 4.5 17
      vertex 4.5 7.4 17
    endloop
  endfacet
  facet normal -0 0 1
    outer loop
      vertex 1.47821 -0.612293 17
      vertex 7.4 -4.5 17
      vertex 1.54548 -0.41411 17
    endloop
  endfacet
  facet normal 0 0 1
    outer loop
      vertex 7.4 -4.5 17
      vertex 4.91411 -7.45452 17
      vertex 5.11229 -7.52179 17
    endloop
  endfacet
  facet normal 0 0 1
    outer loop
      vertex 7.4 4.5 17
      vertex 1.6 0 17
      vertex 7.4 -4.5 17
    endloop
  endfacet
  facet normal 0 -0 1
    outer loop
      vertex 1.6 0 17
      vertex 7.4 4.5 17
      vertex 1.58631 0.208841 17
    endloop
  endfacet
  facet normal 0 0 1
    outer loop
      vertex 7.4 4.5 17
      vertex 1.47821 0.612293 17
      vertex 1.54548 0.41411 17
    endloop
  endfacet
  facet normal 0 0 1
    outer loop
      vertex 7.4 4.5 17
      vertex 1.38564 0.799999 17
      vertex 1.47821 0.612293 17
    endloop
  endfacet
  facet normal 0 0 1
    outer loop
      vertex 7.4 4.5 17
      vertex 1.26937 0.974018 17
      vertex 1.38564 0.799999 17
    endloop
  endfacet
  facet normal 0 0 1
    outer loop
      vertex 7.4 4.5 17
      vertex 1.13137 1.13137 17
      vertex 1.26937 0.974018 17
    endloop
  endfacet
  facet normal 0 0 1
    outer loop
      vertex 4.5 7.4 17
      vertex 0.974018 1.26937 17
      vertex 1.13137 1.13137 17
    endloop
  endfacet
  facet normal 0 0 1
    outer loop
      vertex 4.5 7.4 17
      vertex 0.799999 1.38564 17
      vertex 0.974018 1.26937 17
    endloop
  endfacet
  facet normal 0 0 1
    outer loop
      vertex 4.5 7.4 17
      vertex 0.612293 1.47821 17
      vertex 0.799999 1.38564 17
    endloop
  endfacet
  facet normal 0 0 1
    outer loop
      vertex 4.5 7.4 17
      vertex 0.41411 1.54548 17
      vertex 0.612293 1.47821 17
    endloop
  endfacet
  facet normal 0 0 1
    outer loop
      vertex 4.5 7.4 17
      vertex 0.208841 1.58631 17
      vertex 0.41411 1.54548 17
    endloop
  endfacet
  facet normal 0 0 1
    outer loop
      vertex 4.5 7.4 17
      vertex 0 1.6 17
      vertex 0.208841 1.58631 17
    endloop
  endfacet
  facet normal -0 0 1
    outer loop
      vertex -4.5 7.4 17
      vertex 0 1.6 17
      vertex 4.5 7.4 17
    endloop
  endfacet
  facet normal 0 0 1
    outer loop
      vertex 0 1.6 17
      vertex -4.5 7.4 17
      vertex -0.208841 1.58631 17
    endloop
  endfacet
  facet normal 0 0 1
    outer loop
      vertex -0.208841 1.58631 17
      vertex -4.5 7.4 17
      vertex -0.41411 1.54548 17
    endloop
  endfacet
  facet normal 0 0 1
    outer loop
      vertex -0.41411 1.54548 17
      vertex -4.5 7.4 17
      vertex -0.612293 1.47821 17
    endloop
  endfacet
  facet normal 0 0 1
    outer loop
      vertex -0.612293 1.47821 17
      vertex -4.5 7.4 17
      vertex -0.799999 1.38564 17
    endloop
  endfacet
  facet normal 0 0 1
    outer loop
      vertex -0.799999 1.38564 17
      vertex -4.5 7.4 17
      vertex -0.974018 1.26937 17
    endloop
  endfacet
  facet normal 0 0 1
    outer loop
      vertex -1.54548 0.41411 17
      vertex -7.4 4.5 17
      vertex -1.58631 0.208841 17
    endloop
  endfacet
  facet normal 0 0 1
    outer loop
      vertex -1.47821 0.612293 17
      vertex -7.4 4.5 17
      vertex -1.54548 0.41411 17
    endloop
  endfacet
  facet normal 0 0 1
    outer loop
      vertex -1.38564 0.799999 17
      vertex -7.4 4.5 17
      vertex -1.47821 0.612293 17
    endloop
  endfacet
  facet normal 0 0 1
    outer loop
      vertex -1.26937 0.974018 17
      vertex -7.4 4.5 17
      vertex -1.38564 0.799999 17
    endloop
  endfacet
  facet normal 0 0 1
    outer loop
      vertex -1.13137 1.13137 17
      vertex -7.4 4.5 17
      vertex -1.26937 0.974018 17
    endloop
  endfacet
  facet normal -0 0 1
    outer loop
      vertex -7.4 4.5 17
      vertex -1.13137 1.13137 17
      vertex -4.5 7.4 17
    endloop
  endfacet
  facet normal 0 0 1
    outer loop
      vertex -0.974018 1.26937 17
      vertex -4.5 7.4 17
      vertex -1.13137 1.13137 17
    endloop
  endfacet
  facet normal -0 0 1
    outer loop
      vertex 5.88564 -9.8 17
      vertex 16.9706 -16.9706 17
      vertex 5.97821 -9.61229 17
    endloop
  endfacet
  facet normal 0 0 1
    outer loop
      vertex 16.9706 -16.9706 17
      vertex 5.88564 -9.8 17
      vertex 14.6103 -19.0405 17
    endloop
  endfacet
  facet normal -0 0 1
    outer loop
      vertex 5.76937 -9.97402 17
      vertex 14.6103 -19.0405 17
      vertex 5.88564 -9.8 17
    endloop
  endfacet
  facet normal -0 0 1
    outer loop
      vertex 5.63137 -10.1314 17
      vertex 14.6103 -19.0405 17
      vertex 5.76937 -9.97402 17
    endloop
  endfacet
  facet normal 0 0 1
    outer loop
      vertex 14.6103 -19.0405 17
      vertex 5.63137 -10.1314 17
      vertex 12 -20.7846 17
    endloop
  endfacet
  facet normal -0 0 1
    outer loop
      vertex 5.47402 -10.2694 17
      vertex 12 -20.7846 17
      vertex 5.63137 -10.1314 17
    endloop
  endfacet
  facet normal -0 0 1
    outer loop
      vertex 5.3 -10.3856 17
      vertex 12 -20.7846 17
      vertex 5.47402 -10.2694 17
    endloop
  endfacet
  facet normal 0 0 1
    outer loop
      vertex 12 -20.7846 17
      vertex 5.3 -10.3856 17
      vertex 9.1844 -22.1731 17
    endloop
  endfacet
  facet normal -0 0 1
    outer loop
      vertex 5.11229 -10.4782 17
      vertex 9.1844 -22.1731 17
      vertex 5.3 -10.3856 17
    endloop
  endfacet
  facet normal -0 0 1
    outer loop
      vertex 4.91411 -10.5455 17
      vertex 9.1844 -22.1731 17
      vertex 5.11229 -10.4782 17
    endloop
  endfacet
  facet normal -0 0 1
    outer loop
      vertex 4.70884 -10.5863 17
      vertex 9.1844 -22.1731 17
      vertex 4.91411 -10.5455 17
    endloop
  endfacet
  facet normal -0 0 1
    outer loop
      vertex 1.26937 -21.026 17
      vertex 9.1844 -22.1731 17
      vertex 4.70884 -10.5863 17
    endloop
  endfacet
  facet normal 0 0 1
    outer loop
      vertex 1.13137 -20.8686 17
      vertex 4.70884 -10.5863 17
      vertex 4.5 -10.6 17
    endloop
  endfacet
  facet normal 0 0 1
    outer loop
      vertex 9.1844 -22.1731 17
      vertex 1.26937 -21.026 17
      vertex 6.21166 -23.1822 17
    endloop
  endfacet
  facet normal -0 -0 1
    outer loop
      vertex 1.54548 -21.5859 17
      vertex 6.21166 -23.1822 17
      vertex 1.47821 -21.3877 17
    endloop
  endfacet
  facet normal 0 0 1
    outer loop
      vertex 6.21166 -23.1822 17
      vertex 1.58631 -21.7912 17
      vertex 3.13263 -23.7947 17
    endloop
  endfacet
  facet normal -0 0 1
    outer loop
      vertex 1.58631 -22.2088 17
      vertex 3.13263 -23.7947 17
      vertex 1.6 -22 17
    endloop
  endfacet
  facet normal 0 0 1
    outer loop
      vertex 3.13263 -23.7947 17
      vertex 1.54548 -22.4141 17
      vertex 2.36357 -23.8451 17
    endloop
  endfacet
  facet normal -0 0 1
    outer loop
      vertex 1.54548 -22.4141 17
      vertex 3.13263 -23.7947 17
      vertex 1.58631 -22.2088 17
    endloop
  endfacet
  facet normal -0 -0 1
    outer loop
      vertex 1.6 -22 17
      vertex 3.13263 -23.7947 17
      vertex 1.58631 -21.7912 17
    endloop
  endfacet
  facet normal -0 -0 1
    outer loop
      vertex 1.58631 -21.7912 17
      vertex 6.21166 -23.1822 17
      vertex 1.54548 -21.5859 17
    endloop
  endfacet
  facet normal 0 0 1
    outer loop
      vertex 6.21166 -23.1822 17
      vertex 1.38564 -21.2 17
      vertex 1.47821 -21.3877 17
    endloop
  endfacet
  facet normal 0 0 1
    outer loop
      vertex 6.21166 -23.1822 17
      vertex 1.26937 -21.026 17
      vertex 1.38564 -21.2 17
    endloop
  endfacet
  facet normal 0 0 1
    outer loop
      vertex 4.70884 -10.5863 17
      vertex 1.13137 -20.8686 17
      vertex 1.26937 -21.026 17
    endloop
  endfacet
  facet normal 0 0 1
    outer loop
      vertex 4.5 -10.6 17
      vertex 0.974018 -20.7306 17
      vertex 1.13137 -20.8686 17
    endloop
  endfacet
  facet normal 0 0 1
    outer loop
      vertex 4.5 -10.6 17
      vertex 0.799999 -20.6144 17
      vertex 0.974018 -20.7306 17
    endloop
  endfacet
  facet normal 0 0 1
    outer loop
      vertex 4.5 -10.6 17
      vertex 0.612293 -20.5218 17
      vertex 0.799999 -20.6144 17
    endloop
  endfacet
  facet normal 0 0 1
    outer loop
      vertex 4.5 -10.6 17
      vertex 0.41411 -20.4545 17
      vertex 0.612293 -20.5218 17
    endloop
  endfacet
  facet normal 0 0 1
    outer loop
      vertex 4.5 -10.6 17
      vertex 0.208841 -20.4137 17
      vertex 0.41411 -20.4545 17
    endloop
  endfacet
  facet normal 0 0 1
    outer loop
      vertex 4.5 -10.6 17
      vertex 0 -20.4 17
      vertex 0.208841 -20.4137 17
    endloop
  endfacet
  facet normal -0 0 1
    outer loop
      vertex -4.5 -10.6 17
      vertex 0 -20.4 17
      vertex 4.5 -10.6 17
    endloop
  endfacet
  facet normal 0 0 1
    outer loop
      vertex 0 -20.4 17
      vertex -4.5 -10.6 17
      vertex -0.208841 -20.4137 17
    endloop
  endfacet
  facet normal 0 0 1
    outer loop
      vertex -0.208841 -20.4137 17
      vertex -4.5 -10.6 17
      vertex -0.41411 -20.4545 17
    endloop
  endfacet
  facet normal 0 0 1
    outer loop
      vertex -0.41411 -20.4545 17
      vertex -4.5 -10.6 17
      vertex -0.612293 -20.5218 17
    endloop
  endfacet
  facet normal 0 0 1
    outer loop
      vertex -0.612293 -20.5218 17
      vertex -4.5 -10.6 17
      vertex -0.799999 -20.6144 17
    endloop
  endfacet
  facet normal 0 0 1
    outer loop
      vertex -0.799999 -20.6144 17
      vertex -4.5 -10.6 17
      vertex -0.974018 -20.7306 17
    endloop
  endfacet
  facet normal 0 0 1
    outer loop
      vertex -0.974018 -20.7306 17
      vertex -4.5 -10.6 17
      vertex -1.13137 -20.8686 17
    endloop
  endfacet
  facet normal 0 0 1
    outer loop
      vertex -4.70884 -10.5863 17
      vertex -1.13137 -20.8686 17
      vertex -4.5 -10.6 17
    endloop
  endfacet
  facet normal 0 0 1
    outer loop
      vertex -3.13263 -23.7947 17
      vertex -1.6 -22 17
      vertex -1.58631 -21.7912 17
    endloop
  endfacet
  facet normal 0 0 1
    outer loop
      vertex -1.6 -22 17
      vertex -2.12132 -24.1213 17
      vertex -1.82628 -24.3801 17
    endloop
  endfacet
  facet normal 0 0 1
    outer loop
      vertex -6.21166 -23.1822 17
      vertex -1.58631 -21.7912 17
      vertex -1.54548 -21.5859 17
    endloop
  endfacet
  facet normal 0 0 1
    outer loop
      vertex -1.6 -22 17
      vertex -2.36357 -23.8451 17
      vertex -2.12132 -24.1213 17
    endloop
  endfacet
  facet normal 0 0 1
    outer loop
      vertex -6.21166 -23.1822 17
      vertex -1.54548 -21.5859 17
      vertex -1.47821 -21.3877 17
    endloop
  endfacet
  facet normal 0 0 1
    outer loop
      vertex -1.6 -22 17
      vertex -3.13263 -23.7947 17
      vertex -2.36357 -23.8451 17
    endloop
  endfacet
  facet normal 0 0 1
    outer loop
      vertex -6.21166 -23.1822 17
      vertex -1.47821 -21.3877 17
      vertex -1.38564 -21.2 17
    endloop
  endfacet
  facet normal 0 0 1
    outer loop
      vertex -1.13137 -20.8686 17
      vertex -4.70884 -10.5863 17
      vertex -1.26937 -21.026 17
    endloop
  endfacet
  facet normal 0 0 1
    outer loop
      vertex -6.21166 -23.1822 17
      vertex -1.26937 -21.026 17
      vertex -4.70884 -10.5863 17
    endloop
  endfacet
  facet normal 0 0 1
    outer loop
      vertex -1.26937 -21.026 17
      vertex -6.21166 -23.1822 17
      vertex -1.38564 -21.2 17
    endloop
  endfacet
  facet normal 0 0 1
    outer loop
      vertex -6.21166 -23.1822 17
      vertex -4.70884 -10.5863 17
      vertex -4.91411 -10.5455 17
    endloop
  endfacet
  facet normal 0 0 1
    outer loop
      vertex -6.21166 -23.1822 17
      vertex -4.91411 -10.5455 17
      vertex -5.11229 -10.4782 17
    endloop
  endfacet
  facet normal 0 0 1
    outer loop
      vertex -6.21166 -23.1822 17
      vertex -5.11229 -10.4782 17
      vertex -5.3 -10.3856 17
    endloop
  endfacet
  facet normal 0 0 1
    outer loop
      vertex -6.21166 -23.1822 17
      vertex -5.3 -10.3856 17
      vertex -5.47402 -10.2694 17
    endloop
  endfacet
  facet normal 0 0 1
    outer loop
      vertex -6.21166 -23.1822 17
      vertex -5.47402 -10.2694 17
      vertex -5.63137 -10.1314 17
    endloop
  endfacet
  facet normal 0 0 1
    outer loop
      vertex -6.21166 -23.1822 17
      vertex -5.63137 -10.1314 17
      vertex -5.76937 -9.97402 17
    endloop
  endfacet
  facet normal 0 0 1
    outer loop
      vertex -6.21166 -23.1822 17
      vertex -5.76937 -9.97402 17
      vertex -5.88564 -9.8 17
    endloop
  endfacet
  facet normal 0 0 1
    outer loop
      vertex -6.21166 -23.1822 17
      vertex -5.88564 -9.8 17
      vertex -5.97821 -9.61229 17
    endloop
  endfacet
  facet normal 0 0 1
    outer loop
      vertex -6.21166 -23.1822 17
      vertex -5.97821 -9.61229 17
      vertex -6.04548 -9.41411 17
    endloop
  endfacet
  facet normal 0 0 1
    outer loop
      vertex -1.58631 -21.7912 17
      vertex -6.21166 -23.1822 17
      vertex -3.13263 -23.7947 17
    endloop
  endfacet
  facet normal 0 0 1
    outer loop
      vertex -6.08631 -9.20884 17
      vertex -6.21166 -23.1822 17
      vertex -6.04548 -9.41411 17
    endloop
  endfacet
  facet normal 0 0 1
    outer loop
      vertex -5.63137 -7.86863 17
      vertex -7.86863 -5.63137 17
      vertex -5.76937 -8.02598 17
    endloop
  endfacet
  facet normal 0 0 1
    outer loop
      vertex -5.47402 -7.73063 17
      vertex -7.73063 -5.47402 17
      vertex -5.63137 -7.86863 17
    endloop
  endfacet
  facet normal -0 0 1
    outer loop
      vertex -7.86863 -5.63137 17
      vertex -5.63137 -7.86863 17
      vertex -7.73063 -5.47402 17
    endloop
  endfacet
  facet normal 0 0 1
    outer loop
      vertex -6.21166 23.1822 17
      vertex -7.41369 4.70884 17
      vertex -7.4 4.5 17
    endloop
  endfacet
  facet normal 0 0 1
    outer loop
      vertex -6.21166 23.1822 17
      vertex -7.45452 4.91411 17
      vertex -7.41369 4.70884 17
    endloop
  endfacet
  facet normal 0 0 1
    outer loop
      vertex -6.21166 23.1822 17
      vertex -7.52179 5.11229 17
      vertex -7.45452 4.91411 17
    endloop
  endfacet
  facet normal 0 0 1
    outer loop
      vertex -6.21166 23.1822 17
      vertex -7.61436 5.3 17
      vertex -7.52179 5.11229 17
    endloop
  endfacet
  facet normal 0 0 1
    outer loop
      vertex -6.21166 23.1822 17
      vertex -7.73063 5.47402 17
      vertex -7.61436 5.3 17
    endloop
  endfacet
  facet normal 0 0 1
    outer loop
      vertex -6.21166 23.1822 17
      vertex -7.86863 5.63137 17
      vertex -7.73063 5.47402 17
    endloop
  endfacet
  facet normal 0 0 1
    outer loop
      vertex -6.21166 23.1822 17
      vertex -8.02598 5.76937 17
      vertex -7.86863 5.63137 17
    endloop
  endfacet
  facet normal 0 0 1
    outer loop
      vertex -6.21166 23.1822 17
      vertex -8.2 5.88564 17
      vertex -8.02598 5.76937 17
    endloop
  endfacet
  facet normal 0 0 1
    outer loop
      vertex -6.21166 23.1822 17
      vertex -8.38771 5.97821 17
      vertex -8.2 5.88564 17
    endloop
  endfacet
  facet normal -0 0 1
    outer loop
      vertex -9.1844 22.1731 17
      vertex -8.38771 5.97821 17
      vertex -6.21166 23.1822 17
    endloop
  endfacet
  facet normal 0 0 1
    outer loop
      vertex -8.38771 5.97821 17
      vertex -9.1844 22.1731 17
      vertex -8.58589 6.04548 17
    endloop
  endfacet
  facet normal 0 0 1
    outer loop
      vertex -8.58589 6.04548 17
      vertex -9.1844 22.1731 17
      vertex -8.79116 6.08631 17
    endloop
  endfacet
  facet normal -0 0 1
    outer loop
      vertex -12 20.7846 17
      vertex -8.79116 6.08631 17
      vertex -9.1844 22.1731 17
    endloop
  endfacet
  facet normal 0 0 1
    outer loop
      vertex -8.79116 6.08631 17
      vertex -12 20.7846 17
      vertex -9 6.1 17
    endloop
  endfacet
  facet normal -0 0 1
    outer loop
      vertex -14.6103 19.0405 17
      vertex -9 6.1 17
      vertex -12 20.7846 17
    endloop
  endfacet
  facet normal 0 0 1
    outer loop
      vertex -9 6.1 17
      vertex -14.6103 19.0405 17
      vertex -9.20884 6.08631 17
    endloop
  endfacet
  facet normal 0 0 1
    outer loop
      vertex -9.20884 6.08631 17
      vertex -14.6103 19.0405 17
      vertex -9.41411 6.04548 17
    endloop
  endfacet
  facet normal -0 0 1
    outer loop
      vertex -16.9706 16.9706 17
      vertex -9.41411 6.04548 17
      vertex -14.6103 19.0405 17
    endloop
  endfacet
  facet normal 0 0 1
    outer loop
      vertex -9.41411 6.04548 17
      vertex -16.9706 16.9706 17
      vertex -9.61229 5.97821 17
    endloop
  endfacet
  facet normal 0 0 1
    outer loop
      vertex -9.61229 5.97821 17
      vertex -16.9706 16.9706 17
      vertex -9.8 5.88564 17
    endloop
  endfacet
  facet normal -0 0 1
    outer loop
      vertex -19.0405 14.6103 17
      vertex -9.8 5.88564 17
      vertex -16.9706 16.9706 17
    endloop
  endfacet
  facet normal 0 0 1
    outer loop
      vertex -9.8 5.88564 17
      vertex -19.0405 14.6103 17
      vertex -9.97402 5.76937 17
    endloop
  endfacet
  facet normal 0 0 1
    outer loop
      vertex -9.97402 5.76937 17
      vertex -19.0405 14.6103 17
      vertex -10.1314 5.63137 17
    endloop
  endfacet
  facet normal -0 0 1
    outer loop
      vertex -20.7846 12 17
      vertex -10.1314 5.63137 17
      vertex -19.0405 14.6103 17
    endloop
  endfacet
  facet normal 0 0 1
    outer loop
      vertex -10.3856 5.3 17
      vertex -20.7846 12 17
      vertex -10.4782 5.11229 17
    endloop
  endfacet
  facet normal 0 0 1
    outer loop
      vertex -10.2694 5.47402 17
      vertex -20.7846 12 17
      vertex -10.3856 5.3 17
    endloop
  endfacet
  facet normal 0 0 1
    outer loop
      vertex -10.1314 5.63137 17
      vertex -20.7846 12 17
      vertex -10.2694 5.47402 17
    endloop
  endfacet
  facet normal -0 0 1
    outer loop
      vertex 1.38564 -0.799999 17
      vertex 7.4 -4.5 17
      vertex 1.47821 -0.612293 17
    endloop
  endfacet
  facet normal 0 0 1
    outer loop
      vertex 7.4 -4.5 17
      vertex 4.70884 -7.41369 17
      vertex 4.91411 -7.45452 17
    endloop
  endfacet
  facet normal -0 0 1
    outer loop
      vertex 1.26937 -0.974018 17
      vertex 7.4 -4.5 17
      vertex 1.38564 -0.799999 17
    endloop
  endfacet
  facet normal 0 0 1
    outer loop
      vertex 7.4 -4.5 17
      vertex 4.5 -7.4 17
      vertex 4.70884 -7.41369 17
    endloop
  endfacet
  facet normal -0 0 1
    outer loop
      vertex 1.13137 -1.13137 17
      vertex 7.4 -4.5 17
      vertex 1.26937 -0.974018 17
    endloop
  endfacet
  facet normal 0 0 1
    outer loop
      vertex 7.4 -4.5 17
      vertex 1.13137 -1.13137 17
      vertex 4.5 -7.4 17
    endloop
  endfacet
  facet normal -0 0 1
    outer loop
      vertex 0.974018 -1.26937 17
      vertex 4.5 -7.4 17
      vertex 1.13137 -1.13137 17
    endloop
  endfacet
  facet normal -0 0 1
    outer loop
      vertex 0.799999 -1.38564 17
      vertex 4.5 -7.4 17
      vertex 0.974018 -1.26937 17
    endloop
  endfacet
  facet normal -0 0 1
    outer loop
      vertex 0.612293 -1.47821 17
      vertex 4.5 -7.4 17
      vertex 0.799999 -1.38564 17
    endloop
  endfacet
  facet normal -0 0 1
    outer loop
      vertex 0.41411 -1.54548 17
      vertex 4.5 -7.4 17
      vertex 0.612293 -1.47821 17
    endloop
  endfacet
  facet normal -0 0 1
    outer loop
      vertex 0.208841 -1.58631 17
      vertex 4.5 -7.4 17
      vertex 0.41411 -1.54548 17
    endloop
  endfacet
  facet normal -0 0 1
    outer loop
      vertex 0 -1.6 17
      vertex 4.5 -7.4 17
      vertex 0.208841 -1.58631 17
    endloop
  endfacet
  facet normal 0 0 1
    outer loop
      vertex -4.5 -7.4 17
      vertex 0 -1.6 17
      vertex -0.208841 -1.58631 17
    endloop
  endfacet
  facet normal 0 0 1
    outer loop
      vertex -4.5 -7.4 17
      vertex -0.208841 -1.58631 17
      vertex -0.41411 -1.54548 17
    endloop
  endfacet
  facet normal 0 0 1
    outer loop
      vertex -4.5 -7.4 17
      vertex -0.41411 -1.54548 17
      vertex -0.612293 -1.47821 17
    endloop
  endfacet
  facet normal 0 0 1
    outer loop
      vertex -4.5 -7.4 17
      vertex -0.612293 -1.47821 17
      vertex -0.799999 -1.38564 17
    endloop
  endfacet
  facet normal 0 0 1
    outer loop
      vertex -4.5 -7.4 17
      vertex -0.799999 -1.38564 17
      vertex -0.974018 -1.26937 17
    endloop
  endfacet
  facet normal 0 0 1
    outer loop
      vertex -4.5 -7.4 17
      vertex -0.974018 -1.26937 17
      vertex -1.13137 -1.13137 17
    endloop
  endfacet
  facet normal 0 0 1
    outer loop
      vertex -7.4 4.5 17
      vertex -4.5 7.4 17
      vertex -4.70884 7.41369 17
    endloop
  endfacet
  facet normal 0 0 1
    outer loop
      vertex -7.4 4.5 17
      vertex -4.70884 7.41369 17
      vertex -4.91411 7.45452 17
    endloop
  endfacet
  facet normal 0 0 1
    outer loop
      vertex -7.4 4.5 17
      vertex -4.91411 7.45452 17
      vertex -5.11229 7.52179 17
    endloop
  endfacet
  facet normal 0 0 1
    outer loop
      vertex 0 -1.6 17
      vertex -4.5 -7.4 17
      vertex 4.5 -7.4 17
    endloop
  endfacet
  facet normal 0 0 1
    outer loop
      vertex -7.4 -4.5 17
      vertex -1.13137 -1.13137 17
      vertex -1.26937 -0.974018 17
    endloop
  endfacet
  facet normal 0 0 1
    outer loop
      vertex -7.4 -4.5 17
      vertex -1.26937 -0.974018 17
      vertex -1.38564 -0.799999 17
    endloop
  endfacet
  facet normal 0 0 1
    outer loop
      vertex -7.4 -4.5 17
      vertex -1.38564 -0.799999 17
      vertex -1.47821 -0.612293 17
    endloop
  endfacet
  facet normal 0 0 1
    outer loop
      vertex -7.4 4.5 17
      vertex -5.11229 7.52179 17
      vertex -5.3 7.61436 17
    endloop
  endfacet
  facet normal 0 0 1
    outer loop
      vertex -7.4 4.5 17
      vertex -5.3 7.61436 17
      vertex -5.47402 7.73063 17
    endloop
  endfacet
  facet normal 0 0 1
    outer loop
      vertex -1.13137 -1.13137 17
      vertex -7.4 -4.5 17
      vertex -4.5 -7.4 17
    endloop
  endfacet
  facet normal 0 0 1
    outer loop
      vertex -1.58631 0.208841 17
      vertex -7.4 4.5 17
      vertex -1.6 0 17
    endloop
  endfacet
  facet normal 0 0 1
    outer loop
      vertex -4.5 -7.4 17
      vertex -7.4 -4.5 17
      vertex -4.70884 -7.41369 17
    endloop
  endfacet
  facet normal 0 0 1
    outer loop
      vertex -4.70884 -7.41369 17
      vertex -7.41369 -4.70884 17
      vertex -4.91411 -7.45452 17
    endloop
  endfacet
  facet normal 0 0 1
    outer loop
      vertex -7.4 -4.5 17
      vertex -1.47821 -0.612293 17
      vertex -1.54548 -0.41411 17
    endloop
  endfacet
  facet normal 0 0 1
    outer loop
      vertex -7.4 -4.5 17
      vertex -1.6 0 17
      vertex -7.4 4.5 17
    endloop
  endfacet
  facet normal -0 0 1
    outer loop
      vertex -7.41369 -4.70884 17
      vertex -4.70884 -7.41369 17
      vertex -7.4 -4.5 17
    endloop
  endfacet
  facet normal 0 0 1
    outer loop
      vertex -1.58631 -0.208841 17
      vertex -7.4 -4.5 17
      vertex -1.54548 -0.41411 17
    endloop
  endfacet
  facet normal 0 0 1
    outer loop
      vertex -1.6 0 17
      vertex -7.4 -4.5 17
      vertex -1.58631 -0.208841 17
    endloop
  endfacet
  facet normal 0 0 1
    outer loop
      vertex -7.4 4.5 17
      vertex -5.47402 7.73063 17
      vertex -5.63137 7.86863 17
    endloop
  endfacet
  facet normal -0 0 1
    outer loop
      vertex -7.45452 -4.91411 17
      vertex -4.91411 -7.45452 17
      vertex -7.41369 -4.70884 17
    endloop
  endfacet
  facet normal 0 0 1
    outer loop
      vertex -7.4 4.5 17
      vertex -5.63137 7.86863 17
      vertex -5.76937 8.02598 17
    endloop
  endfacet
  facet normal 0 0 1
    outer loop
      vertex -4.91411 -7.45452 17
      vertex -7.45452 -4.91411 17
      vertex -5.11229 -7.52179 17
    endloop
  endfacet
  facet normal 0 0 1
    outer loop
      vertex -7.4 4.5 17
      vertex -5.76937 8.02598 17
      vertex -5.88564 8.2 17
    endloop
  endfacet
  facet normal -0 0 1
    outer loop
      vertex -7.52179 -5.11229 17
      vertex -5.11229 -7.52179 17
      vertex -7.45452 -4.91411 17
    endloop
  endfacet
  facet normal 0 0 1
    outer loop
      vertex -7.4 4.5 17
      vertex -5.88564 8.2 17
      vertex -5.97821 8.38771 17
    endloop
  endfacet
  facet normal 0 0 1
    outer loop
      vertex -5.11229 -7.52179 17
      vertex -7.52179 -5.11229 17
      vertex -5.3 -7.61436 17
    endloop
  endfacet
  facet normal 0 0 1
    outer loop
      vertex -7.4 4.5 17
      vertex -5.97821 8.38771 17
      vertex -6.04548 8.58589 17
    endloop
  endfacet
  facet normal -0 0 1
    outer loop
      vertex -7.61436 -5.3 17
      vertex -5.3 -7.61436 17
      vertex -7.52179 -5.11229 17
    endloop
  endfacet
  facet normal 0 0 1
    outer loop
      vertex -7.4 4.5 17
      vertex -6.04548 8.58589 17
      vertex -6.08631 8.79116 17
    endloop
  endfacet
  facet normal 0 0 1
    outer loop
      vertex -5.3 -7.61436 17
      vertex -7.61436 -5.3 17
      vertex -5.47402 -7.73063 17
    endloop
  endfacet
  facet normal 0 0 1
    outer loop
      vertex -7.4 4.5 17
      vertex -6.08631 8.79116 17
      vertex -6.1 9 17
    endloop
  endfacet
  facet normal -0 0 1
    outer loop
      vertex -7.73063 -5.47402 17
      vertex -5.47402 -7.73063 17
      vertex -7.61436 -5.3 17
    endloop
  endfacet
  facet normal -0 0 1
    outer loop
      vertex 1.47821 -22.6123 17
      vertex 2.36357 -23.8451 17
      vertex 1.54548 -22.4141 17
    endloop
  endfacet
  facet normal -0 0 1
    outer loop
      vertex 1.38564 -22.8 17
      vertex 2.36357 -23.8451 17
      vertex 1.47821 -22.6123 17
    endloop
  endfacet
  facet normal -0 0 1
    outer loop
      vertex 1.26937 -22.974 17
      vertex 2.36357 -23.8451 17
      vertex 1.38564 -22.8 17
    endloop
  endfacet
  facet normal -0 0 1
    outer loop
      vertex 1.13137 -23.1314 17
      vertex 2.36357 -23.8451 17
      vertex 1.26937 -22.974 17
    endloop
  endfacet
  facet normal 0 0 1
    outer loop
      vertex 2.36357 -23.8451 17
      vertex 1.13137 -23.1314 17
      vertex 2.12132 -24.1213 17
    endloop
  endfacet
  facet normal 0 0 1
    outer loop
      vertex 2.12132 -24.1213 17
      vertex 1.13137 -23.1314 17
      vertex 1.82628 -24.3801 17
    endloop
  endfacet
  facet normal -0 0 1
    outer loop
      vertex 0.974018 -23.2694 17
      vertex 1.82628 -24.3801 17
      vertex 1.13137 -23.1314 17
    endloop
  endfacet
  facet normal 0 0 1
    outer loop
      vertex 1.82628 -24.3801 17
      vertex 0.974018 -23.2694 17
      vertex 1.5 -24.5981 17
    endloop
  endfacet
  facet normal -0 0 1
    outer loop
      vertex 0.799999 -23.3856 17
      vertex 1.5 -24.5981 17
      vertex 0.974018 -23.2694 17
    endloop
  endfacet
  facet normal 0 0 1
    outer loop
      vertex 1.5 -24.5981 17
      vertex 0.799999 -23.3856 17
      vertex 1.14805 -24.7716 17
    endloop
  endfacet
  facet normal -0 0 1
    outer loop
      vertex 0.612293 -23.4782 17
      vertex 1.14805 -24.7716 17
      vertex 0.799999 -23.3856 17
    endloop
  endfacet
  facet normal 0 0 1
    outer loop
      vertex 1.14805 -24.7716 17
      vertex 0.612293 -23.4782 17
      vertex 0.776457 -24.8978 17
    endloop
  endfacet
  facet normal -0 0 1
    outer loop
      vertex 0.41411 -23.5455 17
      vertex 0.776457 -24.8978 17
      vertex 0.612293 -23.4782 17
    endloop
  endfacet
  facet normal 0 0 1
    outer loop
      vertex 0.41411 -23.5455 17
      vertex 0.391578 -24.9743 17
      vertex 0.776457 -24.8978 17
    endloop
  endfacet
  facet normal -0 0 1
    outer loop
      vertex 0.208841 -23.5863 17
      vertex 0.391578 -24.9743 17
      vertex 0.41411 -23.5455 17
    endloop
  endfacet
  facet normal -0 0 1
    outer loop
      vertex 0 -23.6 17
      vertex 0.391578 -24.9743 17
      vertex 0.208841 -23.5863 17
    endloop
  endfacet
  facet normal 0 0 1
    outer loop
      vertex 0 -23.6 17
      vertex 0 -25 17
      vertex 0.391578 -24.9743 17
    endloop
  endfacet
  facet normal 0 0 1
    outer loop
      vertex -0.208841 -23.5863 17
      vertex 0 -25 17
      vertex 0 -23.6 17
    endloop
  endfacet
  facet normal 0 0 1
    outer loop
      vertex -0.208841 -23.5863 17
      vertex -0.391578 -24.9743 17
      vertex 0 -25 17
    endloop
  endfacet
  facet normal 0 0 1
    outer loop
      vertex -0.41411 -23.5455 17
      vertex -0.391578 -24.9743 17
      vertex -0.208841 -23.5863 17
    endloop
  endfacet
  facet normal 0 0 1
    outer loop
      vertex -0.776457 -24.8978 17
      vertex -0.41411 -23.5455 17
      vertex -0.612293 -23.4782 17
    endloop
  endfacet
  facet normal 0 0 1
    outer loop
      vertex -0.41411 -23.5455 17
      vertex -0.776457 -24.8978 17
      vertex -0.391578 -24.9743 17
    endloop
  endfacet
  facet normal 0 0 1
    outer loop
      vertex -1.14805 -24.7716 17
      vertex -0.612293 -23.4782 17
      vertex -0.799999 -23.3856 17
    endloop
  endfacet
  facet normal 0 0 1
    outer loop
      vertex -1.5 -24.5981 17
      vertex -0.799999 -23.3856 17
      vertex -0.974018 -23.2694 17
    endloop
  endfacet
  facet normal 0 0 1
    outer loop
      vertex -1.82628 -24.3801 17
      vertex -0.974018 -23.2694 17
      vertex -1.13137 -23.1314 17
    endloop
  endfacet
  facet normal 0 0 1
    outer loop
      vertex -0.612293 -23.4782 17
      vertex -1.14805 -24.7716 17
      vertex -0.776457 -24.8978 17
    endloop
  endfacet
  facet normal 0 0 1
    outer loop
      vertex -1.82628 -24.3801 17
      vertex -1.13137 -23.1314 17
      vertex -1.26937 -22.974 17
    endloop
  endfacet
  facet normal 0 0 1
    outer loop
      vertex -1.82628 -24.3801 17
      vertex -1.26937 -22.974 17
      vertex -1.38564 -22.8 17
    endloop
  endfacet
  facet normal 0 0 1
    outer loop
      vertex -1.82628 -24.3801 17
      vertex -1.38564 -22.8 17
      vertex -1.47821 -22.6123 17
    endloop
  endfacet
  facet normal 0 0 1
    outer loop
      vertex -0.799999 -23.3856 17
      vertex -1.5 -24.5981 17
      vertex -1.14805 -24.7716 17
    endloop
  endfacet
  facet normal 0 0 1
    outer loop
      vertex -1.82628 -24.3801 17
      vertex -1.47821 -22.6123 17
      vertex -1.54548 -22.4141 17
    endloop
  endfacet
  facet normal 0 0 1
    outer loop
      vertex -1.82628 -24.3801 17
      vertex -1.54548 -22.4141 17
      vertex -1.58631 -22.2088 17
    endloop
  endfacet
  facet normal 0 0 1
    outer loop
      vertex -1.82628 -24.3801 17
      vertex -1.58631 -22.2088 17
      vertex -1.6 -22 17
    endloop
  endfacet
  facet normal 0 0 1
    outer loop
      vertex -0.974018 -23.2694 17
      vertex -1.82628 -24.3801 17
      vertex -1.5 -24.5981 17
    endloop
  endfacet
  facet normal -0 0 1
    outer loop
      vertex 10.3856 -5.3 17
      vertex 20.7846 -12 17
      vertex 10.4782 -5.11229 17
    endloop
  endfacet
  facet normal -0 0 1
    outer loop
      vertex 10.2694 -5.47402 17
      vertex 20.7846 -12 17
      vertex 10.3856 -5.3 17
    endloop
  endfacet
  facet normal -0 0 1
    outer loop
      vertex 10.1314 -5.63137 17
      vertex 20.7846 -12 17
      vertex 10.2694 -5.47402 17
    endloop
  endfacet
  facet normal 0 0 1
    outer loop
      vertex 20.7846 -12 17
      vertex 10.1314 -5.63137 17
      vertex 19.0405 -14.6103 17
    endloop
  endfacet
  facet normal -0 0 1
    outer loop
      vertex 9.97402 -5.76937 17
      vertex 19.0405 -14.6103 17
      vertex 10.1314 -5.63137 17
    endloop
  endfacet
  facet normal -0 0 1
    outer loop
      vertex 9.8 -5.88564 17
      vertex 19.0405 -14.6103 17
      vertex 9.97402 -5.76937 17
    endloop
  endfacet
  facet normal 0 0 1
    outer loop
      vertex 19.0405 -14.6103 17
      vertex 9.8 -5.88564 17
      vertex 16.9706 -16.9706 17
    endloop
  endfacet
  facet normal -0 0 1
    outer loop
      vertex 9.61229 -5.97821 17
      vertex 16.9706 -16.9706 17
      vertex 9.8 -5.88564 17
    endloop
  endfacet
  facet normal -0 0 1
    outer loop
      vertex 9.20884 -6.08631 17
      vertex 6.08631 -9.20884 17
      vertex 9.41411 -6.04548 17
    endloop
  endfacet
  facet normal 0 0 1
    outer loop
      vertex 6.04548 -9.41411 17
      vertex 9.41411 -6.04548 17
      vertex 6.08631 -9.20884 17
    endloop
  endfacet
  facet normal 0 0 1
    outer loop
      vertex 6.08631 -9.20884 17
      vertex 9.20884 -6.08631 17
      vertex 6.1 -9 17
    endloop
  endfacet
  facet normal 0 0 1
    outer loop
      vertex 6.1 -9 17
      vertex 9.20884 -6.08631 17
      vertex 9 -6.1 17
    endloop
  endfacet
  facet normal -0 0 1
    outer loop
      vertex 9.41411 -6.04548 17
      vertex 6.04548 -9.41411 17
      vertex 9.61229 -5.97821 17
    endloop
  endfacet
  facet normal 0 0 1
    outer loop
      vertex 6.1 -9 17
      vertex 9 -6.1 17
      vertex 8.79116 -6.08631 17
    endloop
  endfacet
  facet normal 0 0 1
    outer loop
      vertex 5.97821 -9.61229 17
      vertex 9.61229 -5.97821 17
      vertex 6.04548 -9.41411 17
    endloop
  endfacet
  facet normal 0 0 1
    outer loop
      vertex 6.1 -9 17
      vertex 8.79116 -6.08631 17
      vertex 8.58589 -6.04548 17
    endloop
  endfacet
  facet normal 0 0 1
    outer loop
      vertex 6.1 -9 17
      vertex 8.58589 -6.04548 17
      vertex 8.38771 -5.97821 17
    endloop
  endfacet
  facet normal 0 0 1
    outer loop
      vertex 6.1 -9 17
      vertex 8.38771 -5.97821 17
      vertex 8.2 -5.88564 17
    endloop
  endfacet
  facet normal 0 0 1
    outer loop
      vertex 6.1 -9 17
      vertex 8.2 -5.88564 17
      vertex 8.02598 -5.76937 17
    endloop
  endfacet
  facet normal 0 0 1
    outer loop
      vertex 6.1 -9 17
      vertex 8.02598 -5.76937 17
      vertex 7.86863 -5.63137 17
    endloop
  endfacet
  facet normal 0 0 1
    outer loop
      vertex 6.1 -9 17
      vertex 7.86863 -5.63137 17
      vertex 7.73063 -5.47402 17
    endloop
  endfacet
  facet normal 0 0 1
    outer loop
      vertex 6.1 -9 17
      vertex 7.73063 -5.47402 17
      vertex 7.61436 -5.3 17
    endloop
  endfacet
  facet normal 0 0 1
    outer loop
      vertex 6.1 -9 17
      vertex 7.61436 -5.3 17
      vertex 7.52179 -5.11229 17
    endloop
  endfacet
  facet normal 0 0 1
    outer loop
      vertex 6.1 -9 17
      vertex 7.52179 -5.11229 17
      vertex 7.45452 -4.91411 17
    endloop
  endfacet
  facet normal 0 0 1
    outer loop
      vertex 6.1 -9 17
      vertex 7.45452 -4.91411 17
      vertex 7.41369 -4.70884 17
    endloop
  endfacet
  facet normal 0 0 1
    outer loop
      vertex 9.61229 -5.97821 17
      vertex 5.97821 -9.61229 17
      vertex 16.9706 -16.9706 17
    endloop
  endfacet
  facet normal 0 0 1
    outer loop
      vertex 6.1 -9 17
      vertex 7.41369 -4.70884 17
      vertex 7.4 -4.5 17
    endloop
  endfacet
  facet normal 0 0 1
    outer loop
      vertex 7.86863 5.63137 17
      vertex 5.63137 7.86863 17
      vertex 7.73063 5.47402 17
    endloop
  endfacet
  facet normal -0 0 1
    outer loop
      vertex 5.47402 7.73063 17
      vertex 7.73063 5.47402 17
      vertex 5.63137 7.86863 17
    endloop
  endfacet
  facet normal 0 0 1
    outer loop
      vertex 6.21166 23.1822 17
      vertex 6.08631 9.20884 17
      vertex 6.1 9 17
    endloop
  endfacet
  facet normal 0 0 1
    outer loop
      vertex 6.21166 23.1822 17
      vertex 6.04548 9.41411 17
      vertex 6.08631 9.20884 17
    endloop
  endfacet
  facet normal 0 0 1
    outer loop
      vertex 6.21166 23.1822 17
      vertex 5.97821 9.61229 17
      vertex 6.04548 9.41411 17
    endloop
  endfacet
  facet normal 0 0 1
    outer loop
      vertex 6.21166 23.1822 17
      vertex 5.88564 9.8 17
      vertex 5.97821 9.61229 17
    endloop
  endfacet
  facet normal 0 0 1
    outer loop
      vertex 6.21166 23.1822 17
      vertex 5.76937 9.97402 17
      vertex 5.88564 9.8 17
    endloop
  endfacet
  facet normal 0 0 1
    outer loop
      vertex 6.21166 23.1822 17
      vertex 5.63137 10.1314 17
      vertex 5.76937 9.97402 17
    endloop
  endfacet
  facet normal 0 0 1
    outer loop
      vertex 6.21166 23.1822 17
      vertex 5.47402 10.2694 17
      vertex 5.63137 10.1314 17
    endloop
  endfacet
  facet normal 0 0 1
    outer loop
      vertex 6.21166 23.1822 17
      vertex 5.3 10.3856 17
      vertex 5.47402 10.2694 17
    endloop
  endfacet
  facet normal 0 0 1
    outer loop
      vertex 6.21166 23.1822 17
      vertex 5.11229 10.4782 17
      vertex 5.3 10.3856 17
    endloop
  endfacet
  facet normal 0 0 1
    outer loop
      vertex 6.21166 23.1822 17
      vertex 4.91411 10.5455 17
      vertex 5.11229 10.4782 17
    endloop
  endfacet
  facet normal 0 0 1
    outer loop
      vertex 6.21166 23.1822 17
      vertex 4.70884 10.5863 17
      vertex 4.91411 10.5455 17
    endloop
  endfacet
  facet normal -0 0 1
    outer loop
      vertex 1.26937 21.026 17
      vertex 4.70884 10.5863 17
      vertex 6.21166 23.1822 17
    endloop
  endfacet
  facet normal 0 0 1
    outer loop
      vertex 1.58631 21.7912 17
      vertex 6.21166 23.1822 17
      vertex 3.13263 23.7947 17
    endloop
  endfacet
  facet normal 0 0 1
    outer loop
      vertex 1.58631 22.2088 17
      vertex 3.13263 23.7947 17
      vertex 2.36357 23.8451 17
    endloop
  endfacet
  facet normal 0 0 1
    outer loop
      vertex 1.58631 22.2088 17
      vertex 2.36357 23.8451 17
      vertex 2.12132 24.1213 17
    endloop
  endfacet
  facet normal 0 0 1
    outer loop
      vertex 1.13137 23.1314 17
      vertex 2.12132 24.1213 17
      vertex 1.82628 24.3801 17
    endloop
  endfacet
  facet normal 0 0 1
    outer loop
      vertex 3.13263 23.7947 17
      vertex 1.6 22 17
      vertex 1.58631 21.7912 17
    endloop
  endfacet
  facet normal 0 0 1
    outer loop
      vertex 6.21166 23.1822 17
      vertex 1.58631 21.7912 17
      vertex 1.54548 21.5859 17
    endloop
  endfacet
  facet normal 0 0 1
    outer loop
      vertex 6.21166 23.1822 17
      vertex 1.54548 21.5859 17
      vertex 1.47821 21.3877 17
    endloop
  endfacet
  facet normal 0 0 1
    outer loop
      vertex 1.38564 21.2 17
      vertex 6.21166 23.1822 17
      vertex 1.47821 21.3877 17
    endloop
  endfacet
  facet normal 0 0 1
    outer loop
      vertex 1.26937 21.026 17
      vertex 6.21166 23.1822 17
      vertex 1.38564 21.2 17
    endloop
  endfacet
  facet normal -0 0 1
    outer loop
      vertex 1.13137 20.8686 17
      vertex 4.70884 10.5863 17
      vertex 1.26937 21.026 17
    endloop
  endfacet
  facet normal 0 0 1
    outer loop
      vertex 4.70884 10.5863 17
      vertex 1.13137 20.8686 17
      vertex 4.5 10.6 17
    endloop
  endfacet
  facet normal -0 0 1
    outer loop
      vertex 0.974018 20.7306 17
      vertex 4.5 10.6 17
      vertex 1.13137 20.8686 17
    endloop
  endfacet
  facet normal -0 0 1
    outer loop
      vertex 0.799999 20.6144 17
      vertex 4.5 10.6 17
      vertex 0.974018 20.7306 17
    endloop
  endfacet
  facet normal -0 0 1
    outer loop
      vertex 0.612293 20.5218 17
      vertex 4.5 10.6 17
      vertex 0.799999 20.6144 17
    endloop
  endfacet
  facet normal -0 0 1
    outer loop
      vertex 0.41411 20.4545 17
      vertex 4.5 10.6 17
      vertex 0.612293 20.5218 17
    endloop
  endfacet
  facet normal -0 0 1
    outer loop
      vertex 0.208841 20.4137 17
      vertex 4.5 10.6 17
      vertex 0.41411 20.4545 17
    endloop
  endfacet
  facet normal -0 0 1
    outer loop
      vertex 0 20.4 17
      vertex 4.5 10.6 17
      vertex 0.208841 20.4137 17
    endloop
  endfacet
  facet normal 0 0 1
    outer loop
      vertex -4.5 10.6 17
      vertex 0 20.4 17
      vertex -0.208841 20.4137 17
    endloop
  endfacet
  facet normal 0 0 1
    outer loop
      vertex -4.5 10.6 17
      vertex -0.208841 20.4137 17
      vertex -0.41411 20.4545 17
    endloop
  endfacet
  facet normal 0 0 1
    outer loop
      vertex -4.5 10.6 17
      vertex -0.41411 20.4545 17
      vertex -0.612293 20.5218 17
    endloop
  endfacet
  facet normal 0 0 1
    outer loop
      vertex -4.5 10.6 17
      vertex -0.612293 20.5218 17
      vertex -0.799999 20.6144 17
    endloop
  endfacet
  facet normal 0 0 1
    outer loop
      vertex -4.5 10.6 17
      vertex -0.799999 20.6144 17
      vertex -0.974018 20.7306 17
    endloop
  endfacet
  facet normal 0 0 1
    outer loop
      vertex -4.5 10.6 17
      vertex -0.974018 20.7306 17
      vertex -1.13137 20.8686 17
    endloop
  endfacet
  facet normal 0 0 1
    outer loop
      vertex -4.70884 10.5863 17
      vertex -1.13137 20.8686 17
      vertex -1.26937 21.026 17
    endloop
  endfacet
  facet normal 0 0 1
    outer loop
      vertex -6.21166 23.1822 17
      vertex -1.26937 21.026 17
      vertex -1.38564 21.2 17
    endloop
  endfacet
  facet normal -0 0 1
    outer loop
      vertex -3.13263 23.7947 17
      vertex -1.54548 22.4141 17
      vertex -2.36357 23.8451 17
    endloop
  endfacet
  facet normal 0 0 1
    outer loop
      vertex -1.54548 22.4141 17
      vertex -3.13263 23.7947 17
      vertex -1.58631 22.2088 17
    endloop
  endfacet
  facet normal 0 0 1
    outer loop
      vertex -1.58631 22.2088 17
      vertex -3.13263 23.7947 17
      vertex -1.6 22 17
    endloop
  endfacet
  facet normal 0 0 1
    outer loop
      vertex -1.6 22 17
      vertex -3.13263 23.7947 17
      vertex -1.58631 21.7912 17
    endloop
  endfacet
  facet normal -0 0 1
    outer loop
      vertex -6.21166 23.1822 17
      vertex -1.58631 21.7912 17
      vertex -3.13263 23.7947 17
    endloop
  endfacet
  facet normal 0 0 1
    outer loop
      vertex -1.58631 21.7912 17
      vertex -6.21166 23.1822 17
      vertex -1.54548 21.5859 17
    endloop
  endfacet
  facet normal 0 0 1
    outer loop
      vertex -1.54548 21.5859 17
      vertex -6.21166 23.1822 17
      vertex -1.47821 21.3877 17
    endloop
  endfacet
  facet normal 0 0 1
    outer loop
      vertex -1.47821 21.3877 17
      vertex -6.21166 23.1822 17
      vertex -1.38564 21.2 17
    endloop
  endfacet
  facet normal 0 0 1
    outer loop
      vertex 0 20.4 17
      vertex -4.5 10.6 17
      vertex 4.5 10.6 17
    endloop
  endfacet
  facet normal 0 0 1
    outer loop
      vertex -1.26937 21.026 17
      vertex -6.21166 23.1822 17
      vertex -4.70884 10.5863 17
    endloop
  endfacet
  facet normal 0 0 1
    outer loop
      vertex -1.13137 20.8686 17
      vertex -4.70884 10.5863 17
      vertex -4.5 10.6 17
    endloop
  endfacet
  facet normal 0 0 1
    outer loop
      vertex -4.70884 10.5863 17
      vertex -6.21166 23.1822 17
      vertex -4.91411 10.5455 17
    endloop
  endfacet
  facet normal 0 0 1
    outer loop
      vertex -4.91411 10.5455 17
      vertex -6.21166 23.1822 17
      vertex -5.11229 10.4782 17
    endloop
  endfacet
  facet normal 0 0 1
    outer loop
      vertex -5.11229 10.4782 17
      vertex -6.21166 23.1822 17
      vertex -5.3 10.3856 17
    endloop
  endfacet
  facet normal 0 0 1
    outer loop
      vertex -5.3 10.3856 17
      vertex -6.21166 23.1822 17
      vertex -5.47402 10.2694 17
    endloop
  endfacet
  facet normal 0 0 1
    outer loop
      vertex -5.47402 10.2694 17
      vertex -6.21166 23.1822 17
      vertex -5.63137 10.1314 17
    endloop
  endfacet
  facet normal 0 0 1
    outer loop
      vertex -5.63137 10.1314 17
      vertex -6.21166 23.1822 17
      vertex -5.76937 9.97402 17
    endloop
  endfacet
  facet normal 0 0 1
    outer loop
      vertex -5.76937 9.97402 17
      vertex -6.21166 23.1822 17
      vertex -5.88564 9.8 17
    endloop
  endfacet
  facet normal 0 0 1
    outer loop
      vertex -5.88564 9.8 17
      vertex -6.21166 23.1822 17
      vertex -5.97821 9.61229 17
    endloop
  endfacet
  facet normal 0 0 1
    outer loop
      vertex -6.08631 9.20884 17
      vertex -7.4 4.5 17
      vertex -6.1 9 17
    endloop
  endfacet
  facet normal 0 0 1
    outer loop
      vertex -7.4 4.5 17
      vertex -6.08631 9.20884 17
      vertex -6.21166 23.1822 17
    endloop
  endfacet
  facet normal 0 0 1
    outer loop
      vertex -6.04548 9.41411 17
      vertex -6.21166 23.1822 17
      vertex -6.08631 9.20884 17
    endloop
  endfacet
  facet normal 0 0 1
    outer loop
      vertex -5.97821 9.61229 17
      vertex -6.21166 23.1822 17
      vertex -6.04548 9.41411 17
    endloop
  endfacet
  facet normal 0 0 1
    outer loop
      vertex 23.6 0 17
      vertex 25 0 17
      vertex 24.9743 0.391578 17
    endloop
  endfacet
  facet normal 0 0 1
    outer loop
      vertex 23.5863 0.208841 17
      vertex 24.9743 0.391578 17
      vertex 24.8978 0.776457 17
    endloop
  endfacet
  facet normal 0 0 1
    outer loop
      vertex 25 0 17
      vertex 23.6 0 17
      vertex 24.9743 -0.391578 17
    endloop
  endfacet
  facet normal 0 0 1
    outer loop
      vertex 23.5455 0.41411 17
      vertex 24.8978 0.776457 17
      vertex 24.7716 1.14805 17
    endloop
  endfacet
  facet normal -0 0 1
    outer loop
      vertex 23.5863 -0.208841 17
      vertex 24.9743 -0.391578 17
      vertex 23.6 0 17
    endloop
  endfacet
  facet normal 0 0 1
    outer loop
      vertex 23.4782 0.612293 17
      vertex 24.7716 1.14805 17
      vertex 24.5981 1.5 17
    endloop
  endfacet
  facet normal 0 0 1
    outer loop
      vertex 24.9743 -0.391578 17
      vertex 23.5863 -0.208841 17
      vertex 24.8978 -0.776457 17
    endloop
  endfacet
  facet normal 0 0 1
    outer loop
      vertex 23.3856 0.799999 17
      vertex 24.5981 1.5 17
      vertex 24.3801 1.82628 17
    endloop
  endfacet
  facet normal -0 0 1
    outer loop
      vertex 23.5455 -0.41411 17
      vertex 24.8978 -0.776457 17
      vertex 23.5863 -0.208841 17
    endloop
  endfacet
  facet normal 0 0 1
    outer loop
      vertex 23.2694 0.974018 17
      vertex 24.3801 1.82628 17
      vertex 24.1213 2.12132 17
    endloop
  endfacet
  facet normal 0 0 1
    outer loop
      vertex 24.8978 -0.776457 17
      vertex 23.5455 -0.41411 17
      vertex 24.7716 -1.14805 17
    endloop
  endfacet
  facet normal 0 0 1
    outer loop
      vertex 23.1314 1.13137 17
      vertex 24.1213 2.12132 17
      vertex 23.8451 2.36357 17
    endloop
  endfacet
  facet normal -0 0 1
    outer loop
      vertex 23.4782 -0.612293 17
      vertex 24.7716 -1.14805 17
      vertex 23.5455 -0.41411 17
    endloop
  endfacet
  facet normal 0 0 1
    outer loop
      vertex 22.4141 1.54548 17
      vertex 23.8451 2.36357 17
      vertex 23.7947 3.13263 17
    endloop
  endfacet
  facet normal 0 0 1
    outer loop
      vertex 24.7716 -1.14805 17
      vertex 23.4782 -0.612293 17
      vertex 24.5981 -1.5 17
    endloop
  endfacet
  facet normal -0 0 1
    outer loop
      vertex 23.3856 -0.799999 17
      vertex 24.5981 -1.5 17
      vertex 23.4782 -0.612293 17
    endloop
  endfacet
  facet normal 0 0 1
    outer loop
      vertex 24.9743 0.391578 17
      vertex 23.5863 0.208841 17
      vertex 23.6 0 17
    endloop
  endfacet
  facet normal 0 0 1
    outer loop
      vertex 24.8978 0.776457 17
      vertex 23.5455 0.41411 17
      vertex 23.5863 0.208841 17
    endloop
  endfacet
  facet normal 0 0 1
    outer loop
      vertex 24.7716 1.14805 17
      vertex 23.4782 0.612293 17
      vertex 23.5455 0.41411 17
    endloop
  endfacet
  facet normal 0 0 1
    outer loop
      vertex 24.5981 1.5 17
      vertex 23.3856 0.799999 17
      vertex 23.4782 0.612293 17
    endloop
  endfacet
  facet normal 0 0 1
    outer loop
      vertex 24.3801 1.82628 17
      vertex 23.2694 0.974018 17
      vertex 23.3856 0.799999 17
    endloop
  endfacet
  facet normal 0 0 1
    outer loop
      vertex 21.7912 1.58631 17
      vertex 23.7947 3.13263 17
      vertex 23.1822 6.21166 17
    endloop
  endfacet
  facet normal 0 0 1
    outer loop
      vertex 24.1213 2.12132 17
      vertex 23.1314 1.13137 17
      vertex 23.2694 0.974018 17
    endloop
  endfacet
  facet normal 0 0 1
    outer loop
      vertex 23.8451 2.36357 17
      vertex 22.974 1.26937 17
      vertex 23.1314 1.13137 17
    endloop
  endfacet
  facet normal 0 0 1
    outer loop
      vertex 23.8451 2.36357 17
      vertex 22.8 1.38564 17
      vertex 22.974 1.26937 17
    endloop
  endfacet
  facet normal 0 0 1
    outer loop
      vertex 23.8451 2.36357 17
      vertex 22.6123 1.47821 17
      vertex 22.8 1.38564 17
    endloop
  endfacet
  facet normal 0 0 1
    outer loop
      vertex 23.8451 2.36357 17
      vertex 22.4141 1.54548 17
      vertex 22.6123 1.47821 17
    endloop
  endfacet
  facet normal 0 0 1
    outer loop
      vertex 23.7947 3.13263 17
      vertex 22.2088 1.58631 17
      vertex 22.4141 1.54548 17
    endloop
  endfacet
  facet normal 0 0 1
    outer loop
      vertex 21.026 1.26937 17
      vertex 23.1822 6.21166 17
      vertex 22.1731 9.1844 17
    endloop
  endfacet
  facet normal 0 0 1
    outer loop
      vertex 23.7947 3.13263 17
      vertex 22 1.6 17
      vertex 22.2088 1.58631 17
    endloop
  endfacet
  facet normal 0 0 1
    outer loop
      vertex 23.7947 3.13263 17
      vertex 21.7912 1.58631 17
      vertex 22 1.6 17
    endloop
  endfacet
  facet normal 0 0 1
    outer loop
      vertex 23.1822 6.21166 17
      vertex 21.5859 1.54548 17
      vertex 21.7912 1.58631 17
    endloop
  endfacet
  facet normal 0 0 1
    outer loop
      vertex 23.1822 6.21166 17
      vertex 21.3877 1.47821 17
      vertex 21.5859 1.54548 17
    endloop
  endfacet
  facet normal 0 0 1
    outer loop
      vertex 23.1822 6.21166 17
      vertex 21.2 1.38564 17
      vertex 21.3877 1.47821 17
    endloop
  endfacet
  facet normal 0 0 1
    outer loop
      vertex 23.1822 6.21166 17
      vertex 21.026 1.26937 17
      vertex 21.2 1.38564 17
    endloop
  endfacet
  facet normal 0 0 1
    outer loop
      vertex 22.1731 9.1844 17
      vertex 20.8686 1.13137 17
      vertex 21.026 1.26937 17
    endloop
  endfacet
  facet normal 0 0 1
    outer loop
      vertex 10.4782 5.11229 17
      vertex 22.1731 9.1844 17
      vertex 20.7846 12 17
    endloop
  endfacet
  facet normal 0 -0 1
    outer loop
      vertex 10.5863 4.70884 17
      vertex 22.1731 9.1844 17
      vertex 10.5455 4.91411 17
    endloop
  endfacet
  facet normal 0 0 1
    outer loop
      vertex 22.1731 9.1844 17
      vertex 10.5863 4.70884 17
      vertex 20.8686 1.13137 17
    endloop
  endfacet
  facet normal -0 -0 1
    outer loop
      vertex 10.6 4.5 17
      vertex 20.8686 1.13137 17
      vertex 10.5863 4.70884 17
    endloop
  endfacet
  facet normal 0 0 1
    outer loop
      vertex 20.8686 1.13137 17
      vertex 10.6 4.5 17
      vertex 20.7306 0.974018 17
    endloop
  endfacet
  facet normal 0 0 1
    outer loop
      vertex 20.7306 0.974018 17
      vertex 10.6 4.5 17
      vertex 20.6144 0.799999 17
    endloop
  endfacet
  facet normal 0 0 1
    outer loop
      vertex 20.6144 0.799999 17
      vertex 10.6 4.5 17
      vertex 20.5218 0.612293 17
    endloop
  endfacet
  facet normal 0 0 1
    outer loop
      vertex 10.1314 5.63137 17
      vertex 20.7846 12 17
      vertex 19.0405 14.6103 17
    endloop
  endfacet
  facet normal 0 0 1
    outer loop
      vertex 24.5981 -1.5 17
      vertex 23.3856 -0.799999 17
      vertex 24.3801 -1.82628 17
    endloop
  endfacet
  facet normal -0 0 1
    outer loop
      vertex 23.2694 -0.974018 17
      vertex 24.3801 -1.82628 17
      vertex 23.3856 -0.799999 17
    endloop
  endfacet
  facet normal 0 0 1
    outer loop
      vertex 24.3801 -1.82628 17
      vertex 23.2694 -0.974018 17
      vertex 24.1213 -2.12132 17
    endloop
  endfacet
  facet normal -0 0 1
    outer loop
      vertex 23.1314 -1.13137 17
      vertex 24.1213 -2.12132 17
      vertex 23.2694 -0.974018 17
    endloop
  endfacet
  facet normal 0 0 1
    outer loop
      vertex 24.1213 -2.12132 17
      vertex 23.1314 -1.13137 17
      vertex 23.8451 -2.36357 17
    endloop
  endfacet
  facet normal -0 0 1
    outer loop
      vertex 22.974 -1.26937 17
      vertex 23.8451 -2.36357 17
      vertex 23.1314 -1.13137 17
    endloop
  endfacet
  facet normal -0 0 1
    outer loop
      vertex 22.8 -1.38564 17
      vertex 23.8451 -2.36357 17
      vertex 22.974 -1.26937 17
    endloop
  endfacet
  facet normal -0 0 1
    outer loop
      vertex 22.6123 -1.47821 17
      vertex 23.8451 -2.36357 17
      vertex 22.8 -1.38564 17
    endloop
  endfacet
  facet normal -0 0 1
    outer loop
      vertex 22.4141 -1.54548 17
      vertex 23.8451 -2.36357 17
      vertex 22.6123 -1.47821 17
    endloop
  endfacet
  facet normal 0 0 1
    outer loop
      vertex 23.8451 -2.36357 17
      vertex 22.4141 -1.54548 17
      vertex 23.7947 -3.13263 17
    endloop
  endfacet
  facet normal -0 0 1
    outer loop
      vertex 22.2088 -1.58631 17
      vertex 23.7947 -3.13263 17
      vertex 22.4141 -1.54548 17
    endloop
  endfacet
  facet normal -0 0 1
    outer loop
      vertex 22 -1.6 17
      vertex 23.7947 -3.13263 17
      vertex 22.2088 -1.58631 17
    endloop
  endfacet
  facet normal 0 0 1
    outer loop
      vertex 21.7912 -1.58631 17
      vertex 23.7947 -3.13263 17
      vertex 22 -1.6 17
    endloop
  endfacet
  facet normal 0 0 1
    outer loop
      vertex 23.7947 -3.13263 17
      vertex 21.7912 -1.58631 17
      vertex 23.1822 -6.21166 17
    endloop
  endfacet
  facet normal 0 0 1
    outer loop
      vertex 21.5859 -1.54548 17
      vertex 23.1822 -6.21166 17
      vertex 21.7912 -1.58631 17
    endloop
  endfacet
  facet normal 0 0 1
    outer loop
      vertex 21.3877 -1.47821 17
      vertex 23.1822 -6.21166 17
      vertex 21.5859 -1.54548 17
    endloop
  endfacet
  facet normal 0 0 1
    outer loop
      vertex 21.2 -1.38564 17
      vertex 23.1822 -6.21166 17
      vertex 21.3877 -1.47821 17
    endloop
  endfacet
  facet normal 0 0 1
    outer loop
      vertex 21.026 -1.26937 17
      vertex 23.1822 -6.21166 17
      vertex 21.2 -1.38564 17
    endloop
  endfacet
  facet normal 0 0 1
    outer loop
      vertex 23.1822 -6.21166 17
      vertex 21.026 -1.26937 17
      vertex 22.1731 -9.1844 17
    endloop
  endfacet
  facet normal 0 0 1
    outer loop
      vertex 20.8686 -1.13137 17
      vertex 22.1731 -9.1844 17
      vertex 21.026 -1.26937 17
    endloop
  endfacet
  facet normal 0 0 1
    outer loop
      vertex 10.6 -4.5 17
      vertex 20.8686 -1.13137 17
      vertex 20.7306 -0.974018 17
    endloop
  endfacet
  facet normal 0 0 1
    outer loop
      vertex 10.5863 -4.70884 17
      vertex 20.8686 -1.13137 17
      vertex 10.6 -4.5 17
    endloop
  endfacet
  facet normal 0 0 1
    outer loop
      vertex 10.6 -4.5 17
      vertex 20.7306 -0.974018 17
      vertex 20.6144 -0.799999 17
    endloop
  endfacet
  facet normal 0 0 1
    outer loop
      vertex 20.4545 -0.41411 17
      vertex 10.6 -4.5 17
      vertex 20.5218 -0.612293 17
    endloop
  endfacet
  facet normal 0 0 1
    outer loop
      vertex 20.4137 -0.208841 17
      vertex 10.6 -4.5 17
      vertex 20.4545 -0.41411 17
    endloop
  endfacet
  facet normal 0 0 1
    outer loop
      vertex 20.4 0 17
      vertex 10.6 -4.5 17
      vertex 20.4137 -0.208841 17
    endloop
  endfacet
  facet normal 0 0 1
    outer loop
      vertex 10.6 -4.5 17
      vertex 20.4 0 17
      vertex 10.6 4.5 17
    endloop
  endfacet
  facet normal 0 0 1
    outer loop
      vertex 20.5218 0.612293 17
      vertex 10.6 4.5 17
      vertex 20.4545 0.41411 17
    endloop
  endfacet
  facet normal 0 0 1
    outer loop
      vertex 20.5218 -0.612293 17
      vertex 10.6 -4.5 17
      vertex 20.6144 -0.799999 17
    endloop
  endfacet
  facet normal 0 0 1
    outer loop
      vertex 9.8 5.88564 17
      vertex 19.0405 14.6103 17
      vertex 16.9706 16.9706 17
    endloop
  endfacet
  facet normal 0 0 1
    outer loop
      vertex 20.8686 -1.13137 17
      vertex 10.5863 -4.70884 17
      vertex 22.1731 -9.1844 17
    endloop
  endfacet
  facet normal 0 0 1
    outer loop
      vertex 6.1 9 17
      vertex 16.9706 16.9706 17
      vertex 14.6103 19.0405 17
    endloop
  endfacet
  facet normal -0 0 1
    outer loop
      vertex 10.5455 -4.91411 17
      vertex 22.1731 -9.1844 17
      vertex 10.5863 -4.70884 17
    endloop
  endfacet
  facet normal 0 0 1
    outer loop
      vertex 6.1 9 17
      vertex 14.6103 19.0405 17
      vertex 12 20.7846 17
    endloop
  endfacet
  facet normal -0 0 1
    outer loop
      vertex 10.4782 -5.11229 17
      vertex 22.1731 -9.1844 17
      vertex 10.5455 -4.91411 17
    endloop
  endfacet
  facet normal 0 0 1
    outer loop
      vertex 22.1731 -9.1844 17
      vertex 10.4782 -5.11229 17
      vertex 20.7846 -12 17
    endloop
  endfacet
  facet normal 0 0 1
    outer loop
      vertex 20.4137 0.208841 17
      vertex 10.6 4.5 17
      vertex 20.4 0 17
    endloop
  endfacet
  facet normal 0 0 1
    outer loop
      vertex 20.4545 0.41411 17
      vertex 10.6 4.5 17
      vertex 20.4137 0.208841 17
    endloop
  endfacet
  facet normal 0 0 1
    outer loop
      vertex 22.1731 9.1844 17
      vertex 10.4782 5.11229 17
      vertex 10.5455 4.91411 17
    endloop
  endfacet
  facet normal 0 0 1
    outer loop
      vertex 20.7846 12 17
      vertex 10.3856 5.3 17
      vertex 10.4782 5.11229 17
    endloop
  endfacet
  facet normal 0 0 1
    outer loop
      vertex 20.7846 12 17
      vertex 10.2694 5.47402 17
      vertex 10.3856 5.3 17
    endloop
  endfacet
  facet normal 0 0 1
    outer loop
      vertex 20.7846 12 17
      vertex 10.1314 5.63137 17
      vertex 10.2694 5.47402 17
    endloop
  endfacet
  facet normal 0 0 1
    outer loop
      vertex 19.0405 14.6103 17
      vertex 9.97402 5.76937 17
      vertex 10.1314 5.63137 17
    endloop
  endfacet
  facet normal 0 0 1
    outer loop
      vertex 19.0405 14.6103 17
      vertex 9.8 5.88564 17
      vertex 9.97402 5.76937 17
    endloop
  endfacet
  facet normal 0 0 1
    outer loop
      vertex 16.9706 16.9706 17
      vertex 9.61229 5.97821 17
      vertex 9.8 5.88564 17
    endloop
  endfacet
  facet normal -0 0 1
    outer loop
      vertex 6.1 9 17
      vertex 9.61229 5.97821 17
      vertex 16.9706 16.9706 17
    endloop
  endfacet
  facet normal 0 0 1
    outer loop
      vertex 9.61229 5.97821 17
      vertex 6.1 9 17
      vertex 9.41411 6.04548 17
    endloop
  endfacet
  facet normal 0 0 1
    outer loop
      vertex 6.1 9 17
      vertex 12 20.7846 17
      vertex 9.1844 22.1731 17
    endloop
  endfacet
  facet normal 0 0 1
    outer loop
      vertex 9.41411 6.04548 17
      vertex 6.1 9 17
      vertex 9.20884 6.08631 17
    endloop
  endfacet
  facet normal 0 0 1
    outer loop
      vertex 9.20884 6.08631 17
      vertex 6.1 9 17
      vertex 9 6.1 17
    endloop
  endfacet
  facet normal 0 0 1
    outer loop
      vertex 9 6.1 17
      vertex 6.1 9 17
      vertex 8.79116 6.08631 17
    endloop
  endfacet
  facet normal -0 0 1
    outer loop
      vertex 6.08631 8.79116 17
      vertex 8.79116 6.08631 17
      vertex 6.1 9 17
    endloop
  endfacet
  facet normal 0 0 1
    outer loop
      vertex 6.1 9 17
      vertex 9.1844 22.1731 17
      vertex 6.21166 23.1822 17
    endloop
  endfacet
  facet normal 0 0 1
    outer loop
      vertex 8.79116 6.08631 17
      vertex 6.08631 8.79116 17
      vertex 8.58589 6.04548 17
    endloop
  endfacet
  facet normal -0 0 1
    outer loop
      vertex 6.04548 8.58589 17
      vertex 8.58589 6.04548 17
      vertex 6.08631 8.79116 17
    endloop
  endfacet
  facet normal 0 0 1
    outer loop
      vertex 8.58589 6.04548 17
      vertex 6.04548 8.58589 17
      vertex 8.38771 5.97821 17
    endloop
  endfacet
  facet normal -0 0 1
    outer loop
      vertex 5.97821 8.38771 17
      vertex 8.38771 5.97821 17
      vertex 6.04548 8.58589 17
    endloop
  endfacet
  facet normal 0 0 1
    outer loop
      vertex 8.38771 5.97821 17
      vertex 5.97821 8.38771 17
      vertex 8.2 5.88564 17
    endloop
  endfacet
  facet normal -0 0 1
    outer loop
      vertex 5.88564 8.2 17
      vertex 8.2 5.88564 17
      vertex 5.97821 8.38771 17
    endloop
  endfacet
  facet normal 0 0 1
    outer loop
      vertex 8.2 5.88564 17
      vertex 5.88564 8.2 17
      vertex 8.02598 5.76937 17
    endloop
  endfacet
  facet normal -0 0 1
    outer loop
      vertex 5.63137 7.86863 17
      vertex 7.86863 5.63137 17
      vertex 5.76937 8.02598 17
    endloop
  endfacet
  facet normal 0 0 1
    outer loop
      vertex 8.02598 5.76937 17
      vertex 5.76937 8.02598 17
      vertex 7.86863 5.63137 17
    endloop
  endfacet
  facet normal -0 0 1
    outer loop
      vertex 5.76937 8.02598 17
      vertex 8.02598 5.76937 17
      vertex 5.88564 8.2 17
    endloop
  endfacet
  facet normal -0.19495 0.980813 0
    outer loop
      vertex -0.391578 24.9743 13
      vertex -0.776457 24.8978 17
      vertex -0.391578 24.9743 17
    endloop
  endfacet
  facet normal -0.19495 0.980813 0
    outer loop
      vertex -0.776457 24.8978 17
      vertex -0.391578 24.9743 13
      vertex -0.776457 24.8978 13
    endloop
  endfacet
  facet normal -0.065491 0.997853 0
    outer loop
      vertex 0 25 13
      vertex -0.391578 24.9743 17
      vertex 0 25 17
    endloop
  endfacet
  facet normal -0.065491 0.997853 0
    outer loop
      vertex -0.391578 24.9743 17
      vertex 0 25 13
      vertex -0.391578 24.9743 13
    endloop
  endfacet
  facet normal -0.44216 0.896936 0
    outer loop
      vertex -1.14805 24.7716 13
      vertex -1.5 24.5981 17
      vertex -1.14805 24.7716 17
    endloop
  endfacet
  facet normal -0.44216 0.896936 0
    outer loop
      vertex -1.5 24.5981 17
      vertex -1.14805 24.7716 13
      vertex -1.5 24.5981 13
    endloop
  endfacet
  facet normal -0.751801 0.659391 0
    outer loop
      vertex -2.36357 23.8451 13
      vertex -2.12132 24.1213 17
      vertex -2.12132 24.1213 13
    endloop
  endfacet
  facet normal -0.751801 0.659391 0
    outer loop
      vertex -2.12132 24.1213 17
      vertex -2.36357 23.8451 13
      vertex -2.36357 23.8451 17
    endloop
  endfacet
  facet normal 0.555547 0.831485 -0
    outer loop
      vertex 1.82628 24.3801 13
      vertex 1.5 24.5981 17
      vertex 1.82628 24.3801 17
    endloop
  endfacet
  facet normal 0.555547 0.831485 0
    outer loop
      vertex 1.5 24.5981 17
      vertex 1.82628 24.3801 13
      vertex 1.5 24.5981 13
    endloop
  endfacet
  facet normal 0.44216 0.896936 -0
    outer loop
      vertex 1.5 24.5981 13
      vertex 1.14805 24.7716 17
      vertex 1.5 24.5981 17
    endloop
  endfacet
  facet normal 0.44216 0.896936 0
    outer loop
      vertex 1.14805 24.7716 17
      vertex 1.5 24.5981 13
      vertex 1.14805 24.7716 13
    endloop
  endfacet
  facet normal 0.659428 0.751768 -0
    outer loop
      vertex 2.12132 24.1213 13
      vertex 1.82628 24.3801 17
      vertex 2.12132 24.1213 17
    endloop
  endfacet
  facet normal 0.659428 0.751768 0
    outer loop
      vertex 1.82628 24.3801 17
      vertex 2.12132 24.1213 13
      vertex 1.82628 24.3801 13
    endloop
  endfacet
  facet normal 0.751801 0.659391 0
    outer loop
      vertex 2.36357 23.8451 17
      vertex 2.12132 24.1213 13
      vertex 2.12132 24.1213 17
    endloop
  endfacet
  facet normal 0.751801 0.659391 0
    outer loop
      vertex 2.12132 24.1213 13
      vertex 2.36357 23.8451 17
      vertex 2.36357 23.8451 13
    endloop
  endfacet
  facet normal -0.555547 0.831485 0
    outer loop
      vertex -1.5 24.5981 13
      vertex -1.82628 24.3801 17
      vertex -1.5 24.5981 17
    endloop
  endfacet
  facet normal -0.555547 0.831485 0
    outer loop
      vertex -1.82628 24.3801 17
      vertex -1.5 24.5981 13
      vertex -1.82628 24.3801 13
    endloop
  endfacet
  facet normal 0.321579 0.946883 -0
    outer loop
      vertex 1.14805 24.7716 13
      vertex 0.776457 24.8978 17
      vertex 1.14805 24.7716 17
    endloop
  endfacet
  facet normal 0.321579 0.946883 0
    outer loop
      vertex 0.776457 24.8978 17
      vertex 1.14805 24.7716 13
      vertex 0.776457 24.8978 13
    endloop
  endfacet
  facet normal 0.19495 0.980813 -0
    outer loop
      vertex 0.776457 24.8978 13
      vertex 0.391578 24.9743 17
      vertex 0.776457 24.8978 17
    endloop
  endfacet
  facet normal 0.19495 0.980813 0
    outer loop
      vertex 0.391578 24.9743 17
      vertex 0.776457 24.8978 13
      vertex 0.391578 24.9743 13
    endloop
  endfacet
  facet normal 0.065491 0.997853 -0
    outer loop
      vertex 0.391578 24.9743 13
      vertex 0 25 17
      vertex 0.391578 24.9743 17
    endloop
  endfacet
  facet normal 0.065491 0.997853 0
    outer loop
      vertex 0 25 17
      vertex 0.391578 24.9743 13
      vertex 0 25 13
    endloop
  endfacet
  facet normal -0.659428 0.751768 0
    outer loop
      vertex -1.82628 24.3801 13
      vertex -2.12132 24.1213 17
      vertex -1.82628 24.3801 17
    endloop
  endfacet
  facet normal -0.659428 0.751768 0
    outer loop
      vertex -2.12132 24.1213 17
      vertex -1.82628 24.3801 13
      vertex -2.12132 24.1213 13
    endloop
  endfacet
  facet normal -0.321579 0.946883 0
    outer loop
      vertex -0.776457 24.8978 13
      vertex -1.14805 24.7716 17
      vertex -0.776457 24.8978 17
    endloop
  endfacet
  facet normal -0.321579 0.946883 0
    outer loop
      vertex -1.14805 24.7716 17
      vertex -0.776457 24.8978 13
      vertex -1.14805 24.7716 13
    endloop
  endfacet
  facet normal -0.751768 0.659428 0
    outer loop
      vertex -24.3801 1.82628 13
      vertex -24.1213 2.12132 17
      vertex -24.1213 2.12132 13
    endloop
  endfacet
  facet normal -0.751768 0.659428 0
    outer loop
      vertex -24.1213 2.12132 17
      vertex -24.3801 1.82628 13
      vertex -24.3801 1.82628 17
    endloop
  endfacet
  facet normal -0.896936 -0.44216 0
    outer loop
      vertex -24.5981 -1.5 13
      vertex -24.7716 -1.14805 17
      vertex -24.7716 -1.14805 13
    endloop
  endfacet
  facet normal -0.896936 -0.44216 0
    outer loop
      vertex -24.7716 -1.14805 17
      vertex -24.5981 -1.5 13
      vertex -24.5981 -1.5 17
    endloop
  endfacet
  facet normal -0.997853 -0.065491 0
    outer loop
      vertex -24.9743 -0.391578 13
      vertex -25 0 17
      vertex -25 0 13
    endloop
  endfacet
  facet normal -0.997853 -0.065491 0
    outer loop
      vertex -25 0 17
      vertex -24.9743 -0.391578 13
      vertex -24.9743 -0.391578 17
    endloop
  endfacet
  facet normal -0.751768 -0.659428 0
    outer loop
      vertex -24.1213 -2.12132 13
      vertex -24.3801 -1.82628 17
      vertex -24.3801 -1.82628 13
    endloop
  endfacet
  facet normal -0.751768 -0.659428 0
    outer loop
      vertex -24.3801 -1.82628 17
      vertex -24.1213 -2.12132 13
      vertex -24.1213 -2.12132 17
    endloop
  endfacet
  facet normal -0.946883 -0.321579 0
    outer loop
      vertex -24.7716 -1.14805 13
      vertex -24.8978 -0.776457 17
      vertex -24.8978 -0.776457 13
    endloop
  endfacet
  facet normal -0.946883 -0.321579 0
    outer loop
      vertex -24.8978 -0.776457 17
      vertex -24.7716 -1.14805 13
      vertex -24.7716 -1.14805 17
    endloop
  endfacet
  facet normal -0.980813 0.19495 0
    outer loop
      vertex -24.9743 0.391578 13
      vertex -24.8978 0.776457 17
      vertex -24.8978 0.776457 13
    endloop
  endfacet
  facet normal -0.980813 0.19495 0
    outer loop
      vertex -24.8978 0.776457 17
      vertex -24.9743 0.391578 13
      vertex -24.9743 0.391578 17
    endloop
  endfacet
  facet normal -0.980813 -0.19495 0
    outer loop
      vertex -24.8978 -0.776457 13
      vertex -24.9743 -0.391578 17
      vertex -24.9743 -0.391578 13
    endloop
  endfacet
  facet normal -0.980813 -0.19495 0
    outer loop
      vertex -24.9743 -0.391578 17
      vertex -24.8978 -0.776457 13
      vertex -24.8978 -0.776457 17
    endloop
  endfacet
  facet normal -0.831485 -0.555547 0
    outer loop
      vertex -24.3801 -1.82628 13
      vertex -24.5981 -1.5 17
      vertex -24.5981 -1.5 13
    endloop
  endfacet
  facet normal -0.831485 -0.555547 0
    outer loop
      vertex -24.5981 -1.5 17
      vertex -24.3801 -1.82628 13
      vertex -24.3801 -1.82628 17
    endloop
  endfacet
  facet normal -0.659391 -0.751801 0
    outer loop
      vertex -24.1213 -2.12132 13
      vertex -23.8451 -2.36357 17
      vertex -24.1213 -2.12132 17
    endloop
  endfacet
  facet normal -0.659391 -0.751801 -0
    outer loop
      vertex -23.8451 -2.36357 17
      vertex -24.1213 -2.12132 13
      vertex -23.8451 -2.36357 13
    endloop
  endfacet
  facet normal -0.659391 0.751801 0
    outer loop
      vertex -23.8451 2.36357 13
      vertex -24.1213 2.12132 17
      vertex -23.8451 2.36357 17
    endloop
  endfacet
  facet normal -0.659391 0.751801 0
    outer loop
      vertex -24.1213 2.12132 17
      vertex -23.8451 2.36357 13
      vertex -24.1213 2.12132 13
    endloop
  endfacet
  facet normal -0.896936 0.44216 0
    outer loop
      vertex -24.7716 1.14805 13
      vertex -24.5981 1.5 17
      vertex -24.5981 1.5 13
    endloop
  endfacet
  facet normal -0.896936 0.44216 0
    outer loop
      vertex -24.5981 1.5 17
      vertex -24.7716 1.14805 13
      vertex -24.7716 1.14805 17
    endloop
  endfacet
  facet normal -0.997853 0.065491 0
    outer loop
      vertex -25 0 13
      vertex -24.9743 0.391578 17
      vertex -24.9743 0.391578 13
    endloop
  endfacet
  facet normal -0.997853 0.065491 0
    outer loop
      vertex -24.9743 0.391578 17
      vertex -25 0 13
      vertex -25 0 17
    endloop
  endfacet
  facet normal -0.946883 0.321579 0
    outer loop
      vertex -24.8978 0.776457 13
      vertex -24.7716 1.14805 17
      vertex -24.7716 1.14805 13
    endloop
  endfacet
  facet normal -0.946883 0.321579 0
    outer loop
      vertex -24.7716 1.14805 17
      vertex -24.8978 0.776457 13
      vertex -24.8978 0.776457 17
    endloop
  endfacet
  facet normal -0.831485 0.555547 0
    outer loop
      vertex -24.5981 1.5 13
      vertex -24.3801 1.82628 17
      vertex -24.3801 1.82628 13
    endloop
  endfacet
  facet normal -0.831485 0.555547 0
    outer loop
      vertex -24.3801 1.82628 17
      vertex -24.5981 1.5 13
      vertex -24.5981 1.5 17
    endloop
  endfacet
  facet normal 0.065491 -0.997853 0
    outer loop
      vertex 0 -25 13
      vertex 0.391578 -24.9743 17
      vertex 0 -25 17
    endloop
  endfacet
  facet normal 0.065491 -0.997853 0
    outer loop
      vertex 0.391578 -24.9743 17
      vertex 0 -25 13
      vertex 0.391578 -24.9743 13
    endloop
  endfacet
  facet normal 0.659428 -0.751768 0
    outer loop
      vertex 1.82628 -24.3801 13
      vertex 2.12132 -24.1213 17
      vertex 1.82628 -24.3801 17
    endloop
  endfacet
  facet normal 0.659428 -0.751768 0
    outer loop
      vertex 2.12132 -24.1213 17
      vertex 1.82628 -24.3801 13
      vertex 2.12132 -24.1213 13
    endloop
  endfacet
  facet normal -0.321579 -0.946883 0
    outer loop
      vertex -1.14805 -24.7716 13
      vertex -0.776457 -24.8978 17
      vertex -1.14805 -24.7716 17
    endloop
  endfacet
  facet normal -0.321579 -0.946883 -0
    outer loop
      vertex -0.776457 -24.8978 17
      vertex -1.14805 -24.7716 13
      vertex -0.776457 -24.8978 13
    endloop
  endfacet
  facet normal -0.065491 -0.997853 0
    outer loop
      vertex -0.391578 -24.9743 13
      vertex 0 -25 17
      vertex -0.391578 -24.9743 17
    endloop
  endfacet
  facet normal -0.065491 -0.997853 -0
    outer loop
      vertex 0 -25 17
      vertex -0.391578 -24.9743 13
      vertex 0 -25 13
    endloop
  endfacet
  facet normal -0.751801 -0.659391 0
    outer loop
      vertex -2.12132 -24.1213 13
      vertex -2.36357 -23.8451 17
      vertex -2.36357 -23.8451 13
    endloop
  endfacet
  facet normal -0.751801 -0.659391 0
    outer loop
      vertex -2.36357 -23.8451 17
      vertex -2.12132 -24.1213 13
      vertex -2.12132 -24.1213 17
    endloop
  endfacet
  facet normal 0.44216 -0.896936 0
    outer loop
      vertex 1.14805 -24.7716 13
      vertex 1.5 -24.5981 17
      vertex 1.14805 -24.7716 17
    endloop
  endfacet
  facet normal 0.44216 -0.896936 0
    outer loop
      vertex 1.5 -24.5981 17
      vertex 1.14805 -24.7716 13
      vertex 1.5 -24.5981 13
    endloop
  endfacet
  facet normal -0.555547 -0.831485 0
    outer loop
      vertex -1.82628 -24.3801 13
      vertex -1.5 -24.5981 17
      vertex -1.82628 -24.3801 17
    endloop
  endfacet
  facet normal -0.555547 -0.831485 -0
    outer loop
      vertex -1.5 -24.5981 17
      vertex -1.82628 -24.3801 13
      vertex -1.5 -24.5981 13
    endloop
  endfacet
  facet normal -0.44216 -0.896936 0
    outer loop
      vertex -1.5 -24.5981 13
      vertex -1.14805 -24.7716 17
      vertex -1.5 -24.5981 17
    endloop
  endfacet
  facet normal -0.44216 -0.896936 -0
    outer loop
      vertex -1.14805 -24.7716 17
      vertex -1.5 -24.5981 13
      vertex -1.14805 -24.7716 13
    endloop
  endfacet
  facet normal 0.19495 -0.980813 0
    outer loop
      vertex 0.391578 -24.9743 13
      vertex 0.776457 -24.8978 17
      vertex 0.391578 -24.9743 17
    endloop
  endfacet
  facet normal 0.19495 -0.980813 0
    outer loop
      vertex 0.776457 -24.8978 17
      vertex 0.391578 -24.9743 13
      vertex 0.776457 -24.8978 13
    endloop
  endfacet
  facet normal -0.659428 -0.751768 0
    outer loop
      vertex -2.12132 -24.1213 13
      vertex -1.82628 -24.3801 17
      vertex -2.12132 -24.1213 17
    endloop
  endfacet
  facet normal -0.659428 -0.751768 -0
    outer loop
      vertex -1.82628 -24.3801 17
      vertex -2.12132 -24.1213 13
      vertex -1.82628 -24.3801 13
    endloop
  endfacet
  facet normal 0.555547 -0.831485 0
    outer loop
      vertex 1.5 -24.5981 13
      vertex 1.82628 -24.3801 17
      vertex 1.5 -24.5981 17
    endloop
  endfacet
  facet normal 0.555547 -0.831485 0
    outer loop
      vertex 1.82628 -24.3801 17
      vertex 1.5 -24.5981 13
      vertex 1.82628 -24.3801 13
    endloop
  endfacet
  facet normal 0.751801 -0.659391 0
    outer loop
      vertex 2.12132 -24.1213 17
      vertex 2.36357 -23.8451 13
      vertex 2.36357 -23.8451 17
    endloop
  endfacet
  facet normal 0.751801 -0.659391 0
    outer loop
      vertex 2.36357 -23.8451 13
      vertex 2.12132 -24.1213 17
      vertex 2.12132 -24.1213 13
    endloop
  endfacet
  facet normal -0.19495 -0.980813 0
    outer loop
      vertex -0.776457 -24.8978 13
      vertex -0.391578 -24.9743 17
      vertex -0.776457 -24.8978 17
    endloop
  endfacet
  facet normal -0.19495 -0.980813 -0
    outer loop
      vertex -0.391578 -24.9743 17
      vertex -0.776457 -24.8978 13
      vertex -0.391578 -24.9743 13
    endloop
  endfacet
  facet normal 0.321579 -0.946883 0
    outer loop
      vertex 0.776457 -24.8978 13
      vertex 1.14805 -24.7716 17
      vertex 0.776457 -24.8978 17
    endloop
  endfacet
  facet normal 0.321579 -0.946883 0
    outer loop
      vertex 1.14805 -24.7716 17
      vertex 0.776457 -24.8978 13
      vertex 1.14805 -24.7716 13
    endloop
  endfacet
  facet normal 0.442283 0.896875 -0
    outer loop
      vertex 7.5 12.9904 0
      vertex 5.74025 13.8582 4
      vertex 7.5 12.9904 4
    endloop
  endfacet
  facet normal 0.442283 0.896875 0
    outer loop
      vertex 5.74025 13.8582 4
      vertex 7.5 12.9904 0
      vertex 5.74025 13.8582 0
    endloop
  endfacet
  facet normal 0.980784 0.195097 0
    outer loop
      vertex 14.8717 1.95789 4
      vertex 14.4889 3.88229 0
      vertex 14.4889 3.88229 4
    endloop
  endfacet
  facet normal 0.980784 0.195097 0
    outer loop
      vertex 14.4889 3.88229 0
      vertex 14.8717 1.95789 4
      vertex 14.8717 1.95789 0
    endloop
  endfacet
  facet normal 0.99786 0.0653895 0
    outer loop
      vertex 15 0 4
      vertex 14.8717 1.95789 0
      vertex 14.8717 1.95789 4
    endloop
  endfacet
  facet normal 0.99786 0.0653895 0
    outer loop
      vertex 14.8717 1.95789 0
      vertex 15 0 4
      vertex 15 0 0
    endloop
  endfacet
  facet normal 0.946929 0.321443 0
    outer loop
      vertex 14.4889 3.88229 4
      vertex 13.8582 5.74025 0
      vertex 13.8582 5.74025 4
    endloop
  endfacet
  facet normal 0.946929 0.321443 0
    outer loop
      vertex 13.8582 5.74025 0
      vertex 14.4889 3.88229 4
      vertex 14.4889 3.88229 0
    endloop
  endfacet
  facet normal 0.831465 0.555577 0
    outer loop
      vertex 12.9904 7.5 4
      vertex 11.9003 9.13142 0
      vertex 11.9003 9.13142 4
    endloop
  endfacet
  facet normal 0.831465 0.555577 0
    outer loop
      vertex 11.9003 9.13142 0
      vertex 12.9904 7.5 4
      vertex 12.9904 7.5 0
    endloop
  endfacet
  facet normal -0.99786 -0.0653895 0
    outer loop
      vertex -14.8717 -1.95789 0
      vertex -15 0 4
      vertex -15 0 0
    endloop
  endfacet
  facet normal -0.99786 -0.0653895 0
    outer loop
      vertex -15 0 4
      vertex -14.8717 -1.95789 0
      vertex -14.8717 -1.95789 4
    endloop
  endfacet
  facet normal 0.896875 0.442283 0
    outer loop
      vertex 13.8582 5.74025 4
      vertex 12.9904 7.5 0
      vertex 12.9904 7.5 4
    endloop
  endfacet
  facet normal 0.896875 0.442283 0
    outer loop
      vertex 12.9904 7.5 0
      vertex 13.8582 5.74025 4
      vertex 13.8582 5.74025 0
    endloop
  endfacet
  facet normal 0.946929 -0.321443 0
    outer loop
      vertex 13.8582 -5.74025 4
      vertex 14.4889 -3.88229 0
      vertex 14.4889 -3.88229 4
    endloop
  endfacet
  facet normal 0.946929 -0.321443 0
    outer loop
      vertex 14.4889 -3.88229 0
      vertex 13.8582 -5.74025 4
      vertex 13.8582 -5.74025 0
    endloop
  endfacet
  facet normal 0.0653895 -0.99786 0
    outer loop
      vertex 0 -15 0
      vertex 1.95789 -14.8717 4
      vertex 0 -15 4
    endloop
  endfacet
  facet normal 0.0653895 -0.99786 0
    outer loop
      vertex 1.95789 -14.8717 4
      vertex 0 -15 0
      vertex 1.95789 -14.8717 0
    endloop
  endfacet
  facet normal -0.555577 -0.831465 0
    outer loop
      vertex -9.13142 -11.9003 0
      vertex -7.5 -12.9904 4
      vertex -9.13142 -11.9003 4
    endloop
  endfacet
  facet normal -0.555577 -0.831465 -0
    outer loop
      vertex -7.5 -12.9904 4
      vertex -9.13142 -11.9003 0
      vertex -7.5 -12.9904 0
    endloop
  endfacet
  facet normal -0.831465 0.555577 0
    outer loop
      vertex -12.9904 7.5 0
      vertex -11.9003 9.13142 4
      vertex -11.9003 9.13142 0
    endloop
  endfacet
  facet normal -0.831465 0.555577 0
    outer loop
      vertex -11.9003 9.13142 4
      vertex -12.9904 7.5 0
      vertex -12.9904 7.5 4
    endloop
  endfacet
  facet normal 0.831465 -0.555577 0
    outer loop
      vertex 11.9003 -9.13142 4
      vertex 12.9904 -7.5 0
      vertex 12.9904 -7.5 4
    endloop
  endfacet
  facet normal 0.831465 -0.555577 0
    outer loop
      vertex 12.9904 -7.5 0
      vertex 11.9003 -9.13142 4
      vertex 11.9003 -9.13142 0
    endloop
  endfacet
  facet normal -0.442283 -0.896875 0
    outer loop
      vertex -7.5 -12.9904 0
      vertex -5.74025 -13.8582 4
      vertex -7.5 -12.9904 4
    endloop
  endfacet
  facet normal -0.442283 -0.896875 -0
    outer loop
      vertex -5.74025 -13.8582 4
      vertex -7.5 -12.9904 0
      vertex -5.74025 -13.8582 0
    endloop
  endfacet
  facet normal 0.555577 -0.831465 0
    outer loop
      vertex 7.5 -12.9904 0
      vertex 9.13142 -11.9003 4
      vertex 7.5 -12.9904 4
    endloop
  endfacet
  facet normal 0.555577 -0.831465 0
    outer loop
      vertex 9.13142 -11.9003 4
      vertex 7.5 -12.9904 0
      vertex 9.13142 -11.9003 0
    endloop
  endfacet
  facet normal -0.751839 -0.659346 0
    outer loop
      vertex -10.6066 -10.6066 0
      vertex -11.9003 -9.13142 4
      vertex -11.9003 -9.13142 0
    endloop
  endfacet
  facet normal -0.751839 -0.659346 0
    outer loop
      vertex -11.9003 -9.13142 4
      vertex -10.6066 -10.6066 0
      vertex -10.6066 -10.6066 4
    endloop
  endfacet
  facet normal 0.659346 0.751839 -0
    outer loop
      vertex 10.6066 10.6066 0
      vertex 9.13142 11.9003 4
      vertex 10.6066 10.6066 4
    endloop
  endfacet
  facet normal 0.659346 0.751839 0
    outer loop
      vertex 9.13142 11.9003 4
      vertex 10.6066 10.6066 0
      vertex 9.13142 11.9003 0
    endloop
  endfacet
  facet normal -0.946929 0.321443 0
    outer loop
      vertex -14.4889 3.88229 0
      vertex -13.8582 5.74025 4
      vertex -13.8582 5.74025 0
    endloop
  endfacet
  facet normal -0.946929 0.321443 0
    outer loop
      vertex -13.8582 5.74025 4
      vertex -14.4889 3.88229 0
      vertex -14.4889 3.88229 4
    endloop
  endfacet
  facet normal -0.980784 0.195097 0
    outer loop
      vertex -14.8717 1.95789 0
      vertex -14.4889 3.88229 4
      vertex -14.4889 3.88229 0
    endloop
  endfacet
  facet normal -0.980784 0.195097 0
    outer loop
      vertex -14.4889 3.88229 4
      vertex -14.8717 1.95789 0
      vertex -14.8717 1.95789 4
    endloop
  endfacet
  facet normal 0.99786 -0.0653895 0
    outer loop
      vertex 14.8717 -1.95789 4
      vertex 15 0 0
      vertex 15 0 4
    endloop
  endfacet
  facet normal 0.99786 -0.0653895 0
    outer loop
      vertex 15 0 0
      vertex 14.8717 -1.95789 4
      vertex 14.8717 -1.95789 0
    endloop
  endfacet
  facet normal 0.195097 0.980784 -0
    outer loop
      vertex 3.88229 14.4889 0
      vertex 1.95789 14.8717 4
      vertex 3.88229 14.4889 4
    endloop
  endfacet
  facet normal 0.195097 0.980784 0
    outer loop
      vertex 1.95789 14.8717 4
      vertex 3.88229 14.4889 0
      vertex 1.95789 14.8717 0
    endloop
  endfacet
  facet normal 0.0653895 0.99786 -0
    outer loop
      vertex 1.95789 14.8717 0
      vertex 0 15 4
      vertex 1.95789 14.8717 4
    endloop
  endfacet
  facet normal 0.0653895 0.99786 0
    outer loop
      vertex 0 15 4
      vertex 1.95789 14.8717 0
      vertex 0 15 0
    endloop
  endfacet
  facet normal 0.659346 -0.751839 0
    outer loop
      vertex 9.13142 -11.9003 0
      vertex 10.6066 -10.6066 4
      vertex 9.13142 -11.9003 4
    endloop
  endfacet
  facet normal 0.659346 -0.751839 0
    outer loop
      vertex 10.6066 -10.6066 4
      vertex 9.13142 -11.9003 0
      vertex 10.6066 -10.6066 0
    endloop
  endfacet
  facet normal -0.195097 -0.980784 0
    outer loop
      vertex -3.88229 -14.4889 0
      vertex -1.95789 -14.8717 4
      vertex -3.88229 -14.4889 4
    endloop
  endfacet
  facet normal -0.195097 -0.980784 -0
    outer loop
      vertex -1.95789 -14.8717 4
      vertex -3.88229 -14.4889 0
      vertex -1.95789 -14.8717 0
    endloop
  endfacet
  facet normal -0.659346 0.751839 0
    outer loop
      vertex -9.13142 11.9003 0
      vertex -10.6066 10.6066 4
      vertex -9.13142 11.9003 4
    endloop
  endfacet
  facet normal -0.659346 0.751839 0
    outer loop
      vertex -10.6066 10.6066 4
      vertex -9.13142 11.9003 0
      vertex -10.6066 10.6066 0
    endloop
  endfacet
  facet normal -0.896875 -0.442283 0
    outer loop
      vertex -12.9904 -7.5 0
      vertex -13.8582 -5.74025 4
      vertex -13.8582 -5.74025 0
    endloop
  endfacet
  facet normal -0.896875 -0.442283 0
    outer loop
      vertex -13.8582 -5.74025 4
      vertex -12.9904 -7.5 0
      vertex -12.9904 -7.5 4
    endloop
  endfacet
  facet normal 0.751839 0.659346 0
    outer loop
      vertex 11.9003 9.13142 4
      vertex 10.6066 10.6066 0
      vertex 10.6066 10.6066 4
    endloop
  endfacet
  facet normal 0.751839 0.659346 0
    outer loop
      vertex 10.6066 10.6066 0
      vertex 11.9003 9.13142 4
      vertex 11.9003 9.13142 0
    endloop
  endfacet
  facet normal -0.442283 0.896875 0
    outer loop
      vertex -5.74025 13.8582 0
      vertex -7.5 12.9904 4
      vertex -5.74025 13.8582 4
    endloop
  endfacet
  facet normal -0.442283 0.896875 0
    outer loop
      vertex -7.5 12.9904 4
      vertex -5.74025 13.8582 0
      vertex -7.5 12.9904 0
    endloop
  endfacet
  facet normal -0.99786 0.0653895 0
    outer loop
      vertex -15 0 0
      vertex -14.8717 1.95789 4
      vertex -14.8717 1.95789 0
    endloop
  endfacet
  facet normal -0.99786 0.0653895 0
    outer loop
      vertex -14.8717 1.95789 4
      vertex -15 0 0
      vertex -15 0 4
    endloop
  endfacet
  facet normal 0.980784 -0.195097 0
    outer loop
      vertex 14.4889 -3.88229 4
      vertex 14.8717 -1.95789 0
      vertex 14.8717 -1.95789 4
    endloop
  endfacet
  facet normal 0.980784 -0.195097 0
    outer loop
      vertex 14.8717 -1.95789 0
      vertex 14.4889 -3.88229 4
      vertex 14.4889 -3.88229 0
    endloop
  endfacet
  facet normal -0.980784 -0.195097 0
    outer loop
      vertex -14.4889 -3.88229 0
      vertex -14.8717 -1.95789 4
      vertex -14.8717 -1.95789 0
    endloop
  endfacet
  facet normal -0.980784 -0.195097 0
    outer loop
      vertex -14.8717 -1.95789 4
      vertex -14.4889 -3.88229 0
      vertex -14.4889 -3.88229 4
    endloop
  endfacet
  facet normal 0.195097 -0.980784 0
    outer loop
      vertex 1.95789 -14.8717 0
      vertex 3.88229 -14.4889 4
      vertex 1.95789 -14.8717 4
    endloop
  endfacet
  facet normal 0.195097 -0.980784 0
    outer loop
      vertex 3.88229 -14.4889 4
      vertex 1.95789 -14.8717 0
      vertex 3.88229 -14.4889 0
    endloop
  endfacet
  facet normal 0.442283 -0.896875 0
    outer loop
      vertex 5.74025 -13.8582 0
      vertex 7.5 -12.9904 4
      vertex 5.74025 -13.8582 4
    endloop
  endfacet
  facet normal 0.442283 -0.896875 0
    outer loop
      vertex 7.5 -12.9904 4
      vertex 5.74025 -13.8582 0
      vertex 7.5 -12.9904 0
    endloop
  endfacet
  facet normal -0.0653895 0.99786 0
    outer loop
      vertex 0 15 0
      vertex -1.95789 14.8717 4
      vertex 0 15 4
    endloop
  endfacet
  facet normal -0.0653895 0.99786 0
    outer loop
      vertex -1.95789 14.8717 4
      vertex 0 15 0
      vertex -1.95789 14.8717 0
    endloop
  endfacet
  facet normal 0.321443 0.946929 -0
    outer loop
      vertex 5.74025 13.8582 0
      vertex 3.88229 14.4889 4
      vertex 5.74025 13.8582 4
    endloop
  endfacet
  facet normal 0.321443 0.946929 0
    outer loop
      vertex 3.88229 14.4889 4
      vertex 5.74025 13.8582 0
      vertex 3.88229 14.4889 0
    endloop
  endfacet
  facet normal 0.896875 -0.442283 0
    outer loop
      vertex 12.9904 -7.5 4
      vertex 13.8582 -5.74025 0
      vertex 13.8582 -5.74025 4
    endloop
  endfacet
  facet normal 0.896875 -0.442283 0
    outer loop
      vertex 13.8582 -5.74025 0
      vertex 12.9904 -7.5 4
      vertex 12.9904 -7.5 0
    endloop
  endfacet
  facet normal -0.0653895 -0.99786 0
    outer loop
      vertex -1.95789 -14.8717 0
      vertex 0 -15 4
      vertex -1.95789 -14.8717 4
    endloop
  endfacet
  facet normal -0.0653895 -0.99786 -0
    outer loop
      vertex 0 -15 4
      vertex -1.95789 -14.8717 0
      vertex 0 -15 0
    endloop
  endfacet
  facet normal 0.555577 0.831465 -0
    outer loop
      vertex 9.13142 11.9003 0
      vertex 7.5 12.9904 4
      vertex 9.13142 11.9003 4
    endloop
  endfacet
  facet normal 0.555577 0.831465 0
    outer loop
      vertex 7.5 12.9904 4
      vertex 9.13142 11.9003 0
      vertex 7.5 12.9904 0
    endloop
  endfacet
  facet normal 0.751839 -0.659346 0
    outer loop
      vertex 10.6066 -10.6066 4
      vertex 11.9003 -9.13142 0
      vertex 11.9003 -9.13142 4
    endloop
  endfacet
  facet normal 0.751839 -0.659346 0
    outer loop
      vertex 11.9003 -9.13142 0
      vertex 10.6066 -10.6066 4
      vertex 10.6066 -10.6066 0
    endloop
  endfacet
  facet normal -0.195097 0.980784 0
    outer loop
      vertex -1.95789 14.8717 0
      vertex -3.88229 14.4889 4
      vertex -1.95789 14.8717 4
    endloop
  endfacet
  facet normal -0.195097 0.980784 0
    outer loop
      vertex -3.88229 14.4889 4
      vertex -1.95789 14.8717 0
      vertex -3.88229 14.4889 0
    endloop
  endfacet
  facet normal -0.946929 -0.321443 0
    outer loop
      vertex -13.8582 -5.74025 0
      vertex -14.4889 -3.88229 4
      vertex -14.4889 -3.88229 0
    endloop
  endfacet
  facet normal -0.946929 -0.321443 0
    outer loop
      vertex -14.4889 -3.88229 4
      vertex -13.8582 -5.74025 0
      vertex -13.8582 -5.74025 4
    endloop
  endfacet
  facet normal 0 0 -1
    outer loop
      vertex 1.6 0 0
      vertex 15 0 0
      vertex 14.8717 -1.95789 0
    endloop
  endfacet
  facet normal 0 0 -1
    outer loop
      vertex 1.58631 -0.208841 0
      vertex 14.8717 -1.95789 0
      vertex 14.4889 -3.88229 0
    endloop
  endfacet
  facet normal 0 0 -1
    outer loop
      vertex 15 0 0
      vertex 1.6 0 0
      vertex 14.8717 1.95789 0
    endloop
  endfacet
  facet normal 0 0 -1
    outer loop
      vertex 1.54548 -0.41411 0
      vertex 14.4889 -3.88229 0
      vertex 13.8582 -5.74025 0
    endloop
  endfacet
  facet normal 0 0 -1
    outer loop
      vertex 1.58631 0.208841 0
      vertex 14.8717 1.95789 0
      vertex 1.6 0 0
    endloop
  endfacet
  facet normal 0 0 -1
    outer loop
      vertex 1.47821 -0.612293 0
      vertex 13.8582 -5.74025 0
      vertex 12.9904 -7.5 0
    endloop
  endfacet
  facet normal -0 0 -1
    outer loop
      vertex 14.8717 1.95789 0
      vertex 1.58631 0.208841 0
      vertex 14.4889 3.88229 0
    endloop
  endfacet
  facet normal 0 0 -1
    outer loop
      vertex 1.38564 -0.799999 0
      vertex 12.9904 -7.5 0
      vertex 11.9003 -9.13142 0
    endloop
  endfacet
  facet normal 0 0 -1
    outer loop
      vertex 1.54548 0.41411 0
      vertex 14.4889 3.88229 0
      vertex 1.58631 0.208841 0
    endloop
  endfacet
  facet normal 0 0 -1
    outer loop
      vertex 1.26937 -0.974018 0
      vertex 11.9003 -9.13142 0
      vertex 10.6066 -10.6066 0
    endloop
  endfacet
  facet normal -0 0 -1
    outer loop
      vertex 14.4889 3.88229 0
      vertex 1.54548 0.41411 0
      vertex 13.8582 5.74025 0
    endloop
  endfacet
  facet normal 0 0 -1
    outer loop
      vertex 1.13137 -1.13137 0
      vertex 10.6066 -10.6066 0
      vertex 9.13142 -11.9003 0
    endloop
  endfacet
  facet normal 0 0 -1
    outer loop
      vertex 1.47821 0.612293 0
      vertex 13.8582 5.74025 0
      vertex 1.54548 0.41411 0
    endloop
  endfacet
  facet normal 0 0 -1
    outer loop
      vertex 0.974018 -1.26937 0
      vertex 9.13142 -11.9003 0
      vertex 7.5 -12.9904 0
    endloop
  endfacet
  facet normal -0 0 -1
    outer loop
      vertex 13.8582 5.74025 0
      vertex 1.47821 0.612293 0
      vertex 12.9904 7.5 0
    endloop
  endfacet
  facet normal 0 0 -1
    outer loop
      vertex 0.799999 -1.38564 0
      vertex 7.5 -12.9904 0
      vertex 5.74025 -13.8582 0
    endloop
  endfacet
  facet normal 0 0 -1
    outer loop
      vertex 1.38564 0.799999 0
      vertex 12.9904 7.5 0
      vertex 1.47821 0.612293 0
    endloop
  endfacet
  facet normal 0 0 -1
    outer loop
      vertex 0.612293 -1.47821 0
      vertex 5.74025 -13.8582 0
      vertex 3.88229 -14.4889 0
    endloop
  endfacet
  facet normal -0 0 -1
    outer loop
      vertex 12.9904 7.5 0
      vertex 1.38564 0.799999 0
      vertex 11.9003 9.13142 0
    endloop
  endfacet
  facet normal 0 0 -1
    outer loop
      vertex 0.41411 -1.54548 0
      vertex 3.88229 -14.4889 0
      vertex 1.95789 -14.8717 0
    endloop
  endfacet
  facet normal 0 0 -1
    outer loop
      vertex 1.26937 0.974018 0
      vertex 11.9003 9.13142 0
      vertex 1.38564 0.799999 0
    endloop
  endfacet
  facet normal -0 0 -1
    outer loop
      vertex 11.9003 9.13142 0
      vertex 1.26937 0.974018 0
      vertex 10.6066 10.6066 0
    endloop
  endfacet
  facet normal 0 0 -1
    outer loop
      vertex 14.8717 -1.95789 0
      vertex 1.58631 -0.208841 0
      vertex 1.6 0 0
    endloop
  endfacet
  facet normal 0 0 -1
    outer loop
      vertex 14.4889 -3.88229 0
      vertex 1.54548 -0.41411 0
      vertex 1.58631 -0.208841 0
    endloop
  endfacet
  facet normal 0 0 -1
    outer loop
      vertex 13.8582 -5.74025 0
      vertex 1.47821 -0.612293 0
      vertex 1.54548 -0.41411 0
    endloop
  endfacet
  facet normal 0 0 -1
    outer loop
      vertex 12.9904 -7.5 0
      vertex 1.38564 -0.799999 0
      vertex 1.47821 -0.612293 0
    endloop
  endfacet
  facet normal 0 0 -1
    outer loop
      vertex 11.9003 -9.13142 0
      vertex 1.26937 -0.974018 0
      vertex 1.38564 -0.799999 0
    endloop
  endfacet
  facet normal 0 0 -1
    outer loop
      vertex 10.6066 -10.6066 0
      vertex 1.13137 -1.13137 0
      vertex 1.26937 -0.974018 0
    endloop
  endfacet
  facet normal 0 0 -1
    outer loop
      vertex 9.13142 -11.9003 0
      vertex 0.974018 -1.26937 0
      vertex 1.13137 -1.13137 0
    endloop
  endfacet
  facet normal 0 0 -1
    outer loop
      vertex 7.5 -12.9904 0
      vertex 0.799999 -1.38564 0
      vertex 0.974018 -1.26937 0
    endloop
  endfacet
  facet normal 0 0 -1
    outer loop
      vertex 5.74025 -13.8582 0
      vertex 0.612293 -1.47821 0
      vertex 0.799999 -1.38564 0
    endloop
  endfacet
  facet normal 0 0 -1
    outer loop
      vertex 3.88229 -14.4889 0
      vertex 0.41411 -1.54548 0
      vertex 0.612293 -1.47821 0
    endloop
  endfacet
  facet normal 0 0 -1
    outer loop
      vertex 1.95789 -14.8717 0
      vertex 0.208841 -1.58631 0
      vertex 0.41411 -1.54548 0
    endloop
  endfacet
  facet normal 0 0 -1
    outer loop
      vertex 0 -15 0
      vertex 0.208841 -1.58631 0
      vertex 1.95789 -14.8717 0
    endloop
  endfacet
  facet normal 0 0 -1
    outer loop
      vertex 0 -15 0
      vertex 0 -1.6 0
      vertex 0.208841 -1.58631 0
    endloop
  endfacet
  facet normal 0 0 -1
    outer loop
      vertex 0 -15 0
      vertex -0.208841 -1.58631 0
      vertex 0 -1.6 0
    endloop
  endfacet
  facet normal 0 0 -1
    outer loop
      vertex -1.95789 -14.8717 0
      vertex -0.208841 -1.58631 0
      vertex 0 -15 0
    endloop
  endfacet
  facet normal -0 0 -1
    outer loop
      vertex -0.208841 -1.58631 0
      vertex -1.95789 -14.8717 0
      vertex -0.41411 -1.54548 0
    endloop
  endfacet
  facet normal 0 0 -1
    outer loop
      vertex -3.88229 -14.4889 0
      vertex -0.41411 -1.54548 0
      vertex -1.95789 -14.8717 0
    endloop
  endfacet
  facet normal -0 0 -1
    outer loop
      vertex -0.41411 -1.54548 0
      vertex -3.88229 -14.4889 0
      vertex -0.612293 -1.47821 0
    endloop
  endfacet
  facet normal 0 0 -1
    outer loop
      vertex -5.74025 -13.8582 0
      vertex -0.612293 -1.47821 0
      vertex -3.88229 -14.4889 0
    endloop
  endfacet
  facet normal -0 0 -1
    outer loop
      vertex -0.612293 -1.47821 0
      vertex -5.74025 -13.8582 0
      vertex -0.799999 -1.38564 0
    endloop
  endfacet
  facet normal 0 0 -1
    outer loop
      vertex -7.5 -12.9904 0
      vertex -0.799999 -1.38564 0
      vertex -5.74025 -13.8582 0
    endloop
  endfacet
  facet normal -0 0 -1
    outer loop
      vertex -0.799999 -1.38564 0
      vertex -7.5 -12.9904 0
      vertex -0.974018 -1.26937 0
    endloop
  endfacet
  facet normal 0 0 -1
    outer loop
      vertex -9.13142 -11.9003 0
      vertex -0.974018 -1.26937 0
      vertex -7.5 -12.9904 0
    endloop
  endfacet
  facet normal -0 0 -1
    outer loop
      vertex -0.974018 -1.26937 0
      vertex -9.13142 -11.9003 0
      vertex -1.13137 -1.13137 0
    endloop
  endfacet
  facet normal -0 0 -1
    outer loop
      vertex -1.13137 -1.13137 0
      vertex -10.6066 -10.6066 0
      vertex -1.26937 -0.974018 0
    endloop
  endfacet
  facet normal 0 0 -1
    outer loop
      vertex -10.6066 -10.6066 0
      vertex -1.13137 -1.13137 0
      vertex -9.13142 -11.9003 0
    endloop
  endfacet
  facet normal 0 0 -1
    outer loop
      vertex 1.13137 1.13137 0
      vertex 10.6066 10.6066 0
      vertex 1.26937 0.974018 0
    endloop
  endfacet
  facet normal -0 0 -1
    outer loop
      vertex 10.6066 10.6066 0
      vertex 1.13137 1.13137 0
      vertex 9.13142 11.9003 0
    endloop
  endfacet
  facet normal 0 0 -1
    outer loop
      vertex 0.974018 1.26937 0
      vertex 9.13142 11.9003 0
      vertex 1.13137 1.13137 0
    endloop
  endfacet
  facet normal -0 0 -1
    outer loop
      vertex 9.13142 11.9003 0
      vertex 0.974018 1.26937 0
      vertex 7.5 12.9904 0
    endloop
  endfacet
  facet normal 0 0 -1
    outer loop
      vertex 0.799999 1.38564 0
      vertex 7.5 12.9904 0
      vertex 0.974018 1.26937 0
    endloop
  endfacet
  facet normal -0 0 -1
    outer loop
      vertex 7.5 12.9904 0
      vertex 0.799999 1.38564 0
      vertex 5.74025 13.8582 0
    endloop
  endfacet
  facet normal 0 0 -1
    outer loop
      vertex 0.612293 1.47821 0
      vertex 5.74025 13.8582 0
      vertex 0.799999 1.38564 0
    endloop
  endfacet
  facet normal -0 0 -1
    outer loop
      vertex 5.74025 13.8582 0
      vertex 0.612293 1.47821 0
      vertex 3.88229 14.4889 0
    endloop
  endfacet
  facet normal 0 0 -1
    outer loop
      vertex 0.41411 1.54548 0
      vertex 3.88229 14.4889 0
      vertex 0.612293 1.47821 0
    endloop
  endfacet
  facet normal -0 0 -1
    outer loop
      vertex 3.88229 14.4889 0
      vertex 0.41411 1.54548 0
      vertex 1.95789 14.8717 0
    endloop
  endfacet
  facet normal 0 0 -1
    outer loop
      vertex 0.208841 1.58631 0
      vertex 1.95789 14.8717 0
      vertex 0.41411 1.54548 0
    endloop
  endfacet
  facet normal 0 0 -1
    outer loop
      vertex 0 1.6 0
      vertex 1.95789 14.8717 0
      vertex 0.208841 1.58631 0
    endloop
  endfacet
  facet normal 0 0 -1
    outer loop
      vertex 0 1.6 0
      vertex 0 15 0
      vertex 1.95789 14.8717 0
    endloop
  endfacet
  facet normal 0 0 -1
    outer loop
      vertex -0.208841 1.58631 0
      vertex 0 15 0
      vertex 0 1.6 0
    endloop
  endfacet
  facet normal 0 0 -1
    outer loop
      vertex -1.95789 14.8717 0
      vertex -0.208841 1.58631 0
      vertex -0.41411 1.54548 0
    endloop
  endfacet
  facet normal 0 0 -1
    outer loop
      vertex -3.88229 14.4889 0
      vertex -0.41411 1.54548 0
      vertex -0.612293 1.47821 0
    endloop
  endfacet
  facet normal 0 0 -1
    outer loop
      vertex -5.74025 13.8582 0
      vertex -0.612293 1.47821 0
      vertex -0.799999 1.38564 0
    endloop
  endfacet
  facet normal 0 0 -1
    outer loop
      vertex -7.5 12.9904 0
      vertex -0.799999 1.38564 0
      vertex -0.974018 1.26937 0
    endloop
  endfacet
  facet normal 0 0 -1
    outer loop
      vertex -9.13142 11.9003 0
      vertex -0.974018 1.26937 0
      vertex -1.13137 1.13137 0
    endloop
  endfacet
  facet normal 0 0 -1
    outer loop
      vertex -10.6066 10.6066 0
      vertex -1.13137 1.13137 0
      vertex -1.26937 0.974018 0
    endloop
  endfacet
  facet normal 0 0 -1
    outer loop
      vertex -11.9003 9.13142 0
      vertex -1.26937 0.974018 0
      vertex -1.38564 0.799999 0
    endloop
  endfacet
  facet normal 0 0 -1
    outer loop
      vertex -12.9904 7.5 0
      vertex -1.38564 0.799999 0
      vertex -1.47821 0.612293 0
    endloop
  endfacet
  facet normal 0 0 -1
    outer loop
      vertex -13.8582 5.74025 0
      vertex -1.47821 0.612293 0
      vertex -1.54548 0.41411 0
    endloop
  endfacet
  facet normal 0 0 -1
    outer loop
      vertex -14.4889 3.88229 0
      vertex -1.54548 0.41411 0
      vertex -1.58631 0.208841 0
    endloop
  endfacet
  facet normal 0 0 -1
    outer loop
      vertex -0.208841 1.58631 0
      vertex -1.95789 14.8717 0
      vertex 0 15 0
    endloop
  endfacet
  facet normal 0 0 -1
    outer loop
      vertex -14.8717 1.95789 0
      vertex -1.58631 0.208841 0
      vertex -1.6 0 0
    endloop
  endfacet
  facet normal 0 0 -1
    outer loop
      vertex -11.9003 -9.13142 0
      vertex -1.26937 -0.974018 0
      vertex -10.6066 -10.6066 0
    endloop
  endfacet
  facet normal -0 0 -1
    outer loop
      vertex -1.26937 -0.974018 0
      vertex -11.9003 -9.13142 0
      vertex -1.38564 -0.799999 0
    endloop
  endfacet
  facet normal 0 0 -1
    outer loop
      vertex -0.41411 1.54548 0
      vertex -3.88229 14.4889 0
      vertex -1.95789 14.8717 0
    endloop
  endfacet
  facet normal 0 0 -1
    outer loop
      vertex -12.9904 -7.5 0
      vertex -1.38564 -0.799999 0
      vertex -11.9003 -9.13142 0
    endloop
  endfacet
  facet normal 0 0 -1
    outer loop
      vertex -0.612293 1.47821 0
      vertex -5.74025 13.8582 0
      vertex -3.88229 14.4889 0
    endloop
  endfacet
  facet normal -0 0 -1
    outer loop
      vertex -1.38564 -0.799999 0
      vertex -12.9904 -7.5 0
      vertex -1.47821 -0.612293 0
    endloop
  endfacet
  facet normal 0 0 -1
    outer loop
      vertex -0.799999 1.38564 0
      vertex -7.5 12.9904 0
      vertex -5.74025 13.8582 0
    endloop
  endfacet
  facet normal 0 0 -1
    outer loop
      vertex -13.8582 -5.74025 0
      vertex -1.47821 -0.612293 0
      vertex -12.9904 -7.5 0
    endloop
  endfacet
  facet normal 0 0 -1
    outer loop
      vertex -0.974018 1.26937 0
      vertex -9.13142 11.9003 0
      vertex -7.5 12.9904 0
    endloop
  endfacet
  facet normal -0 0 -1
    outer loop
      vertex -1.47821 -0.612293 0
      vertex -13.8582 -5.74025 0
      vertex -1.54548 -0.41411 0
    endloop
  endfacet
  facet normal 0 0 -1
    outer loop
      vertex -1.13137 1.13137 0
      vertex -10.6066 10.6066 0
      vertex -9.13142 11.9003 0
    endloop
  endfacet
  facet normal 0 0 -1
    outer loop
      vertex -14.4889 -3.88229 0
      vertex -1.54548 -0.41411 0
      vertex -13.8582 -5.74025 0
    endloop
  endfacet
  facet normal 0 0 -1
    outer loop
      vertex -1.26937 0.974018 0
      vertex -11.9003 9.13142 0
      vertex -10.6066 10.6066 0
    endloop
  endfacet
  facet normal -0 0 -1
    outer loop
      vertex -1.54548 -0.41411 0
      vertex -14.4889 -3.88229 0
      vertex -1.58631 -0.208841 0
    endloop
  endfacet
  facet normal 0 0 -1
    outer loop
      vertex -1.38564 0.799999 0
      vertex -12.9904 7.5 0
      vertex -11.9003 9.13142 0
    endloop
  endfacet
  facet normal 0 0 -1
    outer loop
      vertex -14.8717 -1.95789 0
      vertex -1.58631 -0.208841 0
      vertex -14.4889 -3.88229 0
    endloop
  endfacet
  facet normal 0 0 -1
    outer loop
      vertex -1.47821 0.612293 0
      vertex -13.8582 5.74025 0
      vertex -12.9904 7.5 0
    endloop
  endfacet
  facet normal -0 0 -1
    outer loop
      vertex -1.58631 -0.208841 0
      vertex -14.8717 -1.95789 0
      vertex -1.6 0 0
    endloop
  endfacet
  facet normal 0 0 -1
    outer loop
      vertex -1.54548 0.41411 0
      vertex -14.4889 3.88229 0
      vertex -13.8582 5.74025 0
    endloop
  endfacet
  facet normal 0 0 -1
    outer loop
      vertex -15 0 0
      vertex -1.6 0 0
      vertex -14.8717 -1.95789 0
    endloop
  endfacet
  facet normal 0 0 -1
    outer loop
      vertex -1.58631 0.208841 0
      vertex -14.8717 1.95789 0
      vertex -14.4889 3.88229 0
    endloop
  endfacet
  facet normal 0 0 -1
    outer loop
      vertex -1.6 0 0
      vertex -15 0 0
      vertex -14.8717 1.95789 0
    endloop
  endfacet
  facet normal -0.321443 0.946929 0
    outer loop
      vertex -3.88229 14.4889 0
      vertex -5.74025 13.8582 4
      vertex -3.88229 14.4889 4
    endloop
  endfacet
  facet normal -0.321443 0.946929 0
    outer loop
      vertex -5.74025 13.8582 4
      vertex -3.88229 14.4889 0
      vertex -5.74025 13.8582 0
    endloop
  endfacet
  facet normal 0.321443 -0.946929 0
    outer loop
      vertex 3.88229 -14.4889 0
      vertex 5.74025 -13.8582 4
      vertex 3.88229 -14.4889 4
    endloop
  endfacet
  facet normal 0.321443 -0.946929 0
    outer loop
      vertex 5.74025 -13.8582 4
      vertex 3.88229 -14.4889 0
      vertex 5.74025 -13.8582 0
    endloop
  endfacet
  facet normal -0.659346 -0.751839 0
    outer loop
      vertex -10.6066 -10.6066 0
      vertex -9.13142 -11.9003 4
      vertex -10.6066 -10.6066 4
    endloop
  endfacet
  facet normal -0.659346 -0.751839 -0
    outer loop
      vertex -9.13142 -11.9003 4
      vertex -10.6066 -10.6066 0
      vertex -9.13142 -11.9003 0
    endloop
  endfacet
  facet normal -0.751839 0.659346 0
    outer loop
      vertex -11.9003 9.13142 0
      vertex -10.6066 10.6066 4
      vertex -10.6066 10.6066 0
    endloop
  endfacet
  facet normal -0.751839 0.659346 0
    outer loop
      vertex -10.6066 10.6066 4
      vertex -11.9003 9.13142 0
      vertex -11.9003 9.13142 4
    endloop
  endfacet
  facet normal 0 0 1
    outer loop
      vertex 3.9 0 4
      vertex 15 0 4
      vertex 14.8717 1.95789 4
    endloop
  endfacet
  facet normal 0 0 1
    outer loop
      vertex 3.86663 0.509051 4
      vertex 14.8717 1.95789 4
      vertex 14.4889 3.88229 4
    endloop
  endfacet
  facet normal 0 0 1
    outer loop
      vertex 15 0 4
      vertex 3.9 0 4
      vertex 14.8717 -1.95789 4
    endloop
  endfacet
  facet normal 0 0 1
    outer loop
      vertex 3.76711 1.00939 4
      vertex 14.4889 3.88229 4
      vertex 13.8582 5.74025 4
    endloop
  endfacet
  facet normal -0 0 1
    outer loop
      vertex 3.86663 -0.509051 4
      vertex 14.8717 -1.95789 4
      vertex 3.9 0 4
    endloop
  endfacet
  facet normal 0 0 1
    outer loop
      vertex 3.60313 1.49247 4
      vertex 13.8582 5.74025 4
      vertex 12.9904 7.5 4
    endloop
  endfacet
  facet normal 0 0 1
    outer loop
      vertex 14.8717 -1.95789 4
      vertex 3.86663 -0.509051 4
      vertex 14.4889 -3.88229 4
    endloop
  endfacet
  facet normal 0 0 1
    outer loop
      vertex 3.3775 1.95 4
      vertex 12.9904 7.5 4
      vertex 11.9003 9.13142 4
    endloop
  endfacet
  facet normal -0 0 1
    outer loop
      vertex 3.76711 -1.00939 4
      vertex 14.4889 -3.88229 4
      vertex 3.86663 -0.509051 4
    endloop
  endfacet
  facet normal 0 0 1
    outer loop
      vertex 3.09408 2.37417 4
      vertex 11.9003 9.13142 4
      vertex 10.6066 10.6066 4
    endloop
  endfacet
  facet normal 0 0 1
    outer loop
      vertex 14.4889 -3.88229 4
      vertex 3.76711 -1.00939 4
      vertex 13.8582 -5.74025 4
    endloop
  endfacet
  facet normal 0 0 1
    outer loop
      vertex 2.75772 2.75772 4
      vertex 10.6066 10.6066 4
      vertex 9.13142 11.9003 4
    endloop
  endfacet
  facet normal -0 0 1
    outer loop
      vertex 3.60313 -1.49247 4
      vertex 13.8582 -5.74025 4
      vertex 3.76711 -1.00939 4
    endloop
  endfacet
  facet normal 0 0 1
    outer loop
      vertex 2.37417 3.09408 4
      vertex 9.13142 11.9003 4
      vertex 7.5 12.9904 4
    endloop
  endfacet
  facet normal 0 0 1
    outer loop
      vertex 13.8582 -5.74025 4
      vertex 3.60313 -1.49247 4
      vertex 12.9904 -7.5 4
    endloop
  endfacet
  facet normal 0 0 1
    outer loop
      vertex 1.95 3.3775 4
      vertex 7.5 12.9904 4
      vertex 5.74025 13.8582 4
    endloop
  endfacet
  facet normal -0 0 1
    outer loop
      vertex 3.3775 -1.95 4
      vertex 12.9904 -7.5 4
      vertex 3.60313 -1.49247 4
    endloop
  endfacet
  facet normal 0 0 1
    outer loop
      vertex 12.9904 -7.5 4
      vertex 3.3775 -1.95 4
      vertex 11.9003 -9.13142 4
    endloop
  endfacet
  facet normal 0 0 1
    outer loop
      vertex 1.49247 3.60313 4
      vertex 5.74025 13.8582 4
      vertex 3.88229 14.4889 4
    endloop
  endfacet
  facet normal 0 0 1
    outer loop
      vertex 14.8717 1.95789 4
      vertex 3.86663 0.509051 4
      vertex 3.9 0 4
    endloop
  endfacet
  facet normal 0 0 1
    outer loop
      vertex 14.4889 3.88229 4
      vertex 3.76711 1.00939 4
      vertex 3.86663 0.509051 4
    endloop
  endfacet
  facet normal 0 0 1
    outer loop
      vertex 13.8582 5.74025 4
      vertex 3.60313 1.49247 4
      vertex 3.76711 1.00939 4
    endloop
  endfacet
  facet normal 0 0 1
    outer loop
      vertex 12.9904 7.5 4
      vertex 3.3775 1.95 4
      vertex 3.60313 1.49247 4
    endloop
  endfacet
  facet normal 0 0 1
    outer loop
      vertex 11.9003 9.13142 4
      vertex 3.09408 2.37417 4
      vertex 3.3775 1.95 4
    endloop
  endfacet
  facet normal 0 0 1
    outer loop
      vertex 10.6066 10.6066 4
      vertex 2.75772 2.75772 4
      vertex 3.09408 2.37417 4
    endloop
  endfacet
  facet normal 0 0 1
    outer loop
      vertex 9.13142 11.9003 4
      vertex 2.37417 3.09408 4
      vertex 2.75772 2.75772 4
    endloop
  endfacet
  facet normal 0 0 1
    outer loop
      vertex 1.00939 3.76711 4
      vertex 3.88229 14.4889 4
      vertex 1.95789 14.8717 4
    endloop
  endfacet
  facet normal 0 0 1
    outer loop
      vertex 7.5 12.9904 4
      vertex 1.95 3.3775 4
      vertex 2.37417 3.09408 4
    endloop
  endfacet
  facet normal 0 0 1
    outer loop
      vertex 5.74025 13.8582 4
      vertex 1.49247 3.60313 4
      vertex 1.95 3.3775 4
    endloop
  endfacet
  facet normal 0 0 1
    outer loop
      vertex 3.88229 14.4889 4
      vertex 1.00939 3.76711 4
      vertex 1.49247 3.60313 4
    endloop
  endfacet
  facet normal 0 0 1
    outer loop
      vertex 1.95789 14.8717 4
      vertex 0.509051 3.86663 4
      vertex 1.00939 3.76711 4
    endloop
  endfacet
  facet normal 0 0 1
    outer loop
      vertex 0 15 4
      vertex 0.509051 3.86663 4
      vertex 1.95789 14.8717 4
    endloop
  endfacet
  facet normal 0 0 1
    outer loop
      vertex 0 15 4
      vertex 0 3.9 4
      vertex 0.509051 3.86663 4
    endloop
  endfacet
  facet normal 0 0 1
    outer loop
      vertex 0 15 4
      vertex -0.509051 3.86663 4
      vertex 0 3.9 4
    endloop
  endfacet
  facet normal -0 0 1
    outer loop
      vertex -1.95789 14.8717 4
      vertex -0.509051 3.86663 4
      vertex 0 15 4
    endloop
  endfacet
  facet normal 0 0 1
    outer loop
      vertex -0.509051 3.86663 4
      vertex -1.95789 14.8717 4
      vertex -1.00939 3.76711 4
    endloop
  endfacet
  facet normal -0 0 1
    outer loop
      vertex -3.88229 14.4889 4
      vertex -1.00939 3.76711 4
      vertex -1.95789 14.8717 4
    endloop
  endfacet
  facet normal 0 0 1
    outer loop
      vertex -1.00939 3.76711 4
      vertex -3.88229 14.4889 4
      vertex -1.49247 3.60313 4
    endloop
  endfacet
  facet normal -0 0 1
    outer loop
      vertex -5.74025 13.8582 4
      vertex -1.49247 3.60313 4
      vertex -3.88229 14.4889 4
    endloop
  endfacet
  facet normal 0 0 1
    outer loop
      vertex -1.49247 3.60313 4
      vertex -5.74025 13.8582 4
      vertex -1.95 3.3775 4
    endloop
  endfacet
  facet normal -0 0 1
    outer loop
      vertex -7.5 12.9904 4
      vertex -1.95 3.3775 4
      vertex -5.74025 13.8582 4
    endloop
  endfacet
  facet normal 0 0 1
    outer loop
      vertex -1.95 3.3775 4
      vertex -7.5 12.9904 4
      vertex -2.37417 3.09408 4
    endloop
  endfacet
  facet normal -0 0 1
    outer loop
      vertex -9.13142 11.9003 4
      vertex -2.37417 3.09408 4
      vertex -7.5 12.9904 4
    endloop
  endfacet
  facet normal 0 0 1
    outer loop
      vertex -2.37417 3.09408 4
      vertex -9.13142 11.9003 4
      vertex -2.75772 2.75772 4
    endloop
  endfacet
  facet normal -0 0 1
    outer loop
      vertex -10.6066 10.6066 4
      vertex -2.75772 2.75772 4
      vertex -9.13142 11.9003 4
    endloop
  endfacet
  facet normal 0 0 1
    outer loop
      vertex -2.75772 2.75772 4
      vertex -10.6066 10.6066 4
      vertex -3.09408 2.37417 4
    endloop
  endfacet
  facet normal -0 0 1
    outer loop
      vertex -11.9003 9.13142 4
      vertex -3.09408 2.37417 4
      vertex -10.6066 10.6066 4
    endloop
  endfacet
  facet normal 0 0 1
    outer loop
      vertex -3.09408 2.37417 4
      vertex -11.9003 9.13142 4
      vertex -3.3775 1.95 4
    endloop
  endfacet
  facet normal -0 0 1
    outer loop
      vertex 3.09408 -2.37417 4
      vertex 11.9003 -9.13142 4
      vertex 3.3775 -1.95 4
    endloop
  endfacet
  facet normal 0 0 1
    outer loop
      vertex 11.9003 -9.13142 4
      vertex 3.09408 -2.37417 4
      vertex 10.6066 -10.6066 4
    endloop
  endfacet
  facet normal -0 0 1
    outer loop
      vertex 2.75772 -2.75772 4
      vertex 10.6066 -10.6066 4
      vertex 3.09408 -2.37417 4
    endloop
  endfacet
  facet normal 0 0 1
    outer loop
      vertex 10.6066 -10.6066 4
      vertex 2.75772 -2.75772 4
      vertex 9.13142 -11.9003 4
    endloop
  endfacet
  facet normal -0 0 1
    outer loop
      vertex 2.37417 -3.09408 4
      vertex 9.13142 -11.9003 4
      vertex 2.75772 -2.75772 4
    endloop
  endfacet
  facet normal 0 0 1
    outer loop
      vertex 9.13142 -11.9003 4
      vertex 2.37417 -3.09408 4
      vertex 7.5 -12.9904 4
    endloop
  endfacet
  facet normal -0 0 1
    outer loop
      vertex 1.95 -3.3775 4
      vertex 7.5 -12.9904 4
      vertex 2.37417 -3.09408 4
    endloop
  endfacet
  facet normal 0 0 1
    outer loop
      vertex 7.5 -12.9904 4
      vertex 1.95 -3.3775 4
      vertex 5.74025 -13.8582 4
    endloop
  endfacet
  facet normal -0 0 1
    outer loop
      vertex 1.49247 -3.60313 4
      vertex 5.74025 -13.8582 4
      vertex 1.95 -3.3775 4
    endloop
  endfacet
  facet normal 0 0 1
    outer loop
      vertex 5.74025 -13.8582 4
      vertex 1.49247 -3.60313 4
      vertex 3.88229 -14.4889 4
    endloop
  endfacet
  facet normal -0 0 1
    outer loop
      vertex 1.00939 -3.76711 4
      vertex 3.88229 -14.4889 4
      vertex 1.49247 -3.60313 4
    endloop
  endfacet
  facet normal 0 0 1
    outer loop
      vertex 3.88229 -14.4889 4
      vertex 1.00939 -3.76711 4
      vertex 1.95789 -14.8717 4
    endloop
  endfacet
  facet normal -0 0 1
    outer loop
      vertex 0.509051 -3.86663 4
      vertex 1.95789 -14.8717 4
      vertex 1.00939 -3.76711 4
    endloop
  endfacet
  facet normal -0 0 1
    outer loop
      vertex 0 -3.9 4
      vertex 1.95789 -14.8717 4
      vertex 0.509051 -3.86663 4
    endloop
  endfacet
  facet normal 0 0 1
    outer loop
      vertex 0 -3.9 4
      vertex 0 -15 4
      vertex 1.95789 -14.8717 4
    endloop
  endfacet
  facet normal 0 0 1
    outer loop
      vertex -0.509051 -3.86663 4
      vertex 0 -15 4
      vertex 0 -3.9 4
    endloop
  endfacet
  facet normal 0 0 1
    outer loop
      vertex -1.95789 -14.8717 4
      vertex -0.509051 -3.86663 4
      vertex -1.00939 -3.76711 4
    endloop
  endfacet
  facet normal 0 0 1
    outer loop
      vertex -3.88229 -14.4889 4
      vertex -1.00939 -3.76711 4
      vertex -1.49247 -3.60313 4
    endloop
  endfacet
  facet normal 0 0 1
    outer loop
      vertex -5.74025 -13.8582 4
      vertex -1.49247 -3.60313 4
      vertex -1.95 -3.3775 4
    endloop
  endfacet
  facet normal 0 0 1
    outer loop
      vertex -0.509051 -3.86663 4
      vertex -1.95789 -14.8717 4
      vertex 0 -15 4
    endloop
  endfacet
  facet normal 0 0 1
    outer loop
      vertex -7.5 -12.9904 4
      vertex -1.95 -3.3775 4
      vertex -2.37417 -3.09408 4
    endloop
  endfacet
  facet normal 0 0 1
    outer loop
      vertex -9.13142 -11.9003 4
      vertex -2.37417 -3.09408 4
      vertex -2.75772 -2.75772 4
    endloop
  endfacet
  facet normal 0 0 1
    outer loop
      vertex -10.6066 -10.6066 4
      vertex -2.75772 -2.75772 4
      vertex -3.09408 -2.37417 4
    endloop
  endfacet
  facet normal 0 0 1
    outer loop
      vertex -11.9003 -9.13142 4
      vertex -3.09408 -2.37417 4
      vertex -3.3775 -1.95 4
    endloop
  endfacet
  facet normal 0 0 1
    outer loop
      vertex -12.9904 -7.5 4
      vertex -3.3775 -1.95 4
      vertex -3.60313 -1.49247 4
    endloop
  endfacet
  facet normal 0 0 1
    outer loop
      vertex -13.8582 -5.74025 4
      vertex -3.60313 -1.49247 4
      vertex -3.76711 -1.00939 4
    endloop
  endfacet
  facet normal 0 0 1
    outer loop
      vertex -14.4889 -3.88229 4
      vertex -3.76711 -1.00939 4
      vertex -3.86663 -0.509051 4
    endloop
  endfacet
  facet normal 0 0 1
    outer loop
      vertex -1.00939 -3.76711 4
      vertex -3.88229 -14.4889 4
      vertex -1.95789 -14.8717 4
    endloop
  endfacet
  facet normal 0 0 1
    outer loop
      vertex -14.8717 -1.95789 4
      vertex -3.86663 -0.509051 4
      vertex -3.9 0 4
    endloop
  endfacet
  facet normal -0 0 1
    outer loop
      vertex -12.9904 7.5 4
      vertex -3.3775 1.95 4
      vertex -11.9003 9.13142 4
    endloop
  endfacet
  facet normal 0 0 1
    outer loop
      vertex -1.49247 -3.60313 4
      vertex -5.74025 -13.8582 4
      vertex -3.88229 -14.4889 4
    endloop
  endfacet
  facet normal 0 0 1
    outer loop
      vertex -3.3775 1.95 4
      vertex -12.9904 7.5 4
      vertex -3.60313 1.49247 4
    endloop
  endfacet
  facet normal 0 0 1
    outer loop
      vertex -1.95 -3.3775 4
      vertex -7.5 -12.9904 4
      vertex -5.74025 -13.8582 4
    endloop
  endfacet
  facet normal -0 0 1
    outer loop
      vertex -13.8582 5.74025 4
      vertex -3.60313 1.49247 4
      vertex -12.9904 7.5 4
    endloop
  endfacet
  facet normal 0 0 1
    outer loop
      vertex -2.37417 -3.09408 4
      vertex -9.13142 -11.9003 4
      vertex -7.5 -12.9904 4
    endloop
  endfacet
  facet normal 0 0 1
    outer loop
      vertex -3.60313 1.49247 4
      vertex -13.8582 5.74025 4
      vertex -3.76711 1.00939 4
    endloop
  endfacet
  facet normal 0 0 1
    outer loop
      vertex -2.75772 -2.75772 4
      vertex -10.6066 -10.6066 4
      vertex -9.13142 -11.9003 4
    endloop
  endfacet
  facet normal -0 0 1
    outer loop
      vertex -14.4889 3.88229 4
      vertex -3.76711 1.00939 4
      vertex -13.8582 5.74025 4
    endloop
  endfacet
  facet normal 0 0 1
    outer loop
      vertex -3.09408 -2.37417 4
      vertex -11.9003 -9.13142 4
      vertex -10.6066 -10.6066 4
    endloop
  endfacet
  facet normal 0 0 1
    outer loop
      vertex -3.76711 1.00939 4
      vertex -14.4889 3.88229 4
      vertex -3.86663 0.509051 4
    endloop
  endfacet
  facet normal 0 0 1
    outer loop
      vertex -3.3775 -1.95 4
      vertex -12.9904 -7.5 4
      vertex -11.9003 -9.13142 4
    endloop
  endfacet
  facet normal -0 0 1
    outer loop
      vertex -14.8717 1.95789 4
      vertex -3.86663 0.509051 4
      vertex -14.4889 3.88229 4
    endloop
  endfacet
  facet normal 0 0 1
    outer loop
      vertex -3.60313 -1.49247 4
      vertex -13.8582 -5.74025 4
      vertex -12.9904 -7.5 4
    endloop
  endfacet
  facet normal 0 0 1
    outer loop
      vertex -3.86663 0.509051 4
      vertex -14.8717 1.95789 4
      vertex -3.9 0 4
    endloop
  endfacet
  facet normal 0 0 1
    outer loop
      vertex -3.76711 -1.00939 4
      vertex -14.4889 -3.88229 4
      vertex -13.8582 -5.74025 4
    endloop
  endfacet
  facet normal 0 0 1
    outer loop
      vertex -15 0 4
      vertex -3.9 0 4
      vertex -14.8717 1.95789 4
    endloop
  endfacet
  facet normal 0 0 1
    outer loop
      vertex -3.86663 -0.509051 4
      vertex -14.8717 -1.95789 4
      vertex -14.4889 -3.88229 4
    endloop
  endfacet
  facet normal 0 0 1
    outer loop
      vertex -3.9 0 4
      vertex -15 0 4
      vertex -14.8717 -1.95789 4
    endloop
  endfacet
  facet normal -0.896875 0.442283 0
    outer loop
      vertex -13.8582 5.74025 0
      vertex -12.9904 7.5 4
      vertex -12.9904 7.5 0
    endloop
  endfacet
  facet normal -0.896875 0.442283 0
    outer loop
      vertex -12.9904 7.5 4
      vertex -13.8582 5.74025 0
      vertex -13.8582 5.74025 4
    endloop
  endfacet
  facet normal -0.555577 0.831465 0
    outer loop
      vertex -7.5 12.9904 0
      vertex -9.13142 11.9003 4
      vertex -7.5 12.9904 4
    endloop
  endfacet
  facet normal -0.555577 0.831465 0
    outer loop
      vertex -9.13142 11.9003 4
      vertex -7.5 12.9904 0
      vertex -9.13142 11.9003 0
    endloop
  endfacet
  facet normal -0.831465 -0.555577 0
    outer loop
      vertex -11.9003 -9.13142 0
      vertex -12.9904 -7.5 4
      vertex -12.9904 -7.5 0
    endloop
  endfacet
  facet normal -0.831465 -0.555577 0
    outer loop
      vertex -12.9904 -7.5 4
      vertex -11.9003 -9.13142 0
      vertex -11.9003 -9.13142 4
    endloop
  endfacet
  facet normal -0.321443 -0.946929 0
    outer loop
      vertex -5.74025 -13.8582 0
      vertex -3.88229 -14.4889 4
      vertex -5.74025 -13.8582 4
    endloop
  endfacet
  facet normal -0.321443 -0.946929 -0
    outer loop
      vertex -3.88229 -14.4889 4
      vertex -5.74025 -13.8582 0
      vertex -3.88229 -14.4889 0
    endloop
  endfacet
  facet normal 0.065413 -0.997858 0
    outer loop
      vertex 0 -3.9 4
      vertex 0.509051 -3.86663 13
      vertex 0 -3.9 13
    endloop
  endfacet
  facet normal 0.065413 -0.997858 0
    outer loop
      vertex 0.509051 -3.86663 13
      vertex 0 -3.9 4
      vertex 0.509051 -3.86663 4
    endloop
  endfacet
  facet normal 0.980787 0.195084 0
    outer loop
      vertex 3.86663 0.509051 13
      vertex 3.76711 1.00939 4
      vertex 3.76711 1.00939 13
    endloop
  endfacet
  facet normal 0.980787 0.195084 0
    outer loop
      vertex 3.76711 1.00939 4
      vertex 3.86663 0.509051 13
      vertex 3.86663 0.509051 4
    endloop
  endfacet
  facet normal 0.997858 0.065413 0
    outer loop
      vertex 3.9 0 13
      vertex 3.86663 0.509051 4
      vertex 3.86663 0.509051 13
    endloop
  endfacet
  facet normal 0.997858 0.065413 0
    outer loop
      vertex 3.86663 0.509051 4
      vertex 3.9 0 13
      vertex 3.9 0 4
    endloop
  endfacet
  facet normal 0.946932 0.321433 0
    outer loop
      vertex 3.76711 1.00939 13
      vertex 3.60313 1.49247 4
      vertex 3.60313 1.49247 13
    endloop
  endfacet
  facet normal 0.946932 0.321433 0
    outer loop
      vertex 3.60313 1.49247 4
      vertex 3.76711 1.00939 13
      vertex 3.76711 1.00939 4
    endloop
  endfacet
  facet normal 0.065413 0.997858 -0
    outer loop
      vertex 0.509051 3.86663 4
      vertex 0 3.9 13
      vertex 0.509051 3.86663 13
    endloop
  endfacet
  facet normal 0.065413 0.997858 0
    outer loop
      vertex 0 3.9 13
      vertex 0.509051 3.86663 4
      vertex 0 3.9 4
    endloop
  endfacet
  facet normal -0.659341 -0.751844 0
    outer loop
      vertex -2.75772 -2.75772 4
      vertex -2.37417 -3.09408 13
      vertex -2.75772 -2.75772 13
    endloop
  endfacet
  facet normal -0.659341 -0.751844 -0
    outer loop
      vertex -2.37417 -3.09408 13
      vertex -2.75772 -2.75772 4
      vertex -2.37417 -3.09408 4
    endloop
  endfacet
  facet normal -0.997858 -0.065413 0
    outer loop
      vertex -3.86663 -0.509051 4
      vertex -3.9 0 13
      vertex -3.9 0 4
    endloop
  endfacet
  facet normal -0.997858 -0.065413 0
    outer loop
      vertex -3.9 0 13
      vertex -3.86663 -0.509051 4
      vertex -3.86663 -0.509051 13
    endloop
  endfacet
  facet normal -0.659341 0.751844 0
    outer loop
      vertex -2.37417 3.09408 4
      vertex -2.75772 2.75772 13
      vertex -2.37417 3.09408 13
    endloop
  endfacet
  facet normal -0.659341 0.751844 0
    outer loop
      vertex -2.75772 2.75772 13
      vertex -2.37417 3.09408 4
      vertex -2.75772 2.75772 4
    endloop
  endfacet
  facet normal 0.751844 0.659341 0
    outer loop
      vertex 3.09408 2.37417 13
      vertex 2.75772 2.75772 4
      vertex 2.75772 2.75772 13
    endloop
  endfacet
  facet normal 0.751844 0.659341 0
    outer loop
      vertex 2.75772 2.75772 4
      vertex 3.09408 2.37417 13
      vertex 3.09408 2.37417 4
    endloop
  endfacet
  facet normal 0.997858 -0.065413 0
    outer loop
      vertex 3.86663 -0.509051 13
      vertex 3.9 0 4
      vertex 3.9 0 13
    endloop
  endfacet
  facet normal 0.997858 -0.065413 0
    outer loop
      vertex 3.9 0 4
      vertex 3.86663 -0.509051 13
      vertex 3.86663 -0.509051 4
    endloop
  endfacet
  facet normal 0.442291 0.896872 -0
    outer loop
      vertex 1.95 3.3775 4
      vertex 1.49247 3.60313 13
      vertex 1.95 3.3775 13
    endloop
  endfacet
  facet normal 0.442291 0.896872 0
    outer loop
      vertex 1.49247 3.60313 13
      vertex 1.95 3.3775 4
      vertex 1.49247 3.60313 4
    endloop
  endfacet
  facet normal 0.896872 -0.442291 0
    outer loop
      vertex 3.3775 -1.95 13
      vertex 3.60313 -1.49247 4
      vertex 3.60313 -1.49247 13
    endloop
  endfacet
  facet normal 0.896872 -0.442291 0
    outer loop
      vertex 3.60313 -1.49247 4
      vertex 3.3775 -1.95 13
      vertex 3.3775 -1.95 4
    endloop
  endfacet
  facet normal -0.321433 -0.946932 0
    outer loop
      vertex -1.49247 -3.60313 4
      vertex -1.00939 -3.76711 13
      vertex -1.49247 -3.60313 13
    endloop
  endfacet
  facet normal -0.321433 -0.946932 -0
    outer loop
      vertex -1.00939 -3.76711 13
      vertex -1.49247 -3.60313 4
      vertex -1.00939 -3.76711 4
    endloop
  endfacet
  facet normal 0.831471 0.555568 0
    outer loop
      vertex 3.3775 1.95 13
      vertex 3.09408 2.37417 4
      vertex 3.09408 2.37417 13
    endloop
  endfacet
  facet normal 0.831471 0.555568 0
    outer loop
      vertex 3.09408 2.37417 4
      vertex 3.3775 1.95 13
      vertex 3.3775 1.95 4
    endloop
  endfacet
  facet normal 0.896872 0.442291 0
    outer loop
      vertex 3.60313 1.49247 13
      vertex 3.3775 1.95 4
      vertex 3.3775 1.95 13
    endloop
  endfacet
  facet normal 0.896872 0.442291 0
    outer loop
      vertex 3.3775 1.95 4
      vertex 3.60313 1.49247 13
      vertex 3.60313 1.49247 4
    endloop
  endfacet
  facet normal -0.831471 -0.555568 0
    outer loop
      vertex -3.09408 -2.37417 4
      vertex -3.3775 -1.95 13
      vertex -3.3775 -1.95 4
    endloop
  endfacet
  facet normal -0.831471 -0.555568 0
    outer loop
      vertex -3.3775 -1.95 13
      vertex -3.09408 -2.37417 4
      vertex -3.09408 -2.37417 13
    endloop
  endfacet
  facet normal 0.442291 -0.896872 0
    outer loop
      vertex 1.49247 -3.60313 4
      vertex 1.95 -3.3775 13
      vertex 1.49247 -3.60313 13
    endloop
  endfacet
  facet normal 0.442291 -0.896872 0
    outer loop
      vertex 1.95 -3.3775 13
      vertex 1.49247 -3.60313 4
      vertex 1.95 -3.3775 4
    endloop
  endfacet
  facet normal -0.442291 0.896872 0
    outer loop
      vertex -1.49247 3.60313 4
      vertex -1.95 3.3775 13
      vertex -1.49247 3.60313 13
    endloop
  endfacet
  facet normal -0.442291 0.896872 0
    outer loop
      vertex -1.95 3.3775 13
      vertex -1.49247 3.60313 4
      vertex -1.95 3.3775 4
    endloop
  endfacet
  facet normal -0.997858 0.065413 0
    outer loop
      vertex -3.9 0 4
      vertex -3.86663 0.509051 13
      vertex -3.86663 0.509051 4
    endloop
  endfacet
  facet normal -0.997858 0.065413 0
    outer loop
      vertex -3.86663 0.509051 13
      vertex -3.9 0 4
      vertex -3.9 0 13
    endloop
  endfacet
  facet normal 0.195084 0.980787 -0
    outer loop
      vertex 1.00939 3.76711 4
      vertex 0.509051 3.86663 13
      vertex 1.00939 3.76711 13
    endloop
  endfacet
  facet normal 0.195084 0.980787 0
    outer loop
      vertex 0.509051 3.86663 13
      vertex 1.00939 3.76711 4
      vertex 0.509051 3.86663 4
    endloop
  endfacet
  facet normal -0.751844 0.659341 0
    outer loop
      vertex -3.09408 2.37417 4
      vertex -2.75772 2.75772 13
      vertex -2.75772 2.75772 4
    endloop
  endfacet
  facet normal -0.751844 0.659341 0
    outer loop
      vertex -2.75772 2.75772 13
      vertex -3.09408 2.37417 4
      vertex -3.09408 2.37417 13
    endloop
  endfacet
  facet normal 0.946932 -0.321433 0
    outer loop
      vertex 3.60313 -1.49247 13
      vertex 3.76711 -1.00939 4
      vertex 3.76711 -1.00939 13
    endloop
  endfacet
  facet normal 0.946932 -0.321433 0
    outer loop
      vertex 3.76711 -1.00939 4
      vertex 3.60313 -1.49247 13
      vertex 3.60313 -1.49247 4
    endloop
  endfacet
  facet normal -0.980787 0.195084 0
    outer loop
      vertex -3.86663 0.509051 4
      vertex -3.76711 1.00939 13
      vertex -3.76711 1.00939 4
    endloop
  endfacet
  facet normal -0.980787 0.195084 0
    outer loop
      vertex -3.76711 1.00939 13
      vertex -3.86663 0.509051 4
      vertex -3.86663 0.509051 13
    endloop
  endfacet
  facet normal -0.442291 -0.896872 0
    outer loop
      vertex -1.95 -3.3775 4
      vertex -1.49247 -3.60313 13
      vertex -1.95 -3.3775 13
    endloop
  endfacet
  facet normal -0.442291 -0.896872 -0
    outer loop
      vertex -1.49247 -3.60313 13
      vertex -1.95 -3.3775 4
      vertex -1.49247 -3.60313 4
    endloop
  endfacet
  facet normal -0.555568 0.831471 0
    outer loop
      vertex -1.95 3.3775 4
      vertex -2.37417 3.09408 13
      vertex -1.95 3.3775 13
    endloop
  endfacet
  facet normal -0.555568 0.831471 0
    outer loop
      vertex -2.37417 3.09408 13
      vertex -1.95 3.3775 4
      vertex -2.37417 3.09408 4
    endloop
  endfacet
  facet normal 0.659341 -0.751844 0
    outer loop
      vertex 2.37417 -3.09408 4
      vertex 2.75772 -2.75772 13
      vertex 2.37417 -3.09408 13
    endloop
  endfacet
  facet normal 0.659341 -0.751844 0
    outer loop
      vertex 2.75772 -2.75772 13
      vertex 2.37417 -3.09408 4
      vertex 2.75772 -2.75772 4
    endloop
  endfacet
  facet normal -0.321433 0.946932 0
    outer loop
      vertex -1.00939 3.76711 4
      vertex -1.49247 3.60313 13
      vertex -1.00939 3.76711 13
    endloop
  endfacet
  facet normal -0.321433 0.946932 0
    outer loop
      vertex -1.49247 3.60313 13
      vertex -1.00939 3.76711 4
      vertex -1.49247 3.60313 4
    endloop
  endfacet
  facet normal 0.831471 -0.555568 0
    outer loop
      vertex 3.09408 -2.37417 13
      vertex 3.3775 -1.95 4
      vertex 3.3775 -1.95 13
    endloop
  endfacet
  facet normal 0.831471 -0.555568 0
    outer loop
      vertex 3.3775 -1.95 4
      vertex 3.09408 -2.37417 13
      vertex 3.09408 -2.37417 4
    endloop
  endfacet
  facet normal 0.555568 -0.831471 0
    outer loop
      vertex 1.95 -3.3775 4
      vertex 2.37417 -3.09408 13
      vertex 1.95 -3.3775 13
    endloop
  endfacet
  facet normal 0.555568 -0.831471 0
    outer loop
      vertex 2.37417 -3.09408 13
      vertex 1.95 -3.3775 4
      vertex 2.37417 -3.09408 4
    endloop
  endfacet
  facet normal 0.751844 -0.659341 0
    outer loop
      vertex 2.75772 -2.75772 13
      vertex 3.09408 -2.37417 4
      vertex 3.09408 -2.37417 13
    endloop
  endfacet
  facet normal 0.751844 -0.659341 0
    outer loop
      vertex 3.09408 -2.37417 4
      vertex 2.75772 -2.75772 13
      vertex 2.75772 -2.75772 4
    endloop
  endfacet
  facet normal 0.980787 -0.195084 0
    outer loop
      vertex 3.76711 -1.00939 13
      vertex 3.86663 -0.509051 4
      vertex 3.86663 -0.509051 13
    endloop
  endfacet
  facet normal 0.980787 -0.195084 0
    outer loop
      vertex 3.86663 -0.509051 4
      vertex 3.76711 -1.00939 13
      vertex 3.76711 -1.00939 4
    endloop
  endfacet
  facet normal -0.065413 0.997858 0
    outer loop
      vertex 0 3.9 4
      vertex -0.509051 3.86663 13
      vertex 0 3.9 13
    endloop
  endfacet
  facet normal -0.065413 0.997858 0
    outer loop
      vertex -0.509051 3.86663 13
      vertex 0 3.9 4
      vertex -0.509051 3.86663 4
    endloop
  endfacet
  facet normal -0.896872 -0.442291 0
    outer loop
      vertex -3.3775 -1.95 4
      vertex -3.60313 -1.49247 13
      vertex -3.60313 -1.49247 4
    endloop
  endfacet
  facet normal -0.896872 -0.442291 0
    outer loop
      vertex -3.60313 -1.49247 13
      vertex -3.3775 -1.95 4
      vertex -3.3775 -1.95 13
    endloop
  endfacet
  facet normal -0.555568 -0.831471 0
    outer loop
      vertex -2.37417 -3.09408 4
      vertex -1.95 -3.3775 13
      vertex -2.37417 -3.09408 13
    endloop
  endfacet
  facet normal -0.555568 -0.831471 -0
    outer loop
      vertex -1.95 -3.3775 13
      vertex -2.37417 -3.09408 4
      vertex -1.95 -3.3775 4
    endloop
  endfacet
  facet normal -0.896872 0.442291 0
    outer loop
      vertex -3.60313 1.49247 4
      vertex -3.3775 1.95 13
      vertex -3.3775 1.95 4
    endloop
  endfacet
  facet normal -0.896872 0.442291 0
    outer loop
      vertex -3.3775 1.95 13
      vertex -3.60313 1.49247 4
      vertex -3.60313 1.49247 13
    endloop
  endfacet
  facet normal 0.555568 0.831471 -0
    outer loop
      vertex 2.37417 3.09408 4
      vertex 1.95 3.3775 13
      vertex 2.37417 3.09408 13
    endloop
  endfacet
  facet normal 0.555568 0.831471 0
    outer loop
      vertex 1.95 3.3775 13
      vertex 2.37417 3.09408 4
      vertex 1.95 3.3775 4
    endloop
  endfacet
  facet normal -0.980787 -0.195084 0
    outer loop
      vertex -3.76711 -1.00939 4
      vertex -3.86663 -0.509051 13
      vertex -3.86663 -0.509051 4
    endloop
  endfacet
  facet normal -0.980787 -0.195084 0
    outer loop
      vertex -3.86663 -0.509051 13
      vertex -3.76711 -1.00939 4
      vertex -3.76711 -1.00939 13
    endloop
  endfacet
  facet normal 0.321433 -0.946932 0
    outer loop
      vertex 1.00939 -3.76711 4
      vertex 1.49247 -3.60313 13
      vertex 1.00939 -3.76711 13
    endloop
  endfacet
  facet normal 0.321433 -0.946932 0
    outer loop
      vertex 1.49247 -3.60313 13
      vertex 1.00939 -3.76711 4
      vertex 1.49247 -3.60313 4
    endloop
  endfacet
  facet normal 0.659341 0.751844 -0
    outer loop
      vertex 2.75772 2.75772 4
      vertex 2.37417 3.09408 13
      vertex 2.75772 2.75772 13
    endloop
  endfacet
  facet normal 0.659341 0.751844 0
    outer loop
      vertex 2.37417 3.09408 13
      vertex 2.75772 2.75772 4
      vertex 2.37417 3.09408 4
    endloop
  endfacet
  facet normal 0.195084 -0.980787 0
    outer loop
      vertex 0.509051 -3.86663 4
      vertex 1.00939 -3.76711 13
      vertex 0.509051 -3.86663 13
    endloop
  endfacet
  facet normal 0.195084 -0.980787 0
    outer loop
      vertex 1.00939 -3.76711 13
      vertex 0.509051 -3.86663 4
      vertex 1.00939 -3.76711 4
    endloop
  endfacet
  facet normal -0.946932 0.321433 0
    outer loop
      vertex -3.76711 1.00939 4
      vertex -3.60313 1.49247 13
      vertex -3.60313 1.49247 4
    endloop
  endfacet
  facet normal -0.946932 0.321433 0
    outer loop
      vertex -3.60313 1.49247 13
      vertex -3.76711 1.00939 4
      vertex -3.76711 1.00939 13
    endloop
  endfacet
  facet normal -0.195084 0.980787 0
    outer loop
      vertex -0.509051 3.86663 4
      vertex -1.00939 3.76711 13
      vertex -0.509051 3.86663 13
    endloop
  endfacet
  facet normal -0.195084 0.980787 0
    outer loop
      vertex -1.00939 3.76711 13
      vertex -0.509051 3.86663 4
      vertex -1.00939 3.76711 4
    endloop
  endfacet
  facet normal -0.065413 -0.997858 0
    outer loop
      vertex -0.509051 -3.86663 4
      vertex 0 -3.9 13
      vertex -0.509051 -3.86663 13
    endloop
  endfacet
  facet normal -0.065413 -0.997858 -0
    outer loop
      vertex 0 -3.9 13
      vertex -0.509051 -3.86663 4
      vertex 0 -3.9 4
    endloop
  endfacet
  facet normal -0.946932 -0.321433 0
    outer loop
      vertex -3.60313 -1.49247 4
      vertex -3.76711 -1.00939 13
      vertex -3.76711 -1.00939 4
    endloop
  endfacet
  facet normal -0.946932 -0.321433 0
    outer loop
      vertex -3.76711 -1.00939 13
      vertex -3.60313 -1.49247 4
      vertex -3.60313 -1.49247 13
    endloop
  endfacet
  facet normal -0.751844 -0.659341 0
    outer loop
      vertex -2.75772 -2.75772 4
      vertex -3.09408 -2.37417 13
      vertex -3.09408 -2.37417 4
    endloop
  endfacet
  facet normal -0.751844 -0.659341 0
    outer loop
      vertex -3.09408 -2.37417 13
      vertex -2.75772 -2.75772 4
      vertex -2.75772 -2.75772 13
    endloop
  endfacet
  facet normal -0.195084 -0.980787 0
    outer loop
      vertex -1.00939 -3.76711 4
      vertex -0.509051 -3.86663 13
      vertex -1.00939 -3.76711 13
    endloop
  endfacet
  facet normal -0.195084 -0.980787 -0
    outer loop
      vertex -0.509051 -3.86663 13
      vertex -1.00939 -3.76711 4
      vertex -0.509051 -3.86663 4
    endloop
  endfacet
  facet normal 0.321433 0.946932 -0
    outer loop
      vertex 1.49247 3.60313 4
      vertex 1.00939 3.76711 13
      vertex 1.49247 3.60313 13
    endloop
  endfacet
  facet normal 0.321433 0.946932 0
    outer loop
      vertex 1.00939 3.76711 13
      vertex 1.49247 3.60313 4
      vertex 1.00939 3.76711 4
    endloop
  endfacet
  facet normal -0.831471 0.555568 0
    outer loop
      vertex -3.3775 1.95 4
      vertex -3.09408 2.37417 13
      vertex -3.09408 2.37417 4
    endloop
  endfacet
  facet normal -0.831471 0.555568 0
    outer loop
      vertex -3.09408 2.37417 13
      vertex -3.3775 1.95 4
      vertex -3.3775 1.95 13
    endloop
  endfacet
  facet normal 0.980783 0.195103 0
    outer loop
      vertex 23.7947 3.13263 17
      vertex 23.1822 6.21166 13
      vertex 23.1822 6.21166 17
    endloop
  endfacet
  facet normal 0.980783 0.195103 0
    outer loop
      vertex 23.1822 6.21166 13
      vertex 23.7947 3.13263 17
      vertex 23.7947 3.13263 13
    endloop
  endfacet
  facet normal 0.99786 0.0653943 0
    outer loop
      vertex 23.8451 2.36357 17
      vertex 23.7947 3.13263 13
      vertex 23.7947 3.13263 17
    endloop
  endfacet
  facet normal 0.99786 0.0653943 0
    outer loop
      vertex 23.7947 3.13263 13
      vertex 23.8451 2.36357 17
      vertex 23.8451 2.36357 13
    endloop
  endfacet
  facet normal -0.99786 0.0653943 0
    outer loop
      vertex -23.8451 2.36357 13
      vertex -23.7947 3.13263 17
      vertex -23.7947 3.13263 13
    endloop
  endfacet
  facet normal -0.99786 0.0653943 0
    outer loop
      vertex -23.7947 3.13263 17
      vertex -23.8451 2.36357 13
      vertex -23.8451 2.36357 17
    endloop
  endfacet
  facet normal -0.442289 -0.896873 0
    outer loop
      vertex -12 -20.7846 13
      vertex -9.1844 -22.1731 17
      vertex -12 -20.7846 17
    endloop
  endfacet
  facet normal -0.442289 -0.896873 -0
    outer loop
      vertex -9.1844 -22.1731 17
      vertex -12 -20.7846 13
      vertex -9.1844 -22.1731 13
    endloop
  endfacet
  facet normal 0.442289 0.896873 -0
    outer loop
      vertex 12 20.7846 13
      vertex 9.1844 22.1731 17
      vertex 12 20.7846 17
    endloop
  endfacet
  facet normal 0.442289 0.896873 0
    outer loop
      vertex 9.1844 22.1731 17
      vertex 12 20.7846 13
      vertex 9.1844 22.1731 13
    endloop
  endfacet
  facet normal 0.321437 0.946931 -0
    outer loop
      vertex 9.1844 22.1731 13
      vertex 6.21166 23.1822 17
      vertex 9.1844 22.1731 17
    endloop
  endfacet
  facet normal 0.321437 0.946931 0
    outer loop
      vertex 6.21166 23.1822 17
      vertex 9.1844 22.1731 13
      vertex 6.21166 23.1822 13
    endloop
  endfacet
  facet normal -0.195103 0.980783 0
    outer loop
      vertex -3.13263 23.7947 13
      vertex -6.21166 23.1822 17
      vertex -3.13263 23.7947 17
    endloop
  endfacet
  facet normal -0.195103 0.980783 0
    outer loop
      vertex -6.21166 23.1822 17
      vertex -3.13263 23.7947 13
      vertex -6.21166 23.1822 13
    endloop
  endfacet
  facet normal -0.0653943 -0.99786 0
    outer loop
      vertex -3.13263 -23.7947 13
      vertex -2.36357 -23.8451 17
      vertex -3.13263 -23.7947 17
    endloop
  endfacet
  facet normal -0.0653943 -0.99786 -0
    outer loop
      vertex -2.36357 -23.8451 17
      vertex -3.13263 -23.7947 13
      vertex -2.36357 -23.8451 13
    endloop
  endfacet
  facet normal -0.99786 -0.0653943 0
    outer loop
      vertex -23.7947 -3.13263 13
      vertex -23.8451 -2.36357 17
      vertex -23.8451 -2.36357 13
    endloop
  endfacet
  facet normal -0.99786 -0.0653943 0
    outer loop
      vertex -23.8451 -2.36357 17
      vertex -23.7947 -3.13263 13
      vertex -23.7947 -3.13263 17
    endloop
  endfacet
  facet normal -0.321437 0.946931 0
    outer loop
      vertex -6.21166 23.1822 13
      vertex -9.1844 22.1731 17
      vertex -6.21166 23.1822 17
    endloop
  endfacet
  facet normal -0.321437 0.946931 0
    outer loop
      vertex -9.1844 22.1731 17
      vertex -6.21166 23.1822 13
      vertex -9.1844 22.1731 13
    endloop
  endfacet
  facet normal -0.442289 0.896873 0
    outer loop
      vertex -9.1844 22.1731 13
      vertex -12 20.7846 17
      vertex -9.1844 22.1731 17
    endloop
  endfacet
  facet normal -0.442289 0.896873 0
    outer loop
      vertex -12 20.7846 17
      vertex -9.1844 22.1731 13
      vertex -12 20.7846 13
    endloop
  endfacet
  facet normal -0.831476 -0.55556 0
    outer loop
      vertex -19.0405 -14.6103 13
      vertex -20.7846 -12 17
      vertex -20.7846 -12 13
    endloop
  endfacet
  facet normal -0.831476 -0.55556 0
    outer loop
      vertex -20.7846 -12 17
      vertex -19.0405 -14.6103 13
      vertex -19.0405 -14.6103 17
    endloop
  endfacet
  facet normal 0.55556 -0.831476 0
    outer loop
      vertex 12 -20.7846 13
      vertex 14.6103 -19.0405 17
      vertex 12 -20.7846 17
    endloop
  endfacet
  facet normal 0.55556 -0.831476 0
    outer loop
      vertex 14.6103 -19.0405 17
      vertex 12 -20.7846 13
      vertex 14.6103 -19.0405 13
    endloop
  endfacet
  facet normal -0.751844 0.659341 0
    outer loop
      vertex -19.0405 14.6103 13
      vertex -16.9706 16.9706 17
      vertex -16.9706 16.9706 13
    endloop
  endfacet
  facet normal -0.751844 0.659341 0
    outer loop
      vertex -16.9706 16.9706 17
      vertex -19.0405 14.6103 13
      vertex -19.0405 14.6103 17
    endloop
  endfacet
  facet normal -0.659341 0.751844 0
    outer loop
      vertex -14.6103 19.0405 13
      vertex -16.9706 16.9706 17
      vertex -14.6103 19.0405 17
    endloop
  endfacet
  facet normal -0.659341 0.751844 0
    outer loop
      vertex -16.9706 16.9706 17
      vertex -14.6103 19.0405 13
      vertex -16.9706 16.9706 13
    endloop
  endfacet
  facet normal -0.946931 -0.321437 0
    outer loop
      vertex -22.1731 -9.1844 13
      vertex -23.1822 -6.21166 17
      vertex -23.1822 -6.21166 13
    endloop
  endfacet
  facet normal -0.946931 -0.321437 0
    outer loop
      vertex -23.1822 -6.21166 17
      vertex -22.1731 -9.1844 13
      vertex -22.1731 -9.1844 17
    endloop
  endfacet
  facet normal -0.55556 0.831476 0
    outer loop
      vertex -12 20.7846 13
      vertex -14.6103 19.0405 17
      vertex -12 20.7846 17
    endloop
  endfacet
  facet normal -0.55556 0.831476 0
    outer loop
      vertex -14.6103 19.0405 17
      vertex -12 20.7846 13
      vertex -14.6103 19.0405 13
    endloop
  endfacet
  facet normal -0.55556 -0.831476 0
    outer loop
      vertex -14.6103 -19.0405 13
      vertex -12 -20.7846 17
      vertex -14.6103 -19.0405 17
    endloop
  endfacet
  facet normal -0.55556 -0.831476 -0
    outer loop
      vertex -12 -20.7846 17
      vertex -14.6103 -19.0405 13
      vertex -12 -20.7846 13
    endloop
  endfacet
  facet normal 0.0653943 -0.99786 0
    outer loop
      vertex 2.36357 -23.8451 13
      vertex 3.13263 -23.7947 17
      vertex 2.36357 -23.8451 17
    endloop
  endfacet
  facet normal 0.0653943 -0.99786 0
    outer loop
      vertex 3.13263 -23.7947 17
      vertex 2.36357 -23.8451 13
      vertex 3.13263 -23.7947 13
    endloop
  endfacet
  facet normal 0.99786 -0.0653943 0
    outer loop
      vertex 23.7947 -3.13263 17
      vertex 23.8451 -2.36357 13
      vertex 23.8451 -2.36357 17
    endloop
  endfacet
  facet normal 0.99786 -0.0653943 0
    outer loop
      vertex 23.8451 -2.36357 13
      vertex 23.7947 -3.13263 17
      vertex 23.7947 -3.13263 13
    endloop
  endfacet
  facet normal 0.0653943 0.99786 -0
    outer loop
      vertex 3.13263 23.7947 13
      vertex 2.36357 23.8451 17
      vertex 3.13263 23.7947 17
    endloop
  endfacet
  facet normal 0.0653943 0.99786 0
    outer loop
      vertex 2.36357 23.8451 17
      vertex 3.13263 23.7947 13
      vertex 2.36357 23.8451 13
    endloop
  endfacet
  facet normal 0.831476 -0.55556 0
    outer loop
      vertex 19.0405 -14.6103 17
      vertex 20.7846 -12 13
      vertex 20.7846 -12 17
    endloop
  endfacet
  facet normal 0.831476 -0.55556 0
    outer loop
      vertex 20.7846 -12 13
      vertex 19.0405 -14.6103 17
      vertex 19.0405 -14.6103 13
    endloop
  endfacet
  facet normal 0.896873 -0.442289 0
    outer loop
      vertex 20.7846 -12 17
      vertex 22.1731 -9.1844 13
      vertex 22.1731 -9.1844 17
    endloop
  endfacet
  facet normal 0.896873 -0.442289 0
    outer loop
      vertex 22.1731 -9.1844 13
      vertex 20.7846 -12 17
      vertex 20.7846 -12 13
    endloop
  endfacet
  facet normal 0.946931 0.321437 0
    outer loop
      vertex 23.1822 6.21166 17
      vertex 22.1731 9.1844 13
      vertex 22.1731 9.1844 17
    endloop
  endfacet
  facet normal 0.946931 0.321437 0
    outer loop
      vertex 22.1731 9.1844 13
      vertex 23.1822 6.21166 17
      vertex 23.1822 6.21166 13
    endloop
  endfacet
  facet normal -0.195103 -0.980783 0
    outer loop
      vertex -6.21166 -23.1822 13
      vertex -3.13263 -23.7947 17
      vertex -6.21166 -23.1822 17
    endloop
  endfacet
  facet normal -0.195103 -0.980783 -0
    outer loop
      vertex -3.13263 -23.7947 17
      vertex -6.21166 -23.1822 13
      vertex -3.13263 -23.7947 13
    endloop
  endfacet
  facet normal 0.659341 -0.751844 0
    outer loop
      vertex 14.6103 -19.0405 13
      vertex 16.9706 -16.9706 17
      vertex 14.6103 -19.0405 17
    endloop
  endfacet
  facet normal 0.659341 -0.751844 0
    outer loop
      vertex 16.9706 -16.9706 17
      vertex 14.6103 -19.0405 13
      vertex 16.9706 -16.9706 13
    endloop
  endfacet
  facet normal 0.659341 0.751844 -0
    outer loop
      vertex 16.9706 16.9706 13
      vertex 14.6103 19.0405 17
      vertex 16.9706 16.9706 17
    endloop
  endfacet
  facet normal 0.659341 0.751844 0
    outer loop
      vertex 14.6103 19.0405 17
      vertex 16.9706 16.9706 13
      vertex 14.6103 19.0405 13
    endloop
  endfacet
  facet normal 0.831476 0.55556 0
    outer loop
      vertex 20.7846 12 17
      vertex 19.0405 14.6103 13
      vertex 19.0405 14.6103 17
    endloop
  endfacet
  facet normal 0.831476 0.55556 0
    outer loop
      vertex 19.0405 14.6103 13
      vertex 20.7846 12 17
      vertex 20.7846 12 13
    endloop
  endfacet
  facet normal 0.55556 0.831476 -0
    outer loop
      vertex 14.6103 19.0405 13
      vertex 12 20.7846 17
      vertex 14.6103 19.0405 17
    endloop
  endfacet
  facet normal 0.55556 0.831476 0
    outer loop
      vertex 12 20.7846 17
      vertex 14.6103 19.0405 13
      vertex 12 20.7846 13
    endloop
  endfacet
  facet normal -0.980783 0.195103 0
    outer loop
      vertex -23.7947 3.13263 13
      vertex -23.1822 6.21166 17
      vertex -23.1822 6.21166 13
    endloop
  endfacet
  facet normal -0.980783 0.195103 0
    outer loop
      vertex -23.1822 6.21166 17
      vertex -23.7947 3.13263 13
      vertex -23.7947 3.13263 17
    endloop
  endfacet
  facet normal 0.195103 -0.980783 0
    outer loop
      vertex 3.13263 -23.7947 13
      vertex 6.21166 -23.1822 17
      vertex 3.13263 -23.7947 17
    endloop
  endfacet
  facet normal 0.195103 -0.980783 0
    outer loop
      vertex 6.21166 -23.1822 17
      vertex 3.13263 -23.7947 13
      vertex 6.21166 -23.1822 13
    endloop
  endfacet
  facet normal 0.896873 0.442289 0
    outer loop
      vertex 22.1731 9.1844 17
      vertex 20.7846 12 13
      vertex 20.7846 12 17
    endloop
  endfacet
  facet normal 0.896873 0.442289 0
    outer loop
      vertex 20.7846 12 13
      vertex 22.1731 9.1844 17
      vertex 22.1731 9.1844 13
    endloop
  endfacet
  facet normal -0.896873 -0.442289 0
    outer loop
      vertex -20.7846 -12 13
      vertex -22.1731 -9.1844 17
      vertex -22.1731 -9.1844 13
    endloop
  endfacet
  facet normal -0.896873 -0.442289 0
    outer loop
      vertex -22.1731 -9.1844 17
      vertex -20.7846 -12 13
      vertex -20.7846 -12 17
    endloop
  endfacet
  facet normal -0.946931 0.321437 0
    outer loop
      vertex -23.1822 6.21166 13
      vertex -22.1731 9.1844 17
      vertex -22.1731 9.1844 13
    endloop
  endfacet
  facet normal -0.946931 0.321437 0
    outer loop
      vertex -22.1731 9.1844 17
      vertex -23.1822 6.21166 13
      vertex -23.1822 6.21166 17
    endloop
  endfacet
  facet normal 0.980783 -0.195103 0
    outer loop
      vertex 23.1822 -6.21166 17
      vertex 23.7947 -3.13263 13
      vertex 23.7947 -3.13263 17
    endloop
  endfacet
  facet normal 0.980783 -0.195103 0
    outer loop
      vertex 23.7947 -3.13263 13
      vertex 23.1822 -6.21166 17
      vertex 23.1822 -6.21166 13
    endloop
  endfacet
  facet normal 0.946931 -0.321437 0
    outer loop
      vertex 22.1731 -9.1844 17
      vertex 23.1822 -6.21166 13
      vertex 23.1822 -6.21166 17
    endloop
  endfacet
  facet normal 0.946931 -0.321437 0
    outer loop
      vertex 23.1822 -6.21166 13
      vertex 22.1731 -9.1844 17
      vertex 22.1731 -9.1844 13
    endloop
  endfacet
  facet normal -0.980783 -0.195103 0
    outer loop
      vertex -23.1822 -6.21166 13
      vertex -23.7947 -3.13263 17
      vertex -23.7947 -3.13263 13
    endloop
  endfacet
  facet normal -0.980783 -0.195103 0
    outer loop
      vertex -23.7947 -3.13263 17
      vertex -23.1822 -6.21166 13
      vertex -23.1822 -6.21166 17
    endloop
  endfacet
  facet normal 0.195103 0.980783 -0
    outer loop
      vertex 6.21166 23.1822 13
      vertex 3.13263 23.7947 17
      vertex 6.21166 23.1822 17
    endloop
  endfacet
  facet normal 0.195103 0.980783 0
    outer loop
      vertex 3.13263 23.7947 17
      vertex 6.21166 23.1822 13
      vertex 3.13263 23.7947 13
    endloop
  endfacet
  facet normal 0.751844 -0.659341 0
    outer loop
      vertex 16.9706 -16.9706 17
      vertex 19.0405 -14.6103 13
      vertex 19.0405 -14.6103 17
    endloop
  endfacet
  facet normal 0.751844 -0.659341 0
    outer loop
      vertex 19.0405 -14.6103 13
      vertex 16.9706 -16.9706 17
      vertex 16.9706 -16.9706 13
    endloop
  endfacet
  facet normal -0.896873 0.442289 0
    outer loop
      vertex -22.1731 9.1844 13
      vertex -20.7846 12 17
      vertex -20.7846 12 13
    endloop
  endfacet
  facet normal -0.896873 0.442289 0
    outer loop
      vertex -20.7846 12 17
      vertex -22.1731 9.1844 13
      vertex -22.1731 9.1844 17
    endloop
  endfacet
  facet normal 0.751844 0.659341 0
    outer loop
      vertex 19.0405 14.6103 17
      vertex 16.9706 16.9706 13
      vertex 16.9706 16.9706 17
    endloop
  endfacet
  facet normal 0.751844 0.659341 0
    outer loop
      vertex 16.9706 16.9706 13
      vertex 19.0405 14.6103 17
      vertex 19.0405 14.6103 13
    endloop
  endfacet
  facet normal -0.751844 -0.659341 0
    outer loop
      vertex -16.9706 -16.9706 13
      vertex -19.0405 -14.6103 17
      vertex -19.0405 -14.6103 13
    endloop
  endfacet
  facet normal -0.751844 -0.659341 0
    outer loop
      vertex -19.0405 -14.6103 17
      vertex -16.9706 -16.9706 13
      vertex -16.9706 -16.9706 17
    endloop
  endfacet
  facet normal 0.321437 -0.946931 0
    outer loop
      vertex 6.21166 -23.1822 13
      vertex 9.1844 -22.1731 17
      vertex 6.21166 -23.1822 17
    endloop
  endfacet
  facet normal 0.321437 -0.946931 0
    outer loop
      vertex 9.1844 -22.1731 17
      vertex 6.21166 -23.1822 13
      vertex 9.1844 -22.1731 13
    endloop
  endfacet
  facet normal 0.442289 -0.896873 0
    outer loop
      vertex 9.1844 -22.1731 13
      vertex 12 -20.7846 17
      vertex 9.1844 -22.1731 17
    endloop
  endfacet
  facet normal 0.442289 -0.896873 0
    outer loop
      vertex 12 -20.7846 17
      vertex 9.1844 -22.1731 13
      vertex 12 -20.7846 13
    endloop
  endfacet
  facet normal -0.0653943 0.99786 0
    outer loop
      vertex -2.36357 23.8451 13
      vertex -3.13263 23.7947 17
      vertex -2.36357 23.8451 17
    endloop
  endfacet
  facet normal -0.0653943 0.99786 0
    outer loop
      vertex -3.13263 23.7947 17
      vertex -2.36357 23.8451 13
      vertex -3.13263 23.7947 13
    endloop
  endfacet
  facet normal -0.321437 -0.946931 0
    outer loop
      vertex -9.1844 -22.1731 13
      vertex -6.21166 -23.1822 17
      vertex -9.1844 -22.1731 17
    endloop
  endfacet
  facet normal -0.321437 -0.946931 -0
    outer loop
      vertex -6.21166 -23.1822 17
      vertex -9.1844 -22.1731 13
      vertex -6.21166 -23.1822 13
    endloop
  endfacet
  facet normal -0.831476 0.55556 0
    outer loop
      vertex -20.7846 12 13
      vertex -19.0405 14.6103 17
      vertex -19.0405 14.6103 13
    endloop
  endfacet
  facet normal -0.831476 0.55556 0
    outer loop
      vertex -19.0405 14.6103 17
      vertex -20.7846 12 13
      vertex -20.7846 12 17
    endloop
  endfacet
  facet normal -0.659341 -0.751844 0
    outer loop
      vertex -16.9706 -16.9706 13
      vertex -14.6103 -19.0405 17
      vertex -16.9706 -16.9706 17
    endloop
  endfacet
  facet normal -0.659341 -0.751844 -0
    outer loop
      vertex -14.6103 -19.0405 17
      vertex -16.9706 -16.9706 13
      vertex -14.6103 -19.0405 13
    endloop
  endfacet
  facet normal -0.195087 0.980786 0
    outer loop
      vertex 9.41411 -6.04548 13
      vertex 9.20884 -6.08631 17
      vertex 9.41411 -6.04548 17
    endloop
  endfacet
  facet normal -0.195087 0.980786 0
    outer loop
      vertex 9.20884 -6.08631 17
      vertex 9.41411 -6.04548 13
      vertex 9.20884 -6.08631 13
    endloop
  endfacet
  facet normal 0.831484 -0.555549 0
    outer loop
      vertex 7.61436 5.3 17
      vertex 7.73063 5.47402 13
      vertex 7.73063 5.47402 17
    endloop
  endfacet
  facet normal 0.831484 -0.555549 0
    outer loop
      vertex 7.73063 5.47402 13
      vertex 7.61436 5.3 17
      vertex 7.61436 5.3 13
    endloop
  endfacet
  facet normal -0.321426 0.946935 0
    outer loop
      vertex 9.61229 -5.97821 13
      vertex 9.41411 -6.04548 17
      vertex 9.61229 -5.97821 17
    endloop
  endfacet
  facet normal -0.321426 0.946935 0
    outer loop
      vertex 9.41411 -6.04548 17
      vertex 9.61229 -5.97821 13
      vertex 9.41411 -6.04548 13
    endloop
  endfacet
  facet normal 0.997858 -0.0654122 0
    outer loop
      vertex 7.4 4.5 17
      vertex 7.41369 4.70884 13
      vertex 7.41369 4.70884 17
    endloop
  endfacet
  facet normal 0.997858 -0.0654122 0
    outer loop
      vertex 7.41369 4.70884 13
      vertex 7.4 4.5 17
      vertex 7.4 4.5 13
    endloop
  endfacet
  facet normal -0.997855 -0.0654598 0
    outer loop
      vertex 10.6 4.5 13
      vertex 10.5863 4.70884 17
      vertex 10.5863 4.70884 13
    endloop
  endfacet
  facet normal -0.997855 -0.0654598 0
    outer loop
      vertex 10.5863 4.70884 17
      vertex 10.6 4.5 13
      vertex 10.6 4.5 17
    endloop
  endfacet
  facet normal -0.555549 -0.831484 0
    outer loop
      vertex 9.8 5.88564 13
      vertex 9.97402 5.76937 17
      vertex 9.8 5.88564 17
    endloop
  endfacet
  facet normal -0.555549 -0.831484 -0
    outer loop
      vertex 9.97402 5.76937 17
      vertex 9.8 5.88564 13
      vertex 9.97402 5.76937 13
    endloop
  endfacet
  facet normal 0.442295 -0.89687 0
    outer loop
      vertex 8.2 5.88564 13
      vertex 8.38771 5.97821 17
      vertex 8.2 5.88564 17
    endloop
  endfacet
  facet normal 0.442295 -0.89687 0
    outer loop
      vertex 8.38771 5.97821 17
      vertex 8.2 5.88564 13
      vertex 8.38771 5.97821 13
    endloop
  endfacet
  facet normal 0.195087 0.980786 -0
    outer loop
      vertex 8.79116 -6.08631 13
      vertex 8.58589 -6.04548 17
      vertex 8.79116 -6.08631 17
    endloop
  endfacet
  facet normal 0.195087 0.980786 0
    outer loop
      vertex 8.58589 -6.04548 17
      vertex 8.79116 -6.08631 13
      vertex 8.58589 -6.04548 13
    endloop
  endfacet
  facet normal -0.555549 0.831484 0
    outer loop
      vertex 9.97402 -5.76937 13
      vertex 9.8 -5.88564 17
      vertex 9.97402 -5.76937 17
    endloop
  endfacet
  facet normal -0.555549 0.831484 0
    outer loop
      vertex 9.8 -5.88564 17
      vertex 9.97402 -5.76937 13
      vertex 9.8 -5.88564 13
    endloop
  endfacet
  facet normal -0.659296 0.751884 0
    outer loop
      vertex 10.1314 -5.63137 13
      vertex 9.97402 -5.76937 17
      vertex 10.1314 -5.63137 17
    endloop
  endfacet
  facet normal -0.659296 0.751884 0
    outer loop
      vertex 9.97402 -5.76937 17
      vertex 10.1314 -5.63137 13
      vertex 9.97402 -5.76937 13
    endloop
  endfacet
  facet normal -0.997855 0.0654598 0
    outer loop
      vertex 10.5863 -4.70884 13
      vertex 10.6 -4.5 17
      vertex 10.6 -4.5 13
    endloop
  endfacet
  facet normal -0.997855 0.0654598 0
    outer loop
      vertex 10.6 -4.5 17
      vertex 10.5863 -4.70884 13
      vertex 10.5863 -4.70884 17
    endloop
  endfacet
  facet normal 0.997858 0.0654122 0
    outer loop
      vertex 7.41369 -4.70884 17
      vertex 7.4 -4.5 13
      vertex 7.4 -4.5 17
    endloop
  endfacet
  facet normal 0.997858 0.0654122 0
    outer loop
      vertex 7.4 -4.5 13
      vertex 7.41369 -4.70884 17
      vertex 7.41369 -4.70884 13
    endloop
  endfacet
  facet normal -0.0654122 0.997858 0
    outer loop
      vertex 9.20884 -6.08631 13
      vertex 9 -6.1 17
      vertex 9.20884 -6.08631 17
    endloop
  endfacet
  facet normal -0.0654122 0.997858 0
    outer loop
      vertex 9 -6.1 17
      vertex 9.20884 -6.08631 13
      vertex 9 -6.1 13
    endloop
  endfacet
  facet normal -1 0 0
    outer loop
      vertex 10.6 -4.5 13
      vertex 10.6 4.5 17
      vertex 10.6 4.5 13
    endloop
  endfacet
  facet normal -1 -0 0
    outer loop
      vertex 10.6 4.5 17
      vertex 10.6 -4.5 13
      vertex 10.6 -4.5 17
    endloop
  endfacet
  facet normal -0.442295 -0.89687 0
    outer loop
      vertex 9.61229 5.97821 13
      vertex 9.8 5.88564 17
      vertex 9.61229 5.97821 17
    endloop
  endfacet
  facet normal -0.442295 -0.89687 -0
    outer loop
      vertex 9.8 5.88564 17
      vertex 9.61229 5.97821 13
      vertex 9.8 5.88564 13
    endloop
  endfacet
  facet normal 0.195087 -0.980786 0
    outer loop
      vertex 8.58589 6.04548 13
      vertex 8.79116 6.08631 17
      vertex 8.58589 6.04548 17
    endloop
  endfacet
  facet normal 0.195087 -0.980786 0
    outer loop
      vertex 8.79116 6.08631 17
      vertex 8.58589 6.04548 13
      vertex 8.79116 6.08631 13
    endloop
  endfacet
  facet normal -0.442295 0.89687 0
    outer loop
      vertex 9.8 -5.88564 13
      vertex 9.61229 -5.97821 17
      vertex 9.8 -5.88564 17
    endloop
  endfacet
  facet normal -0.442295 0.89687 0
    outer loop
      vertex 9.61229 -5.97821 17
      vertex 9.8 -5.88564 13
      vertex 9.61229 -5.97821 13
    endloop
  endfacet
  facet normal 0.555549 0.831484 -0
    outer loop
      vertex 8.2 -5.88564 13
      vertex 8.02598 -5.76937 17
      vertex 8.2 -5.88564 17
    endloop
  endfacet
  facet normal 0.555549 0.831484 0
    outer loop
      vertex 8.02598 -5.76937 17
      vertex 8.2 -5.88564 13
      vertex 8.02598 -5.76937 13
    endloop
  endfacet
  facet normal -0.659296 -0.751884 0
    outer loop
      vertex 9.97402 5.76937 13
      vertex 10.1314 5.63137 17
      vertex 9.97402 5.76937 17
    endloop
  endfacet
  facet normal -0.659296 -0.751884 -0
    outer loop
      vertex 10.1314 5.63137 17
      vertex 9.97402 5.76937 13
      vertex 10.1314 5.63137 13
    endloop
  endfacet
  facet normal -0.751821 0.659367 0
    outer loop
      vertex 10.1314 -5.63137 13
      vertex 10.2694 -5.47402 17
      vertex 10.2694 -5.47402 13
    endloop
  endfacet
  facet normal -0.751821 0.659367 0
    outer loop
      vertex 10.2694 -5.47402 17
      vertex 10.1314 -5.63137 13
      vertex 10.1314 -5.63137 17
    endloop
  endfacet
  facet normal 0.321426 -0.946935 0
    outer loop
      vertex 8.38771 5.97821 13
      vertex 8.58589 6.04548 17
      vertex 8.38771 5.97821 17
    endloop
  endfacet
  facet normal 0.321426 -0.946935 0
    outer loop
      vertex 8.58589 6.04548 17
      vertex 8.38771 5.97821 13
      vertex 8.58589 6.04548 13
    endloop
  endfacet
  facet normal 0.0654122 0.997858 -0
    outer loop
      vertex 9 -6.1 13
      vertex 8.79116 -6.08631 17
      vertex 9 -6.1 17
    endloop
  endfacet
  facet normal 0.0654122 0.997858 0
    outer loop
      vertex 8.79116 -6.08631 17
      vertex 9 -6.1 13
      vertex 8.79116 -6.08631 13
    endloop
  endfacet
  facet normal 0.0654122 -0.997858 0
    outer loop
      vertex 8.79116 6.08631 13
      vertex 9 6.1 17
      vertex 8.79116 6.08631 17
    endloop
  endfacet
  facet normal 0.0654122 -0.997858 0
    outer loop
      vertex 9 6.1 17
      vertex 8.79116 6.08631 13
      vertex 9 6.1 13
    endloop
  endfacet
  facet normal 0.659367 -0.751821 0
    outer loop
      vertex 7.86863 5.63137 13
      vertex 8.02598 5.76937 17
      vertex 7.86863 5.63137 17
    endloop
  endfacet
  facet normal 0.659367 -0.751821 0
    outer loop
      vertex 8.02598 5.76937 17
      vertex 7.86863 5.63137 13
      vertex 8.02598 5.76937 13
    endloop
  endfacet
  facet normal -0.831638 0.555318 0
    outer loop
      vertex 10.2694 -5.47402 13
      vertex 10.3856 -5.3 17
      vertex 10.3856 -5.3 13
    endloop
  endfacet
  facet normal -0.831638 0.555318 0
    outer loop
      vertex 10.3856 -5.3 17
      vertex 10.2694 -5.47402 13
      vertex 10.2694 -5.47402 17
    endloop
  endfacet
  facet normal 0.321426 0.946935 -0
    outer loop
      vertex 8.58589 -6.04548 13
      vertex 8.38771 -5.97821 17
      vertex 8.58589 -6.04548 17
    endloop
  endfacet
  facet normal 0.321426 0.946935 0
    outer loop
      vertex 8.38771 -5.97821 17
      vertex 8.58589 -6.04548 13
      vertex 8.38771 -5.97821 13
    endloop
  endfacet
  facet normal 1 -0 0
    outer loop
      vertex 7.4 -4.5 17
      vertex 7.4 4.5 13
      vertex 7.4 4.5 17
    endloop
  endfacet
  facet normal 1 0 0
    outer loop
      vertex 7.4 4.5 13
      vertex 7.4 -4.5 17
      vertex 7.4 -4.5 13
    endloop
  endfacet
  facet normal 0.831484 0.555549 0
    outer loop
      vertex 7.73063 -5.47402 17
      vertex 7.61436 -5.3 13
      vertex 7.61436 -5.3 17
    endloop
  endfacet
  facet normal 0.831484 0.555549 0
    outer loop
      vertex 7.61436 -5.3 13
      vertex 7.73063 -5.47402 17
      vertex 7.73063 -5.47402 13
    endloop
  endfacet
  facet normal 0.555549 -0.831484 0
    outer loop
      vertex 8.02598 5.76937 13
      vertex 8.2 5.88564 17
      vertex 8.02598 5.76937 17
    endloop
  endfacet
  facet normal 0.555549 -0.831484 0
    outer loop
      vertex 8.2 5.88564 17
      vertex 8.02598 5.76937 13
      vertex 8.2 5.88564 13
    endloop
  endfacet
  facet normal -0.980813 0.194949 0
    outer loop
      vertex 10.5455 -4.91411 13
      vertex 10.5863 -4.70884 17
      vertex 10.5863 -4.70884 13
    endloop
  endfacet
  facet normal -0.980813 0.194949 0
    outer loop
      vertex 10.5863 -4.70884 17
      vertex 10.5455 -4.91411 13
      vertex 10.5455 -4.91411 17
    endloop
  endfacet
  facet normal 0.751821 0.659367 0
    outer loop
      vertex 7.86863 -5.63137 17
      vertex 7.73063 -5.47402 13
      vertex 7.73063 -5.47402 17
    endloop
  endfacet
  facet normal 0.751821 0.659367 0
    outer loop
      vertex 7.73063 -5.47402 13
      vertex 7.86863 -5.63137 17
      vertex 7.86863 -5.63137 13
    endloop
  endfacet
  facet normal 0.946935 0.321426 0
    outer loop
      vertex 7.52179 -5.11229 17
      vertex 7.45452 -4.91411 13
      vertex 7.45452 -4.91411 17
    endloop
  endfacet
  facet normal 0.946935 0.321426 0
    outer loop
      vertex 7.45452 -4.91411 13
      vertex 7.52179 -5.11229 17
      vertex 7.52179 -5.11229 13
    endloop
  endfacet
  facet normal -0.946891 0.321555 0
    outer loop
      vertex 10.4782 -5.11229 13
      vertex 10.5455 -4.91411 17
      vertex 10.5455 -4.91411 13
    endloop
  endfacet
  facet normal -0.946891 0.321555 0
    outer loop
      vertex 10.5455 -4.91411 17
      vertex 10.4782 -5.11229 13
      vertex 10.4782 -5.11229 17
    endloop
  endfacet
  facet normal -0.195087 -0.980786 0
    outer loop
      vertex 9.20884 6.08631 13
      vertex 9.41411 6.04548 17
      vertex 9.20884 6.08631 17
    endloop
  endfacet
  facet normal -0.195087 -0.980786 -0
    outer loop
      vertex 9.41411 6.04548 17
      vertex 9.20884 6.08631 13
      vertex 9.41411 6.04548 13
    endloop
  endfacet
  facet normal -0.831638 -0.555318 0
    outer loop
      vertex 10.3856 5.3 13
      vertex 10.2694 5.47402 17
      vertex 10.2694 5.47402 13
    endloop
  endfacet
  facet normal -0.831638 -0.555318 0
    outer loop
      vertex 10.2694 5.47402 17
      vertex 10.3856 5.3 13
      vertex 10.3856 5.3 17
    endloop
  endfacet
  facet normal 0.946935 -0.321426 0
    outer loop
      vertex 7.45452 4.91411 17
      vertex 7.52179 5.11229 13
      vertex 7.52179 5.11229 17
    endloop
  endfacet
  facet normal 0.946935 -0.321426 0
    outer loop
      vertex 7.52179 5.11229 13
      vertex 7.45452 4.91411 17
      vertex 7.45452 4.91411 13
    endloop
  endfacet
  facet normal -0.0654122 -0.997858 0
    outer loop
      vertex 9 6.1 13
      vertex 9.20884 6.08631 17
      vertex 9 6.1 17
    endloop
  endfacet
  facet normal -0.0654122 -0.997858 -0
    outer loop
      vertex 9.20884 6.08631 17
      vertex 9 6.1 13
      vertex 9.20884 6.08631 13
    endloop
  endfacet
  facet normal 0.89687 -0.442295 0
    outer loop
      vertex 7.52179 5.11229 17
      vertex 7.61436 5.3 13
      vertex 7.61436 5.3 17
    endloop
  endfacet
  facet normal 0.89687 -0.442295 0
    outer loop
      vertex 7.61436 5.3 13
      vertex 7.52179 5.11229 17
      vertex 7.52179 5.11229 13
    endloop
  endfacet
  facet normal 0.89687 0.442295 0
    outer loop
      vertex 7.61436 -5.3 17
      vertex 7.52179 -5.11229 13
      vertex 7.52179 -5.11229 17
    endloop
  endfacet
  facet normal 0.89687 0.442295 0
    outer loop
      vertex 7.52179 -5.11229 13
      vertex 7.61436 -5.3 17
      vertex 7.61436 -5.3 13
    endloop
  endfacet
  facet normal 0.442295 0.89687 -0
    outer loop
      vertex 8.38771 -5.97821 13
      vertex 8.2 -5.88564 17
      vertex 8.38771 -5.97821 17
    endloop
  endfacet
  facet normal 0.442295 0.89687 0
    outer loop
      vertex 8.2 -5.88564 17
      vertex 8.38771 -5.97821 13
      vertex 8.2 -5.88564 13
    endloop
  endfacet
  facet normal -0.896813 0.44241 0
    outer loop
      vertex 10.3856 -5.3 13
      vertex 10.4782 -5.11229 17
      vertex 10.4782 -5.11229 13
    endloop
  endfacet
  facet normal -0.896813 0.44241 0
    outer loop
      vertex 10.4782 -5.11229 17
      vertex 10.3856 -5.3 13
      vertex 10.3856 -5.3 17
    endloop
  endfacet
  facet normal 0.659367 0.751821 -0
    outer loop
      vertex 8.02598 -5.76937 13
      vertex 7.86863 -5.63137 17
      vertex 8.02598 -5.76937 17
    endloop
  endfacet
  facet normal 0.659367 0.751821 0
    outer loop
      vertex 7.86863 -5.63137 17
      vertex 8.02598 -5.76937 13
      vertex 7.86863 -5.63137 13
    endloop
  endfacet
  facet normal -0.751821 -0.659367 0
    outer loop
      vertex 10.2694 5.47402 13
      vertex 10.1314 5.63137 17
      vertex 10.1314 5.63137 13
    endloop
  endfacet
  facet normal -0.751821 -0.659367 0
    outer loop
      vertex 10.1314 5.63137 17
      vertex 10.2694 5.47402 13
      vertex 10.2694 5.47402 17
    endloop
  endfacet
  facet normal 0.980786 0.195087 0
    outer loop
      vertex 7.45452 -4.91411 17
      vertex 7.41369 -4.70884 13
      vertex 7.41369 -4.70884 17
    endloop
  endfacet
  facet normal 0.980786 0.195087 0
    outer loop
      vertex 7.41369 -4.70884 13
      vertex 7.45452 -4.91411 17
      vertex 7.45452 -4.91411 13
    endloop
  endfacet
  facet normal -0.321426 -0.946935 0
    outer loop
      vertex 9.41411 6.04548 13
      vertex 9.61229 5.97821 17
      vertex 9.41411 6.04548 17
    endloop
  endfacet
  facet normal -0.321426 -0.946935 -0
    outer loop
      vertex 9.61229 5.97821 17
      vertex 9.41411 6.04548 13
      vertex 9.61229 5.97821 13
    endloop
  endfacet
  facet normal 0.751821 -0.659367 0
    outer loop
      vertex 7.73063 5.47402 17
      vertex 7.86863 5.63137 13
      vertex 7.86863 5.63137 17
    endloop
  endfacet
  facet normal 0.751821 -0.659367 0
    outer loop
      vertex 7.86863 5.63137 13
      vertex 7.73063 5.47402 17
      vertex 7.73063 5.47402 13
    endloop
  endfacet
  facet normal -0.980813 -0.194949 0
    outer loop
      vertex 10.5863 4.70884 13
      vertex 10.5455 4.91411 17
      vertex 10.5455 4.91411 13
    endloop
  endfacet
  facet normal -0.980813 -0.194949 0
    outer loop
      vertex 10.5455 4.91411 17
      vertex 10.5863 4.70884 13
      vertex 10.5863 4.70884 17
    endloop
  endfacet
  facet normal -0.896813 -0.44241 0
    outer loop
      vertex 10.4782 5.11229 13
      vertex 10.3856 5.3 17
      vertex 10.3856 5.3 13
    endloop
  endfacet
  facet normal -0.896813 -0.44241 0
    outer loop
      vertex 10.3856 5.3 17
      vertex 10.4782 5.11229 13
      vertex 10.4782 5.11229 17
    endloop
  endfacet
  facet normal -0.946891 -0.321555 0
    outer loop
      vertex 10.5455 4.91411 13
      vertex 10.4782 5.11229 17
      vertex 10.4782 5.11229 13
    endloop
  endfacet
  facet normal -0.946891 -0.321555 0
    outer loop
      vertex 10.4782 5.11229 17
      vertex 10.5455 4.91411 13
      vertex 10.5455 4.91411 17
    endloop
  endfacet
  facet normal 0.980786 -0.195087 0
    outer loop
      vertex 7.41369 4.70884 17
      vertex 7.45452 4.91411 13
      vertex 7.45452 4.91411 17
    endloop
  endfacet
  facet normal 0.980786 -0.195087 0
    outer loop
      vertex 7.45452 4.91411 13
      vertex 7.41369 4.70884 17
      vertex 7.41369 4.70884 13
    endloop
  endfacet
  facet normal -0.980786 -0.195087 0
    outer loop
      vertex 6.08631 9.20884 13
      vertex 6.04548 9.41411 17
      vertex 6.04548 9.41411 13
    endloop
  endfacet
  facet normal -0.980786 -0.195087 0
    outer loop
      vertex 6.04548 9.41411 17
      vertex 6.08631 9.20884 13
      vertex 6.08631 9.20884 17
    endloop
  endfacet
  facet normal -0.997858 -0.0654122 0
    outer loop
      vertex 6.1 9 13
      vertex 6.08631 9.20884 17
      vertex 6.08631 9.20884 13
    endloop
  endfacet
  facet normal -0.997858 -0.0654122 0
    outer loop
      vertex 6.08631 9.20884 17
      vertex 6.1 9 13
      vertex 6.1 9 17
    endloop
  endfacet
  facet normal 0.997858 0.0654122 0
    outer loop
      vertex -6.08631 8.79116 17
      vertex -6.1 9 13
      vertex -6.1 9 17
    endloop
  endfacet
  facet normal 0.997858 0.0654122 0
    outer loop
      vertex -6.1 9 13
      vertex -6.08631 8.79116 17
      vertex -6.08631 8.79116 13
    endloop
  endfacet
  facet normal 0.751884 -0.659296 0
    outer loop
      vertex -5.76937 9.97402 17
      vertex -5.63137 10.1314 13
      vertex -5.63137 10.1314 17
    endloop
  endfacet
  facet normal 0.751884 -0.659296 0
    outer loop
      vertex -5.63137 10.1314 13
      vertex -5.76937 9.97402 17
      vertex -5.76937 9.97402 13
    endloop
  endfacet
  facet normal 0.831484 -0.555549 0
    outer loop
      vertex -5.88564 9.8 17
      vertex -5.76937 9.97402 13
      vertex -5.76937 9.97402 17
    endloop
  endfacet
  facet normal 0.831484 -0.555549 0
    outer loop
      vertex -5.76937 9.97402 13
      vertex -5.88564 9.8 17
      vertex -5.88564 9.8 13
    endloop
  endfacet
  facet normal -0.946935 -0.321426 0
    outer loop
      vertex 6.04548 9.41411 13
      vertex 5.97821 9.61229 17
      vertex 5.97821 9.61229 13
    endloop
  endfacet
  facet normal -0.946935 -0.321426 0
    outer loop
      vertex 5.97821 9.61229 17
      vertex 6.04548 9.41411 13
      vertex 6.04548 9.41411 17
    endloop
  endfacet
  facet normal -0.831484 -0.555549 0
    outer loop
      vertex 5.88564 9.8 13
      vertex 5.76937 9.97402 17
      vertex 5.76937 9.97402 13
    endloop
  endfacet
  facet normal -0.831484 -0.555549 0
    outer loop
      vertex 5.76937 9.97402 17
      vertex 5.88564 9.8 13
      vertex 5.88564 9.8 17
    endloop
  endfacet
  facet normal -0.659367 0.751821 0
    outer loop
      vertex 5.63137 7.86863 13
      vertex 5.47402 7.73063 17
      vertex 5.63137 7.86863 17
    endloop
  endfacet
  facet normal -0.659367 0.751821 0
    outer loop
      vertex 5.47402 7.73063 17
      vertex 5.63137 7.86863 13
      vertex 5.47402 7.73063 13
    endloop
  endfacet
  facet normal -0.946935 0.321426 0
    outer loop
      vertex 5.97821 8.38771 13
      vertex 6.04548 8.58589 17
      vertex 6.04548 8.58589 13
    endloop
  endfacet
  facet normal -0.946935 0.321426 0
    outer loop
      vertex 6.04548 8.58589 17
      vertex 5.97821 8.38771 13
      vertex 5.97821 8.38771 17
    endloop
  endfacet
  facet normal -0.997858 0.0654122 0
    outer loop
      vertex 6.08631 8.79116 13
      vertex 6.1 9 17
      vertex 6.1 9 13
    endloop
  endfacet
  facet normal -0.997858 0.0654122 0
    outer loop
      vertex 6.1 9 17
      vertex 6.08631 8.79116 13
      vertex 6.08631 8.79116 17
    endloop
  endfacet
  facet normal 0.0654122 0.997858 -0
    outer loop
      vertex -4.5 7.4 13
      vertex -4.70884 7.41369 17
      vertex -4.5 7.4 17
    endloop
  endfacet
  facet normal 0.0654122 0.997858 0
    outer loop
      vertex -4.70884 7.41369 17
      vertex -4.5 7.4 13
      vertex -4.70884 7.41369 13
    endloop
  endfacet
  facet normal -0.0654598 -0.997855 0
    outer loop
      vertex 4.5 10.6 13
      vertex 4.70884 10.5863 17
      vertex 4.5 10.6 17
    endloop
  endfacet
  facet normal -0.0654598 -0.997855 -0
    outer loop
      vertex 4.70884 10.5863 17
      vertex 4.5 10.6 13
      vertex 4.70884 10.5863 13
    endloop
  endfacet
  facet normal 0.751821 0.659367 0
    outer loop
      vertex -5.63137 7.86863 17
      vertex -5.76937 8.02598 13
      vertex -5.76937 8.02598 17
    endloop
  endfacet
  facet normal 0.751821 0.659367 0
    outer loop
      vertex -5.76937 8.02598 13
      vertex -5.63137 7.86863 17
      vertex -5.63137 7.86863 13
    endloop
  endfacet
  facet normal -0.194949 -0.980813 0
    outer loop
      vertex 4.70884 10.5863 13
      vertex 4.91411 10.5455 17
      vertex 4.70884 10.5863 17
    endloop
  endfacet
  facet normal -0.194949 -0.980813 -0
    outer loop
      vertex 4.91411 10.5455 17
      vertex 4.70884 10.5863 13
      vertex 4.91411 10.5455 13
    endloop
  endfacet
  facet normal 0.997858 -0.0654122 0
    outer loop
      vertex -6.1 9 17
      vertex -6.08631 9.20884 13
      vertex -6.08631 9.20884 17
    endloop
  endfacet
  facet normal 0.997858 -0.0654122 0
    outer loop
      vertex -6.08631 9.20884 13
      vertex -6.1 9 17
      vertex -6.1 9 13
    endloop
  endfacet
  facet normal 0 1 -0
    outer loop
      vertex 4.5 7.4 13
      vertex -4.5 7.4 17
      vertex 4.5 7.4 17
    endloop
  endfacet
  facet normal 0 1 0
    outer loop
      vertex -4.5 7.4 17
      vertex 4.5 7.4 13
      vertex -4.5 7.4 13
    endloop
  endfacet
  facet normal -0.751884 -0.659296 0
    outer loop
      vertex 5.76937 9.97402 13
      vertex 5.63137 10.1314 17
      vertex 5.63137 10.1314 13
    endloop
  endfacet
  facet normal -0.751884 -0.659296 0
    outer loop
      vertex 5.63137 10.1314 17
      vertex 5.76937 9.97402 13
      vertex 5.76937 9.97402 17
    endloop
  endfacet
  facet normal -0.89687 0.442295 0
    outer loop
      vertex 5.88564 8.2 13
      vertex 5.97821 8.38771 17
      vertex 5.97821 8.38771 13
    endloop
  endfacet
  facet normal -0.89687 0.442295 0
    outer loop
      vertex 5.97821 8.38771 17
      vertex 5.88564 8.2 13
      vertex 5.88564 8.2 17
    endloop
  endfacet
  facet normal 0.321426 0.946935 -0
    outer loop
      vertex -4.91411 7.45452 13
      vertex -5.11229 7.52179 17
      vertex -4.91411 7.45452 17
    endloop
  endfacet
  facet normal 0.321426 0.946935 0
    outer loop
      vertex -5.11229 7.52179 17
      vertex -4.91411 7.45452 13
      vertex -5.11229 7.52179 13
    endloop
  endfacet
  facet normal -0.555549 0.831484 0
    outer loop
      vertex 5.47402 7.73063 13
      vertex 5.3 7.61436 17
      vertex 5.47402 7.73063 17
    endloop
  endfacet
  facet normal -0.555549 0.831484 0
    outer loop
      vertex 5.3 7.61436 17
      vertex 5.47402 7.73063 13
      vertex 5.3 7.61436 13
    endloop
  endfacet
  facet normal 0.321555 -0.946891 0
    outer loop
      vertex -5.11229 10.4782 13
      vertex -4.91411 10.5455 17
      vertex -5.11229 10.4782 17
    endloop
  endfacet
  facet normal 0.321555 -0.946891 0
    outer loop
      vertex -4.91411 10.5455 17
      vertex -5.11229 10.4782 13
      vertex -4.91411 10.5455 13
    endloop
  endfacet
  facet normal 0.946935 -0.321426 0
    outer loop
      vertex -6.04548 9.41411 17
      vertex -5.97821 9.61229 13
      vertex -5.97821 9.61229 17
    endloop
  endfacet
  facet normal 0.946935 -0.321426 0
    outer loop
      vertex -5.97821 9.61229 13
      vertex -6.04548 9.41411 17
      vertex -6.04548 9.41411 13
    endloop
  endfacet
  facet normal 0.89687 -0.442295 0
    outer loop
      vertex -5.97821 9.61229 17
      vertex -5.88564 9.8 13
      vertex -5.88564 9.8 17
    endloop
  endfacet
  facet normal 0.89687 -0.442295 0
    outer loop
      vertex -5.88564 9.8 13
      vertex -5.97821 9.61229 17
      vertex -5.97821 9.61229 13
    endloop
  endfacet
  facet normal 0.89687 0.442295 0
    outer loop
      vertex -5.88564 8.2 17
      vertex -5.97821 8.38771 13
      vertex -5.97821 8.38771 17
    endloop
  endfacet
  facet normal 0.89687 0.442295 0
    outer loop
      vertex -5.97821 8.38771 13
      vertex -5.88564 8.2 17
      vertex -5.88564 8.2 13
    endloop
  endfacet
  facet normal 0.980786 -0.195087 0
    outer loop
      vertex -6.08631 9.20884 17
      vertex -6.04548 9.41411 13
      vertex -6.04548 9.41411 17
    endloop
  endfacet
  facet normal 0.980786 -0.195087 0
    outer loop
      vertex -6.04548 9.41411 13
      vertex -6.08631 9.20884 17
      vertex -6.08631 9.20884 13
    endloop
  endfacet
  facet normal -0.659367 -0.751821 0
    outer loop
      vertex 5.47402 10.2694 13
      vertex 5.63137 10.1314 17
      vertex 5.47402 10.2694 17
    endloop
  endfacet
  facet normal -0.659367 -0.751821 -0
    outer loop
      vertex 5.63137 10.1314 17
      vertex 5.47402 10.2694 13
      vertex 5.63137 10.1314 13
    endloop
  endfacet
  facet normal 0.555318 -0.831638 0
    outer loop
      vertex -5.47402 10.2694 13
      vertex -5.3 10.3856 17
      vertex -5.47402 10.2694 17
    endloop
  endfacet
  facet normal 0.555318 -0.831638 0
    outer loop
      vertex -5.3 10.3856 17
      vertex -5.47402 10.2694 13
      vertex -5.3 10.3856 13
    endloop
  endfacet
  facet normal -0.980786 0.195087 0
    outer loop
      vertex 6.04548 8.58589 13
      vertex 6.08631 8.79116 17
      vertex 6.08631 8.79116 13
    endloop
  endfacet
  facet normal -0.980786 0.195087 0
    outer loop
      vertex 6.08631 8.79116 17
      vertex 6.04548 8.58589 13
      vertex 6.04548 8.58589 17
    endloop
  endfacet
  facet normal 0.0654598 -0.997855 0
    outer loop
      vertex -4.70884 10.5863 13
      vertex -4.5 10.6 17
      vertex -4.70884 10.5863 17
    endloop
  endfacet
  facet normal 0.0654598 -0.997855 0
    outer loop
      vertex -4.5 10.6 17
      vertex -4.70884 10.5863 13
      vertex -4.5 10.6 13
    endloop
  endfacet
  facet normal -0.89687 -0.442295 0
    outer loop
      vertex 5.97821 9.61229 13
      vertex 5.88564 9.8 17
      vertex 5.88564 9.8 13
    endloop
  endfacet
  facet normal -0.89687 -0.442295 0
    outer loop
      vertex 5.88564 9.8 17
      vertex 5.97821 9.61229 13
      vertex 5.97821 9.61229 17
    endloop
  endfacet
  facet normal 0.195087 0.980786 -0
    outer loop
      vertex -4.70884 7.41369 13
      vertex -4.91411 7.45452 17
      vertex -4.70884 7.41369 17
    endloop
  endfacet
  facet normal 0.195087 0.980786 0
    outer loop
      vertex -4.91411 7.45452 17
      vertex -4.70884 7.41369 13
      vertex -4.91411 7.45452 13
    endloop
  endfacet
  facet normal 0.831484 0.555549 0
    outer loop
      vertex -5.76937 8.02598 17
      vertex -5.88564 8.2 13
      vertex -5.88564 8.2 17
    endloop
  endfacet
  facet normal 0.831484 0.555549 0
    outer loop
      vertex -5.88564 8.2 13
      vertex -5.76937 8.02598 17
      vertex -5.76937 8.02598 13
    endloop
  endfacet
  facet normal 0 -1 0
    outer loop
      vertex -4.5 10.6 13
      vertex 4.5 10.6 17
      vertex -4.5 10.6 17
    endloop
  endfacet
  facet normal 0 -1 -0
    outer loop
      vertex 4.5 10.6 17
      vertex -4.5 10.6 13
      vertex 4.5 10.6 13
    endloop
  endfacet
  facet normal 0.980786 0.195087 0
    outer loop
      vertex -6.04548 8.58589 17
      vertex -6.08631 8.79116 13
      vertex -6.08631 8.79116 17
    endloop
  endfacet
  facet normal 0.980786 0.195087 0
    outer loop
      vertex -6.08631 8.79116 13
      vertex -6.04548 8.58589 17
      vertex -6.04548 8.58589 13
    endloop
  endfacet
  facet normal -0.555318 -0.831638 0
    outer loop
      vertex 5.3 10.3856 13
      vertex 5.47402 10.2694 17
      vertex 5.3 10.3856 17
    endloop
  endfacet
  facet normal -0.555318 -0.831638 -0
    outer loop
      vertex 5.47402 10.2694 17
      vertex 5.3 10.3856 13
      vertex 5.47402 10.2694 13
    endloop
  endfacet
  facet normal 0.44241 -0.896813 0
    outer loop
      vertex -5.3 10.3856 13
      vertex -5.11229 10.4782 17
      vertex -5.3 10.3856 17
    endloop
  endfacet
  facet normal 0.44241 -0.896813 0
    outer loop
      vertex -5.11229 10.4782 17
      vertex -5.3 10.3856 13
      vertex -5.11229 10.4782 13
    endloop
  endfacet
  facet normal -0.44241 -0.896813 0
    outer loop
      vertex 5.11229 10.4782 13
      vertex 5.3 10.3856 17
      vertex 5.11229 10.4782 17
    endloop
  endfacet
  facet normal -0.44241 -0.896813 -0
    outer loop
      vertex 5.3 10.3856 17
      vertex 5.11229 10.4782 13
      vertex 5.3 10.3856 13
    endloop
  endfacet
  facet normal -0.831484 0.555549 0
    outer loop
      vertex 5.76937 8.02598 13
      vertex 5.88564 8.2 17
      vertex 5.88564 8.2 13
    endloop
  endfacet
  facet normal -0.831484 0.555549 0
    outer loop
      vertex 5.88564 8.2 17
      vertex 5.76937 8.02598 13
      vertex 5.76937 8.02598 17
    endloop
  endfacet
  facet normal 0.946935 0.321426 0
    outer loop
      vertex -5.97821 8.38771 17
      vertex -6.04548 8.58589 13
      vertex -6.04548 8.58589 17
    endloop
  endfacet
  facet normal 0.946935 0.321426 0
    outer loop
      vertex -6.04548 8.58589 13
      vertex -5.97821 8.38771 17
      vertex -5.97821 8.38771 13
    endloop
  endfacet
  facet normal -0.751821 0.659367 0
    outer loop
      vertex 5.63137 7.86863 13
      vertex 5.76937 8.02598 17
      vertex 5.76937 8.02598 13
    endloop
  endfacet
  facet normal -0.751821 0.659367 0
    outer loop
      vertex 5.76937 8.02598 17
      vertex 5.63137 7.86863 13
      vertex 5.63137 7.86863 17
    endloop
  endfacet
  facet normal -0.442295 0.89687 0
    outer loop
      vertex 5.3 7.61436 13
      vertex 5.11229 7.52179 17
      vertex 5.3 7.61436 17
    endloop
  endfacet
  facet normal -0.442295 0.89687 0
    outer loop
      vertex 5.11229 7.52179 17
      vertex 5.3 7.61436 13
      vertex 5.11229 7.52179 13
    endloop
  endfacet
  facet normal 0.442295 0.89687 -0
    outer loop
      vertex -5.11229 7.52179 13
      vertex -5.3 7.61436 17
      vertex -5.11229 7.52179 17
    endloop
  endfacet
  facet normal 0.442295 0.89687 0
    outer loop
      vertex -5.3 7.61436 17
      vertex -5.11229 7.52179 13
      vertex -5.3 7.61436 13
    endloop
  endfacet
  facet normal -0.0654122 0.997858 0
    outer loop
      vertex 4.70884 7.41369 13
      vertex 4.5 7.4 17
      vertex 4.70884 7.41369 17
    endloop
  endfacet
  facet normal -0.0654122 0.997858 0
    outer loop
      vertex 4.5 7.4 17
      vertex 4.70884 7.41369 13
      vertex 4.5 7.4 13
    endloop
  endfacet
  facet normal -0.195087 0.980786 0
    outer loop
      vertex 4.91411 7.45452 13
      vertex 4.70884 7.41369 17
      vertex 4.91411 7.45452 17
    endloop
  endfacet
  facet normal -0.195087 0.980786 0
    outer loop
      vertex 4.70884 7.41369 17
      vertex 4.91411 7.45452 13
      vertex 4.70884 7.41369 13
    endloop
  endfacet
  facet normal 0.659367 -0.751821 0
    outer loop
      vertex -5.63137 10.1314 13
      vertex -5.47402 10.2694 17
      vertex -5.63137 10.1314 17
    endloop
  endfacet
  facet normal 0.659367 -0.751821 0
    outer loop
      vertex -5.47402 10.2694 17
      vertex -5.63137 10.1314 13
      vertex -5.47402 10.2694 13
    endloop
  endfacet
  facet normal 0.194949 -0.980813 0
    outer loop
      vertex -4.91411 10.5455 13
      vertex -4.70884 10.5863 17
      vertex -4.91411 10.5455 17
    endloop
  endfacet
  facet normal 0.194949 -0.980813 0
    outer loop
      vertex -4.70884 10.5863 17
      vertex -4.91411 10.5455 13
      vertex -4.70884 10.5863 13
    endloop
  endfacet
  facet normal -0.321426 0.946935 0
    outer loop
      vertex 5.11229 7.52179 13
      vertex 4.91411 7.45452 17
      vertex 5.11229 7.52179 17
    endloop
  endfacet
  facet normal -0.321426 0.946935 0
    outer loop
      vertex 4.91411 7.45452 17
      vertex 5.11229 7.52179 13
      vertex 4.91411 7.45452 13
    endloop
  endfacet
  facet normal -0.321555 -0.946891 0
    outer loop
      vertex 4.91411 10.5455 13
      vertex 5.11229 10.4782 17
      vertex 4.91411 10.5455 17
    endloop
  endfacet
  facet normal -0.321555 -0.946891 -0
    outer loop
      vertex 5.11229 10.4782 17
      vertex 4.91411 10.5455 13
      vertex 5.11229 10.4782 13
    endloop
  endfacet
  facet normal 0.659367 0.751821 -0
    outer loop
      vertex -5.47402 7.73063 13
      vertex -5.63137 7.86863 17
      vertex -5.47402 7.73063 17
    endloop
  endfacet
  facet normal 0.659367 0.751821 0
    outer loop
      vertex -5.63137 7.86863 17
      vertex -5.47402 7.73063 13
      vertex -5.63137 7.86863 13
    endloop
  endfacet
  facet normal 0.555549 0.831484 -0
    outer loop
      vertex -5.3 7.61436 13
      vertex -5.47402 7.73063 17
      vertex -5.3 7.61436 17
    endloop
  endfacet
  facet normal 0.555549 0.831484 0
    outer loop
      vertex -5.47402 7.73063 17
      vertex -5.3 7.61436 13
      vertex -5.47402 7.73063 13
    endloop
  endfacet
  facet normal 0.195087 -0.980786 0
    outer loop
      vertex -9.41411 6.04548 13
      vertex -9.20884 6.08631 17
      vertex -9.41411 6.04548 17
    endloop
  endfacet
  facet normal 0.195087 -0.980786 0
    outer loop
      vertex -9.20884 6.08631 17
      vertex -9.41411 6.04548 13
      vertex -9.20884 6.08631 13
    endloop
  endfacet
  facet normal 0.0654122 -0.997858 0
    outer loop
      vertex -9.20884 6.08631 13
      vertex -9 6.1 17
      vertex -9.20884 6.08631 17
    endloop
  endfacet
  facet normal 0.0654122 -0.997858 0
    outer loop
      vertex -9 6.1 17
      vertex -9.20884 6.08631 13
      vertex -9 6.1 13
    endloop
  endfacet
  facet normal -0.0654122 0.997858 0
    outer loop
      vertex -8.79116 -6.08631 13
      vertex -9 -6.1 17
      vertex -8.79116 -6.08631 17
    endloop
  endfacet
  facet normal -0.0654122 0.997858 0
    outer loop
      vertex -9 -6.1 17
      vertex -8.79116 -6.08631 13
      vertex -9 -6.1 13
    endloop
  endfacet
  facet normal 0.659296 0.751884 -0
    outer loop
      vertex -9.97402 -5.76937 13
      vertex -10.1314 -5.63137 17
      vertex -9.97402 -5.76937 17
    endloop
  endfacet
  facet normal 0.659296 0.751884 0
    outer loop
      vertex -10.1314 -5.63137 17
      vertex -9.97402 -5.76937 13
      vertex -10.1314 -5.63137 13
    endloop
  endfacet
  facet normal 0.896813 0.44241 0
    outer loop
      vertex -10.3856 -5.3 17
      vertex -10.4782 -5.11229 13
      vertex -10.4782 -5.11229 17
    endloop
  endfacet
  facet normal 0.896813 0.44241 0
    outer loop
      vertex -10.4782 -5.11229 13
      vertex -10.3856 -5.3 17
      vertex -10.3856 -5.3 13
    endloop
  endfacet
  facet normal 0.321426 -0.946935 0
    outer loop
      vertex -9.61229 5.97821 13
      vertex -9.41411 6.04548 17
      vertex -9.61229 5.97821 17
    endloop
  endfacet
  facet normal 0.321426 -0.946935 0
    outer loop
      vertex -9.41411 6.04548 17
      vertex -9.61229 5.97821 13
      vertex -9.41411 6.04548 13
    endloop
  endfacet
  facet normal 0.555549 0.831484 -0
    outer loop
      vertex -9.8 -5.88564 13
      vertex -9.97402 -5.76937 17
      vertex -9.8 -5.88564 17
    endloop
  endfacet
  facet normal 0.555549 0.831484 0
    outer loop
      vertex -9.97402 -5.76937 17
      vertex -9.8 -5.88564 13
      vertex -9.97402 -5.76937 13
    endloop
  endfacet
  facet normal 0.555549 -0.831484 0
    outer loop
      vertex -9.97402 5.76937 13
      vertex -9.8 5.88564 17
      vertex -9.97402 5.76937 17
    endloop
  endfacet
  facet normal 0.555549 -0.831484 0
    outer loop
      vertex -9.8 5.88564 17
      vertex -9.97402 5.76937 13
      vertex -9.8 5.88564 13
    endloop
  endfacet
  facet normal 0.997855 0.0654598 0
    outer loop
      vertex -10.5863 -4.70884 17
      vertex -10.6 -4.5 13
      vertex -10.6 -4.5 17
    endloop
  endfacet
  facet normal 0.997855 0.0654598 0
    outer loop
      vertex -10.6 -4.5 13
      vertex -10.5863 -4.70884 17
      vertex -10.5863 -4.70884 13
    endloop
  endfacet
  facet normal 0.442295 0.89687 -0
    outer loop
      vertex -9.61229 -5.97821 13
      vertex -9.8 -5.88564 17
      vertex -9.61229 -5.97821 17
    endloop
  endfacet
  facet normal 0.442295 0.89687 0
    outer loop
      vertex -9.8 -5.88564 17
      vertex -9.61229 -5.97821 13
      vertex -9.8 -5.88564 13
    endloop
  endfacet
  facet normal -0.89687 -0.442295 0
    outer loop
      vertex -7.52179 5.11229 13
      vertex -7.61436 5.3 17
      vertex -7.61436 5.3 13
    endloop
  endfacet
  facet normal -0.89687 -0.442295 0
    outer loop
      vertex -7.61436 5.3 17
      vertex -7.52179 5.11229 13
      vertex -7.52179 5.11229 17
    endloop
  endfacet
  facet normal -0.0654122 -0.997858 0
    outer loop
      vertex -9 6.1 13
      vertex -8.79116 6.08631 17
      vertex -9 6.1 17
    endloop
  endfacet
  facet normal -0.0654122 -0.997858 -0
    outer loop
      vertex -8.79116 6.08631 17
      vertex -9 6.1 13
      vertex -8.79116 6.08631 13
    endloop
  endfacet
  facet normal -0.997858 0.0654122 0
    outer loop
      vertex -7.41369 -4.70884 13
      vertex -7.4 -4.5 17
      vertex -7.4 -4.5 13
    endloop
  endfacet
  facet normal -0.997858 0.0654122 0
    outer loop
      vertex -7.4 -4.5 17
      vertex -7.41369 -4.70884 13
      vertex -7.41369 -4.70884 17
    endloop
  endfacet
  facet normal 0.997855 -0.0654598 0
    outer loop
      vertex -10.6 4.5 17
      vertex -10.5863 4.70884 13
      vertex -10.5863 4.70884 17
    endloop
  endfacet
  facet normal 0.997855 -0.0654598 0
    outer loop
      vertex -10.5863 4.70884 13
      vertex -10.6 4.5 17
      vertex -10.6 4.5 13
    endloop
  endfacet
  facet normal -0.659367 0.751821 0
    outer loop
      vertex -7.86863 -5.63137 13
      vertex -8.02598 -5.76937 17
      vertex -7.86863 -5.63137 17
    endloop
  endfacet
  facet normal -0.659367 0.751821 0
    outer loop
      vertex -8.02598 -5.76937 17
      vertex -7.86863 -5.63137 13
      vertex -8.02598 -5.76937 13
    endloop
  endfacet
  facet normal 0.980813 -0.194949 0
    outer loop
      vertex -10.5863 4.70884 17
      vertex -10.5455 4.91411 13
      vertex -10.5455 4.91411 17
    endloop
  endfacet
  facet normal 0.980813 -0.194949 0
    outer loop
      vertex -10.5455 4.91411 13
      vertex -10.5863 4.70884 17
      vertex -10.5863 4.70884 13
    endloop
  endfacet
  facet normal 0.0654122 0.997858 -0
    outer loop
      vertex -9 -6.1 13
      vertex -9.20884 -6.08631 17
      vertex -9 -6.1 17
    endloop
  endfacet
  facet normal 0.0654122 0.997858 0
    outer loop
      vertex -9.20884 -6.08631 17
      vertex -9 -6.1 13
      vertex -9.20884 -6.08631 13
    endloop
  endfacet
  facet normal -1 0 0
    outer loop
      vertex -7.4 -4.5 13
      vertex -7.4 4.5 17
      vertex -7.4 4.5 13
    endloop
  endfacet
  facet normal -1 -0 0
    outer loop
      vertex -7.4 4.5 17
      vertex -7.4 -4.5 13
      vertex -7.4 -4.5 17
    endloop
  endfacet
  facet normal -0.751821 -0.659367 0
    outer loop
      vertex -7.73063 5.47402 13
      vertex -7.86863 5.63137 17
      vertex -7.86863 5.63137 13
    endloop
  endfacet
  facet normal -0.751821 -0.659367 0
    outer loop
      vertex -7.86863 5.63137 17
      vertex -7.73063 5.47402 13
      vertex -7.73063 5.47402 17
    endloop
  endfacet
  facet normal 0.659296 -0.751884 0
    outer loop
      vertex -10.1314 5.63137 13
      vertex -9.97402 5.76937 17
      vertex -10.1314 5.63137 17
    endloop
  endfacet
  facet normal 0.659296 -0.751884 0
    outer loop
      vertex -9.97402 5.76937 17
      vertex -10.1314 5.63137 13
      vertex -9.97402 5.76937 13
    endloop
  endfacet
  facet normal -0.946935 0.321426 0
    outer loop
      vertex -7.52179 -5.11229 13
      vertex -7.45452 -4.91411 17
      vertex -7.45452 -4.91411 13
    endloop
  endfacet
  facet normal -0.946935 0.321426 0
    outer loop
      vertex -7.45452 -4.91411 17
      vertex -7.52179 -5.11229 13
      vertex -7.52179 -5.11229 17
    endloop
  endfacet
  facet normal 0.321426 0.946935 -0
    outer loop
      vertex -9.41411 -6.04548 13
      vertex -9.61229 -5.97821 17
      vertex -9.41411 -6.04548 17
    endloop
  endfacet
  facet normal 0.321426 0.946935 0
    outer loop
      vertex -9.61229 -5.97821 17
      vertex -9.41411 -6.04548 13
      vertex -9.61229 -5.97821 13
    endloop
  endfacet
  facet normal -0.442295 0.89687 0
    outer loop
      vertex -8.2 -5.88564 13
      vertex -8.38771 -5.97821 17
      vertex -8.2 -5.88564 17
    endloop
  endfacet
  facet normal -0.442295 0.89687 0
    outer loop
      vertex -8.38771 -5.97821 17
      vertex -8.2 -5.88564 13
      vertex -8.38771 -5.97821 13
    endloop
  endfacet
  facet normal 0.751821 -0.659367 0
    outer loop
      vertex -10.2694 5.47402 17
      vertex -10.1314 5.63137 13
      vertex -10.1314 5.63137 17
    endloop
  endfacet
  facet normal 0.751821 -0.659367 0
    outer loop
      vertex -10.1314 5.63137 13
      vertex -10.2694 5.47402 17
      vertex -10.2694 5.47402 13
    endloop
  endfacet
  facet normal 0.831638 0.555318 0
    outer loop
      vertex -10.2694 -5.47402 17
      vertex -10.3856 -5.3 13
      vertex -10.3856 -5.3 17
    endloop
  endfacet
  facet normal 0.831638 0.555318 0
    outer loop
      vertex -10.3856 -5.3 13
      vertex -10.2694 -5.47402 17
      vertex -10.2694 -5.47402 13
    endloop
  endfacet
  facet normal -0.831484 -0.555549 0
    outer loop
      vertex -7.61436 5.3 13
      vertex -7.73063 5.47402 17
      vertex -7.73063 5.47402 13
    endloop
  endfacet
  facet normal -0.831484 -0.555549 0
    outer loop
      vertex -7.73063 5.47402 17
      vertex -7.61436 5.3 13
      vertex -7.61436 5.3 17
    endloop
  endfacet
  facet normal -0.195087 -0.980786 0
    outer loop
      vertex -8.79116 6.08631 13
      vertex -8.58589 6.04548 17
      vertex -8.79116 6.08631 17
    endloop
  endfacet
  facet normal -0.195087 -0.980786 -0
    outer loop
      vertex -8.58589 6.04548 17
      vertex -8.79116 6.08631 13
      vertex -8.58589 6.04548 13
    endloop
  endfacet
  facet normal -0.321426 -0.946935 0
    outer loop
      vertex -8.58589 6.04548 13
      vertex -8.38771 5.97821 17
      vertex -8.58589 6.04548 17
    endloop
  endfacet
  facet normal -0.321426 -0.946935 -0
    outer loop
      vertex -8.38771 5.97821 17
      vertex -8.58589 6.04548 13
      vertex -8.38771 5.97821 13
    endloop
  endfacet
  facet normal 0.442295 -0.89687 0
    outer loop
      vertex -9.8 5.88564 13
      vertex -9.61229 5.97821 17
      vertex -9.8 5.88564 17
    endloop
  endfacet
  facet normal 0.442295 -0.89687 0
    outer loop
      vertex -9.61229 5.97821 17
      vertex -9.8 5.88564 13
      vertex -9.61229 5.97821 13
    endloop
  endfacet
  facet normal -0.980786 0.195087 0
    outer loop
      vertex -7.45452 -4.91411 13
      vertex -7.41369 -4.70884 17
      vertex -7.41369 -4.70884 13
    endloop
  endfacet
  facet normal -0.980786 0.195087 0
    outer loop
      vertex -7.41369 -4.70884 17
      vertex -7.45452 -4.91411 13
      vertex -7.45452 -4.91411 17
    endloop
  endfacet
  facet normal -0.555549 0.831484 0
    outer loop
      vertex -8.02598 -5.76937 13
      vertex -8.2 -5.88564 17
      vertex -8.02598 -5.76937 17
    endloop
  endfacet
  facet normal -0.555549 0.831484 0
    outer loop
      vertex -8.2 -5.88564 17
      vertex -8.02598 -5.76937 13
      vertex -8.2 -5.88564 13
    endloop
  endfacet
  facet normal 1 -0 0
    outer loop
      vertex -10.6 -4.5 17
      vertex -10.6 4.5 13
      vertex -10.6 4.5 17
    endloop
  endfacet
  facet normal 1 0 0
    outer loop
      vertex -10.6 4.5 13
      vertex -10.6 -4.5 17
      vertex -10.6 -4.5 13
    endloop
  endfacet
  facet normal -0.195087 0.980786 0
    outer loop
      vertex -8.58589 -6.04548 13
      vertex -8.79116 -6.08631 17
      vertex -8.58589 -6.04548 17
    endloop
  endfacet
  facet normal -0.195087 0.980786 0
    outer loop
      vertex -8.79116 -6.08631 17
      vertex -8.58589 -6.04548 13
      vertex -8.79116 -6.08631 13
    endloop
  endfacet
  facet normal 0.831638 -0.555318 0
    outer loop
      vertex -10.3856 5.3 17
      vertex -10.2694 5.47402 13
      vertex -10.2694 5.47402 17
    endloop
  endfacet
  facet normal 0.831638 -0.555318 0
    outer loop
      vertex -10.2694 5.47402 13
      vertex -10.3856 5.3 17
      vertex -10.3856 5.3 13
    endloop
  endfacet
  facet normal 0.896813 -0.44241 0
    outer loop
      vertex -10.4782 5.11229 17
      vertex -10.3856 5.3 13
      vertex -10.3856 5.3 17
    endloop
  endfacet
  facet normal 0.896813 -0.44241 0
    outer loop
      vertex -10.3856 5.3 13
      vertex -10.4782 5.11229 17
      vertex -10.4782 5.11229 13
    endloop
  endfacet
  facet normal -0.555549 -0.831484 0
    outer loop
      vertex -8.2 5.88564 13
      vertex -8.02598 5.76937 17
      vertex -8.2 5.88564 17
    endloop
  endfacet
  facet normal -0.555549 -0.831484 -0
    outer loop
      vertex -8.02598 5.76937 17
      vertex -8.2 5.88564 13
      vertex -8.02598 5.76937 13
    endloop
  endfacet
  facet normal -0.321426 0.946935 0
    outer loop
      vertex -8.38771 -5.97821 13
      vertex -8.58589 -6.04548 17
      vertex -8.38771 -5.97821 17
    endloop
  endfacet
  facet normal -0.321426 0.946935 0
    outer loop
      vertex -8.58589 -6.04548 17
      vertex -8.38771 -5.97821 13
      vertex -8.58589 -6.04548 13
    endloop
  endfacet
  facet normal 0.946891 0.321555 0
    outer loop
      vertex -10.4782 -5.11229 17
      vertex -10.5455 -4.91411 13
      vertex -10.5455 -4.91411 17
    endloop
  endfacet
  facet normal 0.946891 0.321555 0
    outer loop
      vertex -10.5455 -4.91411 13
      vertex -10.4782 -5.11229 17
      vertex -10.4782 -5.11229 13
    endloop
  endfacet
  facet normal -0.442295 -0.89687 0
    outer loop
      vertex -8.38771 5.97821 13
      vertex -8.2 5.88564 17
      vertex -8.38771 5.97821 17
    endloop
  endfacet
  facet normal -0.442295 -0.89687 -0
    outer loop
      vertex -8.2 5.88564 17
      vertex -8.38771 5.97821 13
      vertex -8.2 5.88564 13
    endloop
  endfacet
  facet normal -0.659367 -0.751821 0
    outer loop
      vertex -8.02598 5.76937 13
      vertex -7.86863 5.63137 17
      vertex -8.02598 5.76937 17
    endloop
  endfacet
  facet normal -0.659367 -0.751821 -0
    outer loop
      vertex -7.86863 5.63137 17
      vertex -8.02598 5.76937 13
      vertex -7.86863 5.63137 13
    endloop
  endfacet
  facet normal -0.997858 -0.0654122 0
    outer loop
      vertex -7.4 4.5 13
      vertex -7.41369 4.70884 17
      vertex -7.41369 4.70884 13
    endloop
  endfacet
  facet normal -0.997858 -0.0654122 0
    outer loop
      vertex -7.41369 4.70884 17
      vertex -7.4 4.5 13
      vertex -7.4 4.5 17
    endloop
  endfacet
  facet normal -0.980786 -0.195087 0
    outer loop
      vertex -7.41369 4.70884 13
      vertex -7.45452 4.91411 17
      vertex -7.45452 4.91411 13
    endloop
  endfacet
  facet normal -0.980786 -0.195087 0
    outer loop
      vertex -7.45452 4.91411 17
      vertex -7.41369 4.70884 13
      vertex -7.41369 4.70884 17
    endloop
  endfacet
  facet normal 0.195087 0.980786 -0
    outer loop
      vertex -9.20884 -6.08631 13
      vertex -9.41411 -6.04548 17
      vertex -9.20884 -6.08631 17
    endloop
  endfacet
  facet normal 0.195087 0.980786 0
    outer loop
      vertex -9.41411 -6.04548 17
      vertex -9.20884 -6.08631 13
      vertex -9.41411 -6.04548 13
    endloop
  endfacet
  facet normal 0.980813 0.194949 0
    outer loop
      vertex -10.5455 -4.91411 17
      vertex -10.5863 -4.70884 13
      vertex -10.5863 -4.70884 17
    endloop
  endfacet
  facet normal 0.980813 0.194949 0
    outer loop
      vertex -10.5863 -4.70884 13
      vertex -10.5455 -4.91411 17
      vertex -10.5455 -4.91411 13
    endloop
  endfacet
  facet normal -0.946935 -0.321426 0
    outer loop
      vertex -7.45452 4.91411 13
      vertex -7.52179 5.11229 17
      vertex -7.52179 5.11229 13
    endloop
  endfacet
  facet normal -0.946935 -0.321426 0
    outer loop
      vertex -7.52179 5.11229 17
      vertex -7.45452 4.91411 13
      vertex -7.45452 4.91411 17
    endloop
  endfacet
  facet normal 0.946891 -0.321555 0
    outer loop
      vertex -10.5455 4.91411 17
      vertex -10.4782 5.11229 13
      vertex -10.4782 5.11229 17
    endloop
  endfacet
  facet normal 0.946891 -0.321555 0
    outer loop
      vertex -10.4782 5.11229 13
      vertex -10.5455 4.91411 17
      vertex -10.5455 4.91411 13
    endloop
  endfacet
  facet normal 0.751821 0.659367 0
    outer loop
      vertex -10.1314 -5.63137 17
      vertex -10.2694 -5.47402 13
      vertex -10.2694 -5.47402 17
    endloop
  endfacet
  facet normal 0.751821 0.659367 0
    outer loop
      vertex -10.2694 -5.47402 13
      vertex -10.1314 -5.63137 17
      vertex -10.1314 -5.63137 13
    endloop
  endfacet
  facet normal -0.89687 0.442295 0
    outer loop
      vertex -7.61436 -5.3 13
      vertex -7.52179 -5.11229 17
      vertex -7.52179 -5.11229 13
    endloop
  endfacet
  facet normal -0.89687 0.442295 0
    outer loop
      vertex -7.52179 -5.11229 17
      vertex -7.61436 -5.3 13
      vertex -7.61436 -5.3 17
    endloop
  endfacet
  facet normal -0.751821 0.659367 0
    outer loop
      vertex -7.86863 -5.63137 13
      vertex -7.73063 -5.47402 17
      vertex -7.73063 -5.47402 13
    endloop
  endfacet
  facet normal -0.751821 0.659367 0
    outer loop
      vertex -7.73063 -5.47402 17
      vertex -7.86863 -5.63137 13
      vertex -7.86863 -5.63137 17
    endloop
  endfacet
  facet normal -0.831484 0.555549 0
    outer loop
      vertex -7.73063 -5.47402 13
      vertex -7.61436 -5.3 17
      vertex -7.61436 -5.3 13
    endloop
  endfacet
  facet normal -0.831484 0.555549 0
    outer loop
      vertex -7.61436 -5.3 17
      vertex -7.73063 -5.47402 13
      vertex -7.73063 -5.47402 17
    endloop
  endfacet
  facet normal 0.980786 0.195087 0
    outer loop
      vertex -6.04548 -9.41411 17
      vertex -6.08631 -9.20884 13
      vertex -6.08631 -9.20884 17
    endloop
  endfacet
  facet normal 0.980786 0.195087 0
    outer loop
      vertex -6.08631 -9.20884 13
      vertex -6.04548 -9.41411 17
      vertex -6.04548 -9.41411 13
    endloop
  endfacet
  facet normal -0.997858 -0.0654122 0
    outer loop
      vertex 6.1 -9 13
      vertex 6.08631 -8.79116 17
      vertex 6.08631 -8.79116 13
    endloop
  endfacet
  facet normal -0.997858 -0.0654122 0
    outer loop
      vertex 6.08631 -8.79116 17
      vertex 6.1 -9 13
      vertex 6.1 -9 17
    endloop
  endfacet
  facet normal 0.946935 0.321426 0
    outer loop
      vertex -5.97821 -9.61229 17
      vertex -6.04548 -9.41411 13
      vertex -6.04548 -9.41411 17
    endloop
  endfacet
  facet normal 0.946935 0.321426 0
    outer loop
      vertex -6.04548 -9.41411 13
      vertex -5.97821 -9.61229 17
      vertex -5.97821 -9.61229 13
    endloop
  endfacet
  facet normal -0.751884 0.659296 0
    outer loop
      vertex 5.63137 -10.1314 13
      vertex 5.76937 -9.97402 17
      vertex 5.76937 -9.97402 13
    endloop
  endfacet
  facet normal -0.751884 0.659296 0
    outer loop
      vertex 5.76937 -9.97402 17
      vertex 5.63137 -10.1314 13
      vertex 5.63137 -10.1314 17
    endloop
  endfacet
  facet normal -0.44241 0.896813 0
    outer loop
      vertex 5.3 -10.3856 13
      vertex 5.11229 -10.4782 17
      vertex 5.3 -10.3856 17
    endloop
  endfacet
  facet normal -0.44241 0.896813 0
    outer loop
      vertex 5.11229 -10.4782 17
      vertex 5.3 -10.3856 13
      vertex 5.11229 -10.4782 13
    endloop
  endfacet
  facet normal -0.831484 0.555549 0
    outer loop
      vertex 5.76937 -9.97402 13
      vertex 5.88564 -9.8 17
      vertex 5.88564 -9.8 13
    endloop
  endfacet
  facet normal -0.831484 0.555549 0
    outer loop
      vertex 5.88564 -9.8 17
      vertex 5.76937 -9.97402 13
      vertex 5.76937 -9.97402 17
    endloop
  endfacet
  facet normal 0.831484 0.555549 0
    outer loop
      vertex -5.76937 -9.97402 17
      vertex -5.88564 -9.8 13
      vertex -5.88564 -9.8 17
    endloop
  endfacet
  facet normal 0.831484 0.555549 0
    outer loop
      vertex -5.88564 -9.8 13
      vertex -5.76937 -9.97402 17
      vertex -5.76937 -9.97402 13
    endloop
  endfacet
  facet normal -0.0654598 0.997855 0
    outer loop
      vertex 4.70884 -10.5863 13
      vertex 4.5 -10.6 17
      vertex 4.70884 -10.5863 17
    endloop
  endfacet
  facet normal -0.0654598 0.997855 0
    outer loop
      vertex 4.5 -10.6 17
      vertex 4.70884 -10.5863 13
      vertex 4.5 -10.6 13
    endloop
  endfacet
  facet normal 0 1 -0
    outer loop
      vertex 4.5 -10.6 13
      vertex -4.5 -10.6 17
      vertex 4.5 -10.6 17
    endloop
  endfacet
  facet normal 0 1 0
    outer loop
      vertex -4.5 -10.6 17
      vertex 4.5 -10.6 13
      vertex -4.5 -10.6 13
    endloop
  endfacet
  facet normal 0.997858 0.0654122 0
    outer loop
      vertex -6.08631 -9.20884 17
      vertex -6.1 -9 13
      vertex -6.1 -9 17
    endloop
  endfacet
  facet normal 0.997858 0.0654122 0
    outer loop
      vertex -6.1 -9 13
      vertex -6.08631 -9.20884 17
      vertex -6.08631 -9.20884 13
    endloop
  endfacet
  facet normal -0.89687 0.442295 0
    outer loop
      vertex 5.88564 -9.8 13
      vertex 5.97821 -9.61229 17
      vertex 5.97821 -9.61229 13
    endloop
  endfacet
  facet normal -0.89687 0.442295 0
    outer loop
      vertex 5.97821 -9.61229 17
      vertex 5.88564 -9.8 13
      vertex 5.88564 -9.8 17
    endloop
  endfacet
  facet normal 0.442295 -0.89687 0
    outer loop
      vertex -5.3 -7.61436 13
      vertex -5.11229 -7.52179 17
      vertex -5.3 -7.61436 17
    endloop
  endfacet
  facet normal 0.442295 -0.89687 0
    outer loop
      vertex -5.11229 -7.52179 17
      vertex -5.3 -7.61436 13
      vertex -5.11229 -7.52179 13
    endloop
  endfacet
  facet normal -0.0654122 -0.997858 0
    outer loop
      vertex 4.5 -7.4 13
      vertex 4.70884 -7.41369 17
      vertex 4.5 -7.4 17
    endloop
  endfacet
  facet normal -0.0654122 -0.997858 -0
    outer loop
      vertex 4.70884 -7.41369 17
      vertex 4.5 -7.4 13
      vertex 4.70884 -7.41369 13
    endloop
  endfacet
  facet normal 0.997858 -0.0654122 0
    outer loop
      vertex -6.1 -9 17
      vertex -6.08631 -8.79116 13
      vertex -6.08631 -8.79116 17
    endloop
  endfacet
  facet normal 0.997858 -0.0654122 0
    outer loop
      vertex -6.08631 -8.79116 13
      vertex -6.1 -9 17
      vertex -6.1 -9 13
    endloop
  endfacet
  facet normal 0.0654598 0.997855 -0
    outer loop
      vertex -4.5 -10.6 13
      vertex -4.70884 -10.5863 17
      vertex -4.5 -10.6 17
    endloop
  endfacet
  facet normal 0.0654598 0.997855 0
    outer loop
      vertex -4.70884 -10.5863 17
      vertex -4.5 -10.6 13
      vertex -4.70884 -10.5863 13
    endloop
  endfacet
  facet normal -0.751821 -0.659367 0
    outer loop
      vertex 5.76937 -8.02598 13
      vertex 5.63137 -7.86863 17
      vertex 5.63137 -7.86863 13
    endloop
  endfacet
  facet normal -0.751821 -0.659367 0
    outer loop
      vertex 5.63137 -7.86863 17
      vertex 5.76937 -8.02598 13
      vertex 5.76937 -8.02598 17
    endloop
  endfacet
  facet normal 0.194949 0.980813 -0
    outer loop
      vertex -4.70884 -10.5863 13
      vertex -4.91411 -10.5455 17
      vertex -4.70884 -10.5863 17
    endloop
  endfacet
  facet normal 0.194949 0.980813 0
    outer loop
      vertex -4.91411 -10.5455 17
      vertex -4.70884 -10.5863 13
      vertex -4.91411 -10.5455 13
    endloop
  endfacet
  facet normal -0.997858 0.0654122 0
    outer loop
      vertex 6.08631 -9.20884 13
      vertex 6.1 -9 17
      vertex 6.1 -9 13
    endloop
  endfacet
  facet normal -0.997858 0.0654122 0
    outer loop
      vertex 6.1 -9 17
      vertex 6.08631 -9.20884 13
      vertex 6.08631 -9.20884 17
    endloop
  endfacet
  facet normal -0.980786 -0.195087 0
    outer loop
      vertex 6.08631 -8.79116 13
      vertex 6.04548 -8.58589 17
      vertex 6.04548 -8.58589 13
    endloop
  endfacet
  facet normal -0.980786 -0.195087 0
    outer loop
      vertex 6.04548 -8.58589 17
      vertex 6.08631 -8.79116 13
      vertex 6.08631 -8.79116 17
    endloop
  endfacet
  facet normal 0.659367 -0.751821 0
    outer loop
      vertex -5.63137 -7.86863 13
      vertex -5.47402 -7.73063 17
      vertex -5.63137 -7.86863 17
    endloop
  endfacet
  facet normal 0.659367 -0.751821 0
    outer loop
      vertex -5.47402 -7.73063 17
      vertex -5.63137 -7.86863 13
      vertex -5.47402 -7.73063 13
    endloop
  endfacet
  facet normal 0 -1 0
    outer loop
      vertex -4.5 -7.4 13
      vertex 4.5 -7.4 17
      vertex -4.5 -7.4 17
    endloop
  endfacet
  facet normal 0 -1 -0
    outer loop
      vertex 4.5 -7.4 17
      vertex -4.5 -7.4 13
      vertex 4.5 -7.4 13
    endloop
  endfacet
  facet normal -0.946935 0.321426 0
    outer loop
      vertex 5.97821 -9.61229 13
      vertex 6.04548 -9.41411 17
      vertex 6.04548 -9.41411 13
    endloop
  endfacet
  facet normal -0.946935 0.321426 0
    outer loop
      vertex 6.04548 -9.41411 17
      vertex 5.97821 -9.61229 13
      vertex 5.97821 -9.61229 17
    endloop
  endfacet
  facet normal -0.89687 -0.442295 0
    outer loop
      vertex 5.97821 -8.38771 13
      vertex 5.88564 -8.2 17
      vertex 5.88564 -8.2 13
    endloop
  endfacet
  facet normal -0.89687 -0.442295 0
    outer loop
      vertex 5.88564 -8.2 17
      vertex 5.97821 -8.38771 13
      vertex 5.97821 -8.38771 17
    endloop
  endfacet
  facet normal 0.659367 0.751821 -0
    outer loop
      vertex -5.47402 -10.2694 13
      vertex -5.63137 -10.1314 17
      vertex -5.47402 -10.2694 17
    endloop
  endfacet
  facet normal 0.659367 0.751821 0
    outer loop
      vertex -5.63137 -10.1314 17
      vertex -5.47402 -10.2694 13
      vertex -5.63137 -10.1314 13
    endloop
  endfacet
  facet normal -0.555318 0.831638 0
    outer loop
      vertex 5.47402 -10.2694 13
      vertex 5.3 -10.3856 17
      vertex 5.47402 -10.2694 17
    endloop
  endfacet
  facet normal -0.555318 0.831638 0
    outer loop
      vertex 5.3 -10.3856 17
      vertex 5.47402 -10.2694 13
      vertex 5.3 -10.3856 13
    endloop
  endfacet
  facet normal 0.555549 -0.831484 0
    outer loop
      vertex -5.47402 -7.73063 13
      vertex -5.3 -7.61436 17
      vertex -5.47402 -7.73063 17
    endloop
  endfacet
  facet normal 0.555549 -0.831484 0
    outer loop
      vertex -5.3 -7.61436 17
      vertex -5.47402 -7.73063 13
      vertex -5.3 -7.61436 13
    endloop
  endfacet
  facet normal 0.980786 -0.195087 0
    outer loop
      vertex -6.08631 -8.79116 17
      vertex -6.04548 -8.58589 13
      vertex -6.04548 -8.58589 17
    endloop
  endfacet
  facet normal 0.980786 -0.195087 0
    outer loop
      vertex -6.04548 -8.58589 13
      vertex -6.08631 -8.79116 17
      vertex -6.08631 -8.79116 13
    endloop
  endfacet
  facet normal 0.946935 -0.321426 0
    outer loop
      vertex -6.04548 -8.58589 17
      vertex -5.97821 -8.38771 13
      vertex -5.97821 -8.38771 17
    endloop
  endfacet
  facet normal 0.946935 -0.321426 0
    outer loop
      vertex -5.97821 -8.38771 13
      vertex -6.04548 -8.58589 17
      vertex -6.04548 -8.58589 13
    endloop
  endfacet
  facet normal 0.89687 0.442295 0
    outer loop
      vertex -5.88564 -9.8 17
      vertex -5.97821 -9.61229 13
      vertex -5.97821 -9.61229 17
    endloop
  endfacet
  facet normal 0.89687 0.442295 0
    outer loop
      vertex -5.97821 -9.61229 13
      vertex -5.88564 -9.8 17
      vertex -5.88564 -9.8 13
    endloop
  endfacet
  facet normal -0.195087 -0.980786 0
    outer loop
      vertex 4.70884 -7.41369 13
      vertex 4.91411 -7.45452 17
      vertex 4.70884 -7.41369 17
    endloop
  endfacet
  facet normal -0.195087 -0.980786 -0
    outer loop
      vertex 4.91411 -7.45452 17
      vertex 4.70884 -7.41369 13
      vertex 4.91411 -7.45452 13
    endloop
  endfacet
  facet normal -0.831484 -0.555549 0
    outer loop
      vertex 5.88564 -8.2 13
      vertex 5.76937 -8.02598 17
      vertex 5.76937 -8.02598 13
    endloop
  endfacet
  facet normal -0.831484 -0.555549 0
    outer loop
      vertex 5.76937 -8.02598 17
      vertex 5.88564 -8.2 13
      vertex 5.88564 -8.2 17
    endloop
  endfacet
  facet normal 0.44241 0.896813 -0
    outer loop
      vertex -5.11229 -10.4782 13
      vertex -5.3 -10.3856 17
      vertex -5.11229 -10.4782 17
    endloop
  endfacet
  facet normal 0.44241 0.896813 0
    outer loop
      vertex -5.3 -10.3856 17
      vertex -5.11229 -10.4782 13
      vertex -5.3 -10.3856 13
    endloop
  endfacet
  facet normal -0.946935 -0.321426 0
    outer loop
      vertex 6.04548 -8.58589 13
      vertex 5.97821 -8.38771 17
      vertex 5.97821 -8.38771 13
    endloop
  endfacet
  facet normal -0.946935 -0.321426 0
    outer loop
      vertex 5.97821 -8.38771 17
      vertex 6.04548 -8.58589 13
      vertex 6.04548 -8.58589 17
    endloop
  endfacet
  facet normal 0.555318 0.831638 -0
    outer loop
      vertex -5.3 -10.3856 13
      vertex -5.47402 -10.2694 17
      vertex -5.3 -10.3856 17
    endloop
  endfacet
  facet normal 0.555318 0.831638 0
    outer loop
      vertex -5.47402 -10.2694 17
      vertex -5.3 -10.3856 13
      vertex -5.47402 -10.2694 13
    endloop
  endfacet
  facet normal -0.321426 -0.946935 0
    outer loop
      vertex 4.91411 -7.45452 13
      vertex 5.11229 -7.52179 17
      vertex 4.91411 -7.45452 17
    endloop
  endfacet
  facet normal -0.321426 -0.946935 -0
    outer loop
      vertex 5.11229 -7.52179 17
      vertex 4.91411 -7.45452 13
      vertex 5.11229 -7.52179 13
    endloop
  endfacet
  facet normal -0.321555 0.946891 0
    outer loop
      vertex 5.11229 -10.4782 13
      vertex 4.91411 -10.5455 17
      vertex 5.11229 -10.4782 17
    endloop
  endfacet
  facet normal -0.321555 0.946891 0
    outer loop
      vertex 4.91411 -10.5455 17
      vertex 5.11229 -10.4782 13
      vertex 4.91411 -10.5455 13
    endloop
  endfacet
  facet normal 0.751884 0.659296 0
    outer loop
      vertex -5.63137 -10.1314 17
      vertex -5.76937 -9.97402 13
      vertex -5.76937 -9.97402 17
    endloop
  endfacet
  facet normal 0.751884 0.659296 0
    outer loop
      vertex -5.76937 -9.97402 13
      vertex -5.63137 -10.1314 17
      vertex -5.63137 -10.1314 13
    endloop
  endfacet
  facet normal 0.89687 -0.442295 0
    outer loop
      vertex -5.97821 -8.38771 17
      vertex -5.88564 -8.2 13
      vertex -5.88564 -8.2 17
    endloop
  endfacet
  facet normal 0.89687 -0.442295 0
    outer loop
      vertex -5.88564 -8.2 13
      vertex -5.97821 -8.38771 17
      vertex -5.97821 -8.38771 13
    endloop
  endfacet
  facet normal 0.831484 -0.555549 0
    outer loop
      vertex -5.88564 -8.2 17
      vertex -5.76937 -8.02598 13
      vertex -5.76937 -8.02598 17
    endloop
  endfacet
  facet normal 0.831484 -0.555549 0
    outer loop
      vertex -5.76937 -8.02598 13
      vertex -5.88564 -8.2 17
      vertex -5.88564 -8.2 13
    endloop
  endfacet
  facet normal 0.751821 -0.659367 0
    outer loop
      vertex -5.76937 -8.02598 17
      vertex -5.63137 -7.86863 13
      vertex -5.63137 -7.86863 17
    endloop
  endfacet
  facet normal 0.751821 -0.659367 0
    outer loop
      vertex -5.63137 -7.86863 13
      vertex -5.76937 -8.02598 17
      vertex -5.76937 -8.02598 13
    endloop
  endfacet
  facet normal -0.442295 -0.89687 0
    outer loop
      vertex 5.11229 -7.52179 13
      vertex 5.3 -7.61436 17
      vertex 5.11229 -7.52179 17
    endloop
  endfacet
  facet normal -0.442295 -0.89687 -0
    outer loop
      vertex 5.3 -7.61436 17
      vertex 5.11229 -7.52179 13
      vertex 5.3 -7.61436 13
    endloop
  endfacet
  facet normal 0.0654122 -0.997858 0
    outer loop
      vertex -4.70884 -7.41369 13
      vertex -4.5 -7.4 17
      vertex -4.70884 -7.41369 17
    endloop
  endfacet
  facet normal 0.0654122 -0.997858 0
    outer loop
      vertex -4.5 -7.4 17
      vertex -4.70884 -7.41369 13
      vertex -4.5 -7.4 13
    endloop
  endfacet
  facet normal 0.195087 -0.980786 0
    outer loop
      vertex -4.91411 -7.45452 13
      vertex -4.70884 -7.41369 17
      vertex -4.91411 -7.45452 17
    endloop
  endfacet
  facet normal 0.195087 -0.980786 0
    outer loop
      vertex -4.70884 -7.41369 17
      vertex -4.91411 -7.45452 13
      vertex -4.70884 -7.41369 13
    endloop
  endfacet
  facet normal -0.980786 0.195087 0
    outer loop
      vertex 6.04548 -9.41411 13
      vertex 6.08631 -9.20884 17
      vertex 6.08631 -9.20884 13
    endloop
  endfacet
  facet normal -0.980786 0.195087 0
    outer loop
      vertex 6.08631 -9.20884 17
      vertex 6.04548 -9.41411 13
      vertex 6.04548 -9.41411 17
    endloop
  endfacet
  facet normal -0.194949 0.980813 0
    outer loop
      vertex 4.91411 -10.5455 13
      vertex 4.70884 -10.5863 17
      vertex 4.91411 -10.5455 17
    endloop
  endfacet
  facet normal -0.194949 0.980813 0
    outer loop
      vertex 4.70884 -10.5863 17
      vertex 4.91411 -10.5455 13
      vertex 4.70884 -10.5863 13
    endloop
  endfacet
  facet normal 0.321426 -0.946935 0
    outer loop
      vertex -5.11229 -7.52179 13
      vertex -4.91411 -7.45452 17
      vertex -5.11229 -7.52179 17
    endloop
  endfacet
  facet normal 0.321426 -0.946935 0
    outer loop
      vertex -4.91411 -7.45452 17
      vertex -5.11229 -7.52179 13
      vertex -4.91411 -7.45452 13
    endloop
  endfacet
  facet normal 0.321555 0.946891 -0
    outer loop
      vertex -4.91411 -10.5455 13
      vertex -5.11229 -10.4782 17
      vertex -4.91411 -10.5455 17
    endloop
  endfacet
  facet normal 0.321555 0.946891 0
    outer loop
      vertex -5.11229 -10.4782 17
      vertex -4.91411 -10.5455 13
      vertex -5.11229 -10.4782 13
    endloop
  endfacet
  facet normal -0.659367 0.751821 0
    outer loop
      vertex 5.63137 -10.1314 13
      vertex 5.47402 -10.2694 17
      vertex 5.63137 -10.1314 17
    endloop
  endfacet
  facet normal -0.659367 0.751821 0
    outer loop
      vertex 5.47402 -10.2694 17
      vertex 5.63137 -10.1314 13
      vertex 5.47402 -10.2694 13
    endloop
  endfacet
  facet normal -0.659367 -0.751821 0
    outer loop
      vertex 5.47402 -7.73063 13
      vertex 5.63137 -7.86863 17
      vertex 5.47402 -7.73063 17
    endloop
  endfacet
  facet normal -0.659367 -0.751821 -0
    outer loop
      vertex 5.63137 -7.86863 17
      vertex 5.47402 -7.73063 13
      vertex 5.63137 -7.86863 13
    endloop
  endfacet
  facet normal -0.555549 -0.831484 0
    outer loop
      vertex 5.3 -7.61436 13
      vertex 5.47402 -7.73063 17
      vertex 5.3 -7.61436 17
    endloop
  endfacet
  facet normal -0.555549 -0.831484 -0
    outer loop
      vertex 5.47402 -7.73063 17
      vertex 5.3 -7.61436 13
      vertex 5.47402 -7.73063 13
    endloop
  endfacet
  facet normal -0.195059 -0.980791 0
    outer loop
      vertex 22.2088 1.58631 13
      vertex 22.4141 1.54548 17
      vertex 22.2088 1.58631 17
    endloop
  endfacet
  facet normal -0.195059 -0.980791 -0
    outer loop
      vertex 22.4141 1.54548 17
      vertex 22.2088 1.58631 13
      vertex 22.4141 1.54548 13
    endloop
  endfacet
  facet normal -0.980813 -0.19495 0
    outer loop
      vertex 23.5863 0.208841 13
      vertex 23.5455 0.41411 17
      vertex 23.5455 0.41411 13
    endloop
  endfacet
  facet normal -0.980813 -0.19495 0
    outer loop
      vertex 23.5455 0.41411 17
      vertex 23.5863 0.208841 13
      vertex 23.5863 0.208841 17
    endloop
  endfacet
  facet normal -0.997855 -0.0654594 0
    outer loop
      vertex 23.6 0 13
      vertex 23.5863 0.208841 17
      vertex 23.5863 0.208841 13
    endloop
  endfacet
  facet normal -0.997855 -0.0654594 0
    outer loop
      vertex 23.5863 0.208841 17
      vertex 23.6 0 13
      vertex 23.6 0 17
    endloop
  endfacet
  facet normal -0.946892 -0.321551 0
    outer loop
      vertex 23.5455 0.41411 13
      vertex 23.4782 0.612293 17
      vertex 23.4782 0.612293 13
    endloop
  endfacet
  facet normal -0.946892 -0.321551 0
    outer loop
      vertex 23.4782 0.612293 17
      vertex 23.5455 0.41411 13
      vertex 23.5455 0.41411 17
    endloop
  endfacet
  facet normal -0.831637 -0.55532 0
    outer loop
      vertex 23.3856 0.799999 13
      vertex 23.2694 0.974018 17
      vertex 23.2694 0.974018 13
    endloop
  endfacet
  facet normal -0.831637 -0.55532 0
    outer loop
      vertex 23.2694 0.974018 17
      vertex 23.3856 0.799999 13
      vertex 23.3856 0.799999 17
    endloop
  endfacet
  facet normal -0.321397 -0.946944 0
    outer loop
      vertex 22.4141 1.54548 13
      vertex 22.6123 1.47821 17
      vertex 22.4141 1.54548 17
    endloop
  endfacet
  facet normal -0.321397 -0.946944 -0
    outer loop
      vertex 22.6123 1.47821 17
      vertex 22.4141 1.54548 13
      vertex 22.6123 1.47821 13
    endloop
  endfacet
  facet normal -0.997855 0.0654594 0
    outer loop
      vertex 23.5863 -0.208841 13
      vertex 23.6 0 17
      vertex 23.6 0 13
    endloop
  endfacet
  facet normal -0.997855 0.0654594 0
    outer loop
      vertex 23.6 0 17
      vertex 23.5863 -0.208841 13
      vertex 23.5863 -0.208841 17
    endloop
  endfacet
  facet normal 0.555593 0.831454 -0
    outer loop
      vertex 21.2 -1.38564 13
      vertex 21.026 -1.26937 17
      vertex 21.2 -1.38564 17
    endloop
  endfacet
  facet normal 0.555593 0.831454 0
    outer loop
      vertex 21.026 -1.26937 17
      vertex 21.2 -1.38564 13
      vertex 21.026 -1.26937 13
    endloop
  endfacet
  facet normal 0.321397 0.946944 -0
    outer loop
      vertex 21.5859 -1.54548 13
      vertex 21.3877 -1.47821 17
      vertex 21.5859 -1.54548 17
    endloop
  endfacet
  facet normal 0.321397 0.946944 0
    outer loop
      vertex 21.3877 -1.47821 17
      vertex 21.5859 -1.54548 13
      vertex 21.3877 -1.47821 13
    endloop
  endfacet
  facet normal -0.896809 -0.442418 0
    outer loop
      vertex 23.4782 0.612293 13
      vertex 23.3856 0.799999 17
      vertex 23.3856 0.799999 13
    endloop
  endfacet
  facet normal -0.896809 -0.442418 0
    outer loop
      vertex 23.3856 0.799999 17
      vertex 23.4782 0.612293 13
      vertex 23.4782 0.612293 17
    endloop
  endfacet
  facet normal 0.321397 -0.946944 0
    outer loop
      vertex 21.3877 1.47821 13
      vertex 21.5859 1.54548 17
      vertex 21.3877 1.47821 17
    endloop
  endfacet
  facet normal 0.321397 -0.946944 0
    outer loop
      vertex 21.5859 1.54548 17
      vertex 21.3877 1.47821 13
      vertex 21.5859 1.54548 13
    endloop
  endfacet
  facet normal -0.751826 -0.659362 0
    outer loop
      vertex 23.2694 0.974018 13
      vertex 23.1314 1.13137 17
      vertex 23.1314 1.13137 13
    endloop
  endfacet
  facet normal -0.751826 -0.659362 0
    outer loop
      vertex 23.1314 1.13137 17
      vertex 23.2694 0.974018 13
      vertex 23.2694 0.974018 17
    endloop
  endfacet
  facet normal -0.946892 0.321551 0
    outer loop
      vertex 23.4782 -0.612293 13
      vertex 23.5455 -0.41411 17
      vertex 23.5455 -0.41411 13
    endloop
  endfacet
  facet normal -0.946892 0.321551 0
    outer loop
      vertex 23.5455 -0.41411 17
      vertex 23.4782 -0.612293 13
      vertex 23.4782 -0.612293 17
    endloop
  endfacet
  facet normal 0.751826 0.659362 0
    outer loop
      vertex 20.8686 -1.13137 17
      vertex 20.7306 -0.974018 13
      vertex 20.7306 -0.974018 17
    endloop
  endfacet
  facet normal 0.751826 0.659362 0
    outer loop
      vertex 20.7306 -0.974018 13
      vertex 20.8686 -1.13137 17
      vertex 20.8686 -1.13137 13
    endloop
  endfacet
  facet normal -0.980813 0.19495 0
    outer loop
      vertex 23.5455 -0.41411 13
      vertex 23.5863 -0.208841 17
      vertex 23.5863 -0.208841 13
    endloop
  endfacet
  facet normal -0.980813 0.19495 0
    outer loop
      vertex 23.5863 -0.208841 17
      vertex 23.5455 -0.41411 13
      vertex 23.5455 -0.41411 17
    endloop
  endfacet
  facet normal 0.659248 -0.751925 0
    outer loop
      vertex 20.8686 1.13137 13
      vertex 21.026 1.26937 17
      vertex 20.8686 1.13137 17
    endloop
  endfacet
  facet normal 0.659248 -0.751925 0
    outer loop
      vertex 21.026 1.26937 17
      vertex 20.8686 1.13137 13
      vertex 21.026 1.26937 13
    endloop
  endfacet
  facet normal 0.946892 0.321551 0
    outer loop
      vertex 20.5218 -0.612293 17
      vertex 20.4545 -0.41411 13
      vertex 20.4545 -0.41411 17
    endloop
  endfacet
  facet normal 0.946892 0.321551 0
    outer loop
      vertex 20.4545 -0.41411 13
      vertex 20.5218 -0.612293 17
      vertex 20.5218 -0.612293 13
    endloop
  endfacet
  facet normal -0.831637 0.55532 0
    outer loop
      vertex 23.2694 -0.974018 13
      vertex 23.3856 -0.799999 17
      vertex 23.3856 -0.799999 13
    endloop
  endfacet
  facet normal -0.831637 0.55532 0
    outer loop
      vertex 23.3856 -0.799999 17
      vertex 23.2694 -0.974018 13
      vertex 23.2694 -0.974018 17
    endloop
  endfacet
  facet normal -0.442314 -0.89686 0
    outer loop
      vertex 22.6123 1.47821 13
      vertex 22.8 1.38564 17
      vertex 22.6123 1.47821 17
    endloop
  endfacet
  facet normal -0.442314 -0.89686 -0
    outer loop
      vertex 22.8 1.38564 17
      vertex 22.6123 1.47821 13
      vertex 22.8 1.38564 13
    endloop
  endfacet
  facet normal 0.442314 -0.89686 0
    outer loop
      vertex 21.2 1.38564 13
      vertex 21.3877 1.47821 17
      vertex 21.2 1.38564 17
    endloop
  endfacet
  facet normal 0.442314 -0.89686 0
    outer loop
      vertex 21.3877 1.47821 17
      vertex 21.2 1.38564 13
      vertex 21.3877 1.47821 13
    endloop
  endfacet
  facet normal -0.442314 0.89686 0
    outer loop
      vertex 22.8 -1.38564 13
      vertex 22.6123 -1.47821 17
      vertex 22.8 -1.38564 17
    endloop
  endfacet
  facet normal -0.442314 0.89686 0
    outer loop
      vertex 22.6123 -1.47821 17
      vertex 22.8 -1.38564 13
      vertex 22.6123 -1.47821 13
    endloop
  endfacet
  facet normal -0.321397 0.946944 0
    outer loop
      vertex 22.6123 -1.47821 13
      vertex 22.4141 -1.54548 17
      vertex 22.6123 -1.47821 17
    endloop
  endfacet
  facet normal -0.321397 0.946944 0
    outer loop
      vertex 22.4141 -1.54548 17
      vertex 22.6123 -1.47821 13
      vertex 22.4141 -1.54548 13
    endloop
  endfacet
  facet normal 0.980813 0.19495 0
    outer loop
      vertex 20.4545 -0.41411 17
      vertex 20.4137 -0.208841 13
      vertex 20.4137 -0.208841 17
    endloop
  endfacet
  facet normal 0.980813 0.19495 0
    outer loop
      vertex 20.4137 -0.208841 13
      vertex 20.4545 -0.41411 17
      vertex 20.4545 -0.41411 13
    endloop
  endfacet
  facet normal 0.555593 -0.831454 0
    outer loop
      vertex 21.026 1.26937 13
      vertex 21.2 1.38564 17
      vertex 21.026 1.26937 17
    endloop
  endfacet
  facet normal 0.555593 -0.831454 0
    outer loop
      vertex 21.2 1.38564 17
      vertex 21.026 1.26937 13
      vertex 21.2 1.38564 13
    endloop
  endfacet
  facet normal -0.555593 0.831454 0
    outer loop
      vertex 22.974 -1.26937 13
      vertex 22.8 -1.38564 17
      vertex 22.974 -1.26937 17
    endloop
  endfacet
  facet normal -0.555593 0.831454 0
    outer loop
      vertex 22.8 -1.38564 17
      vertex 22.974 -1.26937 13
      vertex 22.8 -1.38564 13
    endloop
  endfacet
  facet normal -0.195059 0.980791 0
    outer loop
      vertex 22.4141 -1.54548 13
      vertex 22.2088 -1.58631 17
      vertex 22.4141 -1.54548 17
    endloop
  endfacet
  facet normal -0.195059 0.980791 0
    outer loop
      vertex 22.2088 -1.58631 17
      vertex 22.4141 -1.54548 13
      vertex 22.2088 -1.58631 13
    endloop
  endfacet
  facet normal -0.659248 -0.751925 0
    outer loop
      vertex 22.974 1.26937 13
      vertex 23.1314 1.13137 17
      vertex 22.974 1.26937 17
    endloop
  endfacet
  facet normal -0.659248 -0.751925 -0
    outer loop
      vertex 23.1314 1.13137 17
      vertex 22.974 1.26937 13
      vertex 23.1314 1.13137 13
    endloop
  endfacet
  facet normal 0.946892 -0.321551 0
    outer loop
      vertex 20.4545 0.41411 17
      vertex 20.5218 0.612293 13
      vertex 20.5218 0.612293 17
    endloop
  endfacet
  facet normal 0.946892 -0.321551 0
    outer loop
      vertex 20.5218 0.612293 13
      vertex 20.4545 0.41411 17
      vertex 20.4545 0.41411 13
    endloop
  endfacet
  facet normal -0.0654247 0.997858 0
    outer loop
      vertex 22.2088 -1.58631 13
      vertex 22 -1.6 17
      vertex 22.2088 -1.58631 17
    endloop
  endfacet
  facet normal -0.0654247 0.997858 0
    outer loop
      vertex 22 -1.6 17
      vertex 22.2088 -1.58631 13
      vertex 22 -1.6 13
    endloop
  endfacet
  facet normal 0.195059 -0.980791 0
    outer loop
      vertex 21.5859 1.54548 13
      vertex 21.7912 1.58631 17
      vertex 21.5859 1.54548 17
    endloop
  endfacet
  facet normal 0.195059 -0.980791 0
    outer loop
      vertex 21.7912 1.58631 17
      vertex 21.5859 1.54548 13
      vertex 21.7912 1.58631 13
    endloop
  endfacet
  facet normal 0.659248 0.751925 -0
    outer loop
      vertex 21.026 -1.26937 13
      vertex 20.8686 -1.13137 17
      vertex 21.026 -1.26937 17
    endloop
  endfacet
  facet normal 0.659248 0.751925 0
    outer loop
      vertex 20.8686 -1.13137 17
      vertex 21.026 -1.26937 13
      vertex 20.8686 -1.13137 13
    endloop
  endfacet
  facet normal 0.896809 -0.442418 0
    outer loop
      vertex 20.5218 0.612293 17
      vertex 20.6144 0.799999 13
      vertex 20.6144 0.799999 17
    endloop
  endfacet
  facet normal 0.896809 -0.442418 0
    outer loop
      vertex 20.6144 0.799999 13
      vertex 20.5218 0.612293 17
      vertex 20.5218 0.612293 13
    endloop
  endfacet
  facet normal -0.896809 0.442418 0
    outer loop
      vertex 23.3856 -0.799999 13
      vertex 23.4782 -0.612293 17
      vertex 23.4782 -0.612293 13
    endloop
  endfacet
  facet normal -0.896809 0.442418 0
    outer loop
      vertex 23.4782 -0.612293 17
      vertex 23.3856 -0.799999 13
      vertex 23.3856 -0.799999 17
    endloop
  endfacet
  facet normal -0.751826 0.659362 0
    outer loop
      vertex 23.1314 -1.13137 13
      vertex 23.2694 -0.974018 17
      vertex 23.2694 -0.974018 13
    endloop
  endfacet
  facet normal -0.751826 0.659362 0
    outer loop
      vertex 23.2694 -0.974018 17
      vertex 23.1314 -1.13137 13
      vertex 23.1314 -1.13137 17
    endloop
  endfacet
  facet normal 0.0654247 0.997858 -0
    outer loop
      vertex 22 -1.6 13
      vertex 21.7912 -1.58631 17
      vertex 22 -1.6 17
    endloop
  endfacet
  facet normal 0.0654247 0.997858 0
    outer loop
      vertex 21.7912 -1.58631 17
      vertex 22 -1.6 13
      vertex 21.7912 -1.58631 13
    endloop
  endfacet
  facet normal -0.0654247 -0.997858 0
    outer loop
      vertex 22 1.6 13
      vertex 22.2088 1.58631 17
      vertex 22 1.6 17
    endloop
  endfacet
  facet normal -0.0654247 -0.997858 -0
    outer loop
      vertex 22.2088 1.58631 17
      vertex 22 1.6 13
      vertex 22.2088 1.58631 13
    endloop
  endfacet
  facet normal -0.555593 -0.831454 0
    outer loop
      vertex 22.8 1.38564 13
      vertex 22.974 1.26937 17
      vertex 22.8 1.38564 17
    endloop
  endfacet
  facet normal -0.555593 -0.831454 -0
    outer loop
      vertex 22.974 1.26937 17
      vertex 22.8 1.38564 13
      vertex 22.974 1.26937 13
    endloop
  endfacet
  facet normal 0.997855 0.0654594 0
    outer loop
      vertex 20.4137 -0.208841 17
      vertex 20.4 0 13
      vertex 20.4 0 17
    endloop
  endfacet
  facet normal 0.997855 0.0654594 0
    outer loop
      vertex 20.4 0 13
      vertex 20.4137 -0.208841 17
      vertex 20.4137 -0.208841 13
    endloop
  endfacet
  facet normal 0.751826 -0.659362 0
    outer loop
      vertex 20.7306 0.974018 17
      vertex 20.8686 1.13137 13
      vertex 20.8686 1.13137 17
    endloop
  endfacet
  facet normal 0.751826 -0.659362 0
    outer loop
      vertex 20.8686 1.13137 13
      vertex 20.7306 0.974018 17
      vertex 20.7306 0.974018 13
    endloop
  endfacet
  facet normal 0.0654247 -0.997858 0
    outer loop
      vertex 21.7912 1.58631 13
      vertex 22 1.6 17
      vertex 21.7912 1.58631 17
    endloop
  endfacet
  facet normal 0.0654247 -0.997858 0
    outer loop
      vertex 22 1.6 17
      vertex 21.7912 1.58631 13
      vertex 22 1.6 13
    endloop
  endfacet
  facet normal 0.195059 0.980791 -0
    outer loop
      vertex 21.7912 -1.58631 13
      vertex 21.5859 -1.54548 17
      vertex 21.7912 -1.58631 17
    endloop
  endfacet
  facet normal 0.195059 0.980791 0
    outer loop
      vertex 21.5859 -1.54548 17
      vertex 21.7912 -1.58631 13
      vertex 21.5859 -1.54548 13
    endloop
  endfacet
  facet normal 0.980813 -0.19495 0
    outer loop
      vertex 20.4137 0.208841 17
      vertex 20.4545 0.41411 13
      vertex 20.4545 0.41411 17
    endloop
  endfacet
  facet normal 0.980813 -0.19495 0
    outer loop
      vertex 20.4545 0.41411 13
      vertex 20.4137 0.208841 17
      vertex 20.4137 0.208841 13
    endloop
  endfacet
  facet normal 0.997855 -0.0654594 0
    outer loop
      vertex 20.4 0 17
      vertex 20.4137 0.208841 13
      vertex 20.4137 0.208841 17
    endloop
  endfacet
  facet normal 0.997855 -0.0654594 0
    outer loop
      vertex 20.4137 0.208841 13
      vertex 20.4 0 17
      vertex 20.4 0 13
    endloop
  endfacet
  facet normal 0.442314 0.89686 -0
    outer loop
      vertex 21.3877 -1.47821 13
      vertex 21.2 -1.38564 17
      vertex 21.3877 -1.47821 17
    endloop
  endfacet
  facet normal 0.442314 0.89686 0
    outer loop
      vertex 21.2 -1.38564 17
      vertex 21.3877 -1.47821 13
      vertex 21.2 -1.38564 13
    endloop
  endfacet
  facet normal -0.659248 0.751925 0
    outer loop
      vertex 23.1314 -1.13137 13
      vertex 22.974 -1.26937 17
      vertex 23.1314 -1.13137 17
    endloop
  endfacet
  facet normal -0.659248 0.751925 0
    outer loop
      vertex 22.974 -1.26937 17
      vertex 23.1314 -1.13137 13
      vertex 22.974 -1.26937 13
    endloop
  endfacet
  facet normal 0.831637 -0.55532 0
    outer loop
      vertex 20.6144 0.799999 17
      vertex 20.7306 0.974018 13
      vertex 20.7306 0.974018 17
    endloop
  endfacet
  facet normal 0.831637 -0.55532 0
    outer loop
      vertex 20.7306 0.974018 13
      vertex 20.6144 0.799999 17
      vertex 20.6144 0.799999 13
    endloop
  endfacet
  facet normal 0.831637 0.55532 0
    outer loop
      vertex 20.7306 -0.974018 17
      vertex 20.6144 -0.799999 13
      vertex 20.6144 -0.799999 17
    endloop
  endfacet
  facet normal 0.831637 0.55532 0
    outer loop
      vertex 20.6144 -0.799999 13
      vertex 20.7306 -0.974018 17
      vertex 20.7306 -0.974018 13
    endloop
  endfacet
  facet normal 0.896809 0.442418 0
    outer loop
      vertex 20.6144 -0.799999 17
      vertex 20.5218 -0.612293 13
      vertex 20.5218 -0.612293 17
    endloop
  endfacet
  facet normal 0.896809 0.442418 0
    outer loop
      vertex 20.5218 -0.612293 13
      vertex 20.6144 -0.799999 17
      vertex 20.6144 -0.799999 13
    endloop
  endfacet
  facet normal 0.980791 -0.195059 0
    outer loop
      vertex -1.58631 22.2088 17
      vertex -1.54548 22.4141 13
      vertex -1.54548 22.4141 17
    endloop
  endfacet
  facet normal 0.980791 -0.195059 0
    outer loop
      vertex -1.54548 22.4141 13
      vertex -1.58631 22.2088 17
      vertex -1.58631 22.2088 13
    endloop
  endfacet
  facet normal 0.19495 -0.980813 0
    outer loop
      vertex -0.41411 23.5455 13
      vertex -0.208841 23.5863 17
      vertex -0.41411 23.5455 17
    endloop
  endfacet
  facet normal 0.19495 -0.980813 0
    outer loop
      vertex -0.208841 23.5863 17
      vertex -0.41411 23.5455 13
      vertex -0.208841 23.5863 13
    endloop
  endfacet
  facet normal 0.0654594 -0.997855 0
    outer loop
      vertex -0.208841 23.5863 13
      vertex 0 23.6 17
      vertex -0.208841 23.5863 17
    endloop
  endfacet
  facet normal 0.0654594 -0.997855 0
    outer loop
      vertex 0 23.6 17
      vertex -0.208841 23.5863 13
      vertex 0 23.6 13
    endloop
  endfacet
  facet normal 0.321551 -0.946892 0
    outer loop
      vertex -0.612293 23.4782 13
      vertex -0.41411 23.5455 17
      vertex -0.612293 23.4782 17
    endloop
  endfacet
  facet normal 0.321551 -0.946892 0
    outer loop
      vertex -0.41411 23.5455 17
      vertex -0.612293 23.4782 13
      vertex -0.41411 23.5455 13
    endloop
  endfacet
  facet normal 0.55532 -0.831637 0
    outer loop
      vertex -0.974018 23.2694 13
      vertex -0.799999 23.3856 17
      vertex -0.974018 23.2694 17
    endloop
  endfacet
  facet normal 0.55532 -0.831637 0
    outer loop
      vertex -0.799999 23.3856 17
      vertex -0.974018 23.2694 13
      vertex -0.799999 23.3856 13
    endloop
  endfacet
  facet normal 0.946944 -0.321397 0
    outer loop
      vertex -1.54548 22.4141 17
      vertex -1.47821 22.6123 13
      vertex -1.47821 22.6123 17
    endloop
  endfacet
  facet normal 0.946944 -0.321397 0
    outer loop
      vertex -1.47821 22.6123 13
      vertex -1.54548 22.4141 17
      vertex -1.54548 22.4141 13
    endloop
  endfacet
  facet normal -0.0654594 -0.997855 0
    outer loop
      vertex 0 23.6 13
      vertex 0.208841 23.5863 17
      vertex 0 23.6 17
    endloop
  endfacet
  facet normal -0.0654594 -0.997855 -0
    outer loop
      vertex 0.208841 23.5863 17
      vertex 0 23.6 13
      vertex 0.208841 23.5863 13
    endloop
  endfacet
  facet normal -0.831454 0.555593 0
    outer loop
      vertex 1.26937 21.026 13
      vertex 1.38564 21.2 17
      vertex 1.38564 21.2 13
    endloop
  endfacet
  facet normal -0.831454 0.555593 0
    outer loop
      vertex 1.38564 21.2 17
      vertex 1.26937 21.026 13
      vertex 1.26937 21.026 17
    endloop
  endfacet
  facet normal -0.946944 0.321397 0
    outer loop
      vertex 1.47821 21.3877 13
      vertex 1.54548 21.5859 17
      vertex 1.54548 21.5859 13
    endloop
  endfacet
  facet normal -0.946944 0.321397 0
    outer loop
      vertex 1.54548 21.5859 17
      vertex 1.47821 21.3877 13
      vertex 1.47821 21.3877 17
    endloop
  endfacet
  facet normal 0.442418 -0.896809 0
    outer loop
      vertex -0.799999 23.3856 13
      vertex -0.612293 23.4782 17
      vertex -0.799999 23.3856 17
    endloop
  endfacet
  facet normal 0.442418 -0.896809 0
    outer loop
      vertex -0.612293 23.4782 17
      vertex -0.799999 23.3856 13
      vertex -0.612293 23.4782 13
    endloop
  endfacet
  facet normal 0.659362 -0.751826 0
    outer loop
      vertex -1.13137 23.1314 13
      vertex -0.974018 23.2694 17
      vertex -1.13137 23.1314 17
    endloop
  endfacet
  facet normal 0.659362 -0.751826 0
    outer loop
      vertex -0.974018 23.2694 17
      vertex -1.13137 23.1314 13
      vertex -0.974018 23.2694 13
    endloop
  endfacet
  facet normal -0.55532 -0.831637 0
    outer loop
      vertex 0.799999 23.3856 13
      vertex 0.974018 23.2694 17
      vertex 0.799999 23.3856 17
    endloop
  endfacet
  facet normal -0.55532 -0.831637 -0
    outer loop
      vertex 0.974018 23.2694 17
      vertex 0.799999 23.3856 13
      vertex 0.974018 23.2694 13
    endloop
  endfacet
  facet normal -0.659362 0.751826 0
    outer loop
      vertex 1.13137 20.8686 13
      vertex 0.974018 20.7306 17
      vertex 1.13137 20.8686 17
    endloop
  endfacet
  facet normal -0.659362 0.751826 0
    outer loop
      vertex 0.974018 20.7306 17
      vertex 1.13137 20.8686 13
      vertex 0.974018 20.7306 13
    endloop
  endfacet
  facet normal 0.751925 0.659248 0
    outer loop
      vertex -1.13137 20.8686 17
      vertex -1.26937 21.026 13
      vertex -1.26937 21.026 17
    endloop
  endfacet
  facet normal 0.751925 0.659248 0
    outer loop
      vertex -1.26937 21.026 13
      vertex -1.13137 20.8686 17
      vertex -1.13137 20.8686 13
    endloop
  endfacet
  facet normal -0.321551 0.946892 0
    outer loop
      vertex 0.612293 20.5218 13
      vertex 0.41411 20.4545 17
      vertex 0.612293 20.5218 17
    endloop
  endfacet
  facet normal -0.321551 0.946892 0
    outer loop
      vertex 0.41411 20.4545 17
      vertex 0.612293 20.5218 13
      vertex 0.41411 20.4545 13
    endloop
  endfacet
  facet normal 0.321551 0.946892 -0
    outer loop
      vertex -0.41411 20.4545 13
      vertex -0.612293 20.5218 17
      vertex -0.41411 20.4545 17
    endloop
  endfacet
  facet normal 0.321551 0.946892 0
    outer loop
      vertex -0.612293 20.5218 17
      vertex -0.41411 20.4545 13
      vertex -0.612293 20.5218 13
    endloop
  endfacet
  facet normal 0.89686 -0.442314 0
    outer loop
      vertex -1.47821 22.6123 17
      vertex -1.38564 22.8 13
      vertex -1.38564 22.8 17
    endloop
  endfacet
  facet normal 0.89686 -0.442314 0
    outer loop
      vertex -1.38564 22.8 13
      vertex -1.47821 22.6123 17
      vertex -1.47821 22.6123 13
    endloop
  endfacet
  facet normal -0.89686 -0.442314 0
    outer loop
      vertex 1.47821 22.6123 13
      vertex 1.38564 22.8 17
      vertex 1.38564 22.8 13
    endloop
  endfacet
  facet normal -0.89686 -0.442314 0
    outer loop
      vertex 1.38564 22.8 17
      vertex 1.47821 22.6123 13
      vertex 1.47821 22.6123 17
    endloop
  endfacet
  facet normal 0.659362 0.751826 -0
    outer loop
      vertex -0.974018 20.7306 13
      vertex -1.13137 20.8686 17
      vertex -0.974018 20.7306 17
    endloop
  endfacet
  facet normal 0.659362 0.751826 0
    outer loop
      vertex -1.13137 20.8686 17
      vertex -0.974018 20.7306 13
      vertex -1.13137 20.8686 13
    endloop
  endfacet
  facet normal -0.321551 -0.946892 0
    outer loop
      vertex 0.41411 23.5455 13
      vertex 0.612293 23.4782 17
      vertex 0.41411 23.5455 17
    endloop
  endfacet
  facet normal -0.321551 -0.946892 -0
    outer loop
      vertex 0.612293 23.4782 17
      vertex 0.41411 23.5455 13
      vertex 0.612293 23.4782 13
    endloop
  endfacet
  facet normal -0.831454 -0.555593 0
    outer loop
      vertex 1.38564 22.8 13
      vertex 1.26937 22.974 17
      vertex 1.26937 22.974 13
    endloop
  endfacet
  facet normal -0.831454 -0.555593 0
    outer loop
      vertex 1.26937 22.974 17
      vertex 1.38564 22.8 13
      vertex 1.38564 22.8 17
    endloop
  endfacet
  facet normal -0.442418 0.896809 0
    outer loop
      vertex 0.799999 20.6144 13
      vertex 0.612293 20.5218 17
      vertex 0.799999 20.6144 17
    endloop
  endfacet
  facet normal -0.442418 0.896809 0
    outer loop
      vertex 0.612293 20.5218 17
      vertex 0.799999 20.6144 13
      vertex 0.612293 20.5218 13
    endloop
  endfacet
  facet normal -0.19495 0.980813 0
    outer loop
      vertex 0.41411 20.4545 13
      vertex 0.208841 20.4137 17
      vertex 0.41411 20.4545 17
    endloop
  endfacet
  facet normal -0.19495 0.980813 0
    outer loop
      vertex 0.208841 20.4137 17
      vertex 0.41411 20.4545 13
      vertex 0.208841 20.4137 13
    endloop
  endfacet
  facet normal 0.442418 0.896809 -0
    outer loop
      vertex -0.612293 20.5218 13
      vertex -0.799999 20.6144 17
      vertex -0.612293 20.5218 17
    endloop
  endfacet
  facet normal 0.442418 0.896809 0
    outer loop
      vertex -0.799999 20.6144 17
      vertex -0.612293 20.5218 13
      vertex -0.799999 20.6144 13
    endloop
  endfacet
  facet normal 0.831454 0.555593 0
    outer loop
      vertex -1.26937 21.026 17
      vertex -1.38564 21.2 13
      vertex -1.38564 21.2 17
    endloop
  endfacet
  facet normal 0.831454 0.555593 0
    outer loop
      vertex -1.38564 21.2 13
      vertex -1.26937 21.026 17
      vertex -1.26937 21.026 13
    endloop
  endfacet
  facet normal -0.980791 -0.195059 0
    outer loop
      vertex 1.58631 22.2088 13
      vertex 1.54548 22.4141 17
      vertex 1.54548 22.4141 13
    endloop
  endfacet
  facet normal -0.980791 -0.195059 0
    outer loop
      vertex 1.54548 22.4141 17
      vertex 1.58631 22.2088 13
      vertex 1.58631 22.2088 17
    endloop
  endfacet
  facet normal 0.751925 -0.659248 0
    outer loop
      vertex -1.26937 22.974 17
      vertex -1.13137 23.1314 13
      vertex -1.13137 23.1314 17
    endloop
  endfacet
  facet normal 0.751925 -0.659248 0
    outer loop
      vertex -1.13137 23.1314 13
      vertex -1.26937 22.974 17
      vertex -1.26937 22.974 13
    endloop
  endfacet
  facet normal -0.19495 -0.980813 0
    outer loop
      vertex 0.208841 23.5863 13
      vertex 0.41411 23.5455 17
      vertex 0.208841 23.5863 17
    endloop
  endfacet
  facet normal -0.19495 -0.980813 -0
    outer loop
      vertex 0.41411 23.5455 17
      vertex 0.208841 23.5863 13
      vertex 0.41411 23.5455 13
    endloop
  endfacet
  facet normal 0.89686 0.442314 0
    outer loop
      vertex -1.38564 21.2 17
      vertex -1.47821 21.3877 13
      vertex -1.47821 21.3877 17
    endloop
  endfacet
  facet normal 0.89686 0.442314 0
    outer loop
      vertex -1.47821 21.3877 13
      vertex -1.38564 21.2 17
      vertex -1.38564 21.2 13
    endloop
  endfacet
  facet normal -0.946944 -0.321397 0
    outer loop
      vertex 1.54548 22.4141 13
      vertex 1.47821 22.6123 17
      vertex 1.47821 22.6123 13
    endloop
  endfacet
  facet normal -0.946944 -0.321397 0
    outer loop
      vertex 1.47821 22.6123 17
      vertex 1.54548 22.4141 13
      vertex 1.54548 22.4141 17
    endloop
  endfacet
  facet normal 0.997858 0.0654247 0
    outer loop
      vertex -1.58631 21.7912 17
      vertex -1.6 22 13
      vertex -1.6 22 17
    endloop
  endfacet
  facet normal 0.997858 0.0654247 0
    outer loop
      vertex -1.6 22 13
      vertex -1.58631 21.7912 17
      vertex -1.58631 21.7912 13
    endloop
  endfacet
  facet normal 0.980791 0.195059 0
    outer loop
      vertex -1.54548 21.5859 17
      vertex -1.58631 21.7912 13
      vertex -1.58631 21.7912 17
    endloop
  endfacet
  facet normal 0.980791 0.195059 0
    outer loop
      vertex -1.58631 21.7912 13
      vertex -1.54548 21.5859 17
      vertex -1.54548 21.5859 13
    endloop
  endfacet
  facet normal -0.751925 0.659248 0
    outer loop
      vertex 1.13137 20.8686 13
      vertex 1.26937 21.026 17
      vertex 1.26937 21.026 13
    endloop
  endfacet
  facet normal -0.751925 0.659248 0
    outer loop
      vertex 1.26937 21.026 17
      vertex 1.13137 20.8686 13
      vertex 1.13137 20.8686 17
    endloop
  endfacet
  facet normal 0.946944 0.321397 0
    outer loop
      vertex -1.47821 21.3877 17
      vertex -1.54548 21.5859 13
      vertex -1.54548 21.5859 17
    endloop
  endfacet
  facet normal 0.946944 0.321397 0
    outer loop
      vertex -1.54548 21.5859 13
      vertex -1.47821 21.3877 17
      vertex -1.47821 21.3877 13
    endloop
  endfacet
  facet normal 0.19495 0.980813 -0
    outer loop
      vertex -0.208841 20.4137 13
      vertex -0.41411 20.4545 17
      vertex -0.208841 20.4137 17
    endloop
  endfacet
  facet normal 0.19495 0.980813 0
    outer loop
      vertex -0.41411 20.4545 17
      vertex -0.208841 20.4137 13
      vertex -0.41411 20.4545 13
    endloop
  endfacet
  facet normal -0.442418 -0.896809 0
    outer loop
      vertex 0.612293 23.4782 13
      vertex 0.799999 23.3856 17
      vertex 0.612293 23.4782 17
    endloop
  endfacet
  facet normal -0.442418 -0.896809 -0
    outer loop
      vertex 0.799999 23.3856 17
      vertex 0.612293 23.4782 13
      vertex 0.799999 23.3856 13
    endloop
  endfacet
  facet normal -0.659362 -0.751826 0
    outer loop
      vertex 0.974018 23.2694 13
      vertex 1.13137 23.1314 17
      vertex 0.974018 23.2694 17
    endloop
  endfacet
  facet normal -0.659362 -0.751826 -0
    outer loop
      vertex 1.13137 23.1314 17
      vertex 0.974018 23.2694 13
      vertex 1.13137 23.1314 13
    endloop
  endfacet
  facet normal -0.997858 0.0654247 0
    outer loop
      vertex 1.58631 21.7912 13
      vertex 1.6 22 17
      vertex 1.6 22 13
    endloop
  endfacet
  facet normal -0.997858 0.0654247 0
    outer loop
      vertex 1.6 22 17
      vertex 1.58631 21.7912 13
      vertex 1.58631 21.7912 17
    endloop
  endfacet
  facet normal 0.997858 -0.0654247 0
    outer loop
      vertex -1.6 22 17
      vertex -1.58631 22.2088 13
      vertex -1.58631 22.2088 17
    endloop
  endfacet
  facet normal 0.997858 -0.0654247 0
    outer loop
      vertex -1.58631 22.2088 13
      vertex -1.6 22 17
      vertex -1.6 22 13
    endloop
  endfacet
  facet normal 0.831454 -0.555593 0
    outer loop
      vertex -1.38564 22.8 17
      vertex -1.26937 22.974 13
      vertex -1.26937 22.974 17
    endloop
  endfacet
  facet normal 0.831454 -0.555593 0
    outer loop
      vertex -1.26937 22.974 13
      vertex -1.38564 22.8 17
      vertex -1.38564 22.8 13
    endloop
  endfacet
  facet normal -0.0654594 0.997855 0
    outer loop
      vertex 0.208841 20.4137 13
      vertex 0 20.4 17
      vertex 0.208841 20.4137 17
    endloop
  endfacet
  facet normal -0.0654594 0.997855 0
    outer loop
      vertex 0 20.4 17
      vertex 0.208841 20.4137 13
      vertex 0 20.4 13
    endloop
  endfacet
  facet normal -0.980791 0.195059 0
    outer loop
      vertex 1.54548 21.5859 13
      vertex 1.58631 21.7912 17
      vertex 1.58631 21.7912 13
    endloop
  endfacet
  facet normal -0.980791 0.195059 0
    outer loop
      vertex 1.58631 21.7912 17
      vertex 1.54548 21.5859 13
      vertex 1.54548 21.5859 17
    endloop
  endfacet
  facet normal 0.0654594 0.997855 -0
    outer loop
      vertex 0 20.4 13
      vertex -0.208841 20.4137 17
      vertex 0 20.4 17
    endloop
  endfacet
  facet normal 0.0654594 0.997855 0
    outer loop
      vertex -0.208841 20.4137 17
      vertex 0 20.4 13
      vertex -0.208841 20.4137 13
    endloop
  endfacet
  facet normal -0.997858 -0.0654247 0
    outer loop
      vertex 1.6 22 13
      vertex 1.58631 22.2088 17
      vertex 1.58631 22.2088 13
    endloop
  endfacet
  facet normal -0.997858 -0.0654247 0
    outer loop
      vertex 1.58631 22.2088 17
      vertex 1.6 22 13
      vertex 1.6 22 17
    endloop
  endfacet
  facet normal -0.89686 0.442314 0
    outer loop
      vertex 1.38564 21.2 13
      vertex 1.47821 21.3877 17
      vertex 1.47821 21.3877 13
    endloop
  endfacet
  facet normal -0.89686 0.442314 0
    outer loop
      vertex 1.47821 21.3877 17
      vertex 1.38564 21.2 13
      vertex 1.38564 21.2 17
    endloop
  endfacet
  facet normal -0.751925 -0.659248 0
    outer loop
      vertex 1.26937 22.974 13
      vertex 1.13137 23.1314 17
      vertex 1.13137 23.1314 13
    endloop
  endfacet
  facet normal -0.751925 -0.659248 0
    outer loop
      vertex 1.13137 23.1314 17
      vertex 1.26937 22.974 13
      vertex 1.26937 22.974 17
    endloop
  endfacet
  facet normal 0.55532 0.831637 -0
    outer loop
      vertex -0.799999 20.6144 13
      vertex -0.974018 20.7306 17
      vertex -0.799999 20.6144 17
    endloop
  endfacet
  facet normal 0.55532 0.831637 0
    outer loop
      vertex -0.974018 20.7306 17
      vertex -0.799999 20.6144 13
      vertex -0.974018 20.7306 13
    endloop
  endfacet
  facet normal -0.55532 0.831637 0
    outer loop
      vertex 0.974018 20.7306 13
      vertex 0.799999 20.6144 17
      vertex 0.974018 20.7306 17
    endloop
  endfacet
  facet normal -0.55532 0.831637 0
    outer loop
      vertex 0.799999 20.6144 17
      vertex 0.974018 20.7306 13
      vertex 0.799999 20.6144 13
    endloop
  endfacet
  facet normal 0.946892 0.321551 0
    outer loop
      vertex -23.4782 -0.612293 17
      vertex -23.5455 -0.41411 13
      vertex -23.5455 -0.41411 17
    endloop
  endfacet
  facet normal 0.946892 0.321551 0
    outer loop
      vertex -23.5455 -0.41411 13
      vertex -23.4782 -0.612293 17
      vertex -23.4782 -0.612293 13
    endloop
  endfacet
  facet normal 0.831637 0.55532 0
    outer loop
      vertex -23.2694 -0.974018 17
      vertex -23.3856 -0.799999 13
      vertex -23.3856 -0.799999 17
    endloop
  endfacet
  facet normal 0.831637 0.55532 0
    outer loop
      vertex -23.3856 -0.799999 13
      vertex -23.2694 -0.974018 17
      vertex -23.2694 -0.974018 13
    endloop
  endfacet
  facet normal -0.980813 -0.19495 0
    outer loop
      vertex -20.4137 0.208841 13
      vertex -20.4545 0.41411 17
      vertex -20.4545 0.41411 13
    endloop
  endfacet
  facet normal -0.980813 -0.19495 0
    outer loop
      vertex -20.4545 0.41411 17
      vertex -20.4137 0.208841 13
      vertex -20.4137 0.208841 17
    endloop
  endfacet
  facet normal 0.997855 -0.0654594 0
    outer loop
      vertex -23.6 0 17
      vertex -23.5863 0.208841 13
      vertex -23.5863 0.208841 17
    endloop
  endfacet
  facet normal 0.997855 -0.0654594 0
    outer loop
      vertex -23.5863 0.208841 13
      vertex -23.6 0 17
      vertex -23.6 0 13
    endloop
  endfacet
  facet normal -0.659248 -0.751925 0
    outer loop
      vertex -21.026 1.26937 13
      vertex -20.8686 1.13137 17
      vertex -21.026 1.26937 17
    endloop
  endfacet
  facet normal -0.659248 -0.751925 -0
    outer loop
      vertex -20.8686 1.13137 17
      vertex -21.026 1.26937 13
      vertex -20.8686 1.13137 13
    endloop
  endfacet
  facet normal 0.896809 0.442418 0
    outer loop
      vertex -23.3856 -0.799999 17
      vertex -23.4782 -0.612293 13
      vertex -23.4782 -0.612293 17
    endloop
  endfacet
  facet normal 0.896809 0.442418 0
    outer loop
      vertex -23.4782 -0.612293 13
      vertex -23.3856 -0.799999 17
      vertex -23.3856 -0.799999 13
    endloop
  endfacet
  facet normal 0.997855 0.0654594 0
    outer loop
      vertex -23.5863 -0.208841 17
      vertex -23.6 0 13
      vertex -23.6 0 17
    endloop
  endfacet
  facet normal 0.997855 0.0654594 0
    outer loop
      vertex -23.6 0 13
      vertex -23.5863 -0.208841 17
      vertex -23.5863 -0.208841 13
    endloop
  endfacet
  facet normal 0.831637 -0.55532 0
    outer loop
      vertex -23.3856 0.799999 17
      vertex -23.2694 0.974018 13
      vertex -23.2694 0.974018 17
    endloop
  endfacet
  facet normal 0.831637 -0.55532 0
    outer loop
      vertex -23.2694 0.974018 13
      vertex -23.3856 0.799999 17
      vertex -23.3856 0.799999 13
    endloop
  endfacet
  facet normal -0.751826 -0.659362 0
    outer loop
      vertex -20.7306 0.974018 13
      vertex -20.8686 1.13137 17
      vertex -20.8686 1.13137 13
    endloop
  endfacet
  facet normal -0.751826 -0.659362 0
    outer loop
      vertex -20.8686 1.13137 17
      vertex -20.7306 0.974018 13
      vertex -20.7306 0.974018 17
    endloop
  endfacet
  facet normal -0.659248 0.751925 0
    outer loop
      vertex -20.8686 -1.13137 13
      vertex -21.026 -1.26937 17
      vertex -20.8686 -1.13137 17
    endloop
  endfacet
  facet normal -0.659248 0.751925 0
    outer loop
      vertex -21.026 -1.26937 17
      vertex -20.8686 -1.13137 13
      vertex -21.026 -1.26937 13
    endloop
  endfacet
  facet normal 0.321397 0.946944 -0
    outer loop
      vertex -22.4141 -1.54548 13
      vertex -22.6123 -1.47821 17
      vertex -22.4141 -1.54548 17
    endloop
  endfacet
  facet normal 0.321397 0.946944 0
    outer loop
      vertex -22.6123 -1.47821 17
      vertex -22.4141 -1.54548 13
      vertex -22.6123 -1.47821 13
    endloop
  endfacet
  facet normal -0.946892 -0.321551 0
    outer loop
      vertex -20.4545 0.41411 13
      vertex -20.5218 0.612293 17
      vertex -20.5218 0.612293 13
    endloop
  endfacet
  facet normal -0.946892 -0.321551 0
    outer loop
      vertex -20.5218 0.612293 17
      vertex -20.4545 0.41411 13
      vertex -20.4545 0.41411 17
    endloop
  endfacet
  facet normal -0.195059 -0.980791 0
    outer loop
      vertex -21.7912 1.58631 13
      vertex -21.5859 1.54548 17
      vertex -21.7912 1.58631 17
    endloop
  endfacet
  facet normal -0.195059 -0.980791 -0
    outer loop
      vertex -21.5859 1.54548 17
      vertex -21.7912 1.58631 13
      vertex -21.5859 1.54548 13
    endloop
  endfacet
  facet normal -0.946892 0.321551 0
    outer loop
      vertex -20.5218 -0.612293 13
      vertex -20.4545 -0.41411 17
      vertex -20.4545 -0.41411 13
    endloop
  endfacet
  facet normal -0.946892 0.321551 0
    outer loop
      vertex -20.4545 -0.41411 17
      vertex -20.5218 -0.612293 13
      vertex -20.5218 -0.612293 17
    endloop
  endfacet
  facet normal 0.195059 0.980791 -0
    outer loop
      vertex -22.2088 -1.58631 13
      vertex -22.4141 -1.54548 17
      vertex -22.2088 -1.58631 17
    endloop
  endfacet
  facet normal 0.195059 0.980791 0
    outer loop
      vertex -22.4141 -1.54548 17
      vertex -22.2088 -1.58631 13
      vertex -22.4141 -1.54548 13
    endloop
  endfacet
  facet normal 0.442314 0.89686 -0
    outer loop
      vertex -22.6123 -1.47821 13
      vertex -22.8 -1.38564 17
      vertex -22.6123 -1.47821 17
    endloop
  endfacet
  facet normal 0.442314 0.89686 0
    outer loop
      vertex -22.8 -1.38564 17
      vertex -22.6123 -1.47821 13
      vertex -22.8 -1.38564 13
    endloop
  endfacet
  facet normal 0.442314 -0.89686 0
    outer loop
      vertex -22.8 1.38564 13
      vertex -22.6123 1.47821 17
      vertex -22.8 1.38564 17
    endloop
  endfacet
  facet normal 0.442314 -0.89686 0
    outer loop
      vertex -22.6123 1.47821 17
      vertex -22.8 1.38564 13
      vertex -22.6123 1.47821 13
    endloop
  endfacet
  facet normal -0.751826 0.659362 0
    outer loop
      vertex -20.8686 -1.13137 13
      vertex -20.7306 -0.974018 17
      vertex -20.7306 -0.974018 13
    endloop
  endfacet
  facet normal -0.751826 0.659362 0
    outer loop
      vertex -20.7306 -0.974018 17
      vertex -20.8686 -1.13137 13
      vertex -20.8686 -1.13137 17
    endloop
  endfacet
  facet normal 0.946892 -0.321551 0
    outer loop
      vertex -23.5455 0.41411 17
      vertex -23.4782 0.612293 13
      vertex -23.4782 0.612293 17
    endloop
  endfacet
  facet normal 0.946892 -0.321551 0
    outer loop
      vertex -23.4782 0.612293 13
      vertex -23.5455 0.41411 17
      vertex -23.5455 0.41411 13
    endloop
  endfacet
  facet normal 0.555593 -0.831454 0
    outer loop
      vertex -22.974 1.26937 13
      vertex -22.8 1.38564 17
      vertex -22.974 1.26937 17
    endloop
  endfacet
  facet normal 0.555593 -0.831454 0
    outer loop
      vertex -22.8 1.38564 17
      vertex -22.974 1.26937 13
      vertex -22.8 1.38564 13
    endloop
  endfacet
  facet normal -0.896809 -0.442418 0
    outer loop
      vertex -20.5218 0.612293 13
      vertex -20.6144 0.799999 17
      vertex -20.6144 0.799999 13
    endloop
  endfacet
  facet normal -0.896809 -0.442418 0
    outer loop
      vertex -20.6144 0.799999 17
      vertex -20.5218 0.612293 13
      vertex -20.5218 0.612293 17
    endloop
  endfacet
  facet normal -0.896809 0.442418 0
    outer loop
      vertex -20.6144 -0.799999 13
      vertex -20.5218 -0.612293 17
      vertex -20.5218 -0.612293 13
    endloop
  endfacet
  facet normal -0.896809 0.442418 0
    outer loop
      vertex -20.5218 -0.612293 17
      vertex -20.6144 -0.799999 13
      vertex -20.6144 -0.799999 17
    endloop
  endfacet
  facet normal 0.751826 0.659362 0
    outer loop
      vertex -23.1314 -1.13137 17
      vertex -23.2694 -0.974018 13
      vertex -23.2694 -0.974018 17
    endloop
  endfacet
  facet normal 0.751826 0.659362 0
    outer loop
      vertex -23.2694 -0.974018 13
      vertex -23.1314 -1.13137 17
      vertex -23.1314 -1.13137 13
    endloop
  endfacet
  facet normal -0.555593 0.831454 0
    outer loop
      vertex -21.026 -1.26937 13
      vertex -21.2 -1.38564 17
      vertex -21.026 -1.26937 17
    endloop
  endfacet
  facet normal -0.555593 0.831454 0
    outer loop
      vertex -21.2 -1.38564 17
      vertex -21.026 -1.26937 13
      vertex -21.2 -1.38564 13
    endloop
  endfacet
  facet normal 0.659248 0.751925 -0
    outer loop
      vertex -22.974 -1.26937 13
      vertex -23.1314 -1.13137 17
      vertex -22.974 -1.26937 17
    endloop
  endfacet
  facet normal 0.659248 0.751925 0
    outer loop
      vertex -23.1314 -1.13137 17
      vertex -22.974 -1.26937 13
      vertex -23.1314 -1.13137 13
    endloop
  endfacet
  facet normal 0.980813 -0.19495 0
    outer loop
      vertex -23.5863 0.208841 17
      vertex -23.5455 0.41411 13
      vertex -23.5455 0.41411 17
    endloop
  endfacet
  facet normal 0.980813 -0.19495 0
    outer loop
      vertex -23.5455 0.41411 13
      vertex -23.5863 0.208841 17
      vertex -23.5863 0.208841 13
    endloop
  endfacet
  facet normal 0.980813 0.19495 0
    outer loop
      vertex -23.5455 -0.41411 17
      vertex -23.5863 -0.208841 13
      vertex -23.5863 -0.208841 17
    endloop
  endfacet
  facet normal 0.980813 0.19495 0
    outer loop
      vertex -23.5863 -0.208841 13
      vertex -23.5455 -0.41411 17
      vertex -23.5455 -0.41411 13
    endloop
  endfacet
  facet normal -0.442314 0.89686 0
    outer loop
      vertex -21.2 -1.38564 13
      vertex -21.3877 -1.47821 17
      vertex -21.2 -1.38564 17
    endloop
  endfacet
  facet normal -0.442314 0.89686 0
    outer loop
      vertex -21.3877 -1.47821 17
      vertex -21.2 -1.38564 13
      vertex -21.3877 -1.47821 13
    endloop
  endfacet
  facet normal 0.321397 -0.946944 0
    outer loop
      vertex -22.6123 1.47821 13
      vertex -22.4141 1.54548 17
      vertex -22.6123 1.47821 17
    endloop
  endfacet
  facet normal 0.321397 -0.946944 0
    outer loop
      vertex -22.4141 1.54548 17
      vertex -22.6123 1.47821 13
      vertex -22.4141 1.54548 13
    endloop
  endfacet
  facet normal -0.0654247 0.997858 0
    outer loop
      vertex -21.7912 -1.58631 13
      vertex -22 -1.6 17
      vertex -21.7912 -1.58631 17
    endloop
  endfacet
  facet normal -0.0654247 0.997858 0
    outer loop
      vertex -22 -1.6 17
      vertex -21.7912 -1.58631 13
      vertex -22 -1.6 13
    endloop
  endfacet
  facet normal -0.195059 0.980791 0
    outer loop
      vertex -21.5859 -1.54548 13
      vertex -21.7912 -1.58631 17
      vertex -21.5859 -1.54548 17
    endloop
  endfacet
  facet normal -0.195059 0.980791 0
    outer loop
      vertex -21.7912 -1.58631 17
      vertex -21.5859 -1.54548 13
      vertex -21.7912 -1.58631 13
    endloop
  endfacet
  facet normal -0.321397 0.946944 0
    outer loop
      vertex -21.3877 -1.47821 13
      vertex -21.5859 -1.54548 17
      vertex -21.3877 -1.47821 17
    endloop
  endfacet
  facet normal -0.321397 0.946944 0
    outer loop
      vertex -21.5859 -1.54548 17
      vertex -21.3877 -1.47821 13
      vertex -21.5859 -1.54548 13
    endloop
  endfacet
  facet normal -0.980813 0.19495 0
    outer loop
      vertex -20.4545 -0.41411 13
      vertex -20.4137 -0.208841 17
      vertex -20.4137 -0.208841 13
    endloop
  endfacet
  facet normal -0.980813 0.19495 0
    outer loop
      vertex -20.4137 -0.208841 17
      vertex -20.4545 -0.41411 13
      vertex -20.4545 -0.41411 17
    endloop
  endfacet
  facet normal 0.195059 -0.980791 0
    outer loop
      vertex -22.4141 1.54548 13
      vertex -22.2088 1.58631 17
      vertex -22.4141 1.54548 17
    endloop
  endfacet
  facet normal 0.195059 -0.980791 0
    outer loop
      vertex -22.2088 1.58631 17
      vertex -22.4141 1.54548 13
      vertex -22.2088 1.58631 13
    endloop
  endfacet
  facet normal 0.896809 -0.442418 0
    outer loop
      vertex -23.4782 0.612293 17
      vertex -23.3856 0.799999 13
      vertex -23.3856 0.799999 17
    endloop
  endfacet
  facet normal 0.896809 -0.442418 0
    outer loop
      vertex -23.3856 0.799999 13
      vertex -23.4782 0.612293 17
      vertex -23.4782 0.612293 13
    endloop
  endfacet
  facet normal -0.555593 -0.831454 0
    outer loop
      vertex -21.2 1.38564 13
      vertex -21.026 1.26937 17
      vertex -21.2 1.38564 17
    endloop
  endfacet
  facet normal -0.555593 -0.831454 -0
    outer loop
      vertex -21.026 1.26937 17
      vertex -21.2 1.38564 13
      vertex -21.026 1.26937 13
    endloop
  endfacet
  facet normal 0.0654247 0.997858 -0
    outer loop
      vertex -22 -1.6 13
      vertex -22.2088 -1.58631 17
      vertex -22 -1.6 17
    endloop
  endfacet
  facet normal 0.0654247 0.997858 0
    outer loop
      vertex -22.2088 -1.58631 17
      vertex -22 -1.6 13
      vertex -22.2088 -1.58631 13
    endloop
  endfacet
  facet normal 0.555593 0.831454 -0
    outer loop
      vertex -22.8 -1.38564 13
      vertex -22.974 -1.26937 17
      vertex -22.8 -1.38564 17
    endloop
  endfacet
  facet normal 0.555593 0.831454 0
    outer loop
      vertex -22.974 -1.26937 17
      vertex -22.8 -1.38564 13
      vertex -22.974 -1.26937 13
    endloop
  endfacet
  facet normal -0.997855 -0.0654594 0
    outer loop
      vertex -20.4 0 13
      vertex -20.4137 0.208841 17
      vertex -20.4137 0.208841 13
    endloop
  endfacet
  facet normal -0.997855 -0.0654594 0
    outer loop
      vertex -20.4137 0.208841 17
      vertex -20.4 0 13
      vertex -20.4 0 17
    endloop
  endfacet
  facet normal -0.997855 0.0654594 0
    outer loop
      vertex -20.4137 -0.208841 13
      vertex -20.4 0 17
      vertex -20.4 0 13
    endloop
  endfacet
  facet normal -0.997855 0.0654594 0
    outer loop
      vertex -20.4 0 17
      vertex -20.4137 -0.208841 13
      vertex -20.4137 -0.208841 17
    endloop
  endfacet
  facet normal 0.0654247 -0.997858 0
    outer loop
      vertex -22.2088 1.58631 13
      vertex -22 1.6 17
      vertex -22.2088 1.58631 17
    endloop
  endfacet
  facet normal 0.0654247 -0.997858 0
    outer loop
      vertex -22 1.6 17
      vertex -22.2088 1.58631 13
      vertex -22 1.6 13
    endloop
  endfacet
  facet normal -0.321397 -0.946944 0
    outer loop
      vertex -21.5859 1.54548 13
      vertex -21.3877 1.47821 17
      vertex -21.5859 1.54548 17
    endloop
  endfacet
  facet normal -0.321397 -0.946944 -0
    outer loop
      vertex -21.3877 1.47821 17
      vertex -21.5859 1.54548 13
      vertex -21.3877 1.47821 13
    endloop
  endfacet
  facet normal -0.0654247 -0.997858 0
    outer loop
      vertex -22 1.6 13
      vertex -21.7912 1.58631 17
      vertex -22 1.6 17
    endloop
  endfacet
  facet normal -0.0654247 -0.997858 -0
    outer loop
      vertex -21.7912 1.58631 17
      vertex -22 1.6 13
      vertex -21.7912 1.58631 13
    endloop
  endfacet
  facet normal -0.442314 -0.89686 0
    outer loop
      vertex -21.3877 1.47821 13
      vertex -21.2 1.38564 17
      vertex -21.3877 1.47821 17
    endloop
  endfacet
  facet normal -0.442314 -0.89686 -0
    outer loop
      vertex -21.2 1.38564 17
      vertex -21.3877 1.47821 13
      vertex -21.2 1.38564 13
    endloop
  endfacet
  facet normal 0.659248 -0.751925 0
    outer loop
      vertex -23.1314 1.13137 13
      vertex -22.974 1.26937 17
      vertex -23.1314 1.13137 17
    endloop
  endfacet
  facet normal 0.659248 -0.751925 0
    outer loop
      vertex -22.974 1.26937 17
      vertex -23.1314 1.13137 13
      vertex -22.974 1.26937 13
    endloop
  endfacet
  facet normal 0.751826 -0.659362 0
    outer loop
      vertex -23.2694 0.974018 17
      vertex -23.1314 1.13137 13
      vertex -23.1314 1.13137 17
    endloop
  endfacet
  facet normal 0.751826 -0.659362 0
    outer loop
      vertex -23.1314 1.13137 13
      vertex -23.2694 0.974018 17
      vertex -23.2694 0.974018 13
    endloop
  endfacet
  facet normal -0.831637 0.55532 0
    outer loop
      vertex -20.7306 -0.974018 13
      vertex -20.6144 -0.799999 17
      vertex -20.6144 -0.799999 13
    endloop
  endfacet
  facet normal -0.831637 0.55532 0
    outer loop
      vertex -20.6144 -0.799999 17
      vertex -20.7306 -0.974018 13
      vertex -20.7306 -0.974018 17
    endloop
  endfacet
  facet normal -0.831637 -0.55532 0
    outer loop
      vertex -20.6144 0.799999 13
      vertex -20.7306 0.974018 17
      vertex -20.7306 0.974018 13
    endloop
  endfacet
  facet normal -0.831637 -0.55532 0
    outer loop
      vertex -20.7306 0.974018 17
      vertex -20.6144 0.799999 13
      vertex -20.6144 0.799999 17
    endloop
  endfacet
  facet normal -0.321551 0.946892 0
    outer loop
      vertex 0.612293 -23.4782 13
      vertex 0.41411 -23.5455 17
      vertex 0.612293 -23.4782 17
    endloop
  endfacet
  facet normal -0.321551 0.946892 0
    outer loop
      vertex 0.41411 -23.5455 17
      vertex 0.612293 -23.4782 13
      vertex 0.41411 -23.5455 13
    endloop
  endfacet
  facet normal -0.55532 0.831637 0
    outer loop
      vertex 0.974018 -23.2694 13
      vertex 0.799999 -23.3856 17
      vertex 0.974018 -23.2694 17
    endloop
  endfacet
  facet normal -0.55532 0.831637 0
    outer loop
      vertex 0.799999 -23.3856 17
      vertex 0.974018 -23.2694 13
      vertex 0.799999 -23.3856 13
    endloop
  endfacet
  facet normal 0.19495 -0.980813 0
    outer loop
      vertex -0.41411 -20.4545 13
      vertex -0.208841 -20.4137 17
      vertex -0.41411 -20.4545 17
    endloop
  endfacet
  facet normal 0.19495 -0.980813 0
    outer loop
      vertex -0.208841 -20.4137 17
      vertex -0.41411 -20.4545 13
      vertex -0.208841 -20.4137 13
    endloop
  endfacet
  facet normal 0.0654594 0.997855 -0
    outer loop
      vertex 0 -23.6 13
      vertex -0.208841 -23.5863 17
      vertex 0 -23.6 17
    endloop
  endfacet
  facet normal 0.0654594 0.997855 0
    outer loop
      vertex -0.208841 -23.5863 17
      vertex 0 -23.6 13
      vertex -0.208841 -23.5863 13
    endloop
  endfacet
  facet normal 0.751925 -0.659248 0
    outer loop
      vertex -1.26937 -21.026 17
      vertex -1.13137 -20.8686 13
      vertex -1.13137 -20.8686 17
    endloop
  endfacet
  facet normal 0.751925 -0.659248 0
    outer loop
      vertex -1.13137 -20.8686 13
      vertex -1.26937 -21.026 17
      vertex -1.26937 -21.026 13
    endloop
  endfacet
  facet normal -0.442418 0.896809 0
    outer loop
      vertex 0.799999 -23.3856 13
      vertex 0.612293 -23.4782 17
      vertex 0.799999 -23.3856 17
    endloop
  endfacet
  facet normal -0.442418 0.896809 0
    outer loop
      vertex 0.612293 -23.4782 17
      vertex 0.799999 -23.3856 13
      vertex 0.612293 -23.4782 13
    endloop
  endfacet
  facet normal -0.0654594 0.997855 0
    outer loop
      vertex 0.208841 -23.5863 13
      vertex 0 -23.6 17
      vertex 0.208841 -23.5863 17
    endloop
  endfacet
  facet normal -0.0654594 0.997855 0
    outer loop
      vertex 0 -23.6 17
      vertex 0.208841 -23.5863 13
      vertex 0 -23.6 13
    endloop
  endfacet
  facet normal -0.946944 -0.321397 0
    outer loop
      vertex 1.54548 -21.5859 13
      vertex 1.47821 -21.3877 17
      vertex 1.47821 -21.3877 13
    endloop
  endfacet
  facet normal -0.946944 -0.321397 0
    outer loop
      vertex 1.47821 -21.3877 17
      vertex 1.54548 -21.5859 13
      vertex 1.54548 -21.5859 17
    endloop
  endfacet
  facet normal 0.321551 0.946892 -0
    outer loop
      vertex -0.41411 -23.5455 13
      vertex -0.612293 -23.4782 17
      vertex -0.41411 -23.5455 17
    endloop
  endfacet
  facet normal 0.321551 0.946892 0
    outer loop
      vertex -0.612293 -23.4782 17
      vertex -0.41411 -23.5455 13
      vertex -0.612293 -23.4782 13
    endloop
  endfacet
  facet normal 0.659362 -0.751826 0
    outer loop
      vertex -1.13137 -20.8686 13
      vertex -0.974018 -20.7306 17
      vertex -1.13137 -20.8686 17
    endloop
  endfacet
  facet normal 0.659362 -0.751826 0
    outer loop
      vertex -0.974018 -20.7306 17
      vertex -1.13137 -20.8686 13
      vertex -0.974018 -20.7306 13
    endloop
  endfacet
  facet normal 0.19495 0.980813 -0
    outer loop
      vertex -0.208841 -23.5863 13
      vertex -0.41411 -23.5455 17
      vertex -0.208841 -23.5863 17
    endloop
  endfacet
  facet normal 0.19495 0.980813 0
    outer loop
      vertex -0.41411 -23.5455 17
      vertex -0.208841 -23.5863 13
      vertex -0.41411 -23.5455 13
    endloop
  endfacet
  facet normal -0.751925 -0.659248 0
    outer loop
      vertex 1.26937 -21.026 13
      vertex 1.13137 -20.8686 17
      vertex 1.13137 -20.8686 13
    endloop
  endfacet
  facet normal -0.751925 -0.659248 0
    outer loop
      vertex 1.13137 -20.8686 17
      vertex 1.26937 -21.026 13
      vertex 1.26937 -21.026 17
    endloop
  endfacet
  facet normal -0.946944 0.321397 0
    outer loop
      vertex 1.47821 -22.6123 13
      vertex 1.54548 -22.4141 17
      vertex 1.54548 -22.4141 13
    endloop
  endfacet
  facet normal -0.946944 0.321397 0
    outer loop
      vertex 1.54548 -22.4141 17
      vertex 1.47821 -22.6123 13
      vertex 1.47821 -22.6123 17
    endloop
  endfacet
  facet normal 0.321551 -0.946892 0
    outer loop
      vertex -0.612293 -20.5218 13
      vertex -0.41411 -20.4545 17
      vertex -0.612293 -20.5218 17
    endloop
  endfacet
  facet normal 0.321551 -0.946892 0
    outer loop
      vertex -0.41411 -20.4545 17
      vertex -0.612293 -20.5218 13
      vertex -0.41411 -20.4545 13
    endloop
  endfacet
  facet normal 0.55532 0.831637 -0
    outer loop
      vertex -0.799999 -23.3856 13
      vertex -0.974018 -23.2694 17
      vertex -0.799999 -23.3856 17
    endloop
  endfacet
  facet normal 0.55532 0.831637 0
    outer loop
      vertex -0.974018 -23.2694 17
      vertex -0.799999 -23.3856 13
      vertex -0.974018 -23.2694 13
    endloop
  endfacet
  facet normal 0.980791 -0.195059 0
    outer loop
      vertex -1.58631 -21.7912 17
      vertex -1.54548 -21.5859 13
      vertex -1.54548 -21.5859 17
    endloop
  endfacet
  facet normal 0.980791 -0.195059 0
    outer loop
      vertex -1.54548 -21.5859 13
      vertex -1.58631 -21.7912 17
      vertex -1.58631 -21.7912 13
    endloop
  endfacet
  facet normal -0.980791 0.195059 0
    outer loop
      vertex 1.54548 -22.4141 13
      vertex 1.58631 -22.2088 17
      vertex 1.58631 -22.2088 13
    endloop
  endfacet
  facet normal -0.980791 0.195059 0
    outer loop
      vertex 1.58631 -22.2088 17
      vertex 1.54548 -22.4141 13
      vertex 1.54548 -22.4141 17
    endloop
  endfacet
  facet normal -0.89686 -0.442314 0
    outer loop
      vertex 1.47821 -21.3877 13
      vertex 1.38564 -21.2 17
      vertex 1.38564 -21.2 13
    endloop
  endfacet
  facet normal -0.89686 -0.442314 0
    outer loop
      vertex 1.38564 -21.2 17
      vertex 1.47821 -21.3877 13
      vertex 1.47821 -21.3877 17
    endloop
  endfacet
  facet normal -0.89686 0.442314 0
    outer loop
      vertex 1.38564 -22.8 13
      vertex 1.47821 -22.6123 17
      vertex 1.47821 -22.6123 13
    endloop
  endfacet
  facet normal -0.89686 0.442314 0
    outer loop
      vertex 1.47821 -22.6123 17
      vertex 1.38564 -22.8 13
      vertex 1.38564 -22.8 17
    endloop
  endfacet
  facet normal 0.89686 0.442314 0
    outer loop
      vertex -1.38564 -22.8 17
      vertex -1.47821 -22.6123 13
      vertex -1.47821 -22.6123 17
    endloop
  endfacet
  facet normal 0.89686 0.442314 0
    outer loop
      vertex -1.47821 -22.6123 13
      vertex -1.38564 -22.8 17
      vertex -1.38564 -22.8 13
    endloop
  endfacet
  facet normal 0.946944 0.321397 0
    outer loop
      vertex -1.47821 -22.6123 17
      vertex -1.54548 -22.4141 13
      vertex -1.54548 -22.4141 17
    endloop
  endfacet
  facet normal 0.946944 0.321397 0
    outer loop
      vertex -1.54548 -22.4141 13
      vertex -1.47821 -22.6123 17
      vertex -1.47821 -22.6123 13
    endloop
  endfacet
  facet normal 0.442418 -0.896809 0
    outer loop
      vertex -0.799999 -20.6144 13
      vertex -0.612293 -20.5218 17
      vertex -0.799999 -20.6144 17
    endloop
  endfacet
  facet normal 0.442418 -0.896809 0
    outer loop
      vertex -0.612293 -20.5218 17
      vertex -0.799999 -20.6144 13
      vertex -0.612293 -20.5218 13
    endloop
  endfacet
  facet normal -0.659362 0.751826 0
    outer loop
      vertex 1.13137 -23.1314 13
      vertex 0.974018 -23.2694 17
      vertex 1.13137 -23.1314 17
    endloop
  endfacet
  facet normal -0.659362 0.751826 0
    outer loop
      vertex 0.974018 -23.2694 17
      vertex 1.13137 -23.1314 13
      vertex 0.974018 -23.2694 13
    endloop
  endfacet
  facet normal -0.831454 -0.555593 0
    outer loop
      vertex 1.38564 -21.2 13
      vertex 1.26937 -21.026 17
      vertex 1.26937 -21.026 13
    endloop
  endfacet
  facet normal -0.831454 -0.555593 0
    outer loop
      vertex 1.26937 -21.026 17
      vertex 1.38564 -21.2 13
      vertex 1.38564 -21.2 17
    endloop
  endfacet
  facet normal 0.831454 0.555593 0
    outer loop
      vertex -1.26937 -22.974 17
      vertex -1.38564 -22.8 13
      vertex -1.38564 -22.8 17
    endloop
  endfacet
  facet normal 0.831454 0.555593 0
    outer loop
      vertex -1.38564 -22.8 13
      vertex -1.26937 -22.974 17
      vertex -1.26937 -22.974 13
    endloop
  endfacet
  facet normal 0.980791 0.195059 0
    outer loop
      vertex -1.54548 -22.4141 17
      vertex -1.58631 -22.2088 13
      vertex -1.58631 -22.2088 17
    endloop
  endfacet
  facet normal 0.980791 0.195059 0
    outer loop
      vertex -1.58631 -22.2088 13
      vertex -1.54548 -22.4141 17
      vertex -1.54548 -22.4141 13
    endloop
  endfacet
  facet normal -0.751925 0.659248 0
    outer loop
      vertex 1.13137 -23.1314 13
      vertex 1.26937 -22.974 17
      vertex 1.26937 -22.974 13
    endloop
  endfacet
  facet normal -0.751925 0.659248 0
    outer loop
      vertex 1.26937 -22.974 17
      vertex 1.13137 -23.1314 13
      vertex 1.13137 -23.1314 17
    endloop
  endfacet
  facet normal -0.19495 0.980813 0
    outer loop
      vertex 0.41411 -23.5455 13
      vertex 0.208841 -23.5863 17
      vertex 0.41411 -23.5455 17
    endloop
  endfacet
  facet normal -0.19495 0.980813 0
    outer loop
      vertex 0.208841 -23.5863 17
      vertex 0.41411 -23.5455 13
      vertex 0.208841 -23.5863 13
    endloop
  endfacet
  facet normal -0.321551 -0.946892 0
    outer loop
      vertex 0.41411 -20.4545 13
      vertex 0.612293 -20.5218 17
      vertex 0.41411 -20.4545 17
    endloop
  endfacet
  facet normal -0.321551 -0.946892 -0
    outer loop
      vertex 0.612293 -20.5218 17
      vertex 0.41411 -20.4545 13
      vertex 0.612293 -20.5218 13
    endloop
  endfacet
  facet normal 0.997858 0.0654247 0
    outer loop
      vertex -1.58631 -22.2088 17
      vertex -1.6 -22 13
      vertex -1.6 -22 17
    endloop
  endfacet
  facet normal 0.997858 0.0654247 0
    outer loop
      vertex -1.6 -22 13
      vertex -1.58631 -22.2088 17
      vertex -1.58631 -22.2088 13
    endloop
  endfacet
  facet normal -0.980791 -0.195059 0
    outer loop
      vertex 1.58631 -21.7912 13
      vertex 1.54548 -21.5859 17
      vertex 1.54548 -21.5859 13
    endloop
  endfacet
  facet normal -0.980791 -0.195059 0
    outer loop
      vertex 1.54548 -21.5859 17
      vertex 1.58631 -21.7912 13
      vertex 1.58631 -21.7912 17
    endloop
  endfacet
  facet normal -0.442418 -0.896809 0
    outer loop
      vertex 0.612293 -20.5218 13
      vertex 0.799999 -20.6144 17
      vertex 0.612293 -20.5218 17
    endloop
  endfacet
  facet normal -0.442418 -0.896809 -0
    outer loop
      vertex 0.799999 -20.6144 17
      vertex 0.612293 -20.5218 13
      vertex 0.799999 -20.6144 13
    endloop
  endfacet
  facet normal 0.442418 0.896809 -0
    outer loop
      vertex -0.612293 -23.4782 13
      vertex -0.799999 -23.3856 17
      vertex -0.612293 -23.4782 17
    endloop
  endfacet
  facet normal 0.442418 0.896809 0
    outer loop
      vertex -0.799999 -23.3856 17
      vertex -0.612293 -23.4782 13
      vertex -0.799999 -23.3856 13
    endloop
  endfacet
  facet normal 0.831454 -0.555593 0
    outer loop
      vertex -1.38564 -21.2 17
      vertex -1.26937 -21.026 13
      vertex -1.26937 -21.026 17
    endloop
  endfacet
  facet normal 0.831454 -0.555593 0
    outer loop
      vertex -1.26937 -21.026 13
      vertex -1.38564 -21.2 17
      vertex -1.38564 -21.2 13
    endloop
  endfacet
  facet normal 0.659362 0.751826 -0
    outer loop
      vertex -0.974018 -23.2694 13
      vertex -1.13137 -23.1314 17
      vertex -0.974018 -23.2694 17
    endloop
  endfacet
  facet normal 0.659362 0.751826 0
    outer loop
      vertex -1.13137 -23.1314 17
      vertex -0.974018 -23.2694 13
      vertex -1.13137 -23.1314 13
    endloop
  endfacet
  facet normal -0.997858 0.0654247 0
    outer loop
      vertex 1.58631 -22.2088 13
      vertex 1.6 -22 17
      vertex 1.6 -22 13
    endloop
  endfacet
  facet normal -0.997858 0.0654247 0
    outer loop
      vertex 1.6 -22 17
      vertex 1.58631 -22.2088 13
      vertex 1.58631 -22.2088 17
    endloop
  endfacet
  facet normal -0.831454 0.555593 0
    outer loop
      vertex 1.26937 -22.974 13
      vertex 1.38564 -22.8 17
      vertex 1.38564 -22.8 13
    endloop
  endfacet
  facet normal -0.831454 0.555593 0
    outer loop
      vertex 1.38564 -22.8 17
      vertex 1.26937 -22.974 13
      vertex 1.26937 -22.974 17
    endloop
  endfacet
  facet normal 0.0654594 -0.997855 0
    outer loop
      vertex -0.208841 -20.4137 13
      vertex 0 -20.4 17
      vertex -0.208841 -20.4137 17
    endloop
  endfacet
  facet normal 0.0654594 -0.997855 0
    outer loop
      vertex 0 -20.4 17
      vertex -0.208841 -20.4137 13
      vertex 0 -20.4 13
    endloop
  endfacet
  facet normal -0.659362 -0.751826 0
    outer loop
      vertex 0.974018 -20.7306 13
      vertex 1.13137 -20.8686 17
      vertex 0.974018 -20.7306 17
    endloop
  endfacet
  facet normal -0.659362 -0.751826 -0
    outer loop
      vertex 1.13137 -20.8686 17
      vertex 0.974018 -20.7306 13
      vertex 1.13137 -20.8686 13
    endloop
  endfacet
  facet normal -0.997858 -0.0654247 0
    outer loop
      vertex 1.6 -22 13
      vertex 1.58631 -21.7912 17
      vertex 1.58631 -21.7912 13
    endloop
  endfacet
  facet normal -0.997858 -0.0654247 0
    outer loop
      vertex 1.58631 -21.7912 17
      vertex 1.6 -22 13
      vertex 1.6 -22 17
    endloop
  endfacet
  facet normal -0.19495 -0.980813 0
    outer loop
      vertex 0.208841 -20.4137 13
      vertex 0.41411 -20.4545 17
      vertex 0.208841 -20.4137 17
    endloop
  endfacet
  facet normal -0.19495 -0.980813 -0
    outer loop
      vertex 0.41411 -20.4545 17
      vertex 0.208841 -20.4137 13
      vertex 0.41411 -20.4545 13
    endloop
  endfacet
  facet normal -0.0654594 -0.997855 0
    outer loop
      vertex 0 -20.4 13
      vertex 0.208841 -20.4137 17
      vertex 0 -20.4 17
    endloop
  endfacet
  facet normal -0.0654594 -0.997855 -0
    outer loop
      vertex 0.208841 -20.4137 17
      vertex 0 -20.4 13
      vertex 0.208841 -20.4137 13
    endloop
  endfacet
  facet normal 0.946944 -0.321397 0
    outer loop
      vertex -1.54548 -21.5859 17
      vertex -1.47821 -21.3877 13
      vertex -1.47821 -21.3877 17
    endloop
  endfacet
  facet normal 0.946944 -0.321397 0
    outer loop
      vertex -1.47821 -21.3877 13
      vertex -1.54548 -21.5859 17
      vertex -1.54548 -21.5859 13
    endloop
  endfacet
  facet normal 0.997858 -0.0654247 0
    outer loop
      vertex -1.6 -22 17
      vertex -1.58631 -21.7912 13
      vertex -1.58631 -21.7912 17
    endloop
  endfacet
  facet normal 0.997858 -0.0654247 0
    outer loop
      vertex -1.58631 -21.7912 13
      vertex -1.6 -22 17
      vertex -1.6 -22 13
    endloop
  endfacet
  facet normal 0.89686 -0.442314 0
    outer loop
      vertex -1.47821 -21.3877 17
      vertex -1.38564 -21.2 13
      vertex -1.38564 -21.2 17
    endloop
  endfacet
  facet normal 0.89686 -0.442314 0
    outer loop
      vertex -1.38564 -21.2 13
      vertex -1.47821 -21.3877 17
      vertex -1.47821 -21.3877 13
    endloop
  endfacet
  facet normal 0.751925 0.659248 0
    outer loop
      vertex -1.13137 -23.1314 17
      vertex -1.26937 -22.974 13
      vertex -1.26937 -22.974 17
    endloop
  endfacet
  facet normal 0.751925 0.659248 0
    outer loop
      vertex -1.26937 -22.974 13
      vertex -1.13137 -23.1314 17
      vertex -1.13137 -23.1314 13
    endloop
  endfacet
  facet normal -0.55532 -0.831637 0
    outer loop
      vertex 0.799999 -20.6144 13
      vertex 0.974018 -20.7306 17
      vertex 0.799999 -20.6144 17
    endloop
  endfacet
  facet normal -0.55532 -0.831637 -0
    outer loop
      vertex 0.974018 -20.7306 17
      vertex 0.799999 -20.6144 13
      vertex 0.974018 -20.7306 13
    endloop
  endfacet
  facet normal 0.55532 -0.831637 0
    outer loop
      vertex -0.974018 -20.7306 13
      vertex -0.799999 -20.6144 17
      vertex -0.974018 -20.7306 17
    endloop
  endfacet
  facet normal 0.55532 -0.831637 0
    outer loop
      vertex -0.799999 -20.6144 17
      vertex -0.974018 -20.7306 13
      vertex -0.799999 -20.6144 13
    endloop
  endfacet
  facet normal -0.195088 -0.980786 0
    outer loop
      vertex 0.208841 1.58631 0
      vertex 0.41411 1.54548 17
      vertex 0.208841 1.58631 17
    endloop
  endfacet
  facet normal -0.195088 -0.980786 -0
    outer loop
      vertex 0.41411 1.54548 17
      vertex 0.208841 1.58631 0
      vertex 0.41411 1.54548 0
    endloop
  endfacet
  facet normal -0.980786 -0.195088 0
    outer loop
      vertex 1.58631 0.208841 0
      vertex 1.54548 0.41411 17
      vertex 1.54548 0.41411 0
    endloop
  endfacet
  facet normal -0.980786 -0.195088 0
    outer loop
      vertex 1.54548 0.41411 17
      vertex 1.58631 0.208841 0
      vertex 1.58631 0.208841 17
    endloop
  endfacet
  facet normal -0.997858 -0.0654119 0
    outer loop
      vertex 1.6 0 0
      vertex 1.58631 0.208841 17
      vertex 1.58631 0.208841 0
    endloop
  endfacet
  facet normal -0.997858 -0.0654119 0
    outer loop
      vertex 1.58631 0.208841 17
      vertex 1.6 0 0
      vertex 1.6 0 17
    endloop
  endfacet
  facet normal -0.946936 -0.321422 0
    outer loop
      vertex 1.54548 0.41411 0
      vertex 1.47821 0.612293 17
      vertex 1.47821 0.612293 0
    endloop
  endfacet
  facet normal -0.946936 -0.321422 0
    outer loop
      vertex 1.47821 0.612293 17
      vertex 1.54548 0.41411 0
      vertex 1.54548 0.41411 17
    endloop
  endfacet
  facet normal -0.831482 -0.555551 0
    outer loop
      vertex 1.38564 0.799999 0
      vertex 1.26937 0.974018 17
      vertex 1.26937 0.974018 0
    endloop
  endfacet
  facet normal -0.831482 -0.555551 0
    outer loop
      vertex 1.26937 0.974018 17
      vertex 1.38564 0.799999 0
      vertex 1.38564 0.799999 17
    endloop
  endfacet
  facet normal -0.321422 -0.946936 0
    outer loop
      vertex 0.41411 1.54548 0
      vertex 0.612293 1.47821 17
      vertex 0.41411 1.54548 17
    endloop
  endfacet
  facet normal -0.321422 -0.946936 -0
    outer loop
      vertex 0.612293 1.47821 17
      vertex 0.41411 1.54548 0
      vertex 0.612293 1.47821 0
    endloop
  endfacet
  facet normal -0.997858 0.0654119 0
    outer loop
      vertex 1.58631 -0.208841 0
      vertex 1.6 0 17
      vertex 1.6 0 0
    endloop
  endfacet
  facet normal -0.997858 0.0654119 0
    outer loop
      vertex 1.6 0 17
      vertex 1.58631 -0.208841 0
      vertex 1.58631 -0.208841 17
    endloop
  endfacet
  facet normal 0.555551 0.831482 -0
    outer loop
      vertex -0.799999 -1.38564 0
      vertex -0.974018 -1.26937 17
      vertex -0.799999 -1.38564 17
    endloop
  endfacet
  facet normal 0.555551 0.831482 0
    outer loop
      vertex -0.974018 -1.26937 17
      vertex -0.799999 -1.38564 0
      vertex -0.974018 -1.26937 0
    endloop
  endfacet
  facet normal 0.321422 0.946936 -0
    outer loop
      vertex -0.41411 -1.54548 0
      vertex -0.612293 -1.47821 17
      vertex -0.41411 -1.54548 17
    endloop
  endfacet
  facet normal 0.321422 0.946936 0
    outer loop
      vertex -0.612293 -1.47821 17
      vertex -0.41411 -1.54548 0
      vertex -0.612293 -1.47821 0
    endloop
  endfacet
  facet normal -0.896866 -0.442303 0
    outer loop
      vertex 1.47821 0.612293 0
      vertex 1.38564 0.799999 17
      vertex 1.38564 0.799999 0
    endloop
  endfacet
  facet normal -0.896866 -0.442303 0
    outer loop
      vertex 1.38564 0.799999 17
      vertex 1.47821 0.612293 0
      vertex 1.47821 0.612293 17
    endloop
  endfacet
  facet normal 0.321422 -0.946936 0
    outer loop
      vertex -0.612293 1.47821 0
      vertex -0.41411 1.54548 17
      vertex -0.612293 1.47821 17
    endloop
  endfacet
  facet normal 0.321422 -0.946936 0
    outer loop
      vertex -0.41411 1.54548 17
      vertex -0.612293 1.47821 0
      vertex -0.41411 1.54548 0
    endloop
  endfacet
  facet normal -0.751826 -0.659362 0
    outer loop
      vertex 1.26937 0.974018 0
      vertex 1.13137 1.13137 17
      vertex 1.13137 1.13137 0
    endloop
  endfacet
  facet normal -0.751826 -0.659362 0
    outer loop
      vertex 1.13137 1.13137 17
      vertex 1.26937 0.974018 0
      vertex 1.26937 0.974018 17
    endloop
  endfacet
  facet normal -0.946936 0.321422 0
    outer loop
      vertex 1.47821 -0.612293 0
      vertex 1.54548 -0.41411 17
      vertex 1.54548 -0.41411 0
    endloop
  endfacet
  facet normal -0.946936 0.321422 0
    outer loop
      vertex 1.54548 -0.41411 17
      vertex 1.47821 -0.612293 0
      vertex 1.47821 -0.612293 17
    endloop
  endfacet
  facet normal 0.751826 0.659362 0
    outer loop
      vertex -1.13137 -1.13137 17
      vertex -1.26937 -0.974018 0
      vertex -1.26937 -0.974018 17
    endloop
  endfacet
  facet normal 0.751826 0.659362 0
    outer loop
      vertex -1.26937 -0.974018 0
      vertex -1.13137 -1.13137 17
      vertex -1.13137 -1.13137 0
    endloop
  endfacet
  facet normal -0.980786 0.195088 0
    outer loop
      vertex 1.54548 -0.41411 0
      vertex 1.58631 -0.208841 17
      vertex 1.58631 -0.208841 0
    endloop
  endfacet
  facet normal -0.980786 0.195088 0
    outer loop
      vertex 1.58631 -0.208841 17
      vertex 1.54548 -0.41411 0
      vertex 1.54548 -0.41411 17
    endloop
  endfacet
  facet normal 0.659362 -0.751826 0
    outer loop
      vertex -1.13137 1.13137 0
      vertex -0.974018 1.26937 17
      vertex -1.13137 1.13137 17
    endloop
  endfacet
  facet normal 0.659362 -0.751826 0
    outer loop
      vertex -0.974018 1.26937 17
      vertex -1.13137 1.13137 0
      vertex -0.974018 1.26937 0
    endloop
  endfacet
  facet normal 0.946936 0.321422 0
    outer loop
      vertex -1.47821 -0.612293 17
      vertex -1.54548 -0.41411 0
      vertex -1.54548 -0.41411 17
    endloop
  endfacet
  facet normal 0.946936 0.321422 0
    outer loop
      vertex -1.54548 -0.41411 0
      vertex -1.47821 -0.612293 17
      vertex -1.47821 -0.612293 0
    endloop
  endfacet
  facet normal -0.831482 0.555551 0
    outer loop
      vertex 1.26937 -0.974018 0
      vertex 1.38564 -0.799999 17
      vertex 1.38564 -0.799999 0
    endloop
  endfacet
  facet normal -0.831482 0.555551 0
    outer loop
      vertex 1.38564 -0.799999 17
      vertex 1.26937 -0.974018 0
      vertex 1.26937 -0.974018 17
    endloop
  endfacet
  facet normal -0.442303 -0.896866 0
    outer loop
      vertex 0.612293 1.47821 0
      vertex 0.799999 1.38564 17
      vertex 0.612293 1.47821 17
    endloop
  endfacet
  facet normal -0.442303 -0.896866 -0
    outer loop
      vertex 0.799999 1.38564 17
      vertex 0.612293 1.47821 0
      vertex 0.799999 1.38564 0
    endloop
  endfacet
  facet normal 0.442303 -0.896866 0
    outer loop
      vertex -0.799999 1.38564 0
      vertex -0.612293 1.47821 17
      vertex -0.799999 1.38564 17
    endloop
  endfacet
  facet normal 0.442303 -0.896866 0
    outer loop
      vertex -0.612293 1.47821 17
      vertex -0.799999 1.38564 0
      vertex -0.612293 1.47821 0
    endloop
  endfacet
  facet normal -0.442303 0.896866 0
    outer loop
      vertex 0.799999 -1.38564 0
      vertex 0.612293 -1.47821 17
      vertex 0.799999 -1.38564 17
    endloop
  endfacet
  facet normal -0.442303 0.896866 0
    outer loop
      vertex 0.612293 -1.47821 17
      vertex 0.799999 -1.38564 0
      vertex 0.612293 -1.47821 0
    endloop
  endfacet
  facet normal -0.321422 0.946936 0
    outer loop
      vertex 0.612293 -1.47821 0
      vertex 0.41411 -1.54548 17
      vertex 0.612293 -1.47821 17
    endloop
  endfacet
  facet normal -0.321422 0.946936 0
    outer loop
      vertex 0.41411 -1.54548 17
      vertex 0.612293 -1.47821 0
      vertex 0.41411 -1.54548 0
    endloop
  endfacet
  facet normal 0.980786 0.195088 0
    outer loop
      vertex -1.54548 -0.41411 17
      vertex -1.58631 -0.208841 0
      vertex -1.58631 -0.208841 17
    endloop
  endfacet
  facet normal 0.980786 0.195088 0
    outer loop
      vertex -1.58631 -0.208841 0
      vertex -1.54548 -0.41411 17
      vertex -1.54548 -0.41411 0
    endloop
  endfacet
  facet normal 0.555551 -0.831482 0
    outer loop
      vertex -0.974018 1.26937 0
      vertex -0.799999 1.38564 17
      vertex -0.974018 1.26937 17
    endloop
  endfacet
  facet normal 0.555551 -0.831482 0
    outer loop
      vertex -0.799999 1.38564 17
      vertex -0.974018 1.26937 0
      vertex -0.799999 1.38564 0
    endloop
  endfacet
  facet normal -0.555551 0.831482 0
    outer loop
      vertex 0.974018 -1.26937 0
      vertex 0.799999 -1.38564 17
      vertex 0.974018 -1.26937 17
    endloop
  endfacet
  facet normal -0.555551 0.831482 0
    outer loop
      vertex 0.799999 -1.38564 17
      vertex 0.974018 -1.26937 0
      vertex 0.799999 -1.38564 0
    endloop
  endfacet
  facet normal -0.195088 0.980786 0
    outer loop
      vertex 0.41411 -1.54548 0
      vertex 0.208841 -1.58631 17
      vertex 0.41411 -1.54548 17
    endloop
  endfacet
  facet normal -0.195088 0.980786 0
    outer loop
      vertex 0.208841 -1.58631 17
      vertex 0.41411 -1.54548 0
      vertex 0.208841 -1.58631 0
    endloop
  endfacet
  facet normal -0.659362 -0.751826 0
    outer loop
      vertex 0.974018 1.26937 0
      vertex 1.13137 1.13137 17
      vertex 0.974018 1.26937 17
    endloop
  endfacet
  facet normal -0.659362 -0.751826 -0
    outer loop
      vertex 1.13137 1.13137 17
      vertex 0.974018 1.26937 0
      vertex 1.13137 1.13137 0
    endloop
  endfacet
  facet normal 0.946936 -0.321422 0
    outer loop
      vertex -1.54548 0.41411 17
      vertex -1.47821 0.612293 0
      vertex -1.47821 0.612293 17
    endloop
  endfacet
  facet normal 0.946936 -0.321422 0
    outer loop
      vertex -1.47821 0.612293 0
      vertex -1.54548 0.41411 17
      vertex -1.54548 0.41411 0
    endloop
  endfacet
  facet normal -0.0654119 0.997858 0
    outer loop
      vertex 0.208841 -1.58631 0
      vertex 0 -1.6 17
      vertex 0.208841 -1.58631 17
    endloop
  endfacet
  facet normal -0.0654119 0.997858 0
    outer loop
      vertex 0 -1.6 17
      vertex 0.208841 -1.58631 0
      vertex 0 -1.6 0
    endloop
  endfacet
  facet normal 0.195088 -0.980786 0
    outer loop
      vertex -0.41411 1.54548 0
      vertex -0.208841 1.58631 17
      vertex -0.41411 1.54548 17
    endloop
  endfacet
  facet normal 0.195088 -0.980786 0
    outer loop
      vertex -0.208841 1.58631 17
      vertex -0.41411 1.54548 0
      vertex -0.208841 1.58631 0
    endloop
  endfacet
  facet normal 0.659362 0.751826 -0
    outer loop
      vertex -0.974018 -1.26937 0
      vertex -1.13137 -1.13137 17
      vertex -0.974018 -1.26937 17
    endloop
  endfacet
  facet normal 0.659362 0.751826 0
    outer loop
      vertex -1.13137 -1.13137 17
      vertex -0.974018 -1.26937 0
      vertex -1.13137 -1.13137 0
    endloop
  endfacet
  facet normal 0.896866 -0.442303 0
    outer loop
      vertex -1.47821 0.612293 17
      vertex -1.38564 0.799999 0
      vertex -1.38564 0.799999 17
    endloop
  endfacet
  facet normal 0.896866 -0.442303 0
    outer loop
      vertex -1.38564 0.799999 0
      vertex -1.47821 0.612293 17
      vertex -1.47821 0.612293 0
    endloop
  endfacet
  facet normal -0.896866 0.442303 0
    outer loop
      vertex 1.38564 -0.799999 0
      vertex 1.47821 -0.612293 17
      vertex 1.47821 -0.612293 0
    endloop
  endfacet
  facet normal -0.896866 0.442303 0
    outer loop
      vertex 1.47821 -0.612293 17
      vertex 1.38564 -0.799999 0
      vertex 1.38564 -0.799999 17
    endloop
  endfacet
  facet normal -0.751826 0.659362 0
    outer loop
      vertex 1.13137 -1.13137 0
      vertex 1.26937 -0.974018 17
      vertex 1.26937 -0.974018 0
    endloop
  endfacet
  facet normal -0.751826 0.659362 0
    outer loop
      vertex 1.26937 -0.974018 17
      vertex 1.13137 -1.13137 0
      vertex 1.13137 -1.13137 17
    endloop
  endfacet
  facet normal 0.0654119 0.997858 -0
    outer loop
      vertex 0 -1.6 0
      vertex -0.208841 -1.58631 17
      vertex 0 -1.6 17
    endloop
  endfacet
  facet normal 0.0654119 0.997858 0
    outer loop
      vertex -0.208841 -1.58631 17
      vertex 0 -1.6 0
      vertex -0.208841 -1.58631 0
    endloop
  endfacet
  facet normal -0.0654119 -0.997858 0
    outer loop
      vertex 0 1.6 0
      vertex 0.208841 1.58631 17
      vertex 0 1.6 17
    endloop
  endfacet
  facet normal -0.0654119 -0.997858 -0
    outer loop
      vertex 0.208841 1.58631 17
      vertex 0 1.6 0
      vertex 0.208841 1.58631 0
    endloop
  endfacet
  facet normal -0.555551 -0.831482 0
    outer loop
      vertex 0.799999 1.38564 0
      vertex 0.974018 1.26937 17
      vertex 0.799999 1.38564 17
    endloop
  endfacet
  facet normal -0.555551 -0.831482 -0
    outer loop
      vertex 0.974018 1.26937 17
      vertex 0.799999 1.38564 0
      vertex 0.974018 1.26937 0
    endloop
  endfacet
  facet normal 0.997858 0.0654119 0
    outer loop
      vertex -1.58631 -0.208841 17
      vertex -1.6 0 0
      vertex -1.6 0 17
    endloop
  endfacet
  facet normal 0.997858 0.0654119 0
    outer loop
      vertex -1.6 0 0
      vertex -1.58631 -0.208841 17
      vertex -1.58631 -0.208841 0
    endloop
  endfacet
  facet normal 0.751826 -0.659362 0
    outer loop
      vertex -1.26937 0.974018 17
      vertex -1.13137 1.13137 0
      vertex -1.13137 1.13137 17
    endloop
  endfacet
  facet normal 0.751826 -0.659362 0
    outer loop
      vertex -1.13137 1.13137 0
      vertex -1.26937 0.974018 17
      vertex -1.26937 0.974018 0
    endloop
  endfacet
  facet normal 0.0654119 -0.997858 0
    outer loop
      vertex -0.208841 1.58631 0
      vertex 0 1.6 17
      vertex -0.208841 1.58631 17
    endloop
  endfacet
  facet normal 0.0654119 -0.997858 0
    outer loop
      vertex 0 1.6 17
      vertex -0.208841 1.58631 0
      vertex 0 1.6 0
    endloop
  endfacet
  facet normal 0.195088 0.980786 -0
    outer loop
      vertex -0.208841 -1.58631 0
      vertex -0.41411 -1.54548 17
      vertex -0.208841 -1.58631 17
    endloop
  endfacet
  facet normal 0.195088 0.980786 0
    outer loop
      vertex -0.41411 -1.54548 17
      vertex -0.208841 -1.58631 0
      vertex -0.41411 -1.54548 0
    endloop
  endfacet
  facet normal 0.980786 -0.195088 0
    outer loop
      vertex -1.58631 0.208841 17
      vertex -1.54548 0.41411 0
      vertex -1.54548 0.41411 17
    endloop
  endfacet
  facet normal 0.980786 -0.195088 0
    outer loop
      vertex -1.54548 0.41411 0
      vertex -1.58631 0.208841 17
      vertex -1.58631 0.208841 0
    endloop
  endfacet
  facet normal 0.997858 -0.0654119 0
    outer loop
      vertex -1.6 0 17
      vertex -1.58631 0.208841 0
      vertex -1.58631 0.208841 17
    endloop
  endfacet
  facet normal 0.997858 -0.0654119 0
    outer loop
      vertex -1.58631 0.208841 0
      vertex -1.6 0 17
      vertex -1.6 0 0
    endloop
  endfacet
  facet normal 0.442303 0.896866 -0
    outer loop
      vertex -0.612293 -1.47821 0
      vertex -0.799999 -1.38564 17
      vertex -0.612293 -1.47821 17
    endloop
  endfacet
  facet normal 0.442303 0.896866 0
    outer loop
      vertex -0.799999 -1.38564 17
      vertex -0.612293 -1.47821 0
      vertex -0.799999 -1.38564 0
    endloop
  endfacet
  facet normal -0.659362 0.751826 0
    outer loop
      vertex 1.13137 -1.13137 0
      vertex 0.974018 -1.26937 17
      vertex 1.13137 -1.13137 17
    endloop
  endfacet
  facet normal -0.659362 0.751826 0
    outer loop
      vertex 0.974018 -1.26937 17
      vertex 1.13137 -1.13137 0
      vertex 0.974018 -1.26937 0
    endloop
  endfacet
  facet normal 0.831482 -0.555551 0
    outer loop
      vertex -1.38564 0.799999 17
      vertex -1.26937 0.974018 0
      vertex -1.26937 0.974018 17
    endloop
  endfacet
  facet normal 0.831482 -0.555551 0
    outer loop
      vertex -1.26937 0.974018 0
      vertex -1.38564 0.799999 17
      vertex -1.38564 0.799999 0
    endloop
  endfacet
  facet normal 0.831482 0.555551 0
    outer loop
      vertex -1.26937 -0.974018 17
      vertex -1.38564 -0.799999 0
      vertex -1.38564 -0.799999 17
    endloop
  endfacet
  facet normal 0.831482 0.555551 0
    outer loop
      vertex -1.38564 -0.799999 0
      vertex -1.26937 -0.974018 17
      vertex -1.26937 -0.974018 0
    endloop
  endfacet
  facet normal 0.896866 0.442303 0
    outer loop
      vertex -1.38564 -0.799999 17
      vertex -1.47821 -0.612293 0
      vertex -1.47821 -0.612293 17
    endloop
  endfacet
  facet normal 0.896866 0.442303 0
    outer loop
      vertex -1.47821 -0.612293 0
      vertex -1.38564 -0.799999 17
      vertex -1.38564 -0.799999 0
    endloop
  endfacet
endsolid OpenSCAD_Model
