solid OpenSCAD_Model
  facet normal 0 0 -1
    outer loop
      vertex 0.115288 8 88.96
      vertex 2.47686 60 88.96
      vertex 2.47686 8 88.96
    endloop
  endfacet
  facet normal -0 0 -1
    outer loop
      vertex 2.47686 60 88.96
      vertex 0.115288 8 88.96
      vertex 0.115288 60 88.96
    endloop
  endfacet
  facet normal -0 0 1
    outer loop
      vertex 0.115288 60 64.96
      vertex 2.47686 8 64.96
      vertex 2.47686 60 64.96
    endloop
  endfacet
  facet normal 0 0 1
    outer loop
      vertex 2.47686 8 64.96
      vertex 0.115288 60 64.96
      vertex 0.115288 8 64.96
    endloop
  endfacet
  facet normal 0 -1 0
    outer loop
      vertex 0.115288 60 64.96
      vertex 2.47686 60 88.96
      vertex 0.115288 60 88.96
    endloop
  endfacet
  facet normal 0 -1 -0
    outer loop
      vertex 2.47686 60 88.96
      vertex 0.115288 60 64.96
      vertex 2.47686 60 64.96
    endloop
  endfacet
  facet normal 0 1 -0
    outer loop
      vertex 2.47686 8 64.96
      vertex 0.115288 8 88.96
      vertex 2.47686 8 88.96
    endloop
  endfacet
  facet normal 0 1 0
    outer loop
      vertex 0.115288 8 88.96
      vertex 2.47686 8 64.96
      vertex 0.115288 8 64.96
    endloop
  endfacet
  facet normal 0 0 -1
    outer loop
      vertex 101.523 8 88.96
      vertex 103.885 60 88.96
      vertex 103.885 8 88.96
    endloop
  endfacet
  facet normal -0 0 -1
    outer loop
      vertex 103.885 60 88.96
      vertex 101.523 8 88.96
      vertex 101.523 60 88.96
    endloop
  endfacet
  facet normal -0 0 1
    outer loop
      vertex 101.523 60 64.96
      vertex 103.885 8 64.96
      vertex 103.885 60 64.96
    endloop
  endfacet
  facet normal 0 0 1
    outer loop
      vertex 103.885 8 64.96
      vertex 101.523 60 64.96
      vertex 101.523 8 64.96
    endloop
  endfacet
  facet normal 0 -1 0
    outer loop
      vertex 101.523 60 64.96
      vertex 103.885 60 88.96
      vertex 101.523 60 88.96
    endloop
  endfacet
  facet normal 0 -1 -0
    outer loop
      vertex 103.885 60 88.96
      vertex 101.523 60 64.96
      vertex 103.885 60 64.96
    endloop
  endfacet
  facet normal 0 1 -0
    outer loop
      vertex 103.885 8 64.96
      vertex 101.523 8 88.96
      vertex 103.885 8 88.96
    endloop
  endfacet
  facet normal 0 1 0
    outer loop
      vertex 101.523 8 88.96
      vertex 103.885 8 64.96
      vertex 101.523 8 64.96
    endloop
  endfacet
  facet normal -0.44253 0 0.896754
    outer loop
      vertex 12.6506 2.47686 14.4294
      vertex 12.85 0.115288 14.5278
      vertex 12.85 2.47686 14.5278
    endloop
  endfacet
  facet normal -0.44253 0 0.896754
    outer loop
      vertex 12.85 0.115288 14.5278
      vertex 12.6506 2.47686 14.4294
      vertex 12.6506 0.115288 14.4294
    endloop
  endfacet
  facet normal -0.555426 0 -0.831566
    outer loop
      vertex 12.85 0.115288 17.4722
      vertex 13.0349 2.47686 17.3487
      vertex 13.0349 0.115288 17.3487
    endloop
  endfacet
  facet normal -0.555426 0 -0.831566
    outer loop
      vertex 13.0349 2.47686 17.3487
      vertex 12.85 0.115288 17.4722
      vertex 12.85 2.47686 17.4722
    endloop
  endfacet
  facet normal 0.555426 0 -0.831566
    outer loop
      vertex 10.9651 0.115288 17.3487
      vertex 11.15 2.47686 17.4722
      vertex 11.15 0.115288 17.4722
    endloop
  endfacet
  facet normal 0.555426 0 -0.831566
    outer loop
      vertex 11.15 2.47686 17.4722
      vertex 10.9651 0.115288 17.3487
      vertex 10.9651 2.47686 17.3487
    endloop
  endfacet
  facet normal 0.0652057 0 0.997872
    outer loop
      vertex 11.7781 2.47686 14.3145
      vertex 12 0.115288 14.3
      vertex 12 2.47686 14.3
    endloop
  endfacet
  facet normal 0.0652057 0 0.997872
    outer loop
      vertex 12 0.115288 14.3
      vertex 11.7781 2.47686 14.3145
      vertex 11.7781 0.115288 14.3145
    endloop
  endfacet
  facet normal -0.997872 0 0.0652057
    outer loop
      vertex 13.6855 0.115288 15.7781
      vertex 13.7 2.47686 16
      vertex 13.6855 2.47686 15.7781
    endloop
  endfacet
  facet normal -0.997872 0 0.0652057
    outer loop
      vertex 13.7 2.47686 16
      vertex 13.6855 0.115288 15.7781
      vertex 13.7 0.115288 16
    endloop
  endfacet
  facet normal -0.195165 0 0.98077
    outer loop
      vertex 12.2219 2.47686 14.3145
      vertex 12.44 0.115288 14.3579
      vertex 12.44 2.47686 14.3579
    endloop
  endfacet
  facet normal -0.195165 0 0.98077
    outer loop
      vertex 12.44 0.115288 14.3579
      vertex 12.2219 2.47686 14.3145
      vertex 12.2219 0.115288 14.3145
    endloop
  endfacet
  facet normal -0.997872 0 -0.0652057
    outer loop
      vertex 13.7 0.115288 16
      vertex 13.6855 2.47686 16.2219
      vertex 13.7 2.47686 16
    endloop
  endfacet
  facet normal -0.997872 -0 -0.0652057
    outer loop
      vertex 13.6855 2.47686 16.2219
      vertex 13.7 0.115288 16
      vertex 13.6855 0.115288 16.2219
    endloop
  endfacet
  facet normal 0.321484 0 -0.946915
    outer loop
      vertex 11.3494 0.115288 17.5706
      vertex 11.56 2.47686 17.6421
      vertex 11.56 0.115288 17.6421
    endloop
  endfacet
  facet normal 0.321484 0 -0.946915
    outer loop
      vertex 11.56 2.47686 17.6421
      vertex 11.3494 0.115288 17.5706
      vertex 11.3494 2.47686 17.5706
    endloop
  endfacet
  facet normal -0.98077 0 -0.195165
    outer loop
      vertex 13.6855 0.115288 16.2219
      vertex 13.6421 2.47686 16.44
      vertex 13.6855 2.47686 16.2219
    endloop
  endfacet
  facet normal -0.98077 -0 -0.195165
    outer loop
      vertex 13.6421 2.47686 16.44
      vertex 13.6855 0.115288 16.2219
      vertex 13.6421 0.115288 16.44
    endloop
  endfacet
  facet normal 0.831566 -0 0.555426
    outer loop
      vertex 10.5278 0.115288 15.15
      vertex 10.6513 2.47686 14.9651
      vertex 10.5278 2.47686 15.15
    endloop
  endfacet
  facet normal 0.831566 0 0.555426
    outer loop
      vertex 10.6513 2.47686 14.9651
      vertex 10.5278 0.115288 15.15
      vertex 10.6513 0.115288 14.9651
    endloop
  endfacet
  facet normal 0.831566 0 -0.555426
    outer loop
      vertex 10.6513 0.115288 17.0349
      vertex 10.5278 2.47686 16.85
      vertex 10.6513 2.47686 17.0349
    endloop
  endfacet
  facet normal 0.831566 0 -0.555426
    outer loop
      vertex 10.5278 2.47686 16.85
      vertex 10.6513 0.115288 17.0349
      vertex 10.5278 0.115288 16.85
    endloop
  endfacet
  facet normal 0.659268 0 0.751908
    outer loop
      vertex 10.7979 2.47686 14.7979
      vertex 10.9651 0.115288 14.6513
      vertex 10.9651 2.47686 14.6513
    endloop
  endfacet
  facet normal 0.659268 0 0.751908
    outer loop
      vertex 10.9651 0.115288 14.6513
      vertex 10.7979 2.47686 14.7979
      vertex 10.7979 0.115288 14.7979
    endloop
  endfacet
  facet normal 0.195165 0 -0.98077
    outer loop
      vertex 11.56 0.115288 17.6421
      vertex 11.7781 2.47686 17.6855
      vertex 11.7781 0.115288 17.6855
    endloop
  endfacet
  facet normal 0.195165 0 -0.98077
    outer loop
      vertex 11.7781 2.47686 17.6855
      vertex 11.56 0.115288 17.6421
      vertex 11.56 2.47686 17.6421
    endloop
  endfacet
  facet normal 0.98077 0 -0.195165
    outer loop
      vertex 10.3579 0.115288 16.44
      vertex 10.3145 2.47686 16.2219
      vertex 10.3579 2.47686 16.44
    endloop
  endfacet
  facet normal 0.98077 0 -0.195165
    outer loop
      vertex 10.3145 2.47686 16.2219
      vertex 10.3579 0.115288 16.44
      vertex 10.3145 0.115288 16.2219
    endloop
  endfacet
  facet normal -0.831566 0 0.555426
    outer loop
      vertex 13.3487 0.115288 14.9651
      vertex 13.4722 2.47686 15.15
      vertex 13.3487 2.47686 14.9651
    endloop
  endfacet
  facet normal -0.831566 0 0.555426
    outer loop
      vertex 13.4722 2.47686 15.15
      vertex 13.3487 0.115288 14.9651
      vertex 13.4722 0.115288 15.15
    endloop
  endfacet
  facet normal 0.751908 -0 0.659268
    outer loop
      vertex 10.6513 0.115288 14.9651
      vertex 10.7979 2.47686 14.7979
      vertex 10.6513 2.47686 14.9651
    endloop
  endfacet
  facet normal 0.751908 0 0.659268
    outer loop
      vertex 10.7979 2.47686 14.7979
      vertex 10.6513 0.115288 14.9651
      vertex 10.7979 0.115288 14.7979
    endloop
  endfacet
  facet normal 0.997872 -0 0.0652057
    outer loop
      vertex 10.3 0.115288 16
      vertex 10.3145 2.47686 15.7781
      vertex 10.3 2.47686 16
    endloop
  endfacet
  facet normal 0.997872 0 0.0652057
    outer loop
      vertex 10.3145 2.47686 15.7781
      vertex 10.3 0.115288 16
      vertex 10.3145 0.115288 15.7781
    endloop
  endfacet
  facet normal -0.751908 0 -0.659268
    outer loop
      vertex 13.3487 0.115288 17.0349
      vertex 13.2021 2.47686 17.2021
      vertex 13.3487 2.47686 17.0349
    endloop
  endfacet
  facet normal -0.751908 -0 -0.659268
    outer loop
      vertex 13.2021 2.47686 17.2021
      vertex 13.3487 0.115288 17.0349
      vertex 13.2021 0.115288 17.2021
    endloop
  endfacet
  facet normal 0.946915 0 -0.321484
    outer loop
      vertex 10.4294 0.115288 16.6506
      vertex 10.3579 2.47686 16.44
      vertex 10.4294 2.47686 16.6506
    endloop
  endfacet
  facet normal 0.946915 0 -0.321484
    outer loop
      vertex 10.3579 2.47686 16.44
      vertex 10.4294 0.115288 16.6506
      vertex 10.3579 0.115288 16.44
    endloop
  endfacet
  facet normal -0.946915 0 0.321484
    outer loop
      vertex 13.5706 0.115288 15.3494
      vertex 13.6421 2.47686 15.56
      vertex 13.5706 2.47686 15.3494
    endloop
  endfacet
  facet normal -0.946915 0 0.321484
    outer loop
      vertex 13.6421 2.47686 15.56
      vertex 13.5706 0.115288 15.3494
      vertex 13.6421 0.115288 15.56
    endloop
  endfacet
  facet normal -0.659268 0 -0.751908
    outer loop
      vertex 13.0349 0.115288 17.3487
      vertex 13.2021 2.47686 17.2021
      vertex 13.2021 0.115288 17.2021
    endloop
  endfacet
  facet normal -0.659268 0 -0.751908
    outer loop
      vertex 13.2021 2.47686 17.2021
      vertex 13.0349 0.115288 17.3487
      vertex 13.0349 2.47686 17.3487
    endloop
  endfacet
  facet normal 0.896754 -0 0.44253
    outer loop
      vertex 10.4294 0.115288 15.3494
      vertex 10.5278 2.47686 15.15
      vertex 10.4294 2.47686 15.3494
    endloop
  endfacet
  facet normal 0.896754 0 0.44253
    outer loop
      vertex 10.5278 2.47686 15.15
      vertex 10.4294 0.115288 15.3494
      vertex 10.5278 0.115288 15.15
    endloop
  endfacet
  facet normal -0.0652057 0 0.997872
    outer loop
      vertex 12 2.47686 14.3
      vertex 12.2219 0.115288 14.3145
      vertex 12.2219 2.47686 14.3145
    endloop
  endfacet
  facet normal -0.0652057 0 0.997872
    outer loop
      vertex 12.2219 0.115288 14.3145
      vertex 12 2.47686 14.3
      vertex 12 0.115288 14.3
    endloop
  endfacet
  facet normal 0.44253 0 -0.896754
    outer loop
      vertex 11.15 0.115288 17.4722
      vertex 11.3494 2.47686 17.5706
      vertex 11.3494 0.115288 17.5706
    endloop
  endfacet
  facet normal 0.44253 0 -0.896754
    outer loop
      vertex 11.3494 2.47686 17.5706
      vertex 11.15 0.115288 17.4722
      vertex 11.15 2.47686 17.4722
    endloop
  endfacet
  facet normal 0.555426 0 0.831566
    outer loop
      vertex 10.9651 2.47686 14.6513
      vertex 11.15 0.115288 14.5278
      vertex 11.15 2.47686 14.5278
    endloop
  endfacet
  facet normal 0.555426 0 0.831566
    outer loop
      vertex 11.15 0.115288 14.5278
      vertex 10.9651 2.47686 14.6513
      vertex 10.9651 0.115288 14.6513
    endloop
  endfacet
  facet normal -0.831566 0 -0.555426
    outer loop
      vertex 13.4722 0.115288 16.85
      vertex 13.3487 2.47686 17.0349
      vertex 13.4722 2.47686 16.85
    endloop
  endfacet
  facet normal -0.831566 -0 -0.555426
    outer loop
      vertex 13.3487 2.47686 17.0349
      vertex 13.4722 0.115288 16.85
      vertex 13.3487 0.115288 17.0349
    endloop
  endfacet
  facet normal -0.321484 0 -0.946915
    outer loop
      vertex 12.44 0.115288 17.6421
      vertex 12.6506 2.47686 17.5706
      vertex 12.6506 0.115288 17.5706
    endloop
  endfacet
  facet normal -0.321484 0 -0.946915
    outer loop
      vertex 12.6506 2.47686 17.5706
      vertex 12.44 0.115288 17.6421
      vertex 12.44 2.47686 17.6421
    endloop
  endfacet
  facet normal 0.195165 0 0.98077
    outer loop
      vertex 11.56 2.47686 14.3579
      vertex 11.7781 0.115288 14.3145
      vertex 11.7781 2.47686 14.3145
    endloop
  endfacet
  facet normal 0.195165 0 0.98077
    outer loop
      vertex 11.7781 0.115288 14.3145
      vertex 11.56 2.47686 14.3579
      vertex 11.56 0.115288 14.3579
    endloop
  endfacet
  facet normal 0.0652057 0 -0.997872
    outer loop
      vertex 11.7781 0.115288 17.6855
      vertex 12 2.47686 17.7
      vertex 12 0.115288 17.7
    endloop
  endfacet
  facet normal 0.0652057 0 -0.997872
    outer loop
      vertex 12 2.47686 17.7
      vertex 11.7781 0.115288 17.6855
      vertex 11.7781 2.47686 17.6855
    endloop
  endfacet
  facet normal -0.555426 0 0.831566
    outer loop
      vertex 12.85 2.47686 14.5278
      vertex 13.0349 0.115288 14.6513
      vertex 13.0349 2.47686 14.6513
    endloop
  endfacet
  facet normal -0.555426 0 0.831566
    outer loop
      vertex 13.0349 0.115288 14.6513
      vertex 12.85 2.47686 14.5278
      vertex 12.85 0.115288 14.5278
    endloop
  endfacet
  facet normal -0.321484 0 0.946915
    outer loop
      vertex 12.44 2.47686 14.3579
      vertex 12.6506 0.115288 14.4294
      vertex 12.6506 2.47686 14.4294
    endloop
  endfacet
  facet normal -0.321484 0 0.946915
    outer loop
      vertex 12.6506 0.115288 14.4294
      vertex 12.44 2.47686 14.3579
      vertex 12.44 0.115288 14.3579
    endloop
  endfacet
  facet normal -0.98077 0 0.195165
    outer loop
      vertex 13.6421 0.115288 15.56
      vertex 13.6855 2.47686 15.7781
      vertex 13.6421 2.47686 15.56
    endloop
  endfacet
  facet normal -0.98077 0 0.195165
    outer loop
      vertex 13.6855 2.47686 15.7781
      vertex 13.6421 0.115288 15.56
      vertex 13.6855 0.115288 15.7781
    endloop
  endfacet
  facet normal -0.896754 0 0.44253
    outer loop
      vertex 13.4722 0.115288 15.15
      vertex 13.5706 2.47686 15.3494
      vertex 13.4722 2.47686 15.15
    endloop
  endfacet
  facet normal -0.896754 0 0.44253
    outer loop
      vertex 13.5706 2.47686 15.3494
      vertex 13.4722 0.115288 15.15
      vertex 13.5706 0.115288 15.3494
    endloop
  endfacet
  facet normal -0.946915 0 -0.321484
    outer loop
      vertex 13.6421 0.115288 16.44
      vertex 13.5706 2.47686 16.6506
      vertex 13.6421 2.47686 16.44
    endloop
  endfacet
  facet normal -0.946915 -0 -0.321484
    outer loop
      vertex 13.5706 2.47686 16.6506
      vertex 13.6421 0.115288 16.44
      vertex 13.5706 0.115288 16.6506
    endloop
  endfacet
  facet normal 0.98077 -0 0.195165
    outer loop
      vertex 10.3145 0.115288 15.7781
      vertex 10.3579 2.47686 15.56
      vertex 10.3145 2.47686 15.7781
    endloop
  endfacet
  facet normal 0.98077 0 0.195165
    outer loop
      vertex 10.3579 2.47686 15.56
      vertex 10.3145 0.115288 15.7781
      vertex 10.3579 0.115288 15.56
    endloop
  endfacet
  facet normal 0.44253 0 0.896754
    outer loop
      vertex 11.15 2.47686 14.5278
      vertex 11.3494 0.115288 14.4294
      vertex 11.3494 2.47686 14.4294
    endloop
  endfacet
  facet normal 0.44253 0 0.896754
    outer loop
      vertex 11.3494 0.115288 14.4294
      vertex 11.15 2.47686 14.5278
      vertex 11.15 0.115288 14.5278
    endloop
  endfacet
  facet normal 0.896754 0 -0.44253
    outer loop
      vertex 10.5278 0.115288 16.85
      vertex 10.4294 2.47686 16.6506
      vertex 10.5278 2.47686 16.85
    endloop
  endfacet
  facet normal 0.896754 0 -0.44253
    outer loop
      vertex 10.4294 2.47686 16.6506
      vertex 10.5278 0.115288 16.85
      vertex 10.4294 0.115288 16.6506
    endloop
  endfacet
  facet normal -0.44253 0 -0.896754
    outer loop
      vertex 12.6506 0.115288 17.5706
      vertex 12.85 2.47686 17.4722
      vertex 12.85 0.115288 17.4722
    endloop
  endfacet
  facet normal -0.44253 0 -0.896754
    outer loop
      vertex 12.85 2.47686 17.4722
      vertex 12.6506 0.115288 17.5706
      vertex 12.6506 2.47686 17.5706
    endloop
  endfacet
  facet normal -0.896754 0 -0.44253
    outer loop
      vertex 13.5706 0.115288 16.6506
      vertex 13.4722 2.47686 16.85
      vertex 13.5706 2.47686 16.6506
    endloop
  endfacet
  facet normal -0.896754 -0 -0.44253
    outer loop
      vertex 13.4722 2.47686 16.85
      vertex 13.5706 0.115288 16.6506
      vertex 13.4722 0.115288 16.85
    endloop
  endfacet
  facet normal 0.997872 0 -0.0652057
    outer loop
      vertex 10.3145 0.115288 16.2219
      vertex 10.3 2.47686 16
      vertex 10.3145 2.47686 16.2219
    endloop
  endfacet
  facet normal 0.997872 0 -0.0652057
    outer loop
      vertex 10.3 2.47686 16
      vertex 10.3145 0.115288 16.2219
      vertex 10.3 0.115288 16
    endloop
  endfacet
  facet normal -0.195165 0 -0.98077
    outer loop
      vertex 12.2219 0.115288 17.6855
      vertex 12.44 2.47686 17.6421
      vertex 12.44 0.115288 17.6421
    endloop
  endfacet
  facet normal -0.195165 0 -0.98077
    outer loop
      vertex 12.44 2.47686 17.6421
      vertex 12.2219 0.115288 17.6855
      vertex 12.2219 2.47686 17.6855
    endloop
  endfacet
  facet normal 0.751908 0 -0.659268
    outer loop
      vertex 10.7979 0.115288 17.2021
      vertex 10.6513 2.47686 17.0349
      vertex 10.7979 2.47686 17.2021
    endloop
  endfacet
  facet normal 0.751908 0 -0.659268
    outer loop
      vertex 10.6513 2.47686 17.0349
      vertex 10.7979 0.115288 17.2021
      vertex 10.6513 0.115288 17.0349
    endloop
  endfacet
  facet normal -0.751908 0 0.659268
    outer loop
      vertex 13.2021 0.115288 14.7979
      vertex 13.3487 2.47686 14.9651
      vertex 13.2021 2.47686 14.7979
    endloop
  endfacet
  facet normal -0.751908 0 0.659268
    outer loop
      vertex 13.3487 2.47686 14.9651
      vertex 13.2021 0.115288 14.7979
      vertex 13.3487 0.115288 14.9651
    endloop
  endfacet
  facet normal 0.659268 0 -0.751908
    outer loop
      vertex 10.7979 0.115288 17.2021
      vertex 10.9651 2.47686 17.3487
      vertex 10.9651 0.115288 17.3487
    endloop
  endfacet
  facet normal 0.659268 0 -0.751908
    outer loop
      vertex 10.9651 2.47686 17.3487
      vertex 10.7979 0.115288 17.2021
      vertex 10.7979 2.47686 17.2021
    endloop
  endfacet
  facet normal 0.946915 -0 0.321484
    outer loop
      vertex 10.3579 0.115288 15.56
      vertex 10.4294 2.47686 15.3494
      vertex 10.3579 2.47686 15.56
    endloop
  endfacet
  facet normal 0.946915 0 0.321484
    outer loop
      vertex 10.4294 2.47686 15.3494
      vertex 10.3579 0.115288 15.56
      vertex 10.4294 0.115288 15.3494
    endloop
  endfacet
  facet normal 0.321484 0 0.946915
    outer loop
      vertex 11.3494 2.47686 14.4294
      vertex 11.56 0.115288 14.3579
      vertex 11.56 2.47686 14.3579
    endloop
  endfacet
  facet normal 0.321484 0 0.946915
    outer loop
      vertex 11.56 0.115288 14.3579
      vertex 11.3494 2.47686 14.4294
      vertex 11.3494 0.115288 14.4294
    endloop
  endfacet
  facet normal -0.659268 0 0.751908
    outer loop
      vertex 13.0349 2.47686 14.6513
      vertex 13.2021 0.115288 14.7979
      vertex 13.2021 2.47686 14.7979
    endloop
  endfacet
  facet normal -0.659268 0 0.751908
    outer loop
      vertex 13.2021 0.115288 14.7979
      vertex 13.0349 2.47686 14.6513
      vertex 13.0349 0.115288 14.6513
    endloop
  endfacet
  facet normal -0.0652057 0 -0.997872
    outer loop
      vertex 12 0.115288 17.7
      vertex 12.2219 2.47686 17.6855
      vertex 12.2219 0.115288 17.6855
    endloop
  endfacet
  facet normal -0.0652057 0 -0.997872
    outer loop
      vertex 12.2219 2.47686 17.6855
      vertex 12 0.115288 17.7
      vertex 12 2.47686 17.7
    endloop
  endfacet
  facet normal 0.195165 0 -0.98077
    outer loop
      vertex 11.56 0.115288 97.6421
      vertex 11.7781 2.47686 97.6855
      vertex 11.7781 0.115288 97.6855
    endloop
  endfacet
  facet normal 0.195165 0 -0.98077
    outer loop
      vertex 11.7781 2.47686 97.6855
      vertex 11.56 0.115288 97.6421
      vertex 11.56 2.47686 97.6421
    endloop
  endfacet
  facet normal -0.98077 0 -0.195165
    outer loop
      vertex 13.6855 0.115288 96.2219
      vertex 13.6421 2.47686 96.44
      vertex 13.6855 2.47686 96.2219
    endloop
  endfacet
  facet normal -0.98077 -0 -0.195165
    outer loop
      vertex 13.6421 2.47686 96.44
      vertex 13.6855 0.115288 96.2219
      vertex 13.6421 0.115288 96.44
    endloop
  endfacet
  facet normal -0.997872 0 -0.0652057
    outer loop
      vertex 13.7 0.115288 96
      vertex 13.6855 2.47686 96.2219
      vertex 13.7 2.47686 96
    endloop
  endfacet
  facet normal -0.997872 -0 -0.0652057
    outer loop
      vertex 13.6855 2.47686 96.2219
      vertex 13.7 0.115288 96
      vertex 13.6855 0.115288 96.2219
    endloop
  endfacet
  facet normal 0.44253 0 -0.896754
    outer loop
      vertex 11.15 0.115288 97.4722
      vertex 11.3494 2.47686 97.5706
      vertex 11.3494 0.115288 97.5706
    endloop
  endfacet
  facet normal 0.44253 0 -0.896754
    outer loop
      vertex 11.3494 2.47686 97.5706
      vertex 11.15 0.115288 97.4722
      vertex 11.15 2.47686 97.4722
    endloop
  endfacet
  facet normal -0.195165 0 0.98077
    outer loop
      vertex 12.2219 2.47686 94.3145
      vertex 12.44 0.115288 94.3579
      vertex 12.44 2.47686 94.3579
    endloop
  endfacet
  facet normal -0.195165 0 0.98077
    outer loop
      vertex 12.44 0.115288 94.3579
      vertex 12.2219 2.47686 94.3145
      vertex 12.2219 0.115288 94.3145
    endloop
  endfacet
  facet normal -0.831566 0 -0.555426
    outer loop
      vertex 13.4722 0.115288 96.85
      vertex 13.3487 2.47686 97.0349
      vertex 13.4722 2.47686 96.85
    endloop
  endfacet
  facet normal -0.831566 -0 -0.555426
    outer loop
      vertex 13.3487 2.47686 97.0349
      vertex 13.4722 0.115288 96.85
      vertex 13.3487 0.115288 97.0349
    endloop
  endfacet
  facet normal -0.321484 0 0.946915
    outer loop
      vertex 12.44 2.47686 94.3579
      vertex 12.6506 0.115288 94.4294
      vertex 12.6506 2.47686 94.4294
    endloop
  endfacet
  facet normal -0.321484 0 0.946915
    outer loop
      vertex 12.6506 0.115288 94.4294
      vertex 12.44 2.47686 94.3579
      vertex 12.44 0.115288 94.3579
    endloop
  endfacet
  facet normal 0.659268 0 -0.751908
    outer loop
      vertex 10.7979 0.115288 97.2021
      vertex 10.9651 2.47686 97.3487
      vertex 10.9651 0.115288 97.3487
    endloop
  endfacet
  facet normal 0.659268 0 -0.751908
    outer loop
      vertex 10.9651 2.47686 97.3487
      vertex 10.7979 0.115288 97.2021
      vertex 10.7979 2.47686 97.2021
    endloop
  endfacet
  facet normal 0.0652057 0 -0.997872
    outer loop
      vertex 11.7781 0.115288 97.6855
      vertex 12 2.47686 97.7
      vertex 12 0.115288 97.7
    endloop
  endfacet
  facet normal 0.0652057 0 -0.997872
    outer loop
      vertex 12 2.47686 97.7
      vertex 11.7781 0.115288 97.6855
      vertex 11.7781 2.47686 97.6855
    endloop
  endfacet
  facet normal -0.946915 0 0.321484
    outer loop
      vertex 13.5706 0.115288 95.3494
      vertex 13.6421 2.47686 95.56
      vertex 13.5706 2.47686 95.3494
    endloop
  endfacet
  facet normal -0.946915 0 0.321484
    outer loop
      vertex 13.6421 2.47686 95.56
      vertex 13.5706 0.115288 95.3494
      vertex 13.6421 0.115288 95.56
    endloop
  endfacet
  facet normal -0.321484 0 -0.946915
    outer loop
      vertex 12.44 0.115288 97.6421
      vertex 12.6506 2.47686 97.5706
      vertex 12.6506 0.115288 97.5706
    endloop
  endfacet
  facet normal -0.321484 0 -0.946915
    outer loop
      vertex 12.6506 2.47686 97.5706
      vertex 12.44 0.115288 97.6421
      vertex 12.44 2.47686 97.6421
    endloop
  endfacet
  facet normal 0.751908 -0 0.659268
    outer loop
      vertex 10.6513 0.115288 94.9651
      vertex 10.7979 2.47686 94.7979
      vertex 10.6513 2.47686 94.9651
    endloop
  endfacet
  facet normal 0.751908 0 0.659268
    outer loop
      vertex 10.7979 2.47686 94.7979
      vertex 10.6513 0.115288 94.9651
      vertex 10.7979 0.115288 94.7979
    endloop
  endfacet
  facet normal -0.896754 0 0.44253
    outer loop
      vertex 13.4722 0.115288 95.15
      vertex 13.5706 2.47686 95.3494
      vertex 13.4722 2.47686 95.15
    endloop
  endfacet
  facet normal -0.896754 0 0.44253
    outer loop
      vertex 13.5706 2.47686 95.3494
      vertex 13.4722 0.115288 95.15
      vertex 13.5706 0.115288 95.3494
    endloop
  endfacet
  facet normal -0.195165 0 -0.98077
    outer loop
      vertex 12.2219 0.115288 97.6855
      vertex 12.44 2.47686 97.6421
      vertex 12.44 0.115288 97.6421
    endloop
  endfacet
  facet normal -0.195165 0 -0.98077
    outer loop
      vertex 12.44 2.47686 97.6421
      vertex 12.2219 0.115288 97.6855
      vertex 12.2219 2.47686 97.6855
    endloop
  endfacet
  facet normal -0.751908 0 0.659268
    outer loop
      vertex 13.2021 0.115288 94.7979
      vertex 13.3487 2.47686 94.9651
      vertex 13.2021 2.47686 94.7979
    endloop
  endfacet
  facet normal -0.751908 0 0.659268
    outer loop
      vertex 13.3487 2.47686 94.9651
      vertex 13.2021 0.115288 94.7979
      vertex 13.3487 0.115288 94.9651
    endloop
  endfacet
  facet normal 0.98077 -0 0.195165
    outer loop
      vertex 10.3145 0.115288 95.7781
      vertex 10.3579 2.47686 95.56
      vertex 10.3145 2.47686 95.7781
    endloop
  endfacet
  facet normal 0.98077 0 0.195165
    outer loop
      vertex 10.3579 2.47686 95.56
      vertex 10.3145 0.115288 95.7781
      vertex 10.3579 0.115288 95.56
    endloop
  endfacet
  facet normal -0.555426 0 0.831566
    outer loop
      vertex 12.85 2.47686 94.5278
      vertex 13.0349 0.115288 94.6513
      vertex 13.0349 2.47686 94.6513
    endloop
  endfacet
  facet normal -0.555426 0 0.831566
    outer loop
      vertex 13.0349 0.115288 94.6513
      vertex 12.85 2.47686 94.5278
      vertex 12.85 0.115288 94.5278
    endloop
  endfacet
  facet normal -0.44253 0 -0.896754
    outer loop
      vertex 12.6506 0.115288 97.5706
      vertex 12.85 2.47686 97.4722
      vertex 12.85 0.115288 97.4722
    endloop
  endfacet
  facet normal -0.44253 0 -0.896754
    outer loop
      vertex 12.85 2.47686 97.4722
      vertex 12.6506 0.115288 97.5706
      vertex 12.6506 2.47686 97.5706
    endloop
  endfacet
  facet normal 0.831566 0 -0.555426
    outer loop
      vertex 10.6513 0.115288 97.0349
      vertex 10.5278 2.47686 96.85
      vertex 10.6513 2.47686 97.0349
    endloop
  endfacet
  facet normal 0.831566 0 -0.555426
    outer loop
      vertex 10.5278 2.47686 96.85
      vertex 10.6513 0.115288 97.0349
      vertex 10.5278 0.115288 96.85
    endloop
  endfacet
  facet normal 0.659268 0 0.751908
    outer loop
      vertex 10.7979 2.47686 94.7979
      vertex 10.9651 0.115288 94.6513
      vertex 10.9651 2.47686 94.6513
    endloop
  endfacet
  facet normal 0.659268 0 0.751908
    outer loop
      vertex 10.9651 0.115288 94.6513
      vertex 10.7979 2.47686 94.7979
      vertex 10.7979 0.115288 94.7979
    endloop
  endfacet
  facet normal -0.659268 0 -0.751908
    outer loop
      vertex 13.0349 0.115288 97.3487
      vertex 13.2021 2.47686 97.2021
      vertex 13.2021 0.115288 97.2021
    endloop
  endfacet
  facet normal -0.659268 0 -0.751908
    outer loop
      vertex 13.2021 2.47686 97.2021
      vertex 13.0349 0.115288 97.3487
      vertex 13.0349 2.47686 97.3487
    endloop
  endfacet
  facet normal -0.98077 0 0.195165
    outer loop
      vertex 13.6421 0.115288 95.56
      vertex 13.6855 2.47686 95.7781
      vertex 13.6421 2.47686 95.56
    endloop
  endfacet
  facet normal -0.98077 0 0.195165
    outer loop
      vertex 13.6855 2.47686 95.7781
      vertex 13.6421 0.115288 95.56
      vertex 13.6855 0.115288 95.7781
    endloop
  endfacet
  facet normal 0.751908 0 -0.659268
    outer loop
      vertex 10.7979 0.115288 97.2021
      vertex 10.6513 2.47686 97.0349
      vertex 10.7979 2.47686 97.2021
    endloop
  endfacet
  facet normal 0.751908 0 -0.659268
    outer loop
      vertex 10.6513 2.47686 97.0349
      vertex 10.7979 0.115288 97.2021
      vertex 10.6513 0.115288 97.0349
    endloop
  endfacet
  facet normal 0.555426 0 -0.831566
    outer loop
      vertex 10.9651 0.115288 97.3487
      vertex 11.15 2.47686 97.4722
      vertex 11.15 0.115288 97.4722
    endloop
  endfacet
  facet normal 0.555426 0 -0.831566
    outer loop
      vertex 11.15 2.47686 97.4722
      vertex 10.9651 0.115288 97.3487
      vertex 10.9651 2.47686 97.3487
    endloop
  endfacet
  facet normal -0.555426 0 -0.831566
    outer loop
      vertex 12.85 0.115288 97.4722
      vertex 13.0349 2.47686 97.3487
      vertex 13.0349 0.115288 97.3487
    endloop
  endfacet
  facet normal -0.555426 0 -0.831566
    outer loop
      vertex 13.0349 2.47686 97.3487
      vertex 12.85 0.115288 97.4722
      vertex 12.85 2.47686 97.4722
    endloop
  endfacet
  facet normal -0.0652057 0 -0.997872
    outer loop
      vertex 12 0.115288 97.7
      vertex 12.2219 2.47686 97.6855
      vertex 12.2219 0.115288 97.6855
    endloop
  endfacet
  facet normal -0.0652057 0 -0.997872
    outer loop
      vertex 12.2219 2.47686 97.6855
      vertex 12 0.115288 97.7
      vertex 12 2.47686 97.7
    endloop
  endfacet
  facet normal -0.896754 0 -0.44253
    outer loop
      vertex 13.5706 0.115288 96.6506
      vertex 13.4722 2.47686 96.85
      vertex 13.5706 2.47686 96.6506
    endloop
  endfacet
  facet normal -0.896754 -0 -0.44253
    outer loop
      vertex 13.4722 2.47686 96.85
      vertex 13.5706 0.115288 96.6506
      vertex 13.4722 0.115288 96.85
    endloop
  endfacet
  facet normal 0.946915 -0 0.321484
    outer loop
      vertex 10.3579 0.115288 95.56
      vertex 10.4294 2.47686 95.3494
      vertex 10.3579 2.47686 95.56
    endloop
  endfacet
  facet normal 0.946915 0 0.321484
    outer loop
      vertex 10.4294 2.47686 95.3494
      vertex 10.3579 0.115288 95.56
      vertex 10.4294 0.115288 95.3494
    endloop
  endfacet
  facet normal -0.0652057 0 0.997872
    outer loop
      vertex 12 2.47686 94.3
      vertex 12.2219 0.115288 94.3145
      vertex 12.2219 2.47686 94.3145
    endloop
  endfacet
  facet normal -0.0652057 0 0.997872
    outer loop
      vertex 12.2219 0.115288 94.3145
      vertex 12 2.47686 94.3
      vertex 12 0.115288 94.3
    endloop
  endfacet
  facet normal -0.44253 0 0.896754
    outer loop
      vertex 12.6506 2.47686 94.4294
      vertex 12.85 0.115288 94.5278
      vertex 12.85 2.47686 94.5278
    endloop
  endfacet
  facet normal -0.44253 0 0.896754
    outer loop
      vertex 12.85 0.115288 94.5278
      vertex 12.6506 2.47686 94.4294
      vertex 12.6506 0.115288 94.4294
    endloop
  endfacet
  facet normal -0.946915 0 -0.321484
    outer loop
      vertex 13.6421 0.115288 96.44
      vertex 13.5706 2.47686 96.6506
      vertex 13.6421 2.47686 96.44
    endloop
  endfacet
  facet normal -0.946915 -0 -0.321484
    outer loop
      vertex 13.5706 2.47686 96.6506
      vertex 13.6421 0.115288 96.44
      vertex 13.5706 0.115288 96.6506
    endloop
  endfacet
  facet normal -0.751908 0 -0.659268
    outer loop
      vertex 13.3487 0.115288 97.0349
      vertex 13.2021 2.47686 97.2021
      vertex 13.3487 2.47686 97.0349
    endloop
  endfacet
  facet normal -0.751908 -0 -0.659268
    outer loop
      vertex 13.2021 2.47686 97.2021
      vertex 13.3487 0.115288 97.0349
      vertex 13.2021 0.115288 97.2021
    endloop
  endfacet
  facet normal 0.831566 -0 0.555426
    outer loop
      vertex 10.5278 0.115288 95.15
      vertex 10.6513 2.47686 94.9651
      vertex 10.5278 2.47686 95.15
    endloop
  endfacet
  facet normal 0.831566 0 0.555426
    outer loop
      vertex 10.6513 2.47686 94.9651
      vertex 10.5278 0.115288 95.15
      vertex 10.6513 0.115288 94.9651
    endloop
  endfacet
  facet normal -0.997872 0 0.0652057
    outer loop
      vertex 13.6855 0.115288 95.7781
      vertex 13.7 2.47686 96
      vertex 13.6855 2.47686 95.7781
    endloop
  endfacet
  facet normal -0.997872 0 0.0652057
    outer loop
      vertex 13.7 2.47686 96
      vertex 13.6855 0.115288 95.7781
      vertex 13.7 0.115288 96
    endloop
  endfacet
  facet normal 0.321484 0 0.946915
    outer loop
      vertex 11.3494 2.47686 94.4294
      vertex 11.56 0.115288 94.3579
      vertex 11.56 2.47686 94.3579
    endloop
  endfacet
  facet normal 0.321484 0 0.946915
    outer loop
      vertex 11.56 0.115288 94.3579
      vertex 11.3494 2.47686 94.4294
      vertex 11.3494 0.115288 94.4294
    endloop
  endfacet
  facet normal 0.195165 0 0.98077
    outer loop
      vertex 11.56 2.47686 94.3579
      vertex 11.7781 0.115288 94.3145
      vertex 11.7781 2.47686 94.3145
    endloop
  endfacet
  facet normal 0.195165 0 0.98077
    outer loop
      vertex 11.7781 0.115288 94.3145
      vertex 11.56 2.47686 94.3579
      vertex 11.56 0.115288 94.3579
    endloop
  endfacet
  facet normal 0.321484 0 -0.946915
    outer loop
      vertex 11.3494 0.115288 97.5706
      vertex 11.56 2.47686 97.6421
      vertex 11.56 0.115288 97.6421
    endloop
  endfacet
  facet normal 0.321484 0 -0.946915
    outer loop
      vertex 11.56 2.47686 97.6421
      vertex 11.3494 0.115288 97.5706
      vertex 11.3494 2.47686 97.5706
    endloop
  endfacet
  facet normal 0.555426 0 0.831566
    outer loop
      vertex 10.9651 2.47686 94.6513
      vertex 11.15 0.115288 94.5278
      vertex 11.15 2.47686 94.5278
    endloop
  endfacet
  facet normal 0.555426 0 0.831566
    outer loop
      vertex 11.15 0.115288 94.5278
      vertex 10.9651 2.47686 94.6513
      vertex 10.9651 0.115288 94.6513
    endloop
  endfacet
  facet normal 0.44253 0 0.896754
    outer loop
      vertex 11.15 2.47686 94.5278
      vertex 11.3494 0.115288 94.4294
      vertex 11.3494 2.47686 94.4294
    endloop
  endfacet
  facet normal 0.44253 0 0.896754
    outer loop
      vertex 11.3494 0.115288 94.4294
      vertex 11.15 2.47686 94.5278
      vertex 11.15 0.115288 94.5278
    endloop
  endfacet
  facet normal -0.831566 0 0.555426
    outer loop
      vertex 13.3487 0.115288 94.9651
      vertex 13.4722 2.47686 95.15
      vertex 13.3487 2.47686 94.9651
    endloop
  endfacet
  facet normal -0.831566 0 0.555426
    outer loop
      vertex 13.4722 2.47686 95.15
      vertex 13.3487 0.115288 94.9651
      vertex 13.4722 0.115288 95.15
    endloop
  endfacet
  facet normal 0.997872 -0 0.0652057
    outer loop
      vertex 10.3 0.115288 96
      vertex 10.3145 2.47686 95.7781
      vertex 10.3 2.47686 96
    endloop
  endfacet
  facet normal 0.997872 0 0.0652057
    outer loop
      vertex 10.3145 2.47686 95.7781
      vertex 10.3 0.115288 96
      vertex 10.3145 0.115288 95.7781
    endloop
  endfacet
  facet normal 0.0652057 0 0.997872
    outer loop
      vertex 11.7781 2.47686 94.3145
      vertex 12 0.115288 94.3
      vertex 12 2.47686 94.3
    endloop
  endfacet
  facet normal 0.0652057 0 0.997872
    outer loop
      vertex 12 0.115288 94.3
      vertex 11.7781 2.47686 94.3145
      vertex 11.7781 0.115288 94.3145
    endloop
  endfacet
  facet normal 0.896754 0 -0.44253
    outer loop
      vertex 10.5278 0.115288 96.85
      vertex 10.4294 2.47686 96.6506
      vertex 10.5278 2.47686 96.85
    endloop
  endfacet
  facet normal 0.896754 0 -0.44253
    outer loop
      vertex 10.4294 2.47686 96.6506
      vertex 10.5278 0.115288 96.85
      vertex 10.4294 0.115288 96.6506
    endloop
  endfacet
  facet normal 0.896754 -0 0.44253
    outer loop
      vertex 10.4294 0.115288 95.3494
      vertex 10.5278 2.47686 95.15
      vertex 10.4294 2.47686 95.3494
    endloop
  endfacet
  facet normal 0.896754 0 0.44253
    outer loop
      vertex 10.5278 2.47686 95.15
      vertex 10.4294 0.115288 95.3494
      vertex 10.5278 0.115288 95.15
    endloop
  endfacet
  facet normal 0.997872 0 -0.0652057
    outer loop
      vertex 10.3145 0.115288 96.2219
      vertex 10.3 2.47686 96
      vertex 10.3145 2.47686 96.2219
    endloop
  endfacet
  facet normal 0.997872 0 -0.0652057
    outer loop
      vertex 10.3 2.47686 96
      vertex 10.3145 0.115288 96.2219
      vertex 10.3 0.115288 96
    endloop
  endfacet
  facet normal 0.98077 0 -0.195165
    outer loop
      vertex 10.3579 0.115288 96.44
      vertex 10.3145 2.47686 96.2219
      vertex 10.3579 2.47686 96.44
    endloop
  endfacet
  facet normal 0.98077 0 -0.195165
    outer loop
      vertex 10.3145 2.47686 96.2219
      vertex 10.3579 0.115288 96.44
      vertex 10.3145 0.115288 96.2219
    endloop
  endfacet
  facet normal 0.946915 0 -0.321484
    outer loop
      vertex 10.4294 0.115288 96.6506
      vertex 10.3579 2.47686 96.44
      vertex 10.4294 2.47686 96.6506
    endloop
  endfacet
  facet normal 0.946915 0 -0.321484
    outer loop
      vertex 10.3579 2.47686 96.44
      vertex 10.4294 0.115288 96.6506
      vertex 10.3579 0.115288 96.44
    endloop
  endfacet
  facet normal -0.659268 0 0.751908
    outer loop
      vertex 13.0349 2.47686 94.6513
      vertex 13.2021 0.115288 94.7979
      vertex 13.2021 2.47686 94.7979
    endloop
  endfacet
  facet normal -0.659268 0 0.751908
    outer loop
      vertex 13.2021 0.115288 94.7979
      vertex 13.0349 2.47686 94.6513
      vertex 13.0349 0.115288 94.6513
    endloop
  endfacet
  facet normal -0.321484 0 -0.946915
    outer loop
      vertex 92.44 0.115288 17.6421
      vertex 92.6506 2.47686 17.5706
      vertex 92.6506 0.115288 17.5706
    endloop
  endfacet
  facet normal -0.321484 0 -0.946915
    outer loop
      vertex 92.6506 2.47686 17.5706
      vertex 92.44 0.115288 17.6421
      vertex 92.44 2.47686 17.6421
    endloop
  endfacet
  facet normal -0.896754 0 -0.44253
    outer loop
      vertex 93.5706 0.115288 16.6506
      vertex 93.4722 2.47686 16.85
      vertex 93.5706 2.47686 16.6506
    endloop
  endfacet
  facet normal -0.896754 -0 -0.44253
    outer loop
      vertex 93.4722 2.47686 16.85
      vertex 93.5706 0.115288 16.6506
      vertex 93.4722 0.115288 16.85
    endloop
  endfacet
  facet normal -0.98077 0 -0.195165
    outer loop
      vertex 93.6855 0.115288 16.2219
      vertex 93.6421 2.47686 16.44
      vertex 93.6855 2.47686 16.2219
    endloop
  endfacet
  facet normal -0.98077 -0 -0.195165
    outer loop
      vertex 93.6421 2.47686 16.44
      vertex 93.6855 0.115288 16.2219
      vertex 93.6421 0.115288 16.44
    endloop
  endfacet
  facet normal -0.997872 0 -0.0652057
    outer loop
      vertex 93.7 0.115288 16
      vertex 93.6855 2.47686 16.2219
      vertex 93.7 2.47686 16
    endloop
  endfacet
  facet normal -0.997872 -0 -0.0652057
    outer loop
      vertex 93.6855 2.47686 16.2219
      vertex 93.7 0.115288 16
      vertex 93.6855 0.115288 16.2219
    endloop
  endfacet
  facet normal -0.555426 0 0.831566
    outer loop
      vertex 92.85 2.47686 14.5278
      vertex 93.0349 0.115288 14.6513
      vertex 93.0349 2.47686 14.6513
    endloop
  endfacet
  facet normal -0.555426 0 0.831566
    outer loop
      vertex 93.0349 0.115288 14.6513
      vertex 92.85 2.47686 14.5278
      vertex 92.85 0.115288 14.5278
    endloop
  endfacet
  facet normal 0.98077 -0 0.195165
    outer loop
      vertex 90.3145 0.115288 15.7781
      vertex 90.3579 2.47686 15.56
      vertex 90.3145 2.47686 15.7781
    endloop
  endfacet
  facet normal 0.98077 0 0.195165
    outer loop
      vertex 90.3579 2.47686 15.56
      vertex 90.3145 0.115288 15.7781
      vertex 90.3579 0.115288 15.56
    endloop
  endfacet
  facet normal -0.195165 0 0.98077
    outer loop
      vertex 92.2219 2.47686 14.3145
      vertex 92.44 0.115288 14.3579
      vertex 92.44 2.47686 14.3579
    endloop
  endfacet
  facet normal -0.195165 0 0.98077
    outer loop
      vertex 92.44 0.115288 14.3579
      vertex 92.2219 2.47686 14.3145
      vertex 92.2219 0.115288 14.3145
    endloop
  endfacet
  facet normal -0.98077 0 0.195165
    outer loop
      vertex 93.6421 0.115288 15.56
      vertex 93.6855 2.47686 15.7781
      vertex 93.6421 2.47686 15.56
    endloop
  endfacet
  facet normal -0.98077 0 0.195165
    outer loop
      vertex 93.6855 2.47686 15.7781
      vertex 93.6421 0.115288 15.56
      vertex 93.6855 0.115288 15.7781
    endloop
  endfacet
  facet normal 0.321484 0 -0.946915
    outer loop
      vertex 91.3494 0.115288 17.5706
      vertex 91.56 2.47686 17.6421
      vertex 91.56 0.115288 17.6421
    endloop
  endfacet
  facet normal 0.321484 0 -0.946915
    outer loop
      vertex 91.56 2.47686 17.6421
      vertex 91.3494 0.115288 17.5706
      vertex 91.3494 2.47686 17.5706
    endloop
  endfacet
  facet normal 0.751908 0 -0.659268
    outer loop
      vertex 90.7979 0.115288 17.2021
      vertex 90.6513 2.47686 17.0349
      vertex 90.7979 2.47686 17.2021
    endloop
  endfacet
  facet normal 0.751908 0 -0.659268
    outer loop
      vertex 90.6513 2.47686 17.0349
      vertex 90.7979 0.115288 17.2021
      vertex 90.6513 0.115288 17.0349
    endloop
  endfacet
  facet normal 0.195165 0 -0.98077
    outer loop
      vertex 91.56 0.115288 17.6421
      vertex 91.7781 2.47686 17.6855
      vertex 91.7781 0.115288 17.6855
    endloop
  endfacet
  facet normal 0.195165 0 -0.98077
    outer loop
      vertex 91.7781 2.47686 17.6855
      vertex 91.56 0.115288 17.6421
      vertex 91.56 2.47686 17.6421
    endloop
  endfacet
  facet normal -0.896754 0 0.44253
    outer loop
      vertex 93.4722 0.115288 15.15
      vertex 93.5706 2.47686 15.3494
      vertex 93.4722 2.47686 15.15
    endloop
  endfacet
  facet normal -0.896754 0 0.44253
    outer loop
      vertex 93.5706 2.47686 15.3494
      vertex 93.4722 0.115288 15.15
      vertex 93.5706 0.115288 15.3494
    endloop
  endfacet
  facet normal -0.946915 0 0.321484
    outer loop
      vertex 93.5706 0.115288 15.3494
      vertex 93.6421 2.47686 15.56
      vertex 93.5706 2.47686 15.3494
    endloop
  endfacet
  facet normal -0.946915 0 0.321484
    outer loop
      vertex 93.6421 2.47686 15.56
      vertex 93.5706 0.115288 15.3494
      vertex 93.6421 0.115288 15.56
    endloop
  endfacet
  facet normal 0.946915 0 -0.321484
    outer loop
      vertex 90.4294 0.115288 16.6506
      vertex 90.3579 2.47686 16.44
      vertex 90.4294 2.47686 16.6506
    endloop
  endfacet
  facet normal 0.946915 0 -0.321484
    outer loop
      vertex 90.3579 2.47686 16.44
      vertex 90.4294 0.115288 16.6506
      vertex 90.3579 0.115288 16.44
    endloop
  endfacet
  facet normal -0.751908 0 0.659268
    outer loop
      vertex 93.2021 0.115288 14.7979
      vertex 93.3487 2.47686 14.9651
      vertex 93.2021 2.47686 14.7979
    endloop
  endfacet
  facet normal -0.751908 0 0.659268
    outer loop
      vertex 93.3487 2.47686 14.9651
      vertex 93.2021 0.115288 14.7979
      vertex 93.3487 0.115288 14.9651
    endloop
  endfacet
  facet normal -0.831566 0 -0.555426
    outer loop
      vertex 93.4722 0.115288 16.85
      vertex 93.3487 2.47686 17.0349
      vertex 93.4722 2.47686 16.85
    endloop
  endfacet
  facet normal -0.831566 -0 -0.555426
    outer loop
      vertex 93.3487 2.47686 17.0349
      vertex 93.4722 0.115288 16.85
      vertex 93.3487 0.115288 17.0349
    endloop
  endfacet
  facet normal -0.659268 0 0.751908
    outer loop
      vertex 93.0349 2.47686 14.6513
      vertex 93.2021 0.115288 14.7979
      vertex 93.2021 2.47686 14.7979
    endloop
  endfacet
  facet normal -0.659268 0 0.751908
    outer loop
      vertex 93.2021 0.115288 14.7979
      vertex 93.0349 2.47686 14.6513
      vertex 93.0349 0.115288 14.6513
    endloop
  endfacet
  facet normal -0.0652057 0 -0.997872
    outer loop
      vertex 92 0.115288 17.7
      vertex 92.2219 2.47686 17.6855
      vertex 92.2219 0.115288 17.6855
    endloop
  endfacet
  facet normal -0.0652057 0 -0.997872
    outer loop
      vertex 92.2219 2.47686 17.6855
      vertex 92 0.115288 17.7
      vertex 92 2.47686 17.7
    endloop
  endfacet
  facet normal 0.946915 -0 0.321484
    outer loop
      vertex 90.3579 0.115288 15.56
      vertex 90.4294 2.47686 15.3494
      vertex 90.3579 2.47686 15.56
    endloop
  endfacet
  facet normal 0.946915 0 0.321484
    outer loop
      vertex 90.4294 2.47686 15.3494
      vertex 90.3579 0.115288 15.56
      vertex 90.4294 0.115288 15.3494
    endloop
  endfacet
  facet normal 0.896754 0 -0.44253
    outer loop
      vertex 90.5278 0.115288 16.85
      vertex 90.4294 2.47686 16.6506
      vertex 90.5278 2.47686 16.85
    endloop
  endfacet
  facet normal 0.896754 0 -0.44253
    outer loop
      vertex 90.4294 2.47686 16.6506
      vertex 90.5278 0.115288 16.85
      vertex 90.4294 0.115288 16.6506
    endloop
  endfacet
  facet normal -0.659268 0 -0.751908
    outer loop
      vertex 93.0349 0.115288 17.3487
      vertex 93.2021 2.47686 17.2021
      vertex 93.2021 0.115288 17.2021
    endloop
  endfacet
  facet normal -0.659268 0 -0.751908
    outer loop
      vertex 93.2021 2.47686 17.2021
      vertex 93.0349 0.115288 17.3487
      vertex 93.0349 2.47686 17.3487
    endloop
  endfacet
  facet normal 0.555426 0 0.831566
    outer loop
      vertex 90.9651 2.47686 14.6513
      vertex 91.15 0.115288 14.5278
      vertex 91.15 2.47686 14.5278
    endloop
  endfacet
  facet normal 0.555426 0 0.831566
    outer loop
      vertex 91.15 0.115288 14.5278
      vertex 90.9651 2.47686 14.6513
      vertex 90.9651 0.115288 14.6513
    endloop
  endfacet
  facet normal 0.195165 0 0.98077
    outer loop
      vertex 91.56 2.47686 14.3579
      vertex 91.7781 0.115288 14.3145
      vertex 91.7781 2.47686 14.3145
    endloop
  endfacet
  facet normal 0.195165 0 0.98077
    outer loop
      vertex 91.7781 0.115288 14.3145
      vertex 91.56 2.47686 14.3579
      vertex 91.56 0.115288 14.3579
    endloop
  endfacet
  facet normal -0.44253 0 0.896754
    outer loop
      vertex 92.6506 2.47686 14.4294
      vertex 92.85 0.115288 14.5278
      vertex 92.85 2.47686 14.5278
    endloop
  endfacet
  facet normal -0.44253 0 0.896754
    outer loop
      vertex 92.85 0.115288 14.5278
      vertex 92.6506 2.47686 14.4294
      vertex 92.6506 0.115288 14.4294
    endloop
  endfacet
  facet normal -0.0652057 0 0.997872
    outer loop
      vertex 92 2.47686 14.3
      vertex 92.2219 0.115288 14.3145
      vertex 92.2219 2.47686 14.3145
    endloop
  endfacet
  facet normal -0.0652057 0 0.997872
    outer loop
      vertex 92.2219 0.115288 14.3145
      vertex 92 2.47686 14.3
      vertex 92 0.115288 14.3
    endloop
  endfacet
  facet normal -0.946915 0 -0.321484
    outer loop
      vertex 93.6421 0.115288 16.44
      vertex 93.5706 2.47686 16.6506
      vertex 93.6421 2.47686 16.44
    endloop
  endfacet
  facet normal -0.946915 -0 -0.321484
    outer loop
      vertex 93.5706 2.47686 16.6506
      vertex 93.6421 0.115288 16.44
      vertex 93.5706 0.115288 16.6506
    endloop
  endfacet
  facet normal 0.831566 0 -0.555426
    outer loop
      vertex 90.6513 0.115288 17.0349
      vertex 90.5278 2.47686 16.85
      vertex 90.6513 2.47686 17.0349
    endloop
  endfacet
  facet normal 0.831566 0 -0.555426
    outer loop
      vertex 90.5278 2.47686 16.85
      vertex 90.6513 0.115288 17.0349
      vertex 90.5278 0.115288 16.85
    endloop
  endfacet
  facet normal -0.555426 0 -0.831566
    outer loop
      vertex 92.85 0.115288 17.4722
      vertex 93.0349 2.47686 17.3487
      vertex 93.0349 0.115288 17.3487
    endloop
  endfacet
  facet normal -0.555426 0 -0.831566
    outer loop
      vertex 93.0349 2.47686 17.3487
      vertex 92.85 0.115288 17.4722
      vertex 92.85 2.47686 17.4722
    endloop
  endfacet
  facet normal -0.997872 0 0.0652057
    outer loop
      vertex 93.6855 0.115288 15.7781
      vertex 93.7 2.47686 16
      vertex 93.6855 2.47686 15.7781
    endloop
  endfacet
  facet normal -0.997872 0 0.0652057
    outer loop
      vertex 93.7 2.47686 16
      vertex 93.6855 0.115288 15.7781
      vertex 93.7 0.115288 16
    endloop
  endfacet
  facet normal 0.555426 0 -0.831566
    outer loop
      vertex 90.9651 0.115288 17.3487
      vertex 91.15 2.47686 17.4722
      vertex 91.15 0.115288 17.4722
    endloop
  endfacet
  facet normal 0.555426 0 -0.831566
    outer loop
      vertex 91.15 2.47686 17.4722
      vertex 90.9651 0.115288 17.3487
      vertex 90.9651 2.47686 17.3487
    endloop
  endfacet
  facet normal 0.44253 0 0.896754
    outer loop
      vertex 91.15 2.47686 14.5278
      vertex 91.3494 0.115288 14.4294
      vertex 91.3494 2.47686 14.4294
    endloop
  endfacet
  facet normal 0.44253 0 0.896754
    outer loop
      vertex 91.3494 0.115288 14.4294
      vertex 91.15 2.47686 14.5278
      vertex 91.15 0.115288 14.5278
    endloop
  endfacet
  facet normal 0.831566 -0 0.555426
    outer loop
      vertex 90.5278 0.115288 15.15
      vertex 90.6513 2.47686 14.9651
      vertex 90.5278 2.47686 15.15
    endloop
  endfacet
  facet normal 0.831566 0 0.555426
    outer loop
      vertex 90.6513 2.47686 14.9651
      vertex 90.5278 0.115288 15.15
      vertex 90.6513 0.115288 14.9651
    endloop
  endfacet
  facet normal -0.44253 0 -0.896754
    outer loop
      vertex 92.6506 0.115288 17.5706
      vertex 92.85 2.47686 17.4722
      vertex 92.85 0.115288 17.4722
    endloop
  endfacet
  facet normal -0.44253 0 -0.896754
    outer loop
      vertex 92.85 2.47686 17.4722
      vertex 92.6506 0.115288 17.5706
      vertex 92.6506 2.47686 17.5706
    endloop
  endfacet
  facet normal -0.831566 0 0.555426
    outer loop
      vertex 93.3487 0.115288 14.9651
      vertex 93.4722 2.47686 15.15
      vertex 93.3487 2.47686 14.9651
    endloop
  endfacet
  facet normal -0.831566 0 0.555426
    outer loop
      vertex 93.4722 2.47686 15.15
      vertex 93.3487 0.115288 14.9651
      vertex 93.4722 0.115288 15.15
    endloop
  endfacet
  facet normal 0.997872 0 -0.0652057
    outer loop
      vertex 90.3145 0.115288 16.2219
      vertex 90.3 2.47686 16
      vertex 90.3145 2.47686 16.2219
    endloop
  endfacet
  facet normal 0.997872 0 -0.0652057
    outer loop
      vertex 90.3 2.47686 16
      vertex 90.3145 0.115288 16.2219
      vertex 90.3 0.115288 16
    endloop
  endfacet
  facet normal 0.0652057 0 -0.997872
    outer loop
      vertex 91.7781 0.115288 17.6855
      vertex 92 2.47686 17.7
      vertex 92 0.115288 17.7
    endloop
  endfacet
  facet normal 0.0652057 0 -0.997872
    outer loop
      vertex 92 2.47686 17.7
      vertex 91.7781 0.115288 17.6855
      vertex 91.7781 2.47686 17.6855
    endloop
  endfacet
  facet normal 0.98077 0 -0.195165
    outer loop
      vertex 90.3579 0.115288 16.44
      vertex 90.3145 2.47686 16.2219
      vertex 90.3579 2.47686 16.44
    endloop
  endfacet
  facet normal 0.98077 0 -0.195165
    outer loop
      vertex 90.3145 2.47686 16.2219
      vertex 90.3579 0.115288 16.44
      vertex 90.3145 0.115288 16.2219
    endloop
  endfacet
  facet normal 0.44253 0 -0.896754
    outer loop
      vertex 91.15 0.115288 17.4722
      vertex 91.3494 2.47686 17.5706
      vertex 91.3494 0.115288 17.5706
    endloop
  endfacet
  facet normal 0.44253 0 -0.896754
    outer loop
      vertex 91.3494 2.47686 17.5706
      vertex 91.15 0.115288 17.4722
      vertex 91.15 2.47686 17.4722
    endloop
  endfacet
  facet normal 0.0652057 0 0.997872
    outer loop
      vertex 91.7781 2.47686 14.3145
      vertex 92 0.115288 14.3
      vertex 92 2.47686 14.3
    endloop
  endfacet
  facet normal 0.0652057 0 0.997872
    outer loop
      vertex 92 0.115288 14.3
      vertex 91.7781 2.47686 14.3145
      vertex 91.7781 0.115288 14.3145
    endloop
  endfacet
  facet normal -0.321484 0 0.946915
    outer loop
      vertex 92.44 2.47686 14.3579
      vertex 92.6506 0.115288 14.4294
      vertex 92.6506 2.47686 14.4294
    endloop
  endfacet
  facet normal -0.321484 0 0.946915
    outer loop
      vertex 92.6506 0.115288 14.4294
      vertex 92.44 2.47686 14.3579
      vertex 92.44 0.115288 14.3579
    endloop
  endfacet
  facet normal 0.659268 0 -0.751908
    outer loop
      vertex 90.7979 0.115288 17.2021
      vertex 90.9651 2.47686 17.3487
      vertex 90.9651 0.115288 17.3487
    endloop
  endfacet
  facet normal 0.659268 0 -0.751908
    outer loop
      vertex 90.9651 2.47686 17.3487
      vertex 90.7979 0.115288 17.2021
      vertex 90.7979 2.47686 17.2021
    endloop
  endfacet
  facet normal 0.997872 -0 0.0652057
    outer loop
      vertex 90.3 0.115288 16
      vertex 90.3145 2.47686 15.7781
      vertex 90.3 2.47686 16
    endloop
  endfacet
  facet normal 0.997872 0 0.0652057
    outer loop
      vertex 90.3145 2.47686 15.7781
      vertex 90.3 0.115288 16
      vertex 90.3145 0.115288 15.7781
    endloop
  endfacet
  facet normal 0.659268 0 0.751908
    outer loop
      vertex 90.7979 2.47686 14.7979
      vertex 90.9651 0.115288 14.6513
      vertex 90.9651 2.47686 14.6513
    endloop
  endfacet
  facet normal 0.659268 0 0.751908
    outer loop
      vertex 90.9651 0.115288 14.6513
      vertex 90.7979 2.47686 14.7979
      vertex 90.7979 0.115288 14.7979
    endloop
  endfacet
  facet normal 0.751908 -0 0.659268
    outer loop
      vertex 90.6513 0.115288 14.9651
      vertex 90.7979 2.47686 14.7979
      vertex 90.6513 2.47686 14.9651
    endloop
  endfacet
  facet normal 0.751908 0 0.659268
    outer loop
      vertex 90.7979 2.47686 14.7979
      vertex 90.6513 0.115288 14.9651
      vertex 90.7979 0.115288 14.7979
    endloop
  endfacet
  facet normal 0.896754 -0 0.44253
    outer loop
      vertex 90.4294 0.115288 15.3494
      vertex 90.5278 2.47686 15.15
      vertex 90.4294 2.47686 15.3494
    endloop
  endfacet
  facet normal 0.896754 0 0.44253
    outer loop
      vertex 90.5278 2.47686 15.15
      vertex 90.4294 0.115288 15.3494
      vertex 90.5278 0.115288 15.15
    endloop
  endfacet
  facet normal -0.751908 0 -0.659268
    outer loop
      vertex 93.3487 0.115288 17.0349
      vertex 93.2021 2.47686 17.2021
      vertex 93.3487 2.47686 17.0349
    endloop
  endfacet
  facet normal -0.751908 -0 -0.659268
    outer loop
      vertex 93.2021 2.47686 17.2021
      vertex 93.3487 0.115288 17.0349
      vertex 93.2021 0.115288 17.2021
    endloop
  endfacet
  facet normal -0.195165 0 -0.98077
    outer loop
      vertex 92.2219 0.115288 17.6855
      vertex 92.44 2.47686 17.6421
      vertex 92.44 0.115288 17.6421
    endloop
  endfacet
  facet normal -0.195165 0 -0.98077
    outer loop
      vertex 92.44 2.47686 17.6421
      vertex 92.2219 0.115288 17.6855
      vertex 92.2219 2.47686 17.6855
    endloop
  endfacet
  facet normal 0.321484 0 0.946915
    outer loop
      vertex 91.3494 2.47686 14.4294
      vertex 91.56 0.115288 14.3579
      vertex 91.56 2.47686 14.3579
    endloop
  endfacet
  facet normal 0.321484 0 0.946915
    outer loop
      vertex 91.56 0.115288 14.3579
      vertex 91.3494 2.47686 14.4294
      vertex 91.3494 0.115288 14.4294
    endloop
  endfacet
  facet normal 0.195165 0 -0.98077
    outer loop
      vertex 91.56 0.115288 97.6421
      vertex 91.7781 2.47686 97.6855
      vertex 91.7781 0.115288 97.6855
    endloop
  endfacet
  facet normal 0.195165 0 -0.98077
    outer loop
      vertex 91.7781 2.47686 97.6855
      vertex 91.56 0.115288 97.6421
      vertex 91.56 2.47686 97.6421
    endloop
  endfacet
  facet normal -0.98077 0 -0.195165
    outer loop
      vertex 93.6855 0.115288 96.2219
      vertex 93.6421 2.47686 96.44
      vertex 93.6855 2.47686 96.2219
    endloop
  endfacet
  facet normal -0.98077 -0 -0.195165
    outer loop
      vertex 93.6421 2.47686 96.44
      vertex 93.6855 0.115288 96.2219
      vertex 93.6421 0.115288 96.44
    endloop
  endfacet
  facet normal -0.997872 0 -0.0652057
    outer loop
      vertex 93.7 0.115288 96
      vertex 93.6855 2.47686 96.2219
      vertex 93.7 2.47686 96
    endloop
  endfacet
  facet normal -0.997872 -0 -0.0652057
    outer loop
      vertex 93.6855 2.47686 96.2219
      vertex 93.7 0.115288 96
      vertex 93.6855 0.115288 96.2219
    endloop
  endfacet
  facet normal 0.44253 0 -0.896754
    outer loop
      vertex 91.15 0.115288 97.4722
      vertex 91.3494 2.47686 97.5706
      vertex 91.3494 0.115288 97.5706
    endloop
  endfacet
  facet normal 0.44253 0 -0.896754
    outer loop
      vertex 91.3494 2.47686 97.5706
      vertex 91.15 0.115288 97.4722
      vertex 91.15 2.47686 97.4722
    endloop
  endfacet
  facet normal -0.195165 0 0.98077
    outer loop
      vertex 92.2219 2.47686 94.3145
      vertex 92.44 0.115288 94.3579
      vertex 92.44 2.47686 94.3579
    endloop
  endfacet
  facet normal -0.195165 0 0.98077
    outer loop
      vertex 92.44 0.115288 94.3579
      vertex 92.2219 2.47686 94.3145
      vertex 92.2219 0.115288 94.3145
    endloop
  endfacet
  facet normal -0.831566 0 -0.555426
    outer loop
      vertex 93.4722 0.115288 96.85
      vertex 93.3487 2.47686 97.0349
      vertex 93.4722 2.47686 96.85
    endloop
  endfacet
  facet normal -0.831566 -0 -0.555426
    outer loop
      vertex 93.3487 2.47686 97.0349
      vertex 93.4722 0.115288 96.85
      vertex 93.3487 0.115288 97.0349
    endloop
  endfacet
  facet normal -0.321484 0 0.946915
    outer loop
      vertex 92.44 2.47686 94.3579
      vertex 92.6506 0.115288 94.4294
      vertex 92.6506 2.47686 94.4294
    endloop
  endfacet
  facet normal -0.321484 0 0.946915
    outer loop
      vertex 92.6506 0.115288 94.4294
      vertex 92.44 2.47686 94.3579
      vertex 92.44 0.115288 94.3579
    endloop
  endfacet
  facet normal 0.659268 0 -0.751908
    outer loop
      vertex 90.7979 0.115288 97.2021
      vertex 90.9651 2.47686 97.3487
      vertex 90.9651 0.115288 97.3487
    endloop
  endfacet
  facet normal 0.659268 0 -0.751908
    outer loop
      vertex 90.9651 2.47686 97.3487
      vertex 90.7979 0.115288 97.2021
      vertex 90.7979 2.47686 97.2021
    endloop
  endfacet
  facet normal 0.0652057 0 -0.997872
    outer loop
      vertex 91.7781 0.115288 97.6855
      vertex 92 2.47686 97.7
      vertex 92 0.115288 97.7
    endloop
  endfacet
  facet normal 0.0652057 0 -0.997872
    outer loop
      vertex 92 2.47686 97.7
      vertex 91.7781 0.115288 97.6855
      vertex 91.7781 2.47686 97.6855
    endloop
  endfacet
  facet normal -0.946915 0 0.321484
    outer loop
      vertex 93.5706 0.115288 95.3494
      vertex 93.6421 2.47686 95.56
      vertex 93.5706 2.47686 95.3494
    endloop
  endfacet
  facet normal -0.946915 0 0.321484
    outer loop
      vertex 93.6421 2.47686 95.56
      vertex 93.5706 0.115288 95.3494
      vertex 93.6421 0.115288 95.56
    endloop
  endfacet
  facet normal -0.321484 0 -0.946915
    outer loop
      vertex 92.44 0.115288 97.6421
      vertex 92.6506 2.47686 97.5706
      vertex 92.6506 0.115288 97.5706
    endloop
  endfacet
  facet normal -0.321484 0 -0.946915
    outer loop
      vertex 92.6506 2.47686 97.5706
      vertex 92.44 0.115288 97.6421
      vertex 92.44 2.47686 97.6421
    endloop
  endfacet
  facet normal 0.751908 -0 0.659268
    outer loop
      vertex 90.6513 0.115288 94.9651
      vertex 90.7979 2.47686 94.7979
      vertex 90.6513 2.47686 94.9651
    endloop
  endfacet
  facet normal 0.751908 0 0.659268
    outer loop
      vertex 90.7979 2.47686 94.7979
      vertex 90.6513 0.115288 94.9651
      vertex 90.7979 0.115288 94.7979
    endloop
  endfacet
  facet normal -0.896754 0 0.44253
    outer loop
      vertex 93.4722 0.115288 95.15
      vertex 93.5706 2.47686 95.3494
      vertex 93.4722 2.47686 95.15
    endloop
  endfacet
  facet normal -0.896754 0 0.44253
    outer loop
      vertex 93.5706 2.47686 95.3494
      vertex 93.4722 0.115288 95.15
      vertex 93.5706 0.115288 95.3494
    endloop
  endfacet
  facet normal -0.195165 0 -0.98077
    outer loop
      vertex 92.2219 0.115288 97.6855
      vertex 92.44 2.47686 97.6421
      vertex 92.44 0.115288 97.6421
    endloop
  endfacet
  facet normal -0.195165 0 -0.98077
    outer loop
      vertex 92.44 2.47686 97.6421
      vertex 92.2219 0.115288 97.6855
      vertex 92.2219 2.47686 97.6855
    endloop
  endfacet
  facet normal -0.751908 0 0.659268
    outer loop
      vertex 93.2021 0.115288 94.7979
      vertex 93.3487 2.47686 94.9651
      vertex 93.2021 2.47686 94.7979
    endloop
  endfacet
  facet normal -0.751908 0 0.659268
    outer loop
      vertex 93.3487 2.47686 94.9651
      vertex 93.2021 0.115288 94.7979
      vertex 93.3487 0.115288 94.9651
    endloop
  endfacet
  facet normal 0.98077 -0 0.195165
    outer loop
      vertex 90.3145 0.115288 95.7781
      vertex 90.3579 2.47686 95.56
      vertex 90.3145 2.47686 95.7781
    endloop
  endfacet
  facet normal 0.98077 0 0.195165
    outer loop
      vertex 90.3579 2.47686 95.56
      vertex 90.3145 0.115288 95.7781
      vertex 90.3579 0.115288 95.56
    endloop
  endfacet
  facet normal -0.555426 0 0.831566
    outer loop
      vertex 92.85 2.47686 94.5278
      vertex 93.0349 0.115288 94.6513
      vertex 93.0349 2.47686 94.6513
    endloop
  endfacet
  facet normal -0.555426 0 0.831566
    outer loop
      vertex 93.0349 0.115288 94.6513
      vertex 92.85 2.47686 94.5278
      vertex 92.85 0.115288 94.5278
    endloop
  endfacet
  facet normal -0.44253 0 -0.896754
    outer loop
      vertex 92.6506 0.115288 97.5706
      vertex 92.85 2.47686 97.4722
      vertex 92.85 0.115288 97.4722
    endloop
  endfacet
  facet normal -0.44253 0 -0.896754
    outer loop
      vertex 92.85 2.47686 97.4722
      vertex 92.6506 0.115288 97.5706
      vertex 92.6506 2.47686 97.5706
    endloop
  endfacet
  facet normal 0.831566 0 -0.555426
    outer loop
      vertex 90.6513 0.115288 97.0349
      vertex 90.5278 2.47686 96.85
      vertex 90.6513 2.47686 97.0349
    endloop
  endfacet
  facet normal 0.831566 0 -0.555426
    outer loop
      vertex 90.5278 2.47686 96.85
      vertex 90.6513 0.115288 97.0349
      vertex 90.5278 0.115288 96.85
    endloop
  endfacet
  facet normal 0.659268 0 0.751908
    outer loop
      vertex 90.7979 2.47686 94.7979
      vertex 90.9651 0.115288 94.6513
      vertex 90.9651 2.47686 94.6513
    endloop
  endfacet
  facet normal 0.659268 0 0.751908
    outer loop
      vertex 90.9651 0.115288 94.6513
      vertex 90.7979 2.47686 94.7979
      vertex 90.7979 0.115288 94.7979
    endloop
  endfacet
  facet normal -0.659268 0 -0.751908
    outer loop
      vertex 93.0349 0.115288 97.3487
      vertex 93.2021 2.47686 97.2021
      vertex 93.2021 0.115288 97.2021
    endloop
  endfacet
  facet normal -0.659268 0 -0.751908
    outer loop
      vertex 93.2021 2.47686 97.2021
      vertex 93.0349 0.115288 97.3487
      vertex 93.0349 2.47686 97.3487
    endloop
  endfacet
  facet normal -0.98077 0 0.195165
    outer loop
      vertex 93.6421 0.115288 95.56
      vertex 93.6855 2.47686 95.7781
      vertex 93.6421 2.47686 95.56
    endloop
  endfacet
  facet normal -0.98077 0 0.195165
    outer loop
      vertex 93.6855 2.47686 95.7781
      vertex 93.6421 0.115288 95.56
      vertex 93.6855 0.115288 95.7781
    endloop
  endfacet
  facet normal 0.555426 0 -0.831566
    outer loop
      vertex 90.9651 0.115288 97.3487
      vertex 91.15 2.47686 97.4722
      vertex 91.15 0.115288 97.4722
    endloop
  endfacet
  facet normal 0.555426 0 -0.831566
    outer loop
      vertex 91.15 2.47686 97.4722
      vertex 90.9651 0.115288 97.3487
      vertex 90.9651 2.47686 97.3487
    endloop
  endfacet
  facet normal -0.555426 0 -0.831566
    outer loop
      vertex 92.85 0.115288 97.4722
      vertex 93.0349 2.47686 97.3487
      vertex 93.0349 0.115288 97.3487
    endloop
  endfacet
  facet normal -0.555426 0 -0.831566
    outer loop
      vertex 93.0349 2.47686 97.3487
      vertex 92.85 0.115288 97.4722
      vertex 92.85 2.47686 97.4722
    endloop
  endfacet
  facet normal -0.0652057 0 -0.997872
    outer loop
      vertex 92 0.115288 97.7
      vertex 92.2219 2.47686 97.6855
      vertex 92.2219 0.115288 97.6855
    endloop
  endfacet
  facet normal -0.0652057 0 -0.997872
    outer loop
      vertex 92.2219 2.47686 97.6855
      vertex 92 0.115288 97.7
      vertex 92 2.47686 97.7
    endloop
  endfacet
  facet normal -0.896754 0 -0.44253
    outer loop
      vertex 93.5706 0.115288 96.6506
      vertex 93.4722 2.47686 96.85
      vertex 93.5706 2.47686 96.6506
    endloop
  endfacet
  facet normal -0.896754 -0 -0.44253
    outer loop
      vertex 93.4722 2.47686 96.85
      vertex 93.5706 0.115288 96.6506
      vertex 93.4722 0.115288 96.85
    endloop
  endfacet
  facet normal 0.946915 -0 0.321484
    outer loop
      vertex 90.3579 0.115288 95.56
      vertex 90.4294 2.47686 95.3494
      vertex 90.3579 2.47686 95.56
    endloop
  endfacet
  facet normal 0.946915 0 0.321484
    outer loop
      vertex 90.4294 2.47686 95.3494
      vertex 90.3579 0.115288 95.56
      vertex 90.4294 0.115288 95.3494
    endloop
  endfacet
  facet normal -0.0652057 0 0.997872
    outer loop
      vertex 92 2.47686 94.3
      vertex 92.2219 0.115288 94.3145
      vertex 92.2219 2.47686 94.3145
    endloop
  endfacet
  facet normal -0.0652057 0 0.997872
    outer loop
      vertex 92.2219 0.115288 94.3145
      vertex 92 2.47686 94.3
      vertex 92 0.115288 94.3
    endloop
  endfacet
  facet normal -0.44253 0 0.896754
    outer loop
      vertex 92.6506 2.47686 94.4294
      vertex 92.85 0.115288 94.5278
      vertex 92.85 2.47686 94.5278
    endloop
  endfacet
  facet normal -0.44253 0 0.896754
    outer loop
      vertex 92.85 0.115288 94.5278
      vertex 92.6506 2.47686 94.4294
      vertex 92.6506 0.115288 94.4294
    endloop
  endfacet
  facet normal -0.946915 0 -0.321484
    outer loop
      vertex 93.6421 0.115288 96.44
      vertex 93.5706 2.47686 96.6506
      vertex 93.6421 2.47686 96.44
    endloop
  endfacet
  facet normal -0.946915 -0 -0.321484
    outer loop
      vertex 93.5706 2.47686 96.6506
      vertex 93.6421 0.115288 96.44
      vertex 93.5706 0.115288 96.6506
    endloop
  endfacet
  facet normal -0.751908 0 -0.659268
    outer loop
      vertex 93.3487 0.115288 97.0349
      vertex 93.2021 2.47686 97.2021
      vertex 93.3487 2.47686 97.0349
    endloop
  endfacet
  facet normal -0.751908 -0 -0.659268
    outer loop
      vertex 93.2021 2.47686 97.2021
      vertex 93.3487 0.115288 97.0349
      vertex 93.2021 0.115288 97.2021
    endloop
  endfacet
  facet normal 0.997872 -0 0.0652057
    outer loop
      vertex 90.3 0.115288 96
      vertex 90.3145 2.47686 95.7781
      vertex 90.3 2.47686 96
    endloop
  endfacet
  facet normal 0.997872 0 0.0652057
    outer loop
      vertex 90.3145 2.47686 95.7781
      vertex 90.3 0.115288 96
      vertex 90.3145 0.115288 95.7781
    endloop
  endfacet
  facet normal 0.831566 -0 0.555426
    outer loop
      vertex 90.5278 0.115288 95.15
      vertex 90.6513 2.47686 94.9651
      vertex 90.5278 2.47686 95.15
    endloop
  endfacet
  facet normal 0.831566 0 0.555426
    outer loop
      vertex 90.6513 2.47686 94.9651
      vertex 90.5278 0.115288 95.15
      vertex 90.6513 0.115288 94.9651
    endloop
  endfacet
  facet normal -0.997872 0 0.0652057
    outer loop
      vertex 93.6855 0.115288 95.7781
      vertex 93.7 2.47686 96
      vertex 93.6855 2.47686 95.7781
    endloop
  endfacet
  facet normal -0.997872 0 0.0652057
    outer loop
      vertex 93.7 2.47686 96
      vertex 93.6855 0.115288 95.7781
      vertex 93.7 0.115288 96
    endloop
  endfacet
  facet normal 0.751908 0 -0.659268
    outer loop
      vertex 90.7979 0.115288 97.2021
      vertex 90.6513 2.47686 97.0349
      vertex 90.7979 2.47686 97.2021
    endloop
  endfacet
  facet normal 0.751908 0 -0.659268
    outer loop
      vertex 90.6513 2.47686 97.0349
      vertex 90.7979 0.115288 97.2021
      vertex 90.6513 0.115288 97.0349
    endloop
  endfacet
  facet normal 0.321484 0 0.946915
    outer loop
      vertex 91.3494 2.47686 94.4294
      vertex 91.56 0.115288 94.3579
      vertex 91.56 2.47686 94.3579
    endloop
  endfacet
  facet normal 0.321484 0 0.946915
    outer loop
      vertex 91.56 0.115288 94.3579
      vertex 91.3494 2.47686 94.4294
      vertex 91.3494 0.115288 94.4294
    endloop
  endfacet
  facet normal 0.195165 0 0.98077
    outer loop
      vertex 91.56 2.47686 94.3579
      vertex 91.7781 0.115288 94.3145
      vertex 91.7781 2.47686 94.3145
    endloop
  endfacet
  facet normal 0.195165 0 0.98077
    outer loop
      vertex 91.7781 0.115288 94.3145
      vertex 91.56 2.47686 94.3579
      vertex 91.56 0.115288 94.3579
    endloop
  endfacet
  facet normal 0.321484 0 -0.946915
    outer loop
      vertex 91.3494 0.115288 97.5706
      vertex 91.56 2.47686 97.6421
      vertex 91.56 0.115288 97.6421
    endloop
  endfacet
  facet normal 0.321484 0 -0.946915
    outer loop
      vertex 91.56 2.47686 97.6421
      vertex 91.3494 0.115288 97.5706
      vertex 91.3494 2.47686 97.5706
    endloop
  endfacet
  facet normal 0.555426 0 0.831566
    outer loop
      vertex 90.9651 2.47686 94.6513
      vertex 91.15 0.115288 94.5278
      vertex 91.15 2.47686 94.5278
    endloop
  endfacet
  facet normal 0.555426 0 0.831566
    outer loop
      vertex 91.15 0.115288 94.5278
      vertex 90.9651 2.47686 94.6513
      vertex 90.9651 0.115288 94.6513
    endloop
  endfacet
  facet normal 0.44253 0 0.896754
    outer loop
      vertex 91.15 2.47686 94.5278
      vertex 91.3494 0.115288 94.4294
      vertex 91.3494 2.47686 94.4294
    endloop
  endfacet
  facet normal 0.44253 0 0.896754
    outer loop
      vertex 91.3494 0.115288 94.4294
      vertex 91.15 2.47686 94.5278
      vertex 91.15 0.115288 94.5278
    endloop
  endfacet
  facet normal -0.831566 0 0.555426
    outer loop
      vertex 93.3487 0.115288 94.9651
      vertex 93.4722 2.47686 95.15
      vertex 93.3487 2.47686 94.9651
    endloop
  endfacet
  facet normal -0.831566 0 0.555426
    outer loop
      vertex 93.4722 2.47686 95.15
      vertex 93.3487 0.115288 94.9651
      vertex 93.4722 0.115288 95.15
    endloop
  endfacet
  facet normal 0.0652057 0 0.997872
    outer loop
      vertex 91.7781 2.47686 94.3145
      vertex 92 0.115288 94.3
      vertex 92 2.47686 94.3
    endloop
  endfacet
  facet normal 0.0652057 0 0.997872
    outer loop
      vertex 92 0.115288 94.3
      vertex 91.7781 2.47686 94.3145
      vertex 91.7781 0.115288 94.3145
    endloop
  endfacet
  facet normal 0.896754 0 -0.44253
    outer loop
      vertex 90.5278 0.115288 96.85
      vertex 90.4294 2.47686 96.6506
      vertex 90.5278 2.47686 96.85
    endloop
  endfacet
  facet normal 0.896754 0 -0.44253
    outer loop
      vertex 90.4294 2.47686 96.6506
      vertex 90.5278 0.115288 96.85
      vertex 90.4294 0.115288 96.6506
    endloop
  endfacet
  facet normal 0.896754 -0 0.44253
    outer loop
      vertex 90.4294 0.115288 95.3494
      vertex 90.5278 2.47686 95.15
      vertex 90.4294 2.47686 95.3494
    endloop
  endfacet
  facet normal 0.896754 0 0.44253
    outer loop
      vertex 90.5278 2.47686 95.15
      vertex 90.4294 0.115288 95.3494
      vertex 90.5278 0.115288 95.15
    endloop
  endfacet
  facet normal 0.997872 0 -0.0652057
    outer loop
      vertex 90.3145 0.115288 96.2219
      vertex 90.3 2.47686 96
      vertex 90.3145 2.47686 96.2219
    endloop
  endfacet
  facet normal 0.997872 0 -0.0652057
    outer loop
      vertex 90.3 2.47686 96
      vertex 90.3145 0.115288 96.2219
      vertex 90.3 0.115288 96
    endloop
  endfacet
  facet normal 0.98077 0 -0.195165
    outer loop
      vertex 90.3579 0.115288 96.44
      vertex 90.3145 2.47686 96.2219
      vertex 90.3579 2.47686 96.44
    endloop
  endfacet
  facet normal 0.98077 0 -0.195165
    outer loop
      vertex 90.3145 2.47686 96.2219
      vertex 90.3579 0.115288 96.44
      vertex 90.3145 0.115288 96.2219
    endloop
  endfacet
  facet normal 0.946915 0 -0.321484
    outer loop
      vertex 90.4294 0.115288 96.6506
      vertex 90.3579 2.47686 96.44
      vertex 90.4294 2.47686 96.6506
    endloop
  endfacet
  facet normal 0.946915 0 -0.321484
    outer loop
      vertex 90.3579 2.47686 96.44
      vertex 90.4294 0.115288 96.6506
      vertex 90.3579 0.115288 96.44
    endloop
  endfacet
  facet normal -0.659268 0 0.751908
    outer loop
      vertex 93.0349 2.47686 94.6513
      vertex 93.2021 0.115288 94.7979
      vertex 93.2021 2.47686 94.7979
    endloop
  endfacet
  facet normal -0.659268 0 0.751908
    outer loop
      vertex 93.2021 0.115288 94.7979
      vertex 93.0349 2.47686 94.6513
      vertex 93.0349 0.115288 94.6513
    endloop
  endfacet
  facet normal 0.381523 0.0758957 -0.921238
    outer loop
      vertex 99.1705 62 0.115288
      vertex 99.0814 62.4479 0.115288
      vertex 101.08 63.2756 1.01118
    endloop
  endfacet
  facet normal -0.216116 0.323492 -0.92122
    outer loop
      vertex 5.1723 62.8277 0.115288
      vertex 4.72435 65.0797 1.01118
      vertex 5.55205 63.0814 0.115288
    endloop
  endfacet
  facet normal 0.195089 -0.980786 0
    outer loop
      vertex 98 0.115288 4.82946
      vertex 100.252 0.563235 107.171
      vertex 98 0.115288 107.171
    endloop
  endfacet
  facet normal 0.195089 -0.980786 0
    outer loop
      vertex 100.252 0.563235 107.171
      vertex 98 0.115288 4.82946
      vertex 100.252 0.563235 4.82946
    endloop
  endfacet
  facet normal -0.83147 -0.55557 0
    outer loop
      vertex 1.83888 1.83888 4.82946
      vertex 0.563235 3.74802 107.171
      vertex 0.563235 3.74802 4.82946
    endloop
  endfacet
  facet normal -0.83147 -0.55557 0
    outer loop
      vertex 0.563235 3.74802 107.171
      vertex 1.83888 1.83888 4.82946
      vertex 1.83888 1.83888 107.171
    endloop
  endfacet
  facet normal 0.831399 -0.555677 0
    outer loop
      vertex 102.161 1.83888 107.171
      vertex 103.437 3.74802 4.82946
      vertex 103.437 3.74802 107.171
    endloop
  endfacet
  facet normal 0.831399 -0.555677 0
    outer loop
      vertex 103.437 3.74802 4.82946
      vertex 102.161 1.83888 107.171
      vertex 102.161 1.83888 4.82946
    endloop
  endfacet
  facet normal -0.381616 0.0759142 0.921198
    outer loop
      vertex 4.91856 62.4479 111.885
      vertex 2.92032 63.2756 110.989
      vertex 4.82946 62 111.885
    endloop
  endfacet
  facet normal 0.923808 -0 0.382855
    outer loop
      vertex 102.989 6 109.333
      vertex 103.885 62 107.171
      vertex 102.989 62 109.333
    endloop
  endfacet
  facet normal 0.923808 0 0.382855
    outer loop
      vertex 103.885 62 107.171
      vertex 102.989 6 109.333
      vertex 103.885 6 107.171
    endloop
  endfacet
  facet normal 0.396563 0.593616 -0.700255
    outer loop
      vertex 100.357 64.3571 1.01118
      vertex 99.9091 66.6091 2.66658
      vertex 101.528 65.5276 2.66658
    endloop
  endfacet
  facet normal -0.770328 -0.514716 -0.376379
    outer loop
      vertex 1.83888 1.83888 4.82946
      vertex 0.563235 3.74802 4.82946
      vertex 1.39093 4.09086 2.66658
    endloop
  endfacet
  facet normal 0.180724 0.908666 -0.376384
    outer loop
      vertex 99.9091 66.6091 2.66658
      vertex 98 67.8847 4.82946
      vertex 100.252 67.4368 4.82946
    endloop
  endfacet
  facet normal 0.593637 0.396491 -0.700279
    outer loop
      vertex 102.609 63.9091 2.66658
      vertex 100.357 64.3571 1.01118
      vertex 101.528 65.5276 2.66658
    endloop
  endfacet
  facet normal -0.323487 -0.216146 -0.921215
    outer loop
      vertex 5.1723 5.1723 0.115288
      vertex 2.92032 4.72435 1.01118
      vertex 4.91856 5.55205 0.115288
    endloop
  endfacet
  facet normal 0 -0.382683 -0.92388
    outer loop
      vertex 6 2.66658 1.01118
      vertex 98 4.82946 0.115288
      vertex 98 2.66658 1.01118
    endloop
  endfacet
  facet normal -0 -0.382683 -0.92388
    outer loop
      vertex 98 4.82946 0.115288
      vertex 6 2.66658 1.01118
      vertex 6 4.82946 0.115288
    endloop
  endfacet
  facet normal 1 0 0
    outer loop
      vertex 103.885 60 64.96
      vertex 103.885 62 107.171
      vertex 103.885 60 88.96
    endloop
  endfacet
  facet normal 1 0 0
    outer loop
      vertex 103.885 62 107.171
      vertex 103.885 8 88.96
      vertex 103.885 60 88.96
    endloop
  endfacet
  facet normal 1 0 0
    outer loop
      vertex 103.885 8 88.96
      vertex 103.885 6 107.171
      vertex 103.885 8 64.96
    endloop
  endfacet
  facet normal 1 -0 0
    outer loop
      vertex 103.885 6 107.171
      vertex 103.885 8 88.96
      vertex 103.885 62 107.171
    endloop
  endfacet
  facet normal 1 0 0
    outer loop
      vertex 103.885 62 107.171
      vertex 103.885 60 64.96
      vertex 103.885 62 4.82946
    endloop
  endfacet
  facet normal 1 -0 0
    outer loop
      vertex 103.885 8 64.96
      vertex 103.885 62 4.82946
      vertex 103.885 60 64.96
    endloop
  endfacet
  facet normal 1 0 0
    outer loop
      vertex 103.885 8 64.96
      vertex 103.885 6 4.82946
      vertex 103.885 62 4.82946
    endloop
  endfacet
  facet normal 1 0 0
    outer loop
      vertex 103.885 6 4.82946
      vertex 103.885 8 64.96
      vertex 103.885 6 107.171
    endloop
  endfacet
  facet normal 0.514756 0.770297 -0.376389
    outer loop
      vertex 102.161 66.1611 4.82946
      vertex 99.9091 66.6091 2.66658
      vertex 100.252 67.4368 4.82946
    endloop
  endfacet
  facet normal -0.83146 0.555585 0
    outer loop
      vertex 1.83888 66.1611 4.82946
      vertex 1.39713 65.5 8
      vertex 1.83888 66.1611 8
    endloop
  endfacet
  facet normal -0.831467 0.555574 0
    outer loop
      vertex 1.39713 65.5 8
      vertex 0.563235 64.252 4.82946
      vertex 1.39713 65.5 104
    endloop
  endfacet
  facet normal -0.831465 0.555578 -2.2e-06
    outer loop
      vertex 0.563235 64.252 4.82946
      vertex 1.39713 65.5 8
      vertex 1.83888 66.1611 4.82946
    endloop
  endfacet
  facet normal -0.83146 0.555585 0
    outer loop
      vertex 1.39713 65.5 104
      vertex 1.83888 66.1611 107.171
      vertex 1.83888 66.1611 104
    endloop
  endfacet
  facet normal -0.831465 0.555578 2.19968e-06
    outer loop
      vertex 1.39713 65.5 104
      vertex 0.563235 64.252 107.171
      vertex 1.83888 66.1611 107.171
    endloop
  endfacet
  facet normal -0.831467 0.555574 0
    outer loop
      vertex 0.563235 64.252 107.171
      vertex 1.39713 65.5 104
      vertex 0.563235 64.252 4.82946
    endloop
  endfacet
  facet normal -0.908663 0.180747 -0.37638
    outer loop
      vertex 1.01118 62 2.66658
      vertex 0.115288 62 4.82946
      vertex 1.39093 63.9091 2.66658
    endloop
  endfacet
  facet normal -0.555586 0.831459 0
    outer loop
      vertex 3.74802 67.4368 104
      vertex 1.83888 66.1611 107.171
      vertex 3.74802 67.4368 107.171
    endloop
  endfacet
  facet normal -0.555586 0.831459 0
    outer loop
      vertex 1.83888 66.1611 107.171
      vertex 3.74802 67.4368 104
      vertex 1.83888 66.1611 104
    endloop
  endfacet
  facet normal -0.555586 0.831459 0
    outer loop
      vertex 3.74802 67.4368 4.82946
      vertex 1.83888 66.1611 8
      vertex 3.74802 67.4368 8
    endloop
  endfacet
  facet normal -0.555586 0.831459 0
    outer loop
      vertex 1.83888 66.1611 8
      vertex 3.74802 67.4368 4.82946
      vertex 1.83888 66.1611 4.82946
    endloop
  endfacet
  facet normal -0.770284 -0.514687 0.37651
    outer loop
      vertex 1.39093 4.09086 109.333
      vertex 0.563235 3.74802 107.171
      vertex 1.83888 1.83888 107.171
    endloop
  endfacet
  facet normal -0.514732 0.770318 -0.376379
    outer loop
      vertex 4.09086 66.6091 2.66658
      vertex 1.83888 66.1611 4.82946
      vertex 3.74802 67.4368 4.82946
    endloop
  endfacet
  facet normal -0.770275 0.514692 0.376522
    outer loop
      vertex 1.83888 66.1611 107.171
      vertex 0.563235 64.252 107.171
      vertex 1.39093 63.9091 109.333
    endloop
  endfacet
  facet normal -0.90861 0.180732 0.376515
    outer loop
      vertex 0.563235 64.252 107.171
      vertex 0.115288 62 107.171
      vertex 1.39093 63.9091 109.333
    endloop
  endfacet
  facet normal 0.514669 0.77041 -0.376276
    outer loop
      vertex 101.528 65.5276 2.66658
      vertex 99.9091 66.6091 2.66658
      vertex 102.161 66.1611 4.82946
    endloop
  endfacet
  facet normal -0.593615 -0.396638 -0.700214
    outer loop
      vertex 3.64291 3.64291 1.01118
      vertex 1.39093 4.09086 2.66658
      vertex 2.92032 4.72435 1.01118
    endloop
  endfacet
  facet normal 0.555614 0.83144 -0
    outer loop
      vertex 102.161 66.1611 4.82946
      vertex 100.252 67.4368 8
      vertex 102.161 66.1611 8
    endloop
  endfacet
  facet normal 0.555614 0.83144 0
    outer loop
      vertex 100.252 67.4368 8
      vertex 102.161 66.1611 4.82946
      vertex 100.252 67.4368 4.82946
    endloop
  endfacet
  facet normal 0.555614 0.83144 -0
    outer loop
      vertex 102.161 66.1611 104
      vertex 100.252 67.4368 107.171
      vertex 102.161 66.1611 107.171
    endloop
  endfacet
  facet normal 0.555614 0.83144 0
    outer loop
      vertex 100.252 67.4368 107.171
      vertex 102.161 66.1611 104
      vertex 100.252 67.4368 104
    endloop
  endfacet
  facet normal 0.70027 -0.139383 -0.700139
    outer loop
      vertex 102.609 4.09086 2.66658
      vertex 101.08 4.72435 1.01118
      vertex 102.989 6 2.66658
    endloop
  endfacet
  facet normal 0.908615 -0.180756 -0.376491
    outer loop
      vertex 103.437 3.74802 4.82946
      vertex 102.609 4.09086 2.66658
      vertex 103.885 6 4.82946
    endloop
  endfacet
  facet normal 0.180714 0.908614 0.376515
    outer loop
      vertex 100.252 67.4368 107.171
      vertex 98 67.8847 107.171
      vertex 99.9091 66.6091 109.333
    endloop
  endfacet
  facet normal -0.381618 0.0759107 0.921198
    outer loop
      vertex 2.92032 63.2756 110.989
      vertex 2.66658 62 110.989
      vertex 4.82946 62 111.885
    endloop
  endfacet
  facet normal 0.980781 -0.195113 0
    outer loop
      vertex 103.437 3.74802 107.171
      vertex 103.885 6 4.82946
      vertex 103.885 6 107.171
    endloop
  endfacet
  facet normal 0.980781 -0.195113 0
    outer loop
      vertex 103.885 6 4.82946
      vertex 103.437 3.74802 107.171
      vertex 103.437 3.74802 4.82946
    endloop
  endfacet
  facet normal -0.195071 0.980789 0
    outer loop
      vertex 6 67.8847 4.82946
      vertex 3.74802 67.4368 8
      vertex 6 67.8847 8
    endloop
  endfacet
  facet normal -0.195071 0.980789 0
    outer loop
      vertex 3.74802 67.4368 8
      vertex 6 67.8847 4.82946
      vertex 3.74802 67.4368 4.82946
    endloop
  endfacet
  facet normal -0.195071 0.980789 0
    outer loop
      vertex 6 67.8847 104
      vertex 3.74802 67.4368 107.171
      vertex 6 67.8847 107.171
    endloop
  endfacet
  facet normal -0.195071 0.980789 0
    outer loop
      vertex 3.74802 67.4368 107.171
      vertex 6 67.8847 104
      vertex 3.74802 67.4368 104
    endloop
  endfacet
  facet normal 0 -1 0
    outer loop
      vertex 12.85 0.115288 94.5278
      vertex 12.85 0.115288 17.4722
      vertex 13.0349 0.115288 94.6513
    endloop
  endfacet
  facet normal 0 -1 0
    outer loop
      vertex 90.7979 0.115288 94.7979
      vertex 91.7781 0.115288 17.6855
      vertex 92 0.115288 17.7
    endloop
  endfacet
  facet normal 0 -1 0
    outer loop
      vertex 13.0349 0.115288 17.3487
      vertex 13.0349 0.115288 94.6513
      vertex 12.85 0.115288 17.4722
    endloop
  endfacet
  facet normal 0 -1 0
    outer loop
      vertex 90.7979 0.115288 94.7979
      vertex 91.56 0.115288 17.6421
      vertex 91.7781 0.115288 17.6855
    endloop
  endfacet
  facet normal 0 -1 0
    outer loop
      vertex 13.0349 0.115288 94.6513
      vertex 13.0349 0.115288 17.3487
      vertex 13.2021 0.115288 94.7979
    endloop
  endfacet
  facet normal 0 -1 0
    outer loop
      vertex 90.7979 0.115288 94.7979
      vertex 91.3494 0.115288 17.5706
      vertex 91.56 0.115288 17.6421
    endloop
  endfacet
  facet normal 0 -1 0
    outer loop
      vertex 13.2021 0.115288 17.2021
      vertex 13.2021 0.115288 94.7979
      vertex 13.0349 0.115288 17.3487
    endloop
  endfacet
  facet normal 0 -1 0
    outer loop
      vertex 90.7979 0.115288 94.7979
      vertex 91.15 0.115288 17.4722
      vertex 91.3494 0.115288 17.5706
    endloop
  endfacet
  facet normal 0 -1 0
    outer loop
      vertex 13.2021 0.115288 94.7979
      vertex 13.2021 0.115288 17.2021
      vertex 90.7979 0.115288 94.7979
    endloop
  endfacet
  facet normal 0 -1 0
    outer loop
      vertex 90.7979 0.115288 94.7979
      vertex 90.9651 0.115288 17.3487
      vertex 91.15 0.115288 17.4722
    endloop
  endfacet
  facet normal 0 -1 0
    outer loop
      vertex 90.7979 0.115288 17.2021
      vertex 90.7979 0.115288 94.7979
      vertex 13.2021 0.115288 17.2021
    endloop
  endfacet
  facet normal 0 -1 0
    outer loop
      vertex 90.7979 0.115288 94.7979
      vertex 90.7979 0.115288 17.2021
      vertex 90.9651 0.115288 17.3487
    endloop
  endfacet
  facet normal 0 -1 0
    outer loop
      vertex 13.3487 0.115288 17.0349
      vertex 90.7979 0.115288 17.2021
      vertex 13.2021 0.115288 17.2021
    endloop
  endfacet
  facet normal 0 -1 0
    outer loop
      vertex 13.3487 0.115288 17.0349
      vertex 90.6513 0.115288 17.0349
      vertex 90.7979 0.115288 17.2021
    endloop
  endfacet
  facet normal 0 -1 0
    outer loop
      vertex 13.4722 0.115288 16.85
      vertex 90.6513 0.115288 17.0349
      vertex 13.3487 0.115288 17.0349
    endloop
  endfacet
  facet normal 0 -1 0
    outer loop
      vertex 13.4722 0.115288 16.85
      vertex 90.5278 0.115288 16.85
      vertex 90.6513 0.115288 17.0349
    endloop
  endfacet
  facet normal 0 -1 0
    outer loop
      vertex 13.5706 0.115288 16.6506
      vertex 90.5278 0.115288 16.85
      vertex 13.4722 0.115288 16.85
    endloop
  endfacet
  facet normal 0 -1 0
    outer loop
      vertex 13.5706 0.115288 16.6506
      vertex 90.4294 0.115288 16.6506
      vertex 90.5278 0.115288 16.85
    endloop
  endfacet
  facet normal 0 -1 0
    outer loop
      vertex 13.6421 0.115288 16.44
      vertex 90.4294 0.115288 16.6506
      vertex 13.5706 0.115288 16.6506
    endloop
  endfacet
  facet normal 0 -1 0
    outer loop
      vertex 13.6421 0.115288 16.44
      vertex 90.3579 0.115288 16.44
      vertex 90.4294 0.115288 16.6506
    endloop
  endfacet
  facet normal 0 -1 0
    outer loop
      vertex 13.6855 0.115288 16.2219
      vertex 90.3579 0.115288 16.44
      vertex 13.6421 0.115288 16.44
    endloop
  endfacet
  facet normal 0 -1 0
    outer loop
      vertex 13.6855 0.115288 16.2219
      vertex 90.3145 0.115288 16.2219
      vertex 90.3579 0.115288 16.44
    endloop
  endfacet
  facet normal 0 -1 0
    outer loop
      vertex 13.7 0.115288 16
      vertex 90.3145 0.115288 16.2219
      vertex 13.6855 0.115288 16.2219
    endloop
  endfacet
  facet normal 0 -1 0
    outer loop
      vertex 13.7 0.115288 16
      vertex 90.3 0.115288 16
      vertex 90.3145 0.115288 16.2219
    endloop
  endfacet
  facet normal 0 -1 0
    outer loop
      vertex 13.6855 0.115288 15.7781
      vertex 90.3 0.115288 16
      vertex 13.7 0.115288 16
    endloop
  endfacet
  facet normal 0 -1 0
    outer loop
      vertex 13.6855 0.115288 15.7781
      vertex 90.3145 0.115288 15.7781
      vertex 90.3 0.115288 16
    endloop
  endfacet
  facet normal 0 -1 0
    outer loop
      vertex 13.6421 0.115288 15.56
      vertex 90.3145 0.115288 15.7781
      vertex 13.6855 0.115288 15.7781
    endloop
  endfacet
  facet normal 0 -1 0
    outer loop
      vertex 13.6421 0.115288 15.56
      vertex 90.3579 0.115288 15.56
      vertex 90.3145 0.115288 15.7781
    endloop
  endfacet
  facet normal 0 -1 0
    outer loop
      vertex 13.5706 0.115288 15.3494
      vertex 90.3579 0.115288 15.56
      vertex 13.6421 0.115288 15.56
    endloop
  endfacet
  facet normal 0 -1 0
    outer loop
      vertex 13.5706 0.115288 15.3494
      vertex 90.4294 0.115288 15.3494
      vertex 90.3579 0.115288 15.56
    endloop
  endfacet
  facet normal 0 -1 0
    outer loop
      vertex 13.4722 0.115288 15.15
      vertex 90.4294 0.115288 15.3494
      vertex 13.5706 0.115288 15.3494
    endloop
  endfacet
  facet normal 0 -1 0
    outer loop
      vertex 13.4722 0.115288 15.15
      vertex 90.5278 0.115288 15.15
      vertex 90.4294 0.115288 15.3494
    endloop
  endfacet
  facet normal 0 -1 0
    outer loop
      vertex 13.3487 0.115288 14.9651
      vertex 90.5278 0.115288 15.15
      vertex 13.4722 0.115288 15.15
    endloop
  endfacet
  facet normal 0 -1 0
    outer loop
      vertex 13.3487 0.115288 14.9651
      vertex 90.6513 0.115288 14.9651
      vertex 90.5278 0.115288 15.15
    endloop
  endfacet
  facet normal 0 -1 0
    outer loop
      vertex 13.2021 0.115288 14.7979
      vertex 90.6513 0.115288 14.9651
      vertex 13.3487 0.115288 14.9651
    endloop
  endfacet
  facet normal 0 -1 0
    outer loop
      vertex 13.2021 0.115288 14.7979
      vertex 90.7979 0.115288 14.7979
      vertex 90.6513 0.115288 14.9651
    endloop
  endfacet
  facet normal 0 -1 0
    outer loop
      vertex 6 0.115288 4.82946
      vertex 13.2021 0.115288 14.7979
      vertex 13.0349 0.115288 14.6513
    endloop
  endfacet
  facet normal 0 -1 -0
    outer loop
      vertex 13.2021 0.115288 14.7979
      vertex 6 0.115288 4.82946
      vertex 90.7979 0.115288 14.7979
    endloop
  endfacet
  facet normal 0 -1 0
    outer loop
      vertex 6 0.115288 4.82946
      vertex 13.0349 0.115288 14.6513
      vertex 12.85 0.115288 14.5278
    endloop
  endfacet
  facet normal 0 -1 0
    outer loop
      vertex 98 0.115288 4.82946
      vertex 90.7979 0.115288 14.7979
      vertex 6 0.115288 4.82946
    endloop
  endfacet
  facet normal 0 -1 0
    outer loop
      vertex 6 0.115288 4.82946
      vertex 12.85 0.115288 14.5278
      vertex 12.6506 0.115288 14.4294
    endloop
  endfacet
  facet normal 0 -1 0
    outer loop
      vertex 90.7979 0.115288 14.7979
      vertex 98 0.115288 4.82946
      vertex 90.9651 0.115288 14.6513
    endloop
  endfacet
  facet normal 0 -1 0
    outer loop
      vertex 6 0.115288 4.82946
      vertex 12.6506 0.115288 14.4294
      vertex 12.44 0.115288 14.3579
    endloop
  endfacet
  facet normal 0 -1 0
    outer loop
      vertex 90.9651 0.115288 14.6513
      vertex 98 0.115288 4.82946
      vertex 91.15 0.115288 14.5278
    endloop
  endfacet
  facet normal 0 -1 0
    outer loop
      vertex 6 0.115288 4.82946
      vertex 12.44 0.115288 14.3579
      vertex 12.2219 0.115288 14.3145
    endloop
  endfacet
  facet normal 0 -1 0
    outer loop
      vertex 91.15 0.115288 14.5278
      vertex 98 0.115288 4.82946
      vertex 91.3494 0.115288 14.4294
    endloop
  endfacet
  facet normal 0 -1 0
    outer loop
      vertex 6 0.115288 4.82946
      vertex 12.2219 0.115288 14.3145
      vertex 12 0.115288 14.3
    endloop
  endfacet
  facet normal 0 -1 0
    outer loop
      vertex 91.3494 0.115288 14.4294
      vertex 98 0.115288 4.82946
      vertex 91.56 0.115288 14.3579
    endloop
  endfacet
  facet normal 0 -1 0
    outer loop
      vertex 12.6506 0.115288 97.5706
      vertex 6 0.115288 107.171
      vertex 12.44 0.115288 97.6421
    endloop
  endfacet
  facet normal 0 -1 0
    outer loop
      vertex 98 0.115288 107.171
      vertex 91.7781 0.115288 97.6855
      vertex 92 0.115288 97.7
    endloop
  endfacet
  facet normal 0 -1 0
    outer loop
      vertex 12.85 0.115288 97.4722
      vertex 6 0.115288 107.171
      vertex 12.6506 0.115288 97.5706
    endloop
  endfacet
  facet normal 0 -1 0
    outer loop
      vertex 98 0.115288 107.171
      vertex 91.56 0.115288 97.6421
      vertex 91.7781 0.115288 97.6855
    endloop
  endfacet
  facet normal 0 -1 0
    outer loop
      vertex 13.0349 0.115288 97.3487
      vertex 6 0.115288 107.171
      vertex 12.85 0.115288 97.4722
    endloop
  endfacet
  facet normal 0 -1 0
    outer loop
      vertex 98 0.115288 107.171
      vertex 91.3494 0.115288 97.5706
      vertex 91.56 0.115288 97.6421
    endloop
  endfacet
  facet normal 0 -1 0
    outer loop
      vertex 13.2021 0.115288 97.2021
      vertex 6 0.115288 107.171
      vertex 13.0349 0.115288 97.3487
    endloop
  endfacet
  facet normal 0 -1 0
    outer loop
      vertex 98 0.115288 107.171
      vertex 91.15 0.115288 97.4722
      vertex 91.3494 0.115288 97.5706
    endloop
  endfacet
  facet normal 0 -1 0
    outer loop
      vertex 6 0.115288 107.171
      vertex 13.2021 0.115288 97.2021
      vertex 98 0.115288 107.171
    endloop
  endfacet
  facet normal 0 -1 0
    outer loop
      vertex 98 0.115288 107.171
      vertex 90.9651 0.115288 97.3487
      vertex 91.15 0.115288 97.4722
    endloop
  endfacet
  facet normal 0 -1 0
    outer loop
      vertex 90.7979 0.115288 97.2021
      vertex 98 0.115288 107.171
      vertex 13.2021 0.115288 97.2021
    endloop
  endfacet
  facet normal 0 -1 0
    outer loop
      vertex 98 0.115288 107.171
      vertex 90.7979 0.115288 97.2021
      vertex 90.9651 0.115288 97.3487
    endloop
  endfacet
  facet normal 0 -1 0
    outer loop
      vertex 13.3487 0.115288 97.0349
      vertex 90.7979 0.115288 97.2021
      vertex 13.2021 0.115288 97.2021
    endloop
  endfacet
  facet normal 0 -1 0
    outer loop
      vertex 13.3487 0.115288 97.0349
      vertex 90.6513 0.115288 97.0349
      vertex 90.7979 0.115288 97.2021
    endloop
  endfacet
  facet normal 0 -1 0
    outer loop
      vertex 13.4722 0.115288 96.85
      vertex 90.6513 0.115288 97.0349
      vertex 13.3487 0.115288 97.0349
    endloop
  endfacet
  facet normal 0 -1 0
    outer loop
      vertex 13.4722 0.115288 96.85
      vertex 90.5278 0.115288 96.85
      vertex 90.6513 0.115288 97.0349
    endloop
  endfacet
  facet normal 0 -1 0
    outer loop
      vertex 13.5706 0.115288 96.6506
      vertex 90.5278 0.115288 96.85
      vertex 13.4722 0.115288 96.85
    endloop
  endfacet
  facet normal 0 -1 0
    outer loop
      vertex 13.5706 0.115288 96.6506
      vertex 90.4294 0.115288 96.6506
      vertex 90.5278 0.115288 96.85
    endloop
  endfacet
  facet normal 0 -1 0
    outer loop
      vertex 13.6421 0.115288 96.44
      vertex 90.4294 0.115288 96.6506
      vertex 13.5706 0.115288 96.6506
    endloop
  endfacet
  facet normal 0 -1 0
    outer loop
      vertex 13.6421 0.115288 96.44
      vertex 90.3579 0.115288 96.44
      vertex 90.4294 0.115288 96.6506
    endloop
  endfacet
  facet normal 0 -1 0
    outer loop
      vertex 13.6855 0.115288 96.2219
      vertex 90.3579 0.115288 96.44
      vertex 13.6421 0.115288 96.44
    endloop
  endfacet
  facet normal 0 -1 0
    outer loop
      vertex 13.6855 0.115288 96.2219
      vertex 90.3145 0.115288 96.2219
      vertex 90.3579 0.115288 96.44
    endloop
  endfacet
  facet normal 0 -1 0
    outer loop
      vertex 13.7 0.115288 96
      vertex 90.3145 0.115288 96.2219
      vertex 13.6855 0.115288 96.2219
    endloop
  endfacet
  facet normal 0 -1 0
    outer loop
      vertex 13.7 0.115288 96
      vertex 90.3 0.115288 96
      vertex 90.3145 0.115288 96.2219
    endloop
  endfacet
  facet normal 0 -1 0
    outer loop
      vertex 13.6855 0.115288 95.7781
      vertex 90.3 0.115288 96
      vertex 13.7 0.115288 96
    endloop
  endfacet
  facet normal 0 -1 0
    outer loop
      vertex 13.6855 0.115288 95.7781
      vertex 90.3145 0.115288 95.7781
      vertex 90.3 0.115288 96
    endloop
  endfacet
  facet normal 0 -1 0
    outer loop
      vertex 13.6421 0.115288 95.56
      vertex 90.3145 0.115288 95.7781
      vertex 13.6855 0.115288 95.7781
    endloop
  endfacet
  facet normal 0 -1 0
    outer loop
      vertex 13.6421 0.115288 95.56
      vertex 90.3579 0.115288 95.56
      vertex 90.3145 0.115288 95.7781
    endloop
  endfacet
  facet normal 0 -1 0
    outer loop
      vertex 13.5706 0.115288 95.3494
      vertex 90.3579 0.115288 95.56
      vertex 13.6421 0.115288 95.56
    endloop
  endfacet
  facet normal 0 -1 0
    outer loop
      vertex 13.5706 0.115288 95.3494
      vertex 90.4294 0.115288 95.3494
      vertex 90.3579 0.115288 95.56
    endloop
  endfacet
  facet normal 0 -1 0
    outer loop
      vertex 13.4722 0.115288 95.15
      vertex 90.4294 0.115288 95.3494
      vertex 13.5706 0.115288 95.3494
    endloop
  endfacet
  facet normal 0 -1 0
    outer loop
      vertex 13.4722 0.115288 95.15
      vertex 90.5278 0.115288 95.15
      vertex 90.4294 0.115288 95.3494
    endloop
  endfacet
  facet normal 0 -1 0
    outer loop
      vertex 13.3487 0.115288 94.9651
      vertex 90.5278 0.115288 95.15
      vertex 13.4722 0.115288 95.15
    endloop
  endfacet
  facet normal 0 -1 0
    outer loop
      vertex 13.3487 0.115288 94.9651
      vertex 90.6513 0.115288 94.9651
      vertex 90.5278 0.115288 95.15
    endloop
  endfacet
  facet normal 0 -1 0
    outer loop
      vertex 13.2021 0.115288 94.7979
      vertex 90.6513 0.115288 94.9651
      vertex 13.3487 0.115288 94.9651
    endloop
  endfacet
  facet normal 0 -1 0
    outer loop
      vertex 13.2021 0.115288 94.7979
      vertex 90.7979 0.115288 94.7979
      vertex 90.6513 0.115288 94.9651
    endloop
  endfacet
  facet normal 0 -1 0
    outer loop
      vertex 12.6506 0.115288 17.5706
      vertex 12.6506 0.115288 94.4294
      vertex 12.44 0.115288 17.6421
    endloop
  endfacet
  facet normal 0 -1 0
    outer loop
      vertex 12.6506 0.115288 94.4294
      vertex 12.6506 0.115288 17.5706
      vertex 12.85 0.115288 94.5278
    endloop
  endfacet
  facet normal 0 -1 0
    outer loop
      vertex 12.44 0.115288 94.3579
      vertex 12.44 0.115288 17.6421
      vertex 12.6506 0.115288 94.4294
    endloop
  endfacet
  facet normal 0 -1 0
    outer loop
      vertex 12.85 0.115288 17.4722
      vertex 12.85 0.115288 94.5278
      vertex 12.6506 0.115288 17.5706
    endloop
  endfacet
  facet normal 0 -1 0
    outer loop
      vertex 12.44 0.115288 17.6421
      vertex 12.44 0.115288 94.3579
      vertex 12.2219 0.115288 17.6855
    endloop
  endfacet
  facet normal 0 -1 0
    outer loop
      vertex 90.7979 0.115288 94.7979
      vertex 92 0.115288 17.7
      vertex 90.9651 0.115288 94.6513
    endloop
  endfacet
  facet normal 0 -1 0
    outer loop
      vertex 12.2219 0.115288 94.3145
      vertex 12.2219 0.115288 17.6855
      vertex 12.44 0.115288 94.3579
    endloop
  endfacet
  facet normal 0 -1 0
    outer loop
      vertex 90.9651 0.115288 94.6513
      vertex 92 0.115288 17.7
      vertex 91.15 0.115288 94.5278
    endloop
  endfacet
  facet normal 0 -1 0
    outer loop
      vertex 12.2219 0.115288 17.6855
      vertex 12.2219 0.115288 94.3145
      vertex 12 0.115288 17.7
    endloop
  endfacet
  facet normal 0 -1 0
    outer loop
      vertex 91.15 0.115288 94.5278
      vertex 92 0.115288 17.7
      vertex 91.3494 0.115288 94.4294
    endloop
  endfacet
  facet normal 0 -1 0
    outer loop
      vertex 12 0.115288 17.7
      vertex 12.2219 0.115288 94.3145
      vertex 12 0.115288 94.3
    endloop
  endfacet
  facet normal 0 -1 0
    outer loop
      vertex 91.3494 0.115288 94.4294
      vertex 92 0.115288 17.7
      vertex 91.56 0.115288 94.3579
    endloop
  endfacet
  facet normal 0 -1 0
    outer loop
      vertex 12.2219 0.115288 97.6855
      vertex 6 0.115288 107.171
      vertex 12 0.115288 97.7
    endloop
  endfacet
  facet normal 0 -1 0
    outer loop
      vertex 6 0.115288 107.171
      vertex 11.7781 0.115288 97.6855
      vertex 12 0.115288 97.7
    endloop
  endfacet
  facet normal 0 -1 0
    outer loop
      vertex 6 0.115288 107.171
      vertex 11.56 0.115288 97.6421
      vertex 11.7781 0.115288 97.6855
    endloop
  endfacet
  facet normal 0 -1 0
    outer loop
      vertex 6 0.115288 107.171
      vertex 11.3494 0.115288 97.5706
      vertex 11.56 0.115288 97.6421
    endloop
  endfacet
  facet normal 0 -1 0
    outer loop
      vertex 6 0.115288 107.171
      vertex 11.15 0.115288 97.4722
      vertex 11.3494 0.115288 97.5706
    endloop
  endfacet
  facet normal 0 -1 0
    outer loop
      vertex 6 0.115288 107.171
      vertex 10.9651 0.115288 97.3487
      vertex 11.15 0.115288 97.4722
    endloop
  endfacet
  facet normal 0 -1 0
    outer loop
      vertex 6 0.115288 107.171
      vertex 10.7979 0.115288 97.2021
      vertex 10.9651 0.115288 97.3487
    endloop
  endfacet
  facet normal 0 -1 0
    outer loop
      vertex 6 0.115288 107.171
      vertex 10.6513 0.115288 97.0349
      vertex 10.7979 0.115288 97.2021
    endloop
  endfacet
  facet normal 0 -1 0
    outer loop
      vertex 6 0.115288 107.171
      vertex 10.5278 0.115288 96.85
      vertex 10.6513 0.115288 97.0349
    endloop
  endfacet
  facet normal 0 -1 0
    outer loop
      vertex 6 0.115288 107.171
      vertex 10.4294 0.115288 96.6506
      vertex 10.5278 0.115288 96.85
    endloop
  endfacet
  facet normal 0 -1 0
    outer loop
      vertex 6 0.115288 107.171
      vertex 10.3579 0.115288 96.44
      vertex 10.4294 0.115288 96.6506
    endloop
  endfacet
  facet normal 0 -1 0
    outer loop
      vertex 6 0.115288 107.171
      vertex 10.3145 0.115288 96.2219
      vertex 10.3579 0.115288 96.44
    endloop
  endfacet
  facet normal 0 -1 0
    outer loop
      vertex 6 0.115288 107.171
      vertex 10.3 0.115288 96
      vertex 10.3145 0.115288 96.2219
    endloop
  endfacet
  facet normal 0 -1 0
    outer loop
      vertex 6 0.115288 107.171
      vertex 10.3145 0.115288 95.7781
      vertex 10.3 0.115288 96
    endloop
  endfacet
  facet normal 0 -1 0
    outer loop
      vertex 6 0.115288 107.171
      vertex 10.3579 0.115288 95.56
      vertex 10.3145 0.115288 95.7781
    endloop
  endfacet
  facet normal 0 -1 0
    outer loop
      vertex 10.3579 0.115288 16.44
      vertex 10.3579 0.115288 95.56
      vertex 6 0.115288 107.171
    endloop
  endfacet
  facet normal 0 -1 0
    outer loop
      vertex 91.56 0.115288 94.3579
      vertex 92 0.115288 17.7
      vertex 91.7781 0.115288 94.3145
    endloop
  endfacet
  facet normal 0 -1 0
    outer loop
      vertex 11.7781 0.115288 94.3145
      vertex 12 0.115288 17.7
      vertex 12 0.115288 94.3
    endloop
  endfacet
  facet normal 0 -1 0
    outer loop
      vertex 11.7781 0.115288 17.6855
      vertex 11.7781 0.115288 94.3145
      vertex 11.56 0.115288 94.3579
    endloop
  endfacet
  facet normal 0 -1 0
    outer loop
      vertex 11.56 0.115288 17.6421
      vertex 11.56 0.115288 94.3579
      vertex 11.3494 0.115288 94.4294
    endloop
  endfacet
  facet normal 0 -1 0
    outer loop
      vertex 11.3494 0.115288 17.5706
      vertex 11.3494 0.115288 94.4294
      vertex 11.15 0.115288 94.5278
    endloop
  endfacet
  facet normal 0 -1 0
    outer loop
      vertex 11.15 0.115288 17.4722
      vertex 11.15 0.115288 94.5278
      vertex 10.9651 0.115288 94.6513
    endloop
  endfacet
  facet normal 0 -1 0
    outer loop
      vertex 10.9651 0.115288 17.3487
      vertex 10.9651 0.115288 94.6513
      vertex 10.7979 0.115288 94.7979
    endloop
  endfacet
  facet normal 0 -1 0
    outer loop
      vertex 10.7979 0.115288 17.2021
      vertex 10.7979 0.115288 94.7979
      vertex 10.6513 0.115288 94.9651
    endloop
  endfacet
  facet normal 0 -1 0
    outer loop
      vertex 10.6513 0.115288 17.0349
      vertex 10.6513 0.115288 94.9651
      vertex 10.5278 0.115288 95.15
    endloop
  endfacet
  facet normal 0 -1 0
    outer loop
      vertex 10.5278 0.115288 16.85
      vertex 10.5278 0.115288 95.15
      vertex 10.4294 0.115288 95.3494
    endloop
  endfacet
  facet normal 0 -1 0
    outer loop
      vertex 10.3579 0.115288 95.56
      vertex 10.3579 0.115288 16.44
      vertex 10.4294 0.115288 95.3494
    endloop
  endfacet
  facet normal 0 -1 0
    outer loop
      vertex 11.7781 0.115288 94.3145
      vertex 11.7781 0.115288 17.6855
      vertex 12 0.115288 17.7
    endloop
  endfacet
  facet normal 0 -1 0
    outer loop
      vertex 11.56 0.115288 94.3579
      vertex 11.56 0.115288 17.6421
      vertex 11.7781 0.115288 17.6855
    endloop
  endfacet
  facet normal 0 -1 0
    outer loop
      vertex 11.3494 0.115288 94.4294
      vertex 11.3494 0.115288 17.5706
      vertex 11.56 0.115288 17.6421
    endloop
  endfacet
  facet normal 0 -1 0
    outer loop
      vertex 11.15 0.115288 94.5278
      vertex 11.15 0.115288 17.4722
      vertex 11.3494 0.115288 17.5706
    endloop
  endfacet
  facet normal 0 -1 0
    outer loop
      vertex 10.9651 0.115288 94.6513
      vertex 10.9651 0.115288 17.3487
      vertex 11.15 0.115288 17.4722
    endloop
  endfacet
  facet normal 0 -1 0
    outer loop
      vertex 10.7979 0.115288 94.7979
      vertex 10.7979 0.115288 17.2021
      vertex 10.9651 0.115288 17.3487
    endloop
  endfacet
  facet normal 0 -1 0
    outer loop
      vertex 10.6513 0.115288 94.9651
      vertex 10.6513 0.115288 17.0349
      vertex 10.7979 0.115288 17.2021
    endloop
  endfacet
  facet normal 0 -1 0
    outer loop
      vertex 10.5278 0.115288 95.15
      vertex 10.5278 0.115288 16.85
      vertex 10.6513 0.115288 17.0349
    endloop
  endfacet
  facet normal 0 -1 0
    outer loop
      vertex 10.4294 0.115288 95.3494
      vertex 10.4294 0.115288 16.6506
      vertex 10.5278 0.115288 16.85
    endloop
  endfacet
  facet normal 0 -1 -0
    outer loop
      vertex 10.4294 0.115288 95.3494
      vertex 10.3579 0.115288 16.44
      vertex 10.4294 0.115288 16.6506
    endloop
  endfacet
  facet normal 0 -1 0
    outer loop
      vertex 6 0.115288 4.82946
      vertex 10.3579 0.115288 16.44
      vertex 6 0.115288 107.171
    endloop
  endfacet
  facet normal 0 -1 0
    outer loop
      vertex 10.3579 0.115288 16.44
      vertex 6 0.115288 4.82946
      vertex 10.3145 0.115288 16.2219
    endloop
  endfacet
  facet normal 0 -1 0
    outer loop
      vertex 91.56 0.115288 14.3579
      vertex 98 0.115288 4.82946
      vertex 91.7781 0.115288 14.3145
    endloop
  endfacet
  facet normal 0 -1 -0
    outer loop
      vertex 11.7781 0.115288 14.3145
      vertex 6 0.115288 4.82946
      vertex 12 0.115288 14.3
    endloop
  endfacet
  facet normal 0 -1 -0
    outer loop
      vertex 11.56 0.115288 14.3579
      vertex 6 0.115288 4.82946
      vertex 11.7781 0.115288 14.3145
    endloop
  endfacet
  facet normal 0 -1 -0
    outer loop
      vertex 11.3494 0.115288 14.4294
      vertex 6 0.115288 4.82946
      vertex 11.56 0.115288 14.3579
    endloop
  endfacet
  facet normal 0 -1 -0
    outer loop
      vertex 11.15 0.115288 14.5278
      vertex 6 0.115288 4.82946
      vertex 11.3494 0.115288 14.4294
    endloop
  endfacet
  facet normal 0 -1 -0
    outer loop
      vertex 10.9651 0.115288 14.6513
      vertex 6 0.115288 4.82946
      vertex 11.15 0.115288 14.5278
    endloop
  endfacet
  facet normal 0 -1 -0
    outer loop
      vertex 10.7979 0.115288 14.7979
      vertex 6 0.115288 4.82946
      vertex 10.9651 0.115288 14.6513
    endloop
  endfacet
  facet normal 0 -1 -0
    outer loop
      vertex 10.6513 0.115288 14.9651
      vertex 6 0.115288 4.82946
      vertex 10.7979 0.115288 14.7979
    endloop
  endfacet
  facet normal 0 -1 -0
    outer loop
      vertex 10.5278 0.115288 15.15
      vertex 6 0.115288 4.82946
      vertex 10.6513 0.115288 14.9651
    endloop
  endfacet
  facet normal 0 -1 -0
    outer loop
      vertex 10.4294 0.115288 15.3494
      vertex 6 0.115288 4.82946
      vertex 10.5278 0.115288 15.15
    endloop
  endfacet
  facet normal 0 -1 -0
    outer loop
      vertex 10.3579 0.115288 15.56
      vertex 6 0.115288 4.82946
      vertex 10.4294 0.115288 15.3494
    endloop
  endfacet
  facet normal 0 -1 -0
    outer loop
      vertex 10.3145 0.115288 15.7781
      vertex 6 0.115288 4.82946
      vertex 10.3579 0.115288 15.56
    endloop
  endfacet
  facet normal 0 -1 -0
    outer loop
      vertex 10.3 0.115288 16
      vertex 6 0.115288 4.82946
      vertex 10.3145 0.115288 15.7781
    endloop
  endfacet
  facet normal 0 -1 0
    outer loop
      vertex 10.3145 0.115288 16.2219
      vertex 6 0.115288 4.82946
      vertex 10.3 0.115288 16
    endloop
  endfacet
  facet normal 0 -1 0
    outer loop
      vertex 12.44 0.115288 97.6421
      vertex 6 0.115288 107.171
      vertex 12.2219 0.115288 97.6855
    endloop
  endfacet
  facet normal 0 -1 0
    outer loop
      vertex 92.2219 0.115288 97.6855
      vertex 98 0.115288 107.171
      vertex 92 0.115288 97.7
    endloop
  endfacet
  facet normal 0 -1 0
    outer loop
      vertex 92.44 0.115288 97.6421
      vertex 98 0.115288 107.171
      vertex 92.2219 0.115288 97.6855
    endloop
  endfacet
  facet normal 0 -1 0
    outer loop
      vertex 92.6506 0.115288 97.5706
      vertex 98 0.115288 107.171
      vertex 92.44 0.115288 97.6421
    endloop
  endfacet
  facet normal 0 -1 0
    outer loop
      vertex 92.85 0.115288 97.4722
      vertex 98 0.115288 107.171
      vertex 92.6506 0.115288 97.5706
    endloop
  endfacet
  facet normal 0 -1 0
    outer loop
      vertex 93.0349 0.115288 97.3487
      vertex 98 0.115288 107.171
      vertex 92.85 0.115288 97.4722
    endloop
  endfacet
  facet normal 0 -1 0
    outer loop
      vertex 93.2021 0.115288 97.2021
      vertex 98 0.115288 107.171
      vertex 93.0349 0.115288 97.3487
    endloop
  endfacet
  facet normal 0 -1 0
    outer loop
      vertex 93.3487 0.115288 97.0349
      vertex 98 0.115288 107.171
      vertex 93.2021 0.115288 97.2021
    endloop
  endfacet
  facet normal 0 -1 0
    outer loop
      vertex 93.4722 0.115288 96.85
      vertex 98 0.115288 107.171
      vertex 93.3487 0.115288 97.0349
    endloop
  endfacet
  facet normal 0 -1 0
    outer loop
      vertex 93.5706 0.115288 96.6506
      vertex 98 0.115288 107.171
      vertex 93.4722 0.115288 96.85
    endloop
  endfacet
  facet normal 0 -1 0
    outer loop
      vertex 93.6421 0.115288 96.44
      vertex 98 0.115288 107.171
      vertex 93.5706 0.115288 96.6506
    endloop
  endfacet
  facet normal 0 -1 0
    outer loop
      vertex 93.6855 0.115288 96.2219
      vertex 98 0.115288 107.171
      vertex 93.6421 0.115288 96.44
    endloop
  endfacet
  facet normal 0 -1 0
    outer loop
      vertex 93.7 0.115288 96
      vertex 98 0.115288 107.171
      vertex 93.6855 0.115288 96.2219
    endloop
  endfacet
  facet normal 0 -1 0
    outer loop
      vertex 93.6855 0.115288 95.7781
      vertex 98 0.115288 107.171
      vertex 93.7 0.115288 96
    endloop
  endfacet
  facet normal 0 -1 0
    outer loop
      vertex 93.6421 0.115288 95.56
      vertex 98 0.115288 107.171
      vertex 93.6855 0.115288 95.7781
    endloop
  endfacet
  facet normal 0 -1 0
    outer loop
      vertex 93.6421 0.115288 16.44
      vertex 93.6421 0.115288 95.56
      vertex 93.5706 0.115288 95.3494
    endloop
  endfacet
  facet normal 0 -1 0
    outer loop
      vertex 91.7781 0.115288 94.3145
      vertex 92 0.115288 17.7
      vertex 92 0.115288 94.3
    endloop
  endfacet
  facet normal 0 -1 0
    outer loop
      vertex 92 0.115288 94.3
      vertex 92 0.115288 17.7
      vertex 92.2219 0.115288 94.3145
    endloop
  endfacet
  facet normal 0 -1 0
    outer loop
      vertex 92.2219 0.115288 17.6855
      vertex 92.2219 0.115288 94.3145
      vertex 92 0.115288 17.7
    endloop
  endfacet
  facet normal 0 -1 0
    outer loop
      vertex 92.2219 0.115288 94.3145
      vertex 92.2219 0.115288 17.6855
      vertex 92.44 0.115288 94.3579
    endloop
  endfacet
  facet normal 0 -1 0
    outer loop
      vertex 92.44 0.115288 17.6421
      vertex 92.44 0.115288 94.3579
      vertex 92.2219 0.115288 17.6855
    endloop
  endfacet
  facet normal 0 -1 0
    outer loop
      vertex 92.44 0.115288 94.3579
      vertex 92.44 0.115288 17.6421
      vertex 92.6506 0.115288 94.4294
    endloop
  endfacet
  facet normal 0 -1 0
    outer loop
      vertex 92.6506 0.115288 17.5706
      vertex 92.6506 0.115288 94.4294
      vertex 92.44 0.115288 17.6421
    endloop
  endfacet
  facet normal 0 -1 0
    outer loop
      vertex 92.6506 0.115288 94.4294
      vertex 92.6506 0.115288 17.5706
      vertex 92.85 0.115288 94.5278
    endloop
  endfacet
  facet normal 0 -1 0
    outer loop
      vertex 92.85 0.115288 17.4722
      vertex 92.85 0.115288 94.5278
      vertex 92.6506 0.115288 17.5706
    endloop
  endfacet
  facet normal 0 -1 0
    outer loop
      vertex 92.85 0.115288 94.5278
      vertex 92.85 0.115288 17.4722
      vertex 93.0349 0.115288 94.6513
    endloop
  endfacet
  facet normal 0 -1 0
    outer loop
      vertex 93.0349 0.115288 17.3487
      vertex 93.0349 0.115288 94.6513
      vertex 92.85 0.115288 17.4722
    endloop
  endfacet
  facet normal 0 -1 0
    outer loop
      vertex 93.0349 0.115288 94.6513
      vertex 93.0349 0.115288 17.3487
      vertex 93.2021 0.115288 94.7979
    endloop
  endfacet
  facet normal 0 -1 0
    outer loop
      vertex 93.2021 0.115288 17.2021
      vertex 93.2021 0.115288 94.7979
      vertex 93.0349 0.115288 17.3487
    endloop
  endfacet
  facet normal 0 -1 0
    outer loop
      vertex 93.2021 0.115288 94.7979
      vertex 93.2021 0.115288 17.2021
      vertex 93.3487 0.115288 94.9651
    endloop
  endfacet
  facet normal 0 -1 0
    outer loop
      vertex 93.3487 0.115288 17.0349
      vertex 93.3487 0.115288 94.9651
      vertex 93.2021 0.115288 17.2021
    endloop
  endfacet
  facet normal 0 -1 0
    outer loop
      vertex 93.3487 0.115288 94.9651
      vertex 93.3487 0.115288 17.0349
      vertex 93.4722 0.115288 95.15
    endloop
  endfacet
  facet normal 0 -1 0
    outer loop
      vertex 93.4722 0.115288 16.85
      vertex 93.4722 0.115288 95.15
      vertex 93.3487 0.115288 17.0349
    endloop
  endfacet
  facet normal 0 -1 0
    outer loop
      vertex 93.4722 0.115288 95.15
      vertex 93.4722 0.115288 16.85
      vertex 93.5706 0.115288 95.3494
    endloop
  endfacet
  facet normal 0 -1 0
    outer loop
      vertex 93.5706 0.115288 16.6506
      vertex 93.5706 0.115288 95.3494
      vertex 93.4722 0.115288 16.85
    endloop
  endfacet
  facet normal 0 -1 0
    outer loop
      vertex 93.6421 0.115288 16.44
      vertex 93.5706 0.115288 95.3494
      vertex 93.5706 0.115288 16.6506
    endloop
  endfacet
  facet normal 0 -1 0
    outer loop
      vertex 93.6421 0.115288 95.56
      vertex 93.6421 0.115288 16.44
      vertex 98 0.115288 107.171
    endloop
  endfacet
  facet normal 0 -1 0
    outer loop
      vertex 98 0.115288 4.82946
      vertex 93.6421 0.115288 16.44
      vertex 93.6855 0.115288 16.2219
    endloop
  endfacet
  facet normal 0 -1 0
    outer loop
      vertex 98 0.115288 4.82946
      vertex 93.6855 0.115288 16.2219
      vertex 93.7 0.115288 16
    endloop
  endfacet
  facet normal 0 -1 0
    outer loop
      vertex 91.7781 0.115288 14.3145
      vertex 98 0.115288 4.82946
      vertex 92 0.115288 14.3
    endloop
  endfacet
  facet normal 0 -1 0
    outer loop
      vertex 93.6421 0.115288 16.44
      vertex 98 0.115288 4.82946
      vertex 98 0.115288 107.171
    endloop
  endfacet
  facet normal 0 -1 0
    outer loop
      vertex 93.6855 0.115288 15.7781
      vertex 98 0.115288 4.82946
      vertex 93.7 0.115288 16
    endloop
  endfacet
  facet normal 0 -1 0
    outer loop
      vertex 93.6421 0.115288 15.56
      vertex 98 0.115288 4.82946
      vertex 93.6855 0.115288 15.7781
    endloop
  endfacet
  facet normal 0 -1 0
    outer loop
      vertex 93.5706 0.115288 15.3494
      vertex 98 0.115288 4.82946
      vertex 93.6421 0.115288 15.56
    endloop
  endfacet
  facet normal 0 -1 0
    outer loop
      vertex 93.4722 0.115288 15.15
      vertex 98 0.115288 4.82946
      vertex 93.5706 0.115288 15.3494
    endloop
  endfacet
  facet normal 0 -1 0
    outer loop
      vertex 93.3487 0.115288 14.9651
      vertex 98 0.115288 4.82946
      vertex 93.4722 0.115288 15.15
    endloop
  endfacet
  facet normal 0 -1 0
    outer loop
      vertex 93.2021 0.115288 14.7979
      vertex 98 0.115288 4.82946
      vertex 93.3487 0.115288 14.9651
    endloop
  endfacet
  facet normal 0 -1 0
    outer loop
      vertex 93.0349 0.115288 14.6513
      vertex 98 0.115288 4.82946
      vertex 93.2021 0.115288 14.7979
    endloop
  endfacet
  facet normal 0 -1 0
    outer loop
      vertex 92.85 0.115288 14.5278
      vertex 98 0.115288 4.82946
      vertex 93.0349 0.115288 14.6513
    endloop
  endfacet
  facet normal 0 -1 0
    outer loop
      vertex 92.6506 0.115288 14.4294
      vertex 98 0.115288 4.82946
      vertex 92.85 0.115288 14.5278
    endloop
  endfacet
  facet normal 0 -1 0
    outer loop
      vertex 92.44 0.115288 14.3579
      vertex 98 0.115288 4.82946
      vertex 92.6506 0.115288 14.4294
    endloop
  endfacet
  facet normal 0 -1 0
    outer loop
      vertex 92.2219 0.115288 14.3145
      vertex 98 0.115288 4.82946
      vertex 92.44 0.115288 14.3579
    endloop
  endfacet
  facet normal 0 -1 0
    outer loop
      vertex 92 0.115288 14.3
      vertex 98 0.115288 4.82946
      vertex 92.2219 0.115288 14.3145
    endloop
  endfacet
  facet normal -0 0.382719 0.923865
    outer loop
      vertex 6 65.3334 110.989
      vertex 98 63.1705 111.885
      vertex 98 65.3334 110.989
    endloop
  endfacet
  facet normal 0 0.382719 0.923865
    outer loop
      vertex 98 63.1705 111.885
      vertex 6 65.3334 110.989
      vertex 6 63.1705 111.885
    endloop
  endfacet
  facet normal -0.180726 0.908667 -0.37638
    outer loop
      vertex 4.09086 66.6091 2.66658
      vertex 3.74802 67.4368 4.82946
      vertex 6 67.8847 4.82946
    endloop
  endfacet
  facet normal 0.593584 -0.396842 -0.700124
    outer loop
      vertex 102.609 4.09086 2.66658
      vertex 100.357 3.64291 1.01118
      vertex 101.08 4.72435 1.01118
    endloop
  endfacet
  facet normal 0.770234 -0.514796 -0.376464
    outer loop
      vertex 103.437 3.74802 4.82946
      vertex 102.161 1.83888 4.82946
      vertex 102.609 4.09086 2.66658
    endloop
  endfacet
  facet normal 0.514651 -0.770425 -0.376272
    outer loop
      vertex 102.161 1.83888 4.82946
      vertex 99.9091 1.39093 2.66658
      vertex 101.528 2.47237 2.66658
    endloop
  endfacet
  facet normal -0.19509 -0.980785 0
    outer loop
      vertex 3.74802 0.563235 4.82946
      vertex 6 0.115288 107.171
      vertex 3.74802 0.563235 107.171
    endloop
  endfacet
  facet normal -0.19509 -0.980785 -0
    outer loop
      vertex 6 0.115288 107.171
      vertex 3.74802 0.563235 4.82946
      vertex 6 0.115288 4.82946
    endloop
  endfacet
  facet normal -0.980785 -0.19509 0
    outer loop
      vertex 0.563235 3.74802 4.82946
      vertex 0.115288 6 107.171
      vertex 0.115288 6 4.82946
    endloop
  endfacet
  facet normal -0.980785 -0.19509 0
    outer loop
      vertex 0.115288 6 107.171
      vertex 0.563235 3.74802 4.82946
      vertex 0.563235 3.74802 107.171
    endloop
  endfacet
  facet normal -0.908664 -0.180744 -0.37638
    outer loop
      vertex 1.39093 4.09086 2.66658
      vertex 0.115288 6 4.82946
      vertex 1.01118 6 2.66658
    endloop
  endfacet
  facet normal -0.770328 -0.514717 -0.376379
    outer loop
      vertex 1.83888 1.83888 4.82946
      vertex 1.39093 4.09086 2.66658
      vertex 2.47237 2.47237 2.66658
    endloop
  endfacet
  facet normal -0.382683 0 -0.92388
    outer loop
      vertex 2.66658 6 1.01118
      vertex 4.82946 62 0.115288
      vertex 4.82946 6 0.115288
    endloop
  endfacet
  facet normal -0.382683 0 -0.92388
    outer loop
      vertex 4.82946 62 0.115288
      vertex 2.66658 6 1.01118
      vertex 2.66658 62 1.01118
    endloop
  endfacet
  facet normal -0.216138 0.323525 0.921203
    outer loop
      vertex 5.55205 63.0814 111.885
      vertex 4.72435 65.0797 110.989
      vertex 5.1723 62.8277 111.885
    endloop
  endfacet
  facet normal 0.908562 0.180744 0.376626
    outer loop
      vertex 103.437 64.252 107.171
      vertex 102.609 63.9091 109.333
      vertex 103.885 62 107.171
    endloop
  endfacet
  facet normal 0 -0.707107 -0.707107
    outer loop
      vertex 6 2.66658 1.01118
      vertex 98 1.01118 2.66658
      vertex 6 1.01118 2.66658
    endloop
  endfacet
  facet normal 0 -0.707107 -0.707107
    outer loop
      vertex 98 1.01118 2.66658
      vertex 6 2.66658 1.01118
      vertex 98 2.66658 1.01118
    endloop
  endfacet
  facet normal 0.180743 -0.908663 -0.376383
    outer loop
      vertex 100.252 0.563235 4.82946
      vertex 98 0.115288 4.82946
      vertex 99.9091 1.39093 2.66658
    endloop
  endfacet
  facet normal 0.923864 0 -0.382722
    outer loop
      vertex 103.885 6 4.82946
      vertex 102.989 62 2.66658
      vertex 103.885 62 4.82946
    endloop
  endfacet
  facet normal 0.923864 0 -0.382722
    outer loop
      vertex 102.989 62 2.66658
      vertex 103.885 6 4.82946
      vertex 102.989 6 2.66658
    endloop
  endfacet
  facet normal -0.908664 -0.180745 -0.376379
    outer loop
      vertex 0.563235 3.74802 4.82946
      vertex 0.115288 6 4.82946
      vertex 1.39093 4.09086 2.66658
    endloop
  endfacet
  facet normal 0 1 -0
    outer loop
      vertex 98 67.8847 4.82946
      vertex 6 67.8847 8
      vertex 98 67.8847 8
    endloop
  endfacet
  facet normal 0 1 0
    outer loop
      vertex 6 67.8847 8
      vertex 98 67.8847 4.82946
      vertex 6 67.8847 4.82946
    endloop
  endfacet
  facet normal 0 1 -0
    outer loop
      vertex 98 67.8847 104
      vertex 6 67.8847 107.171
      vertex 98 67.8847 107.171
    endloop
  endfacet
  facet normal 0 1 0
    outer loop
      vertex 6 67.8847 107.171
      vertex 98 67.8847 104
      vertex 6 67.8847 104
    endloop
  endfacet
  facet normal 0.216156 0.323486 -0.921213
    outer loop
      vertex 100.357 64.3571 1.01118
      vertex 98.8277 62.8277 0.115288
      vertex 99.2756 65.0797 1.01118
    endloop
  endfacet
  facet normal 0.51464 0.770366 0.376408
    outer loop
      vertex 102.161 66.1611 107.171
      vertex 99.9091 66.6091 109.333
      vertex 101.528 65.5276 109.333
    endloop
  endfacet
  facet normal 0.180732 -0.90861 0.376515
    outer loop
      vertex 99.9091 1.39093 109.333
      vertex 98 0.115288 107.171
      vertex 100.252 0.563235 107.171
    endloop
  endfacet
  facet normal 0.908629 -0.180856 -0.376411
    outer loop
      vertex 103.885 6 4.82946
      vertex 102.609 4.09086 2.66658
      vertex 102.989 6 2.66658
    endloop
  endfacet
  facet normal -0.59362 0.396641 -0.700208
    outer loop
      vertex 3.64291 64.3571 1.01118
      vertex 1.39093 63.9091 2.66658
      vertex 2.47237 65.5276 2.66658
    endloop
  endfacet
  facet normal -0.770329 0.514714 -0.376381
    outer loop
      vertex 2.47237 65.5276 2.66658
      vertex 1.39093 63.9091 2.66658
      vertex 1.83888 66.1611 4.82946
    endloop
  endfacet
  facet normal 0.38274 0 -0.923856
    outer loop
      vertex 99.1705 6 0.115288
      vertex 101.333 62 1.01118
      vertex 101.333 6 1.01118
    endloop
  endfacet
  facet normal 0.38274 0 -0.923856
    outer loop
      vertex 101.333 62 1.01118
      vertex 99.1705 6 0.115288
      vertex 99.1705 62 0.115288
    endloop
  endfacet
  facet normal 0.139285 -0.700214 -0.700214
    outer loop
      vertex 99.2756 2.92032 1.01118
      vertex 98 1.01118 2.66658
      vertex 98 2.66658 1.01118
    endloop
  endfacet
  facet normal -0.180745 -0.908664 -0.376379
    outer loop
      vertex 6 0.115288 4.82946
      vertex 3.74802 0.563235 4.82946
      vertex 4.09086 1.39093 2.66658
    endloop
  endfacet
  facet normal -0.514717 -0.770328 -0.376379
    outer loop
      vertex 4.09086 1.39093 2.66658
      vertex 1.83888 1.83888 4.82946
      vertex 2.47237 2.47237 2.66658
    endloop
  endfacet
  facet normal -0.216169 -0.32352 0.921198
    outer loop
      vertex 5.1723 5.1723 111.885
      vertex 4.72435 2.92032 110.989
      vertex 5.55205 4.91856 111.885
    endloop
  endfacet
  facet normal 0 -0.92388 -0.382683
    outer loop
      vertex 6 1.01118 2.66658
      vertex 98 0.115288 4.82946
      vertex 6 0.115288 4.82946
    endloop
  endfacet
  facet normal 0 -0.92388 -0.382683
    outer loop
      vertex 98 0.115288 4.82946
      vertex 6 1.01118 2.66658
      vertex 98 1.01118 2.66658
    endloop
  endfacet
  facet normal -0.180744 -0.908664 -0.37638
    outer loop
      vertex 6 0.115288 4.82946
      vertex 4.09086 1.39093 2.66658
      vertex 6 1.01118 2.66658
    endloop
  endfacet
  facet normal -0.0758967 0.381571 -0.921219
    outer loop
      vertex 5.55205 63.0814 0.115288
      vertex 4.72435 65.0797 1.01118
      vertex 6 63.1705 0.115288
    endloop
  endfacet
  facet normal -1 0 0
    outer loop
      vertex 0.115288 62 4.82946
      vertex 0.115288 60 64.96
      vertex 0.115288 62 107.171
    endloop
  endfacet
  facet normal -1 0 0
    outer loop
      vertex 0.115288 62 4.82946
      vertex 0.115288 8 64.96
      vertex 0.115288 60 64.96
    endloop
  endfacet
  facet normal -1 0 0
    outer loop
      vertex 0.115288 6 107.171
      vertex 0.115288 8 64.96
      vertex 0.115288 6 4.82946
    endloop
  endfacet
  facet normal -1 0 0
    outer loop
      vertex 0.115288 6 4.82946
      vertex 0.115288 8 64.96
      vertex 0.115288 62 4.82946
    endloop
  endfacet
  facet normal -1 0 0
    outer loop
      vertex 0.115288 60 88.96
      vertex 0.115288 62 107.171
      vertex 0.115288 60 64.96
    endloop
  endfacet
  facet normal -1 0 0
    outer loop
      vertex 0.115288 8 88.96
      vertex 0.115288 62 107.171
      vertex 0.115288 60 88.96
    endloop
  endfacet
  facet normal -1 0 0
    outer loop
      vertex 0.115288 8 88.96
      vertex 0.115288 6 107.171
      vertex 0.115288 62 107.171
    endloop
  endfacet
  facet normal -1 0 0
    outer loop
      vertex 0.115288 8 64.96
      vertex 0.115288 6 107.171
      vertex 0.115288 8 88.96
    endloop
  endfacet
  facet normal -0.92388 0 -0.382683
    outer loop
      vertex 1.01118 6 2.66658
      vertex 0.115288 62 4.82946
      vertex 1.01118 62 2.66658
    endloop
  endfacet
  facet normal -0.92388 -0 -0.382683
    outer loop
      vertex 0.115288 62 4.82946
      vertex 1.01118 6 2.66658
      vertex 0.115288 6 4.82946
    endloop
  endfacet
  facet normal -0.700215 -0.139281 -0.700214
    outer loop
      vertex 1.39093 4.09086 2.66658
      vertex 1.01118 6 2.66658
      vertex 2.92032 4.72435 1.01118
    endloop
  endfacet
  facet normal -0.323487 -0.216146 -0.921215
    outer loop
      vertex 3.64291 3.64291 1.01118
      vertex 2.92032 4.72435 1.01118
      vertex 5.1723 5.1723 0.115288
    endloop
  endfacet
  facet normal -0.770285 0.514684 0.376513
    outer loop
      vertex 1.83888 66.1611 107.171
      vertex 1.39093 63.9091 109.333
      vertex 2.47237 65.5276 109.333
    endloop
  endfacet
  facet normal -0.139283 0.700341 0.700087
    outer loop
      vertex 6 66.9888 109.333
      vertex 4.72435 65.0797 110.989
      vertex 6 65.3334 110.989
    endloop
  endfacet
  facet normal -0.514735 0.770313 -0.376384
    outer loop
      vertex 2.47237 65.5276 2.66658
      vertex 1.83888 66.1611 4.82946
      vertex 4.09086 66.6091 2.66658
    endloop
  endfacet
  facet normal 0.396651 0.593604 -0.700216
    outer loop
      vertex 100.357 64.3571 1.01118
      vertex 99.2756 65.0797 1.01118
      vertex 99.9091 66.6091 2.66658
    endloop
  endfacet
  facet normal 0.831314 0.555802 0
    outer loop
      vertex 102.161 66.1611 107.171
      vertex 102.603 65.5 104
      vertex 102.161 66.1611 104
    endloop
  endfacet
  facet normal 0.831435 0.555622 0
    outer loop
      vertex 102.603 65.5 104
      vertex 103.437 64.252 107.171
      vertex 102.603 65.5 8
    endloop
  endfacet
  facet normal 0.831393 0.555685 3.55149e-05
    outer loop
      vertex 103.437 64.252 107.171
      vertex 102.603 65.5 104
      vertex 102.161 66.1611 107.171
    endloop
  endfacet
  facet normal 0.831314 0.555802 0
    outer loop
      vertex 102.603 65.5 8
      vertex 102.161 66.1611 4.82946
      vertex 102.161 66.1611 8
    endloop
  endfacet
  facet normal 0.831393 0.555685 -3.552e-05
    outer loop
      vertex 102.603 65.5 8
      vertex 103.437 64.252 4.82946
      vertex 102.161 66.1611 4.82946
    endloop
  endfacet
  facet normal 0.831435 0.555622 -0
    outer loop
      vertex 103.437 64.252 4.82946
      vertex 102.603 65.5 8
      vertex 103.437 64.252 107.171
    endloop
  endfacet
  facet normal 0.381565 -0.0758956 0.921221
    outer loop
      vertex 99.1705 6 111.885
      vertex 99.0814 5.55205 111.885
      vertex 101.08 4.72435 110.989
    endloop
  endfacet
  facet normal -0.180734 -0.908611 0.376511
    outer loop
      vertex 4.09086 1.39093 109.333
      vertex 3.74802 0.563235 107.171
      vertex 6 0.115288 107.171
    endloop
  endfacet
  facet normal 0.555598 -0.831451 0
    outer loop
      vertex 100.252 0.563235 4.82946
      vertex 102.161 1.83888 107.171
      vertex 100.252 0.563235 107.171
    endloop
  endfacet
  facet normal 0.555598 -0.831451 0
    outer loop
      vertex 102.161 1.83888 107.171
      vertex 100.252 0.563235 4.82946
      vertex 102.161 1.83888 4.82946
    endloop
  endfacet
  facet normal 0.51474 -0.770308 -0.376389
    outer loop
      vertex 100.252 0.563235 4.82946
      vertex 99.9091 1.39093 2.66658
      vertex 102.161 1.83888 4.82946
    endloop
  endfacet
  facet normal 0.180747 -0.908663 -0.37638
    outer loop
      vertex 99.9091 1.39093 2.66658
      vertex 98 0.115288 4.82946
      vertex 98 1.01118 2.66658
    endloop
  endfacet
  facet normal -0.13928 -0.700215 -0.700215
    outer loop
      vertex 6 1.01118 2.66658
      vertex 4.72435 2.92032 1.01118
      vertex 6 2.66658 1.01118
    endloop
  endfacet
  facet normal -0.139281 -0.700215 -0.700214
    outer loop
      vertex 6 1.01118 2.66658
      vertex 4.09086 1.39093 2.66658
      vertex 4.72435 2.92032 1.01118
    endloop
  endfacet
  facet normal -0.707107 0 -0.707107
    outer loop
      vertex 2.66658 6 1.01118
      vertex 1.01118 62 2.66658
      vertex 2.66658 62 1.01118
    endloop
  endfacet
  facet normal -0.707107 -0 -0.707107
    outer loop
      vertex 1.01118 62 2.66658
      vertex 2.66658 6 1.01118
      vertex 1.01118 6 2.66658
    endloop
  endfacet
  facet normal 0.0759046 0.381568 -0.921219
    outer loop
      vertex 98.4479 63.0814 0.115288
      vertex 98 63.1705 0.115288
      vertex 99.2756 65.0797 1.01118
    endloop
  endfacet
  facet normal 0.0759029 -0.381579 -0.921215
    outer loop
      vertex 99.2756 2.92032 1.01118
      vertex 98 2.66658 1.01118
      vertex 98 4.82946 0.115288
    endloop
  endfacet
  facet normal -0.980786 0.195089 0
    outer loop
      vertex 0.115288 62 4.82946
      vertex 0.563235 64.252 107.171
      vertex 0.563235 64.252 4.82946
    endloop
  endfacet
  facet normal -0.980786 0.195089 0
    outer loop
      vertex 0.563235 64.252 107.171
      vertex 0.115288 62 4.82946
      vertex 0.115288 62 107.171
    endloop
  endfacet
  facet normal -0.514716 -0.770328 -0.376379
    outer loop
      vertex 3.74802 0.563235 4.82946
      vertex 1.83888 1.83888 4.82946
      vertex 4.09086 1.39093 2.66658
    endloop
  endfacet
  facet normal -0.55557 -0.83147 0
    outer loop
      vertex 1.83888 1.83888 4.82946
      vertex 3.74802 0.563235 107.171
      vertex 1.83888 1.83888 107.171
    endloop
  endfacet
  facet normal -0.55557 -0.83147 -0
    outer loop
      vertex 3.74802 0.563235 107.171
      vertex 1.83888 1.83888 4.82946
      vertex 3.74802 0.563235 4.82946
    endloop
  endfacet
  facet normal -0.396641 0.593611 -0.700216
    outer loop
      vertex 4.72435 65.0797 1.01118
      vertex 3.64291 64.3571 1.01118
      vertex 4.09086 66.6091 2.66658
    endloop
  endfacet
  facet normal -0.216147 0.323484 -0.921216
    outer loop
      vertex 5.1723 62.8277 0.115288
      vertex 3.64291 64.3571 1.01118
      vertex 4.72435 65.0797 1.01118
    endloop
  endfacet
  facet normal -0.0759 -0.381579 -0.921215
    outer loop
      vertex 6 2.66658 1.01118
      vertex 4.72435 2.92032 1.01118
      vertex 6 4.82946 0.115288
    endloop
  endfacet
  facet normal -0.323493 0.216138 -0.921215
    outer loop
      vertex 5.1723 62.8277 0.115288
      vertex 2.92032 63.2756 1.01118
      vertex 3.64291 64.3571 1.01118
    endloop
  endfacet
  facet normal -0.396659 0.593609 -0.700208
    outer loop
      vertex 3.64291 64.3571 1.01118
      vertex 2.47237 65.5276 2.66658
      vertex 4.09086 66.6091 2.66658
    endloop
  endfacet
  facet normal 0.323432 0.21622 -0.921217
    outer loop
      vertex 101.08 63.2756 1.01118
      vertex 98.8277 62.8277 0.115288
      vertex 100.357 64.3571 1.01118
    endloop
  endfacet
  facet normal -0.139263 0.700218 -0.700215
    outer loop
      vertex 4.72435 65.0797 1.01118
      vertex 4.09086 66.6091 2.66658
      vertex 6 66.9888 2.66658
    endloop
  endfacet
  facet normal 0.139266 0.700217 -0.700215
    outer loop
      vertex 99.2756 65.0797 1.01118
      vertex 98 66.9888 2.66658
      vertex 99.9091 66.6091 2.66658
    endloop
  endfacet
  facet normal 0.195069 0.98079 -0
    outer loop
      vertex 100.252 67.4368 4.82946
      vertex 98 67.8847 8
      vertex 100.252 67.4368 8
    endloop
  endfacet
  facet normal 0.195069 0.98079 0
    outer loop
      vertex 98 67.8847 8
      vertex 100.252 67.4368 4.82946
      vertex 98 67.8847 4.82946
    endloop
  endfacet
  facet normal 0.195069 0.98079 -0
    outer loop
      vertex 100.252 67.4368 104
      vertex 98 67.8847 107.171
      vertex 100.252 67.4368 107.171
    endloop
  endfacet
  facet normal 0.195069 0.98079 0
    outer loop
      vertex 98 67.8847 107.171
      vertex 100.252 67.4368 104
      vertex 98 67.8847 104
    endloop
  endfacet
  facet normal 0.770435 -0.514579 0.376349
    outer loop
      vertex 102.609 4.09086 109.333
      vertex 101.528 2.47237 109.333
      vertex 102.161 1.83888 107.171
    endloop
  endfacet
  facet normal 0.908563 -0.180746 0.376622
    outer loop
      vertex 103.885 6 107.171
      vertex 102.609 4.09086 109.333
      vertex 103.437 3.74802 107.171
    endloop
  endfacet
  facet normal 0.980781 0.195111 0
    outer loop
      vertex 103.885 62 107.171
      vertex 103.437 64.252 4.82946
      vertex 103.437 64.252 107.171
    endloop
  endfacet
  facet normal 0.980781 0.195111 0
    outer loop
      vertex 103.437 64.252 4.82946
      vertex 103.885 62 107.171
      vertex 103.885 62 4.82946
    endloop
  endfacet
  facet normal 0.593631 -0.39649 -0.700284
    outer loop
      vertex 101.528 2.47237 2.66658
      vertex 100.357 3.64291 1.01118
      vertex 102.609 4.09086 2.66658
    endloop
  endfacet
  facet normal 0.77048 -0.514608 -0.376217
    outer loop
      vertex 102.161 1.83888 4.82946
      vertex 101.528 2.47237 2.66658
      vertex 102.609 4.09086 2.66658
    endloop
  endfacet
  facet normal 0.396545 -0.593622 -0.700261
    outer loop
      vertex 101.528 2.47237 2.66658
      vertex 99.9091 1.39093 2.66658
      vertex 100.357 3.64291 1.01118
    endloop
  endfacet
  facet normal -0.216146 -0.323487 -0.921215
    outer loop
      vertex 4.72435 2.92032 1.01118
      vertex 3.64291 3.64291 1.01118
      vertex 5.1723 5.1723 0.115288
    endloop
  endfacet
  facet normal -0.396638 -0.593615 -0.700214
    outer loop
      vertex 4.09086 1.39093 2.66658
      vertex 3.64291 3.64291 1.01118
      vertex 4.72435 2.92032 1.01118
    endloop
  endfacet
  facet normal -0.38158 -0.0758985 -0.921215
    outer loop
      vertex 4.91856 5.55205 0.115288
      vertex 2.92032 4.72435 1.01118
      vertex 4.82946 6 0.115288
    endloop
  endfacet
  facet normal -0.216146 -0.323487 -0.921215
    outer loop
      vertex 5.55205 4.91856 0.115288
      vertex 4.72435 2.92032 1.01118
      vertex 5.1723 5.1723 0.115288
    endloop
  endfacet
  facet normal -0.700214 0.139285 -0.700214
    outer loop
      vertex 2.66658 62 1.01118
      vertex 1.01118 62 2.66658
      vertex 2.92032 63.2756 1.01118
    endloop
  endfacet
  facet normal -0.0758985 -0.38158 -0.921215
    outer loop
      vertex 6 4.82946 0.115288
      vertex 4.72435 2.92032 1.01118
      vertex 5.55205 4.91856 0.115288
    endloop
  endfacet
  facet normal 0.32346 -0.216094 -0.921237
    outer loop
      vertex 101.08 4.72435 1.01118
      vertex 98.8277 5.1723 0.115288
      vertex 99.0814 5.55205 0.115288
    endloop
  endfacet
  facet normal 0.216094 0.323502 -0.921222
    outer loop
      vertex 98.8277 62.8277 0.115288
      vertex 98.4479 63.0814 0.115288
      vertex 99.2756 65.0797 1.01118
    endloop
  endfacet
  facet normal 0.180724 0.908666 -0.376384
    outer loop
      vertex 99.9091 66.6091 2.66658
      vertex 98 66.9888 2.66658
      vertex 98 67.8847 4.82946
    endloop
  endfacet
  facet normal -0.593614 -0.39664 -0.700213
    outer loop
      vertex 2.47237 2.47237 2.66658
      vertex 1.39093 4.09086 2.66658
      vertex 3.64291 3.64291 1.01118
    endloop
  endfacet
  facet normal -0.39664 -0.593614 -0.700213
    outer loop
      vertex 4.09086 1.39093 2.66658
      vertex 2.47237 2.47237 2.66658
      vertex 3.64291 3.64291 1.01118
    endloop
  endfacet
  facet normal -0.18072 0.908667 -0.376384
    outer loop
      vertex 6 66.9888 2.66658
      vertex 4.09086 66.6091 2.66658
      vertex 6 67.8847 4.82946
    endloop
  endfacet
  facet normal 0.32347 0.216072 -0.921238
    outer loop
      vertex 99.0814 62.4479 0.115288
      vertex 98.8277 62.8277 0.115288
      vertex 101.08 63.2756 1.01118
    endloop
  endfacet
  facet normal 0.216125 -0.323497 -0.921217
    outer loop
      vertex 99.2756 2.92032 1.01118
      vertex 98.4479 4.91856 0.115288
      vertex 98.8277 5.1723 0.115288
    endloop
  endfacet
  facet normal -0.593622 0.396621 -0.700217
    outer loop
      vertex 2.92032 63.2756 1.01118
      vertex 1.39093 63.9091 2.66658
      vertex 3.64291 64.3571 1.01118
    endloop
  endfacet
  facet normal -0.700214 0.139283 -0.700215
    outer loop
      vertex 2.92032 63.2756 1.01118
      vertex 1.01118 62 2.66658
      vertex 1.39093 63.9091 2.66658
    endloop
  endfacet
  facet normal 0.77048 0.514606 -0.376219
    outer loop
      vertex 102.609 63.9091 2.66658
      vertex 101.528 65.5276 2.66658
      vertex 102.161 66.1611 4.82946
    endloop
  endfacet
  facet normal 0.700268 0.139386 -0.70014
    outer loop
      vertex 102.989 62 2.66658
      vertex 101.08 63.2756 1.01118
      vertex 102.609 63.9091 2.66658
    endloop
  endfacet
  facet normal 0.0758904 0.381576 -0.921217
    outer loop
      vertex 99.2756 65.0797 1.01118
      vertex 98 63.1705 0.115288
      vertex 98 65.3334 1.01118
    endloop
  endfacet
  facet normal 0 0.707107 -0.707107
    outer loop
      vertex 98 65.3334 1.01118
      vertex 6 66.9888 2.66658
      vertex 98 66.9888 2.66658
    endloop
  endfacet
  facet normal 0 0.707107 -0.707107
    outer loop
      vertex 6 66.9888 2.66658
      vertex 98 65.3334 1.01118
      vertex 6 65.3334 1.01118
    endloop
  endfacet
  facet normal -0.18071 0.908614 0.376516
    outer loop
      vertex 6 67.8847 107.171
      vertex 4.09086 66.6091 109.333
      vertex 6 66.9888 109.333
    endloop
  endfacet
  facet normal -0.908611 -0.180734 0.376511
    outer loop
      vertex 1.39093 4.09086 109.333
      vertex 0.115288 6 107.171
      vertex 0.563235 3.74802 107.171
    endloop
  endfacet
  facet normal 0.514711 -0.770263 0.37652
    outer loop
      vertex 102.161 1.83888 107.171
      vertex 99.9091 1.39093 109.333
      vertex 100.252 0.563235 107.171
    endloop
  endfacet
  facet normal 0.700254 -0.138882 0.700254
    outer loop
      vertex 101.333 6 110.989
      vertex 101.08 4.72435 110.989
      vertex 102.989 6 109.333
    endloop
  endfacet
  facet normal 0.139291 0.700341 0.700086
    outer loop
      vertex 99.9091 66.6091 109.333
      vertex 98 66.9888 109.333
      vertex 99.2756 65.0797 110.989
    endloop
  endfacet
  facet normal 0.908576 0.180849 0.376542
    outer loop
      vertex 103.885 62 107.171
      vertex 102.609 63.9091 109.333
      vertex 102.989 62 109.333
    endloop
  endfacet
  facet normal 0.770225 0.514801 -0.376475
    outer loop
      vertex 102.609 63.9091 2.66658
      vertex 102.161 66.1611 4.82946
      vertex 103.437 64.252 4.82946
    endloop
  endfacet
  facet normal 0.908614 0.180754 -0.376495
    outer loop
      vertex 103.885 62 4.82946
      vertex 102.609 63.9091 2.66658
      vertex 103.437 64.252 4.82946
    endloop
  endfacet
  facet normal 0.216155 -0.323489 -0.921212
    outer loop
      vertex 99.2756 2.92032 1.01118
      vertex 98.8277 5.1723 0.115288
      vertex 100.357 3.64291 1.01118
    endloop
  endfacet
  facet normal 0.323426 -0.216227 -0.921217
    outer loop
      vertex 100.357 3.64291 1.01118
      vertex 98.8277 5.1723 0.115288
      vertex 101.08 4.72435 1.01118
    endloop
  endfacet
  facet normal -0.381579 0.0759029 -0.921215
    outer loop
      vertex 4.82946 62 0.115288
      vertex 2.66658 62 1.01118
      vertex 2.92032 63.2756 1.01118
    endloop
  endfacet
  facet normal -0.381579 -0.0759 -0.921215
    outer loop
      vertex 2.92032 4.72435 1.01118
      vertex 2.66658 6 1.01118
      vertex 4.82946 6 0.115288
    endloop
  endfacet
  facet normal -0.700215 -0.13928 -0.700215
    outer loop
      vertex 2.92032 4.72435 1.01118
      vertex 1.01118 6 2.66658
      vertex 2.66658 6 1.01118
    endloop
  endfacet
  facet normal 0.381642 -0.0756912 -0.921206
    outer loop
      vertex 101.08 4.72435 1.01118
      vertex 99.1705 6 0.115288
      vertex 101.333 6 1.01118
    endloop
  endfacet
  facet normal -0.908663 0.180743 -0.376383
    outer loop
      vertex 1.39093 63.9091 2.66658
      vertex 0.115288 62 4.82946
      vertex 0.563235 64.252 4.82946
    endloop
  endfacet
  facet normal -0.77032 0.514721 -0.376391
    outer loop
      vertex 1.39093 63.9091 2.66658
      vertex 0.563235 64.252 4.82946
      vertex 1.83888 66.1611 4.82946
    endloop
  endfacet
  facet normal -0.0758875 0.381576 -0.921217
    outer loop
      vertex 6 63.1705 0.115288
      vertex 4.72435 65.0797 1.01118
      vertex 6 65.3334 1.01118
    endloop
  endfacet
  facet normal 0 0.38268 -0.923881
    outer loop
      vertex 6 63.1705 0.115288
      vertex 98 65.3334 1.01118
      vertex 98 63.1705 0.115288
    endloop
  endfacet
  facet normal 0 0.38268 -0.923881
    outer loop
      vertex 98 65.3334 1.01118
      vertex 6 63.1705 0.115288
      vertex 6 65.3334 1.01118
    endloop
  endfacet
  facet normal 0.381642 0.0756941 -0.921206
    outer loop
      vertex 101.333 62 1.01118
      vertex 99.1705 62 0.115288
      vertex 101.08 63.2756 1.01118
    endloop
  endfacet
  facet normal -0.593725 0.396712 0.700079
    outer loop
      vertex 2.47237 65.5276 109.333
      vertex 1.39093 63.9091 109.333
      vertex 3.64291 64.3571 110.989
    endloop
  endfacet
  facet normal -0.700339 -0.139305 0.700085
    outer loop
      vertex 2.66658 6 110.989
      vertex 1.01118 6 109.333
      vertex 2.92032 4.72435 110.989
    endloop
  endfacet
  facet normal 0.323503 0.216095 0.921221
    outer loop
      vertex 101.08 63.2756 110.989
      vertex 98.8277 62.8277 111.885
      vertex 99.0814 62.4479 111.885
    endloop
  endfacet
  facet normal 0.77018 0.514771 0.376607
    outer loop
      vertex 103.437 64.252 107.171
      vertex 102.161 66.1611 107.171
      vertex 102.609 63.9091 109.333
    endloop
  endfacet
  facet normal 0.139289 0.700341 0.700087
    outer loop
      vertex 98 66.9888 109.333
      vertex 98 65.3334 110.989
      vertex 99.2756 65.0797 110.989
    endloop
  endfacet
  facet normal 0.0758982 0.381615 0.9212
    outer loop
      vertex 98 65.3334 110.989
      vertex 98 63.1705 111.885
      vertex 99.2756 65.0797 110.989
    endloop
  endfacet
  facet normal 0.514726 0.770253 0.376521
    outer loop
      vertex 100.252 67.4368 107.171
      vertex 99.9091 66.6091 109.333
      vertex 102.161 66.1611 107.171
    endloop
  endfacet
  facet normal 0.323493 -0.216116 0.92122
    outer loop
      vertex 99.0814 5.55205 111.885
      vertex 98.8277 5.1723 111.885
      vertex 101.08 4.72435 110.989
    endloop
  endfacet
  facet normal 0 0.707235 0.706979
    outer loop
      vertex 98 66.9888 109.333
      vertex 6 65.3334 110.989
      vertex 98 65.3334 110.989
    endloop
  endfacet
  facet normal 0 0.707235 0.706979
    outer loop
      vertex 6 65.3334 110.989
      vertex 98 66.9888 109.333
      vertex 6 66.9888 109.333
    endloop
  endfacet
  facet normal 0.396718 -0.593713 0.700085
    outer loop
      vertex 100.357 3.64291 110.989
      vertex 99.2756 2.92032 110.989
      vertex 99.9091 1.39093 109.333
    endloop
  endfacet
  facet normal 0.593592 0.396826 -0.700127
    outer loop
      vertex 101.08 63.2756 1.01118
      vertex 100.357 64.3571 1.01118
      vertex 102.609 63.9091 2.66658
    endloop
  endfacet
  facet normal 0.908628 0.180859 -0.376411
    outer loop
      vertex 102.989 62 2.66658
      vertex 102.609 63.9091 2.66658
      vertex 103.885 62 4.82946
    endloop
  endfacet
  facet normal 0.700129 0.138862 -0.700383
    outer loop
      vertex 101.333 62 1.01118
      vertex 101.08 63.2756 1.01118
      vertex 102.989 62 2.66658
    endloop
  endfacet
  facet normal 0.396648 -0.593608 -0.700214
    outer loop
      vertex 99.9091 1.39093 2.66658
      vertex 99.2756 2.92032 1.01118
      vertex 100.357 3.64291 1.01118
    endloop
  endfacet
  facet normal 0.139283 -0.700214 -0.700215
    outer loop
      vertex 99.9091 1.39093 2.66658
      vertex 98 1.01118 2.66658
      vertex 99.2756 2.92032 1.01118
    endloop
  endfacet
  facet normal -0.381577 0.0759064 -0.921215
    outer loop
      vertex 4.82946 62 0.115288
      vertex 2.92032 63.2756 1.01118
      vertex 4.91856 62.4479 0.115288
    endloop
  endfacet
  facet normal -0.323497 0.216125 -0.921217
    outer loop
      vertex 4.91856 62.4479 0.115288
      vertex 2.92032 63.2756 1.01118
      vertex 5.1723 62.8277 0.115288
    endloop
  endfacet
  facet normal 0.381526 -0.0758878 -0.921238
    outer loop
      vertex 101.08 4.72435 1.01118
      vertex 99.0814 5.55205 0.115288
      vertex 99.1705 6 0.115288
    endloop
  endfacet
  facet normal 0.0759064 -0.381577 -0.921215
    outer loop
      vertex 99.2756 2.92032 1.01118
      vertex 98 4.82946 0.115288
      vertex 98.4479 4.91856 0.115288
    endloop
  endfacet
  facet normal 0 0 -1
    outer loop
      vertex 98 4.82946 0.115288
      vertex 99.1705 6 0.115288
      vertex 99.0814 5.55205 0.115288
    endloop
  endfacet
  facet normal -0 0 -1
    outer loop
      vertex 99.1705 6 0.115288
      vertex 98 4.82946 0.115288
      vertex 99.1705 62 0.115288
    endloop
  endfacet
  facet normal 0 0 -1
    outer loop
      vertex 98 4.82946 0.115288
      vertex 99.0814 5.55205 0.115288
      vertex 98.8277 5.1723 0.115288
    endloop
  endfacet
  facet normal 0 0 -1
    outer loop
      vertex 98 63.1705 0.115288
      vertex 99.1705 62 0.115288
      vertex 98 4.82946 0.115288
    endloop
  endfacet
  facet normal 0 0 -1
    outer loop
      vertex 98 4.82946 0.115288
      vertex 98.8277 5.1723 0.115288
      vertex 98.4479 4.91856 0.115288
    endloop
  endfacet
  facet normal 0 0 -1
    outer loop
      vertex 99.1705 62 0.115288
      vertex 98 63.1705 0.115288
      vertex 99.0814 62.4479 0.115288
    endloop
  endfacet
  facet normal 0 0 -1
    outer loop
      vertex 99.0814 62.4479 0.115288
      vertex 98 63.1705 0.115288
      vertex 98.8277 62.8277 0.115288
    endloop
  endfacet
  facet normal 0 0 -1
    outer loop
      vertex 98.8277 62.8277 0.115288
      vertex 98 63.1705 0.115288
      vertex 98.4479 63.0814 0.115288
    endloop
  endfacet
  facet normal 0 0 -1
    outer loop
      vertex 6 4.82946 0.115288
      vertex 98 63.1705 0.115288
      vertex 98 4.82946 0.115288
    endloop
  endfacet
  facet normal 0 0 -1
    outer loop
      vertex 6 4.82946 0.115288
      vertex 6 63.1705 0.115288
      vertex 98 63.1705 0.115288
    endloop
  endfacet
  facet normal 0 0 -1
    outer loop
      vertex 4.82946 6 0.115288
      vertex 6 4.82946 0.115288
      vertex 5.55205 4.91856 0.115288
    endloop
  endfacet
  facet normal 0 0 -1
    outer loop
      vertex 6 4.82946 0.115288
      vertex 4.82946 6 0.115288
      vertex 6 63.1705 0.115288
    endloop
  endfacet
  facet normal 0 0 -1
    outer loop
      vertex 4.82946 6 0.115288
      vertex 5.55205 4.91856 0.115288
      vertex 5.1723 5.1723 0.115288
    endloop
  endfacet
  facet normal 0 0 -1
    outer loop
      vertex 4.82946 62 0.115288
      vertex 6 63.1705 0.115288
      vertex 4.82946 6 0.115288
    endloop
  endfacet
  facet normal 0 0 -1
    outer loop
      vertex 4.82946 6 0.115288
      vertex 5.1723 5.1723 0.115288
      vertex 4.91856 5.55205 0.115288
    endloop
  endfacet
  facet normal 0 0 -1
    outer loop
      vertex 6 63.1705 0.115288
      vertex 4.82946 62 0.115288
      vertex 5.55205 63.0814 0.115288
    endloop
  endfacet
  facet normal 0 0 -1
    outer loop
      vertex 5.55205 63.0814 0.115288
      vertex 4.82946 62 0.115288
      vertex 5.1723 62.8277 0.115288
    endloop
  endfacet
  facet normal 0 0 -1
    outer loop
      vertex 5.1723 62.8277 0.115288
      vertex 4.82946 62 0.115288
      vertex 4.91856 62.4479 0.115288
    endloop
  endfacet
  facet normal 0.706979 0 -0.707235
    outer loop
      vertex 102.989 6 2.66658
      vertex 101.333 62 1.01118
      vertex 102.989 62 2.66658
    endloop
  endfacet
  facet normal 0.706979 0 -0.707235
    outer loop
      vertex 101.333 62 1.01118
      vertex 102.989 6 2.66658
      vertex 101.333 6 1.01118
    endloop
  endfacet
  facet normal 0.70013 -0.138857 -0.700384
    outer loop
      vertex 102.989 6 2.66658
      vertex 101.08 4.72435 1.01118
      vertex 101.333 6 1.01118
    endloop
  endfacet
  facet normal -0.139258 0.700217 -0.700217
    outer loop
      vertex 6 65.3334 1.01118
      vertex 4.72435 65.0797 1.01118
      vertex 6 66.9888 2.66658
    endloop
  endfacet
  facet normal 0.139264 0.700216 -0.700216
    outer loop
      vertex 99.2756 65.0797 1.01118
      vertex 98 65.3334 1.01118
      vertex 98 66.9888 2.66658
    endloop
  endfacet
  facet normal 0 0.923879 -0.382686
    outer loop
      vertex 98 66.9888 2.66658
      vertex 6 67.8847 4.82946
      vertex 98 67.8847 4.82946
    endloop
  endfacet
  facet normal 0 0.923879 -0.382686
    outer loop
      vertex 6 67.8847 4.82946
      vertex 98 66.9888 2.66658
      vertex 6 66.9888 2.66658
    endloop
  endfacet
  facet normal -0.908611 0.180737 0.376511
    outer loop
      vertex 1.39093 63.9091 109.333
      vertex 0.115288 62 107.171
      vertex 1.01118 62 109.333
    endloop
  endfacet
  facet normal -0.707235 0 0.706979
    outer loop
      vertex 1.01118 62 109.333
      vertex 2.66658 6 110.989
      vertex 2.66658 62 110.989
    endloop
  endfacet
  facet normal -0.707235 0 0.706979
    outer loop
      vertex 2.66658 6 110.989
      vertex 1.01118 62 109.333
      vertex 1.01118 6 109.333
    endloop
  endfacet
  facet normal 0.0759124 0.381607 0.921202
    outer loop
      vertex 99.2756 65.0797 110.989
      vertex 98 63.1705 111.885
      vertex 98.4479 63.0814 111.885
    endloop
  endfacet
  facet normal 0.593737 -0.396561 0.700154
    outer loop
      vertex 102.609 4.09086 109.333
      vertex 100.357 3.64291 110.989
      vertex 101.528 2.47237 109.333
    endloop
  endfacet
  facet normal -0.0759063 -0.381619 0.921198
    outer loop
      vertex 5.55205 4.91856 111.885
      vertex 4.72435 2.92032 110.989
      vertex 6 4.82946 111.885
    endloop
  endfacet
  facet normal 0.381681 0.0757019 0.921189
    outer loop
      vertex 101.08 63.2756 110.989
      vertex 99.1705 62 111.885
      vertex 101.333 62 110.989
    endloop
  endfacet
  facet normal -0.139305 -0.700339 0.700085
    outer loop
      vertex 6 2.66658 110.989
      vertex 4.72435 2.92032 110.989
      vertex 6 1.01118 109.333
    endloop
  endfacet
  facet normal 0.700393 0.139411 0.70001
    outer loop
      vertex 102.609 63.9091 109.333
      vertex 101.08 63.2756 110.989
      vertex 102.989 62 109.333
    endloop
  endfacet
  facet normal 0.180714 0.908614 0.376516
    outer loop
      vertex 98 67.8847 107.171
      vertex 98 66.9888 109.333
      vertex 99.9091 66.6091 109.333
    endloop
  endfacet
  facet normal -0.180716 0.908615 0.376511
    outer loop
      vertex 6 67.8847 107.171
      vertex 3.74802 67.4368 107.171
      vertex 4.09086 66.6091 109.333
    endloop
  endfacet
  facet normal -0.514702 0.770274 0.376511
    outer loop
      vertex 3.74802 67.4368 107.171
      vertex 1.83888 66.1611 107.171
      vertex 4.09086 66.6091 109.333
    endloop
  endfacet
  facet normal 0.216147 -0.32353 0.9212
    outer loop
      vertex 98.8277 5.1723 111.885
      vertex 98.4479 4.91856 111.885
      vertex 99.2756 2.92032 110.989
    endloop
  endfacet
  facet normal -0.700338 0.139308 0.700086
    outer loop
      vertex 1.39093 63.9091 109.333
      vertex 1.01118 62 109.333
      vertex 2.92032 63.2756 110.989
    endloop
  endfacet
  facet normal -0.514687 -0.770284 0.376511
    outer loop
      vertex 2.47237 2.47237 109.333
      vertex 1.83888 1.83888 107.171
      vertex 4.09086 1.39093 109.333
    endloop
  endfacet
  facet normal -0.32352 -0.216168 0.921198
    outer loop
      vertex 5.1723 5.1723 111.885
      vertex 2.92032 4.72435 110.989
      vertex 3.64291 3.64291 110.989
    endloop
  endfacet
  facet normal -0.514687 -0.770284 0.37651
    outer loop
      vertex 4.09086 1.39093 109.333
      vertex 1.83888 1.83888 107.171
      vertex 3.74802 0.563235 107.171
    endloop
  endfacet
  facet normal 0.707107 -0 0.707107
    outer loop
      vertex 101.333 6 110.989
      vertex 102.989 62 109.333
      vertex 101.333 62 110.989
    endloop
  endfacet
  facet normal 0.707107 0 0.707107
    outer loop
      vertex 102.989 62 109.333
      vertex 101.333 6 110.989
      vertex 102.989 6 109.333
    endloop
  endfacet
  facet normal -0.139306 -0.700339 0.700085
    outer loop
      vertex 4.72435 2.92032 110.989
      vertex 4.09086 1.39093 109.333
      vertex 6 1.01118 109.333
    endloop
  endfacet
  facet normal 0.13931 -0.700339 0.700085
    outer loop
      vertex 98 2.66658 110.989
      vertex 98 1.01118 109.333
      vertex 99.2756 2.92032 110.989
    endloop
  endfacet
  facet normal 0.216178 0.323519 0.921196
    outer loop
      vertex 99.2756 65.0797 110.989
      vertex 98.8277 62.8277 111.885
      vertex 100.357 64.3571 110.989
    endloop
  endfacet
  facet normal 0.770436 0.514576 0.376351
    outer loop
      vertex 102.161 66.1611 107.171
      vertex 101.528 65.5276 109.333
      vertex 102.609 63.9091 109.333
    endloop
  endfacet
  facet normal 0.396633 0.593722 0.700126
    outer loop
      vertex 101.528 65.5276 109.333
      vertex 99.9091 66.6091 109.333
      vertex 100.357 64.3571 110.989
    endloop
  endfacet
  facet normal 0.396722 0.59371 0.700086
    outer loop
      vertex 99.9091 66.6091 109.333
      vertex 99.2756 65.0797 110.989
      vertex 100.357 64.3571 110.989
    endloop
  endfacet
  facet normal -0.139288 0.700342 0.700085
    outer loop
      vertex 6 66.9888 109.333
      vertex 4.09086 66.6091 109.333
      vertex 4.72435 65.0797 110.989
    endloop
  endfacet
  facet normal -0.514706 0.770269 0.376515
    outer loop
      vertex 4.09086 66.6091 109.333
      vertex 1.83888 66.1611 107.171
      vertex 2.47237 65.5276 109.333
    endloop
  endfacet
  facet normal 0 0.923824 0.382818
    outer loop
      vertex 98 67.8847 107.171
      vertex 6 66.9888 109.333
      vertex 98 66.9888 109.333
    endloop
  endfacet
  facet normal 0 0.923824 0.382818
    outer loop
      vertex 6 66.9888 109.333
      vertex 98 67.8847 107.171
      vertex 6 67.8847 107.171
    endloop
  endfacet
  facet normal -0.396711 0.593717 0.700086
    outer loop
      vertex 4.09086 66.6091 109.333
      vertex 3.64291 64.3571 110.989
      vertex 4.72435 65.0797 110.989
    endloop
  endfacet
  facet normal -0.908611 -0.180733 0.376511
    outer loop
      vertex 1.01118 6 109.333
      vertex 0.115288 6 107.171
      vertex 1.39093 4.09086 109.333
    endloop
  endfacet
  facet normal -0.700339 -0.139306 0.700085
    outer loop
      vertex 2.92032 4.72435 110.989
      vertex 1.01118 6 109.333
      vertex 1.39093 4.09086 109.333
    endloop
  endfacet
  facet normal -0.396711 -0.59372 0.700084
    outer loop
      vertex 3.64291 3.64291 110.989
      vertex 2.47237 2.47237 109.333
      vertex 4.09086 1.39093 109.333
    endloop
  endfacet
  facet normal 0.381562 0.0759034 0.921222
    outer loop
      vertex 101.08 63.2756 110.989
      vertex 99.0814 62.4479 111.885
      vertex 99.1705 62 111.885
    endloop
  endfacet
  facet normal -0.700339 0.13931 0.700085
    outer loop
      vertex 2.92032 63.2756 110.989
      vertex 1.01118 62 109.333
      vertex 2.66658 62 110.989
    endloop
  endfacet
  facet normal -0.180733 -0.908611 0.376511
    outer loop
      vertex 6 1.01118 109.333
      vertex 4.09086 1.39093 109.333
      vertex 6 0.115288 107.171
    endloop
  endfacet
  facet normal 0.0759107 -0.381618 0.921198
    outer loop
      vertex 98 4.82946 111.885
      vertex 98 2.66658 110.989
      vertex 99.2756 2.92032 110.989
    endloop
  endfacet
  facet normal 0.216177 -0.323522 0.921195
    outer loop
      vertex 100.357 3.64291 110.989
      vertex 98.8277 5.1723 111.885
      vertex 99.2756 2.92032 110.989
    endloop
  endfacet
  facet normal 0.770189 -0.514767 0.376595
    outer loop
      vertex 102.609 4.09086 109.333
      vertex 102.161 1.83888 107.171
      vertex 103.437 3.74802 107.171
    endloop
  endfacet
  facet normal 0.700394 -0.139408 0.70001
    outer loop
      vertex 102.989 6 109.333
      vertex 101.08 4.72435 110.989
      vertex 102.609 4.09086 109.333
    endloop
  endfacet
  facet normal 0.700254 0.138887 0.700254
    outer loop
      vertex 102.989 62 109.333
      vertex 101.08 63.2756 110.989
      vertex 101.333 62 110.989
    endloop
  endfacet
  facet normal 0 -0.707235 0.706979
    outer loop
      vertex 6 2.66658 110.989
      vertex 98 1.01118 109.333
      vertex 98 2.66658 110.989
    endloop
  endfacet
  facet normal 0 -0.707235 0.706979
    outer loop
      vertex 98 1.01118 109.333
      vertex 6 2.66658 110.989
      vertex 6 1.01118 109.333
    endloop
  endfacet
  facet normal -0.382722 0 0.923864
    outer loop
      vertex 2.66658 62 110.989
      vertex 4.82946 6 111.885
      vertex 4.82946 62 111.885
    endloop
  endfacet
  facet normal -0.382722 0 0.923864
    outer loop
      vertex 4.82946 6 111.885
      vertex 2.66658 62 110.989
      vertex 2.66658 6 110.989
    endloop
  endfacet
  facet normal 0.593742 0.396562 0.700149
    outer loop
      vertex 101.528 65.5276 109.333
      vertex 100.357 64.3571 110.989
      vertex 102.609 63.9091 109.333
    endloop
  endfacet
  facet normal 0.180737 -0.908611 0.376511
    outer loop
      vertex 98 1.01118 109.333
      vertex 98 0.115288 107.171
      vertex 99.9091 1.39093 109.333
    endloop
  endfacet
  facet normal 0.139308 -0.700338 0.700086
    outer loop
      vertex 99.2756 2.92032 110.989
      vertex 98 1.01118 109.333
      vertex 99.9091 1.39093 109.333
    endloop
  endfacet
  facet normal 0.216116 0.323535 0.921205
    outer loop
      vertex 99.2756 65.0797 110.989
      vertex 98.4479 63.0814 111.885
      vertex 98.8277 62.8277 111.885
    endloop
  endfacet
  facet normal 0.0759142 -0.381616 0.921198
    outer loop
      vertex 98.4479 4.91856 111.885
      vertex 98 4.82946 111.885
      vertex 99.2756 2.92032 110.989
    endloop
  endfacet
  facet normal -0.381618 -0.0759077 0.921198
    outer loop
      vertex 4.82946 6 111.885
      vertex 2.66658 6 110.989
      vertex 2.92032 4.72435 110.989
    endloop
  endfacet
  facet normal -0.770284 -0.514687 0.376511
    outer loop
      vertex 2.47237 2.47237 109.333
      vertex 1.39093 4.09086 109.333
      vertex 1.83888 1.83888 107.171
    endloop
  endfacet
  facet normal -0.59372 -0.396708 0.700085
    outer loop
      vertex 2.92032 4.72435 110.989
      vertex 1.39093 4.09086 109.333
      vertex 3.64291 3.64291 110.989
    endloop
  endfacet
  facet normal -0.59372 -0.396711 0.700084
    outer loop
      vertex 3.64291 3.64291 110.989
      vertex 1.39093 4.09086 109.333
      vertex 2.47237 2.47237 109.333
    endloop
  endfacet
  facet normal -0.923825 0 0.382816
    outer loop
      vertex 0.115288 6 107.171
      vertex 1.01118 62 109.333
      vertex 0.115288 62 107.171
    endloop
  endfacet
  facet normal -0.923825 0 0.382816
    outer loop
      vertex 1.01118 62 109.333
      vertex 0.115288 6 107.171
      vertex 1.01118 6 109.333
    endloop
  endfacet
  facet normal -0.396729 0.593714 0.700078
    outer loop
      vertex 4.09086 66.6091 109.333
      vertex 2.47237 65.5276 109.333
      vertex 3.64291 64.3571 110.989
    endloop
  endfacet
  facet normal -0.593728 0.396691 0.700088
    outer loop
      vertex 3.64291 64.3571 110.989
      vertex 1.39093 63.9091 109.333
      vertex 2.92032 63.2756 110.989
    endloop
  endfacet
  facet normal 0.908576 -0.180845 0.376542
    outer loop
      vertex 102.989 6 109.333
      vertex 102.609 4.09086 109.333
      vertex 103.885 6 107.171
    endloop
  endfacet
  facet normal 0.396615 -0.593727 0.700132
    outer loop
      vertex 100.357 3.64291 110.989
      vertex 99.9091 1.39093 109.333
      vertex 101.528 2.47237 109.333
    endloop
  endfacet
  facet normal 0.514621 -0.77038 0.376403
    outer loop
      vertex 101.528 2.47237 109.333
      vertex 99.9091 1.39093 109.333
      vertex 102.161 1.83888 107.171
    endloop
  endfacet
  facet normal 0 -0.923825 0.382816
    outer loop
      vertex 6 0.115288 107.171
      vertex 98 1.01118 109.333
      vertex 6 1.01118 109.333
    endloop
  endfacet
  facet normal 0 -0.923825 0.382816
    outer loop
      vertex 98 1.01118 109.333
      vertex 6 0.115288 107.171
      vertex 98 0.115288 107.171
    endloop
  endfacet
  facet normal 0 -0.382722 0.923864
    outer loop
      vertex 6 4.82946 111.885
      vertex 98 2.66658 110.989
      vertex 98 4.82946 111.885
    endloop
  endfacet
  facet normal 0 -0.382722 0.923864
    outer loop
      vertex 98 2.66658 110.989
      vertex 6 4.82946 111.885
      vertex 6 2.66658 110.989
    endloop
  endfacet
  facet normal 0.323465 0.216242 0.9212
    outer loop
      vertex 100.357 64.3571 110.989
      vertex 98.8277 62.8277 111.885
      vertex 101.08 63.2756 110.989
    endloop
  endfacet
  facet normal 0.593697 0.396896 0.699998
    outer loop
      vertex 102.609 63.9091 109.333
      vertex 100.357 64.3571 110.989
      vertex 101.08 63.2756 110.989
    endloop
  endfacet
  facet normal -0.32353 0.216147 0.9212
    outer loop
      vertex 5.1723 62.8277 111.885
      vertex 2.92032 63.2756 110.989
      vertex 4.91856 62.4479 111.885
    endloop
  endfacet
  facet normal -0.396708 -0.59372 0.700085
    outer loop
      vertex 4.72435 2.92032 110.989
      vertex 3.64291 3.64291 110.989
      vertex 4.09086 1.39093 109.333
    endloop
  endfacet
  facet normal -0.216168 -0.32352 0.921198
    outer loop
      vertex 5.1723 5.1723 111.885
      vertex 3.64291 3.64291 110.989
      vertex 4.72435 2.92032 110.989
    endloop
  endfacet
  facet normal -0.381619 -0.0759063 0.921198
    outer loop
      vertex 4.82946 6 111.885
      vertex 2.92032 4.72435 110.989
      vertex 4.91856 5.55205 111.885
    endloop
  endfacet
  facet normal -0.32352 -0.216169 0.921198
    outer loop
      vertex 4.91856 5.55205 111.885
      vertex 2.92032 4.72435 110.989
      vertex 5.1723 5.1723 111.885
    endloop
  endfacet
  facet normal -0.0759045 0.38161 0.921202
    outer loop
      vertex 6 63.1705 111.885
      vertex 4.72435 65.0797 110.989
      vertex 5.55205 63.0814 111.885
    endloop
  endfacet
  facet normal -0.0758952 0.381615 0.9212
    outer loop
      vertex 6 65.3334 110.989
      vertex 4.72435 65.0797 110.989
      vertex 6 63.1705 111.885
    endloop
  endfacet
  facet normal 0 0 1
    outer loop
      vertex 98 63.1705 111.885
      vertex 99.1705 62 111.885
      vertex 99.0814 62.4479 111.885
    endloop
  endfacet
  facet normal 0 0 1
    outer loop
      vertex 99.1705 62 111.885
      vertex 98 63.1705 111.885
      vertex 99.1705 6 111.885
    endloop
  endfacet
  facet normal 0 0 1
    outer loop
      vertex 98 63.1705 111.885
      vertex 99.0814 62.4479 111.885
      vertex 98.8277 62.8277 111.885
    endloop
  endfacet
  facet normal 0 0 1
    outer loop
      vertex 98 4.82946 111.885
      vertex 99.1705 6 111.885
      vertex 98 63.1705 111.885
    endloop
  endfacet
  facet normal 0 0 1
    outer loop
      vertex 98 63.1705 111.885
      vertex 98.8277 62.8277 111.885
      vertex 98.4479 63.0814 111.885
    endloop
  endfacet
  facet normal 0 0 1
    outer loop
      vertex 99.1705 6 111.885
      vertex 98 4.82946 111.885
      vertex 99.0814 5.55205 111.885
    endloop
  endfacet
  facet normal 0 0 1
    outer loop
      vertex 99.0814 5.55205 111.885
      vertex 98 4.82946 111.885
      vertex 98.8277 5.1723 111.885
    endloop
  endfacet
  facet normal 0 0 1
    outer loop
      vertex 98.8277 5.1723 111.885
      vertex 98 4.82946 111.885
      vertex 98.4479 4.91856 111.885
    endloop
  endfacet
  facet normal -0 0 1
    outer loop
      vertex 6 63.1705 111.885
      vertex 98 4.82946 111.885
      vertex 98 63.1705 111.885
    endloop
  endfacet
  facet normal 0 0 1
    outer loop
      vertex 6 63.1705 111.885
      vertex 6 4.82946 111.885
      vertex 98 4.82946 111.885
    endloop
  endfacet
  facet normal 0 0 1
    outer loop
      vertex 4.82946 62 111.885
      vertex 6 63.1705 111.885
      vertex 5.55205 63.0814 111.885
    endloop
  endfacet
  facet normal 0 0 1
    outer loop
      vertex 6 63.1705 111.885
      vertex 4.82946 62 111.885
      vertex 6 4.82946 111.885
    endloop
  endfacet
  facet normal 0 0 1
    outer loop
      vertex 4.82946 62 111.885
      vertex 5.55205 63.0814 111.885
      vertex 5.1723 62.8277 111.885
    endloop
  endfacet
  facet normal -0 0 1
    outer loop
      vertex 4.82946 6 111.885
      vertex 6 4.82946 111.885
      vertex 4.82946 62 111.885
    endloop
  endfacet
  facet normal 0 0 1
    outer loop
      vertex 4.82946 62 111.885
      vertex 5.1723 62.8277 111.885
      vertex 4.91856 62.4479 111.885
    endloop
  endfacet
  facet normal 0 0 1
    outer loop
      vertex 6 4.82946 111.885
      vertex 4.82946 6 111.885
      vertex 5.55205 4.91856 111.885
    endloop
  endfacet
  facet normal 0 0 1
    outer loop
      vertex 5.55205 4.91856 111.885
      vertex 4.82946 6 111.885
      vertex 5.1723 5.1723 111.885
    endloop
  endfacet
  facet normal 0 0 1
    outer loop
      vertex 5.1723 5.1723 111.885
      vertex 4.82946 6 111.885
      vertex 4.91856 5.55205 111.885
    endloop
  endfacet
  facet normal 0.382779 0 0.92384
    outer loop
      vertex 99.1705 62 111.885
      vertex 101.333 6 110.989
      vertex 101.333 62 110.989
    endloop
  endfacet
  facet normal 0.382779 0 0.92384
    outer loop
      vertex 101.333 6 110.989
      vertex 99.1705 62 111.885
      vertex 99.1705 6 111.885
    endloop
  endfacet
  facet normal 0.381681 -0.0756989 0.921189
    outer loop
      vertex 101.333 6 110.989
      vertex 99.1705 6 111.885
      vertex 101.08 4.72435 110.989
    endloop
  endfacet
  facet normal 0.59369 -0.396913 0.699995
    outer loop
      vertex 101.08 4.72435 110.989
      vertex 100.357 3.64291 110.989
      vertex 102.609 4.09086 109.333
    endloop
  endfacet
  facet normal 0.323459 -0.21625 0.921201
    outer loop
      vertex 101.08 4.72435 110.989
      vertex 98.8277 5.1723 111.885
      vertex 100.357 3.64291 110.989
    endloop
  endfacet
  facet normal -0.0759077 -0.381618 0.921198
    outer loop
      vertex 6 4.82946 111.885
      vertex 4.72435 2.92032 110.989
      vertex 6 2.66658 110.989
    endloop
  endfacet
  facet normal -0.323527 0.21616 0.921198
    outer loop
      vertex 3.64291 64.3571 110.989
      vertex 2.92032 63.2756 110.989
      vertex 5.1723 62.8277 111.885
    endloop
  endfacet
  facet normal -0.216169 0.323517 0.921199
    outer loop
      vertex 4.72435 65.0797 110.989
      vertex 3.64291 64.3571 110.989
      vertex 5.1723 62.8277 111.885
    endloop
  endfacet
  facet normal -0.216048 0.323383 -0.921274
    outer loop
      vertex 98.1518 5.8482 109.523
      vertex 99.1714 4.82861 108.926
      vertex 97.8986 5.67904 109.523
    endloop
  endfacet
  facet normal -0.0758782 0.381435 -0.921276
    outer loop
      vertex 97.8986 5.67904 109.523
      vertex 98.4504 4.34688 108.926
      vertex 97.6 5.61964 109.523
    endloop
  endfacet
  facet normal -0.770226 0.514821 -0.376444
    outer loop
      vertex 100.673 5.12724 107.822
      vertex 101.225 4.89868 106.38
      vertex 99.9518 4.04825 107.822
    endloop
  endfacet
  facet normal 0.38254 0 -0.923939
    outer loop
      vertex 4.17772 6.4 108.926
      vertex 5.61964 61.6 109.523
      vertex 5.61964 6.4 109.523
    endloop
  endfacet
  facet normal 0.38254 0 -0.923939
    outer loop
      vertex 5.61964 61.6 109.523
      vertex 4.17772 6.4 108.926
      vertex 4.17772 61.6 108.926
    endloop
  endfacet
  facet normal -0.180741 0.908665 0.376379
    outer loop
      vertex 98.8728 3.32729 4.17772
      vertex 97.6 3.07412 4.17772
      vertex 97.6 2.47686 5.61964
    endloop
  endfacet
  facet normal 0.180748 0.908671 -0.376361
    outer loop
      vertex 6.4 3.07412 107.822
      vertex 6.4 2.47686 106.38
      vertex 5.12724 3.32729 107.822
    endloop
  endfacet
  facet normal 0.323489 0.216145 0.921215
    outer loop
      vertex 5.8482 5.8482 2.47686
      vertex 5.67904 6.10137 2.47686
      vertex 4.82861 4.82861 3.07412
    endloop
  endfacet
  facet normal -0.59373 -0.396671 -0.700098
    outer loop
      vertex 99.9518 63.9518 107.822
      vertex 99.6531 62.4504 108.926
      vertex 99.1714 63.1714 108.926
    endloop
  endfacet
  facet normal 0.396618 -0.593618 0.700222
    outer loop
      vertex 4.82861 63.1714 3.07412
      vertex 5.54957 63.6531 3.07412
      vertex 4.04825 63.9518 4.17772
    endloop
  endfacet
  facet normal 0.770338 -0.51472 -0.376354
    outer loop
      vertex 3.62592 64.3741 106.38
      vertex 4.04825 63.9518 107.822
      vertex 3.32729 62.8728 107.822
    endloop
  endfacet
  facet normal 0 0.707107 0.707107
    outer loop
      vertex 97.6 4.17772 3.07412
      vertex 6.4 3.07412 4.17772
      vertex 97.6 3.07412 4.17772
    endloop
  endfacet
  facet normal 0 0.707107 0.707107
    outer loop
      vertex 6.4 3.07412 4.17772
      vertex 97.6 4.17772 3.07412
      vertex 6.4 4.17772 3.07412
    endloop
  endfacet
  facet normal 0.323502 -0.216128 0.921214
    outer loop
      vertex 5.67904 61.8986 2.47686
      vertex 5.8482 62.1518 2.47686
      vertex 4.82861 63.1714 3.07412
    endloop
  endfacet
  facet normal -0.180763 -0.908669 -0.376358
    outer loop
      vertex 99.1013 65.2245 106.38
      vertex 98.8728 64.6727 107.822
      vertex 97.6 64.9259 107.822
    endloop
  endfacet
  facet normal 0.593719 0.396712 -0.700084
    outer loop
      vertex 4.82861 4.82861 108.926
      vertex 4.04825 4.04825 107.822
      vertex 3.32729 5.12724 107.822
    endloop
  endfacet
  facet normal 0.707235 0 -0.706979
    outer loop
      vertex 4.17772 6.4 108.926
      vertex 3.07412 61.6 107.822
      vertex 4.17772 61.6 108.926
    endloop
  endfacet
  facet normal 0.707235 0 -0.706979
    outer loop
      vertex 3.07412 61.6 107.822
      vertex 4.17772 6.4 108.926
      vertex 3.07412 6.4 107.822
    endloop
  endfacet
  facet normal -0.980864 0.194694 0
    outer loop
      vertex 101.225 4.89868 5.61964
      vertex 101.523 6.4 106.38
      vertex 101.523 6.4 5.61964
    endloop
  endfacet
  facet normal -0.980864 0.194694 0
    outer loop
      vertex 101.523 6.4 106.38
      vertex 101.225 4.89868 5.61964
      vertex 101.225 4.89868 106.38
    endloop
  endfacet
  facet normal 0.381578 0.0759001 0.921215
    outer loop
      vertex 4.34688 5.54957 3.07412
      vertex 5.61964 6.4 2.47686
      vertex 4.17772 6.4 3.07412
    endloop
  endfacet
  facet normal 0.396712 0.593719 -0.700084
    outer loop
      vertex 4.82861 4.82861 108.926
      vertex 5.12724 3.32729 107.822
      vertex 4.04825 4.04825 107.822
    endloop
  endfacet
  facet normal -0.555574 -0.831467 0
    outer loop
      vertex 99.1013 65.2245 5.61964
      vertex 100.374 64.3741 106.38
      vertex 99.1013 65.2245 106.38
    endloop
  endfacet
  facet normal -0.555574 -0.831467 -0
    outer loop
      vertex 100.374 64.3741 106.38
      vertex 99.1013 65.2245 5.61964
      vertex 100.374 64.3741 5.61964
    endloop
  endfacet
  facet normal 0 -0.923894 0.382649
    outer loop
      vertex 6.4 64.9259 4.17772
      vertex 97.6 65.5231 5.61964
      vertex 6.4 65.5231 5.61964
    endloop
  endfacet
  facet normal 0 -0.923894 0.382649
    outer loop
      vertex 97.6 65.5231 5.61964
      vertex 6.4 64.9259 4.17772
      vertex 97.6 64.9259 4.17772
    endloop
  endfacet
  facet normal 0.593719 0.396711 -0.700084
    outer loop
      vertex 4.34688 5.54957 108.926
      vertex 4.82861 4.82861 108.926
      vertex 3.32729 5.12724 107.822
    endloop
  endfacet
  facet normal 0.51472 0.770334 -0.376363
    outer loop
      vertex 5.12724 3.32729 107.822
      vertex 4.89868 2.77549 106.38
      vertex 3.62592 3.62592 106.38
    endloop
  endfacet
  facet normal 0.0759189 -0.381582 0.921212
    outer loop
      vertex 6.4 62.3804 2.47686
      vertex 6.4 63.8223 3.07412
      vertex 5.54957 63.6531 3.07412
    endloop
  endfacet
  facet normal 0.180729 -0.90868 0.376348
    outer loop
      vertex 6.4 64.9259 4.17772
      vertex 6.4 65.5231 5.61964
      vertex 4.89868 65.2245 5.61964
    endloop
  endfacet
  facet normal 0.216065 0.323369 -0.921275
    outer loop
      vertex 5.8482 5.8482 109.523
      vertex 6.10137 5.67904 109.523
      vertex 4.82861 4.82861 108.926
    endloop
  endfacet
  facet normal 0.770333 0.514721 -0.376364
    outer loop
      vertex 4.04825 4.04825 107.822
      vertex 3.62592 3.62592 106.38
      vertex 3.32729 5.12724 107.822
    endloop
  endfacet
  facet normal -0.180733 -0.908687 -0.37633
    outer loop
      vertex 97.6 65.5231 106.38
      vertex 99.1013 65.2245 106.38
      vertex 97.6 64.9259 107.822
    endloop
  endfacet
  facet normal 0.923888 0 -0.382664
    outer loop
      vertex 3.07412 6.4 107.822
      vertex 2.47686 61.6 106.38
      vertex 3.07412 61.6 107.822
    endloop
  endfacet
  facet normal 0.923888 0 -0.382664
    outer loop
      vertex 2.47686 61.6 106.38
      vertex 3.07412 6.4 107.822
      vertex 2.47686 6.4 106.38
    endloop
  endfacet
  facet normal 0.83147 0.55557 0
    outer loop
      vertex 3.62592 3.62592 106.38
      vertex 2.77549 4.89868 5.61964
      vertex 2.77549 4.89868 106.38
    endloop
  endfacet
  facet normal 0.83147 0.55557 0
    outer loop
      vertex 2.77549 4.89868 5.61964
      vertex 3.62592 3.62592 106.38
      vertex 3.62592 3.62592 5.61964
    endloop
  endfacet
  facet normal -0.13934 -0.700322 -0.700095
    outer loop
      vertex 98.8728 64.6727 107.822
      vertex 98.4504 63.6531 108.926
      vertex 97.6 63.8223 108.926
    endloop
  endfacet
  facet normal 0.139307 0.70034 -0.700084
    outer loop
      vertex 5.54957 4.34688 108.926
      vertex 6.4 3.07412 107.822
      vertex 5.12724 3.32729 107.822
    endloop
  endfacet
  facet normal -0.514737 0.770323 0.376361
    outer loop
      vertex 99.1013 2.77549 5.61964
      vertex 100.374 3.62592 5.61964
      vertex 98.8728 3.32729 4.17772
    endloop
  endfacet
  facet normal -0.923939 0 0.38254
    outer loop
      vertex 100.926 6.4 4.17772
      vertex 101.523 61.6 5.61964
      vertex 100.926 61.6 4.17772
    endloop
  endfacet
  facet normal -0.923939 0 0.38254
    outer loop
      vertex 101.523 61.6 5.61964
      vertex 100.926 6.4 4.17772
      vertex 101.523 6.4 5.61964
    endloop
  endfacet
  facet normal 0 1 0
    outer loop
      vertex 91.15 2.47686 94.5278
      vertex 91.15 2.47686 17.4722
      vertex 90.9651 2.47686 94.6513
    endloop
  endfacet
  facet normal 0 1 0
    outer loop
      vertex 13.2021 2.47686 94.7979
      vertex 12.2219 2.47686 17.6855
      vertex 12 2.47686 17.7
    endloop
  endfacet
  facet normal 0 1 0
    outer loop
      vertex 90.9651 2.47686 17.3487
      vertex 90.9651 2.47686 94.6513
      vertex 91.15 2.47686 17.4722
    endloop
  endfacet
  facet normal 0 1 0
    outer loop
      vertex 13.2021 2.47686 94.7979
      vertex 12.44 2.47686 17.6421
      vertex 12.2219 2.47686 17.6855
    endloop
  endfacet
  facet normal 0 1 0
    outer loop
      vertex 90.9651 2.47686 94.6513
      vertex 90.9651 2.47686 17.3487
      vertex 90.7979 2.47686 94.7979
    endloop
  endfacet
  facet normal 0 1 0
    outer loop
      vertex 13.2021 2.47686 94.7979
      vertex 12.6506 2.47686 17.5706
      vertex 12.44 2.47686 17.6421
    endloop
  endfacet
  facet normal 0 1 0
    outer loop
      vertex 90.7979 2.47686 17.2021
      vertex 90.7979 2.47686 94.7979
      vertex 90.9651 2.47686 17.3487
    endloop
  endfacet
  facet normal 0 1 0
    outer loop
      vertex 13.2021 2.47686 94.7979
      vertex 12.85 2.47686 17.4722
      vertex 12.6506 2.47686 17.5706
    endloop
  endfacet
  facet normal 0 1 0
    outer loop
      vertex 90.7979 2.47686 94.7979
      vertex 90.7979 2.47686 17.2021
      vertex 13.2021 2.47686 94.7979
    endloop
  endfacet
  facet normal 0 1 0
    outer loop
      vertex 13.2021 2.47686 94.7979
      vertex 13.0349 2.47686 17.3487
      vertex 12.85 2.47686 17.4722
    endloop
  endfacet
  facet normal 0 1 0
    outer loop
      vertex 13.2021 2.47686 17.2021
      vertex 13.2021 2.47686 94.7979
      vertex 90.7979 2.47686 17.2021
    endloop
  endfacet
  facet normal 0 1 0
    outer loop
      vertex 13.2021 2.47686 94.7979
      vertex 13.2021 2.47686 17.2021
      vertex 13.0349 2.47686 17.3487
    endloop
  endfacet
  facet normal 0 1 -0
    outer loop
      vertex 90.6513 2.47686 17.0349
      vertex 13.2021 2.47686 17.2021
      vertex 90.7979 2.47686 17.2021
    endloop
  endfacet
  facet normal 0 1 0
    outer loop
      vertex 90.6513 2.47686 17.0349
      vertex 13.3487 2.47686 17.0349
      vertex 13.2021 2.47686 17.2021
    endloop
  endfacet
  facet normal 0 1 -0
    outer loop
      vertex 90.5278 2.47686 16.85
      vertex 13.3487 2.47686 17.0349
      vertex 90.6513 2.47686 17.0349
    endloop
  endfacet
  facet normal 0 1 0
    outer loop
      vertex 90.5278 2.47686 16.85
      vertex 13.4722 2.47686 16.85
      vertex 13.3487 2.47686 17.0349
    endloop
  endfacet
  facet normal 0 1 -0
    outer loop
      vertex 90.4294 2.47686 16.6506
      vertex 13.4722 2.47686 16.85
      vertex 90.5278 2.47686 16.85
    endloop
  endfacet
  facet normal 0 1 0
    outer loop
      vertex 90.4294 2.47686 16.6506
      vertex 13.5706 2.47686 16.6506
      vertex 13.4722 2.47686 16.85
    endloop
  endfacet
  facet normal 0 1 -0
    outer loop
      vertex 90.3579 2.47686 16.44
      vertex 13.5706 2.47686 16.6506
      vertex 90.4294 2.47686 16.6506
    endloop
  endfacet
  facet normal 0 1 0
    outer loop
      vertex 90.3579 2.47686 16.44
      vertex 13.6421 2.47686 16.44
      vertex 13.5706 2.47686 16.6506
    endloop
  endfacet
  facet normal 0 1 -0
    outer loop
      vertex 90.3145 2.47686 16.2219
      vertex 13.6421 2.47686 16.44
      vertex 90.3579 2.47686 16.44
    endloop
  endfacet
  facet normal 0 1 0
    outer loop
      vertex 90.3145 2.47686 16.2219
      vertex 13.6855 2.47686 16.2219
      vertex 13.6421 2.47686 16.44
    endloop
  endfacet
  facet normal 0 1 -0
    outer loop
      vertex 90.3 2.47686 16
      vertex 13.6855 2.47686 16.2219
      vertex 90.3145 2.47686 16.2219
    endloop
  endfacet
  facet normal 0 1 0
    outer loop
      vertex 90.3 2.47686 16
      vertex 13.7 2.47686 16
      vertex 13.6855 2.47686 16.2219
    endloop
  endfacet
  facet normal 0 1 0
    outer loop
      vertex 90.3145 2.47686 15.7781
      vertex 13.7 2.47686 16
      vertex 90.3 2.47686 16
    endloop
  endfacet
  facet normal 0 1 0
    outer loop
      vertex 90.3145 2.47686 15.7781
      vertex 13.6855 2.47686 15.7781
      vertex 13.7 2.47686 16
    endloop
  endfacet
  facet normal 0 1 0
    outer loop
      vertex 90.3579 2.47686 15.56
      vertex 13.6855 2.47686 15.7781
      vertex 90.3145 2.47686 15.7781
    endloop
  endfacet
  facet normal 0 1 0
    outer loop
      vertex 90.3579 2.47686 15.56
      vertex 13.6421 2.47686 15.56
      vertex 13.6855 2.47686 15.7781
    endloop
  endfacet
  facet normal 0 1 0
    outer loop
      vertex 90.4294 2.47686 15.3494
      vertex 13.6421 2.47686 15.56
      vertex 90.3579 2.47686 15.56
    endloop
  endfacet
  facet normal 0 1 0
    outer loop
      vertex 90.4294 2.47686 15.3494
      vertex 13.5706 2.47686 15.3494
      vertex 13.6421 2.47686 15.56
    endloop
  endfacet
  facet normal 0 1 0
    outer loop
      vertex 90.5278 2.47686 15.15
      vertex 13.5706 2.47686 15.3494
      vertex 90.4294 2.47686 15.3494
    endloop
  endfacet
  facet normal 0 1 0
    outer loop
      vertex 90.5278 2.47686 15.15
      vertex 13.4722 2.47686 15.15
      vertex 13.5706 2.47686 15.3494
    endloop
  endfacet
  facet normal 0 1 0
    outer loop
      vertex 90.6513 2.47686 14.9651
      vertex 13.4722 2.47686 15.15
      vertex 90.5278 2.47686 15.15
    endloop
  endfacet
  facet normal 0 1 0
    outer loop
      vertex 90.6513 2.47686 14.9651
      vertex 13.3487 2.47686 14.9651
      vertex 13.4722 2.47686 15.15
    endloop
  endfacet
  facet normal 0 1 0
    outer loop
      vertex 90.7979 2.47686 14.7979
      vertex 13.3487 2.47686 14.9651
      vertex 90.6513 2.47686 14.9651
    endloop
  endfacet
  facet normal 0 1 0
    outer loop
      vertex 90.7979 2.47686 14.7979
      vertex 13.2021 2.47686 14.7979
      vertex 13.3487 2.47686 14.9651
    endloop
  endfacet
  facet normal 0 1 0
    outer loop
      vertex 97.6 2.47686 5.61964
      vertex 90.7979 2.47686 14.7979
      vertex 90.9651 2.47686 14.6513
    endloop
  endfacet
  facet normal 0 1 0
    outer loop
      vertex 90.7979 2.47686 14.7979
      vertex 97.6 2.47686 5.61964
      vertex 13.2021 2.47686 14.7979
    endloop
  endfacet
  facet normal 0 1 0
    outer loop
      vertex 97.6 2.47686 5.61964
      vertex 90.9651 2.47686 14.6513
      vertex 91.15 2.47686 14.5278
    endloop
  endfacet
  facet normal 0 1 0
    outer loop
      vertex 6.4 2.47686 5.61964
      vertex 13.2021 2.47686 14.7979
      vertex 97.6 2.47686 5.61964
    endloop
  endfacet
  facet normal 0 1 0
    outer loop
      vertex 97.6 2.47686 5.61964
      vertex 91.15 2.47686 14.5278
      vertex 91.3494 2.47686 14.4294
    endloop
  endfacet
  facet normal 0 1 0
    outer loop
      vertex 13.2021 2.47686 14.7979
      vertex 6.4 2.47686 5.61964
      vertex 13.0349 2.47686 14.6513
    endloop
  endfacet
  facet normal 0 1 0
    outer loop
      vertex 97.6 2.47686 5.61964
      vertex 91.3494 2.47686 14.4294
      vertex 91.56 2.47686 14.3579
    endloop
  endfacet
  facet normal 0 1 0
    outer loop
      vertex 13.0349 2.47686 14.6513
      vertex 6.4 2.47686 5.61964
      vertex 12.85 2.47686 14.5278
    endloop
  endfacet
  facet normal 0 1 0
    outer loop
      vertex 97.6 2.47686 5.61964
      vertex 91.56 2.47686 14.3579
      vertex 91.7781 2.47686 14.3145
    endloop
  endfacet
  facet normal 0 1 0
    outer loop
      vertex 12.85 2.47686 14.5278
      vertex 6.4 2.47686 5.61964
      vertex 12.6506 2.47686 14.4294
    endloop
  endfacet
  facet normal 0 1 0
    outer loop
      vertex 97.6 2.47686 5.61964
      vertex 91.7781 2.47686 14.3145
      vertex 92 2.47686 14.3
    endloop
  endfacet
  facet normal 0 1 0
    outer loop
      vertex 12.6506 2.47686 14.4294
      vertex 6.4 2.47686 5.61964
      vertex 12.44 2.47686 14.3579
    endloop
  endfacet
  facet normal 0 1 0
    outer loop
      vertex 91.3494 2.47686 97.5706
      vertex 97.6 2.47686 106.38
      vertex 91.56 2.47686 97.6421
    endloop
  endfacet
  facet normal 0 1 0
    outer loop
      vertex 6.4 2.47686 106.38
      vertex 12.2219 2.47686 97.6855
      vertex 12 2.47686 97.7
    endloop
  endfacet
  facet normal 0 1 0
    outer loop
      vertex 91.15 2.47686 97.4722
      vertex 97.6 2.47686 106.38
      vertex 91.3494 2.47686 97.5706
    endloop
  endfacet
  facet normal 0 1 0
    outer loop
      vertex 6.4 2.47686 106.38
      vertex 12.44 2.47686 97.6421
      vertex 12.2219 2.47686 97.6855
    endloop
  endfacet
  facet normal 0 1 0
    outer loop
      vertex 90.9651 2.47686 97.3487
      vertex 97.6 2.47686 106.38
      vertex 91.15 2.47686 97.4722
    endloop
  endfacet
  facet normal 0 1 0
    outer loop
      vertex 6.4 2.47686 106.38
      vertex 12.6506 2.47686 97.5706
      vertex 12.44 2.47686 97.6421
    endloop
  endfacet
  facet normal 0 1 0
    outer loop
      vertex 90.7979 2.47686 97.2021
      vertex 97.6 2.47686 106.38
      vertex 90.9651 2.47686 97.3487
    endloop
  endfacet
  facet normal 0 1 0
    outer loop
      vertex 6.4 2.47686 106.38
      vertex 12.85 2.47686 97.4722
      vertex 12.6506 2.47686 97.5706
    endloop
  endfacet
  facet normal 0 1 0
    outer loop
      vertex 97.6 2.47686 106.38
      vertex 90.7979 2.47686 97.2021
      vertex 6.4 2.47686 106.38
    endloop
  endfacet
  facet normal 0 1 0
    outer loop
      vertex 6.4 2.47686 106.38
      vertex 13.0349 2.47686 97.3487
      vertex 12.85 2.47686 97.4722
    endloop
  endfacet
  facet normal 0 1 -0
    outer loop
      vertex 13.2021 2.47686 97.2021
      vertex 6.4 2.47686 106.38
      vertex 90.7979 2.47686 97.2021
    endloop
  endfacet
  facet normal 0 1 0
    outer loop
      vertex 6.4 2.47686 106.38
      vertex 13.2021 2.47686 97.2021
      vertex 13.0349 2.47686 97.3487
    endloop
  endfacet
  facet normal 0 1 -0
    outer loop
      vertex 90.6513 2.47686 97.0349
      vertex 13.2021 2.47686 97.2021
      vertex 90.7979 2.47686 97.2021
    endloop
  endfacet
  facet normal 0 1 0
    outer loop
      vertex 90.6513 2.47686 97.0349
      vertex 13.3487 2.47686 97.0349
      vertex 13.2021 2.47686 97.2021
    endloop
  endfacet
  facet normal 0 1 -0
    outer loop
      vertex 90.5278 2.47686 96.85
      vertex 13.3487 2.47686 97.0349
      vertex 90.6513 2.47686 97.0349
    endloop
  endfacet
  facet normal 0 1 0
    outer loop
      vertex 90.5278 2.47686 96.85
      vertex 13.4722 2.47686 96.85
      vertex 13.3487 2.47686 97.0349
    endloop
  endfacet
  facet normal 0 1 -0
    outer loop
      vertex 90.4294 2.47686 96.6506
      vertex 13.4722 2.47686 96.85
      vertex 90.5278 2.47686 96.85
    endloop
  endfacet
  facet normal 0 1 0
    outer loop
      vertex 90.4294 2.47686 96.6506
      vertex 13.5706 2.47686 96.6506
      vertex 13.4722 2.47686 96.85
    endloop
  endfacet
  facet normal 0 1 -0
    outer loop
      vertex 90.3579 2.47686 96.44
      vertex 13.5706 2.47686 96.6506
      vertex 90.4294 2.47686 96.6506
    endloop
  endfacet
  facet normal 0 1 0
    outer loop
      vertex 90.3579 2.47686 96.44
      vertex 13.6421 2.47686 96.44
      vertex 13.5706 2.47686 96.6506
    endloop
  endfacet
  facet normal 0 1 -0
    outer loop
      vertex 90.3145 2.47686 96.2219
      vertex 13.6421 2.47686 96.44
      vertex 90.3579 2.47686 96.44
    endloop
  endfacet
  facet normal 0 1 0
    outer loop
      vertex 90.3145 2.47686 96.2219
      vertex 13.6855 2.47686 96.2219
      vertex 13.6421 2.47686 96.44
    endloop
  endfacet
  facet normal 0 1 -0
    outer loop
      vertex 90.3 2.47686 96
      vertex 13.6855 2.47686 96.2219
      vertex 90.3145 2.47686 96.2219
    endloop
  endfacet
  facet normal 0 1 0
    outer loop
      vertex 90.3 2.47686 96
      vertex 13.7 2.47686 96
      vertex 13.6855 2.47686 96.2219
    endloop
  endfacet
  facet normal 0 1 0
    outer loop
      vertex 90.3145 2.47686 95.7781
      vertex 13.7 2.47686 96
      vertex 90.3 2.47686 96
    endloop
  endfacet
  facet normal 0 1 0
    outer loop
      vertex 90.3145 2.47686 95.7781
      vertex 13.6855 2.47686 95.7781
      vertex 13.7 2.47686 96
    endloop
  endfacet
  facet normal 0 1 0
    outer loop
      vertex 90.3579 2.47686 95.56
      vertex 13.6855 2.47686 95.7781
      vertex 90.3145 2.47686 95.7781
    endloop
  endfacet
  facet normal 0 1 0
    outer loop
      vertex 90.3579 2.47686 95.56
      vertex 13.6421 2.47686 95.56
      vertex 13.6855 2.47686 95.7781
    endloop
  endfacet
  facet normal 0 1 0
    outer loop
      vertex 90.4294 2.47686 95.3494
      vertex 13.6421 2.47686 95.56
      vertex 90.3579 2.47686 95.56
    endloop
  endfacet
  facet normal 0 1 0
    outer loop
      vertex 90.4294 2.47686 95.3494
      vertex 13.5706 2.47686 95.3494
      vertex 13.6421 2.47686 95.56
    endloop
  endfacet
  facet normal 0 1 0
    outer loop
      vertex 90.5278 2.47686 95.15
      vertex 13.5706 2.47686 95.3494
      vertex 90.4294 2.47686 95.3494
    endloop
  endfacet
  facet normal 0 1 0
    outer loop
      vertex 90.5278 2.47686 95.15
      vertex 13.4722 2.47686 95.15
      vertex 13.5706 2.47686 95.3494
    endloop
  endfacet
  facet normal 0 1 0
    outer loop
      vertex 90.6513 2.47686 94.9651
      vertex 13.4722 2.47686 95.15
      vertex 90.5278 2.47686 95.15
    endloop
  endfacet
  facet normal 0 1 0
    outer loop
      vertex 90.6513 2.47686 94.9651
      vertex 13.3487 2.47686 94.9651
      vertex 13.4722 2.47686 95.15
    endloop
  endfacet
  facet normal 0 1 0
    outer loop
      vertex 90.7979 2.47686 94.7979
      vertex 13.3487 2.47686 94.9651
      vertex 90.6513 2.47686 94.9651
    endloop
  endfacet
  facet normal 0 1 0
    outer loop
      vertex 90.7979 2.47686 94.7979
      vertex 13.2021 2.47686 94.7979
      vertex 13.3487 2.47686 94.9651
    endloop
  endfacet
  facet normal 0 1 0
    outer loop
      vertex 91.3494 2.47686 17.5706
      vertex 91.3494 2.47686 94.4294
      vertex 91.56 2.47686 17.6421
    endloop
  endfacet
  facet normal 0 1 0
    outer loop
      vertex 91.3494 2.47686 94.4294
      vertex 91.3494 2.47686 17.5706
      vertex 91.15 2.47686 94.5278
    endloop
  endfacet
  facet normal 0 1 0
    outer loop
      vertex 91.56 2.47686 94.3579
      vertex 91.56 2.47686 17.6421
      vertex 91.3494 2.47686 94.4294
    endloop
  endfacet
  facet normal 0 1 0
    outer loop
      vertex 91.15 2.47686 17.4722
      vertex 91.15 2.47686 94.5278
      vertex 91.3494 2.47686 17.5706
    endloop
  endfacet
  facet normal 0 1 0
    outer loop
      vertex 91.56 2.47686 17.6421
      vertex 91.56 2.47686 94.3579
      vertex 91.7781 2.47686 17.6855
    endloop
  endfacet
  facet normal 0 1 0
    outer loop
      vertex 13.2021 2.47686 94.7979
      vertex 12 2.47686 17.7
      vertex 13.0349 2.47686 94.6513
    endloop
  endfacet
  facet normal 0 1 0
    outer loop
      vertex 91.7781 2.47686 94.3145
      vertex 91.7781 2.47686 17.6855
      vertex 91.56 2.47686 94.3579
    endloop
  endfacet
  facet normal 0 1 0
    outer loop
      vertex 13.0349 2.47686 94.6513
      vertex 12 2.47686 17.7
      vertex 12.85 2.47686 94.5278
    endloop
  endfacet
  facet normal 0 1 0
    outer loop
      vertex 91.7781 2.47686 17.6855
      vertex 91.7781 2.47686 94.3145
      vertex 92 2.47686 17.7
    endloop
  endfacet
  facet normal 0 1 0
    outer loop
      vertex 12.85 2.47686 94.5278
      vertex 12 2.47686 17.7
      vertex 12.6506 2.47686 94.4294
    endloop
  endfacet
  facet normal 0 1 -0
    outer loop
      vertex 92 2.47686 17.7
      vertex 91.7781 2.47686 94.3145
      vertex 92 2.47686 94.3
    endloop
  endfacet
  facet normal 0 1 0
    outer loop
      vertex 12.6506 2.47686 94.4294
      vertex 12 2.47686 17.7
      vertex 12.44 2.47686 94.3579
    endloop
  endfacet
  facet normal 0 1 0
    outer loop
      vertex 91.7781 2.47686 97.6855
      vertex 97.6 2.47686 106.38
      vertex 92 2.47686 97.7
    endloop
  endfacet
  facet normal 0 1 0
    outer loop
      vertex 97.6 2.47686 106.38
      vertex 92.2219 2.47686 97.6855
      vertex 92 2.47686 97.7
    endloop
  endfacet
  facet normal 0 1 0
    outer loop
      vertex 97.6 2.47686 106.38
      vertex 92.44 2.47686 97.6421
      vertex 92.2219 2.47686 97.6855
    endloop
  endfacet
  facet normal 0 1 0
    outer loop
      vertex 97.6 2.47686 106.38
      vertex 92.6506 2.47686 97.5706
      vertex 92.44 2.47686 97.6421
    endloop
  endfacet
  facet normal 0 1 0
    outer loop
      vertex 97.6 2.47686 106.38
      vertex 92.85 2.47686 97.4722
      vertex 92.6506 2.47686 97.5706
    endloop
  endfacet
  facet normal 0 1 0
    outer loop
      vertex 97.6 2.47686 106.38
      vertex 93.0349 2.47686 97.3487
      vertex 92.85 2.47686 97.4722
    endloop
  endfacet
  facet normal 0 1 0
    outer loop
      vertex 97.6 2.47686 106.38
      vertex 93.2021 2.47686 97.2021
      vertex 93.0349 2.47686 97.3487
    endloop
  endfacet
  facet normal 0 1 0
    outer loop
      vertex 97.6 2.47686 106.38
      vertex 93.3487 2.47686 97.0349
      vertex 93.2021 2.47686 97.2021
    endloop
  endfacet
  facet normal 0 1 0
    outer loop
      vertex 97.6 2.47686 106.38
      vertex 93.4722 2.47686 96.85
      vertex 93.3487 2.47686 97.0349
    endloop
  endfacet
  facet normal 0 1 0
    outer loop
      vertex 97.6 2.47686 106.38
      vertex 93.5706 2.47686 96.6506
      vertex 93.4722 2.47686 96.85
    endloop
  endfacet
  facet normal 0 1 0
    outer loop
      vertex 97.6 2.47686 106.38
      vertex 93.6421 2.47686 96.44
      vertex 93.5706 2.47686 96.6506
    endloop
  endfacet
  facet normal 0 1 0
    outer loop
      vertex 97.6 2.47686 106.38
      vertex 93.6855 2.47686 96.2219
      vertex 93.6421 2.47686 96.44
    endloop
  endfacet
  facet normal 0 1 0
    outer loop
      vertex 97.6 2.47686 106.38
      vertex 93.7 2.47686 96
      vertex 93.6855 2.47686 96.2219
    endloop
  endfacet
  facet normal 0 1 0
    outer loop
      vertex 97.6 2.47686 106.38
      vertex 93.6855 2.47686 95.7781
      vertex 93.7 2.47686 96
    endloop
  endfacet
  facet normal 0 1 0
    outer loop
      vertex 97.6 2.47686 106.38
      vertex 93.6421 2.47686 95.56
      vertex 93.6855 2.47686 95.7781
    endloop
  endfacet
  facet normal 0 1 0
    outer loop
      vertex 93.6421 2.47686 16.44
      vertex 93.6421 2.47686 95.56
      vertex 97.6 2.47686 106.38
    endloop
  endfacet
  facet normal 0 1 0
    outer loop
      vertex 12.44 2.47686 94.3579
      vertex 12 2.47686 17.7
      vertex 12.2219 2.47686 94.3145
    endloop
  endfacet
  facet normal 0 1 0
    outer loop
      vertex 92.2219 2.47686 94.3145
      vertex 92 2.47686 17.7
      vertex 92 2.47686 94.3
    endloop
  endfacet
  facet normal 0 1 0
    outer loop
      vertex 92.2219 2.47686 17.6855
      vertex 92.2219 2.47686 94.3145
      vertex 92.44 2.47686 94.3579
    endloop
  endfacet
  facet normal 0 1 0
    outer loop
      vertex 92.44 2.47686 17.6421
      vertex 92.44 2.47686 94.3579
      vertex 92.6506 2.47686 94.4294
    endloop
  endfacet
  facet normal 0 1 0
    outer loop
      vertex 92.6506 2.47686 17.5706
      vertex 92.6506 2.47686 94.4294
      vertex 92.85 2.47686 94.5278
    endloop
  endfacet
  facet normal 0 1 0
    outer loop
      vertex 92.85 2.47686 17.4722
      vertex 92.85 2.47686 94.5278
      vertex 93.0349 2.47686 94.6513
    endloop
  endfacet
  facet normal 0 1 0
    outer loop
      vertex 93.0349 2.47686 17.3487
      vertex 93.0349 2.47686 94.6513
      vertex 93.2021 2.47686 94.7979
    endloop
  endfacet
  facet normal 0 1 0
    outer loop
      vertex 93.2021 2.47686 17.2021
      vertex 93.2021 2.47686 94.7979
      vertex 93.3487 2.47686 94.9651
    endloop
  endfacet
  facet normal 0 1 0
    outer loop
      vertex 93.3487 2.47686 17.0349
      vertex 93.3487 2.47686 94.9651
      vertex 93.4722 2.47686 95.15
    endloop
  endfacet
  facet normal 0 1 0
    outer loop
      vertex 93.4722 2.47686 16.85
      vertex 93.4722 2.47686 95.15
      vertex 93.5706 2.47686 95.3494
    endloop
  endfacet
  facet normal 0 1 0
    outer loop
      vertex 93.6421 2.47686 95.56
      vertex 93.6421 2.47686 16.44
      vertex 93.5706 2.47686 95.3494
    endloop
  endfacet
  facet normal 0 1 0
    outer loop
      vertex 92.2219 2.47686 94.3145
      vertex 92.2219 2.47686 17.6855
      vertex 92 2.47686 17.7
    endloop
  endfacet
  facet normal 0 1 0
    outer loop
      vertex 92.44 2.47686 94.3579
      vertex 92.44 2.47686 17.6421
      vertex 92.2219 2.47686 17.6855
    endloop
  endfacet
  facet normal 0 1 0
    outer loop
      vertex 92.6506 2.47686 94.4294
      vertex 92.6506 2.47686 17.5706
      vertex 92.44 2.47686 17.6421
    endloop
  endfacet
  facet normal 0 1 0
    outer loop
      vertex 92.85 2.47686 94.5278
      vertex 92.85 2.47686 17.4722
      vertex 92.6506 2.47686 17.5706
    endloop
  endfacet
  facet normal 0 1 0
    outer loop
      vertex 93.0349 2.47686 94.6513
      vertex 93.0349 2.47686 17.3487
      vertex 92.85 2.47686 17.4722
    endloop
  endfacet
  facet normal 0 1 0
    outer loop
      vertex 93.2021 2.47686 94.7979
      vertex 93.2021 2.47686 17.2021
      vertex 93.0349 2.47686 17.3487
    endloop
  endfacet
  facet normal 0 1 0
    outer loop
      vertex 93.3487 2.47686 94.9651
      vertex 93.3487 2.47686 17.0349
      vertex 93.2021 2.47686 17.2021
    endloop
  endfacet
  facet normal 0 1 0
    outer loop
      vertex 93.4722 2.47686 95.15
      vertex 93.4722 2.47686 16.85
      vertex 93.3487 2.47686 17.0349
    endloop
  endfacet
  facet normal 0 1 0
    outer loop
      vertex 93.5706 2.47686 95.3494
      vertex 93.5706 2.47686 16.6506
      vertex 93.4722 2.47686 16.85
    endloop
  endfacet
  facet normal 0 1 0
    outer loop
      vertex 93.5706 2.47686 95.3494
      vertex 93.6421 2.47686 16.44
      vertex 93.5706 2.47686 16.6506
    endloop
  endfacet
  facet normal 0 1 -0
    outer loop
      vertex 97.6 2.47686 5.61964
      vertex 93.6421 2.47686 16.44
      vertex 97.6 2.47686 106.38
    endloop
  endfacet
  facet normal 0 1 0
    outer loop
      vertex 93.6421 2.47686 16.44
      vertex 97.6 2.47686 5.61964
      vertex 93.6855 2.47686 16.2219
    endloop
  endfacet
  facet normal 0 1 0
    outer loop
      vertex 12.44 2.47686 14.3579
      vertex 6.4 2.47686 5.61964
      vertex 12.2219 2.47686 14.3145
    endloop
  endfacet
  facet normal 0 1 0
    outer loop
      vertex 92.2219 2.47686 14.3145
      vertex 97.6 2.47686 5.61964
      vertex 92 2.47686 14.3
    endloop
  endfacet
  facet normal 0 1 0
    outer loop
      vertex 92.44 2.47686 14.3579
      vertex 97.6 2.47686 5.61964
      vertex 92.2219 2.47686 14.3145
    endloop
  endfacet
  facet normal 0 1 0
    outer loop
      vertex 92.6506 2.47686 14.4294
      vertex 97.6 2.47686 5.61964
      vertex 92.44 2.47686 14.3579
    endloop
  endfacet
  facet normal 0 1 0
    outer loop
      vertex 92.85 2.47686 14.5278
      vertex 97.6 2.47686 5.61964
      vertex 92.6506 2.47686 14.4294
    endloop
  endfacet
  facet normal 0 1 0
    outer loop
      vertex 93.0349 2.47686 14.6513
      vertex 97.6 2.47686 5.61964
      vertex 92.85 2.47686 14.5278
    endloop
  endfacet
  facet normal 0 1 0
    outer loop
      vertex 93.2021 2.47686 14.7979
      vertex 97.6 2.47686 5.61964
      vertex 93.0349 2.47686 14.6513
    endloop
  endfacet
  facet normal 0 1 0
    outer loop
      vertex 93.3487 2.47686 14.9651
      vertex 97.6 2.47686 5.61964
      vertex 93.2021 2.47686 14.7979
    endloop
  endfacet
  facet normal 0 1 0
    outer loop
      vertex 93.4722 2.47686 15.15
      vertex 97.6 2.47686 5.61964
      vertex 93.3487 2.47686 14.9651
    endloop
  endfacet
  facet normal 0 1 0
    outer loop
      vertex 93.5706 2.47686 15.3494
      vertex 97.6 2.47686 5.61964
      vertex 93.4722 2.47686 15.15
    endloop
  endfacet
  facet normal 0 1 0
    outer loop
      vertex 93.6421 2.47686 15.56
      vertex 97.6 2.47686 5.61964
      vertex 93.5706 2.47686 15.3494
    endloop
  endfacet
  facet normal 0 1 0
    outer loop
      vertex 93.6855 2.47686 15.7781
      vertex 97.6 2.47686 5.61964
      vertex 93.6421 2.47686 15.56
    endloop
  endfacet
  facet normal 0 1 0
    outer loop
      vertex 93.7 2.47686 16
      vertex 97.6 2.47686 5.61964
      vertex 93.6855 2.47686 15.7781
    endloop
  endfacet
  facet normal 0 1 0
    outer loop
      vertex 93.6855 2.47686 16.2219
      vertex 97.6 2.47686 5.61964
      vertex 93.7 2.47686 16
    endloop
  endfacet
  facet normal 0 1 0
    outer loop
      vertex 91.56 2.47686 97.6421
      vertex 97.6 2.47686 106.38
      vertex 91.7781 2.47686 97.6855
    endloop
  endfacet
  facet normal 0 1 -0
    outer loop
      vertex 11.7781 2.47686 97.6855
      vertex 6.4 2.47686 106.38
      vertex 12 2.47686 97.7
    endloop
  endfacet
  facet normal 0 1 -0
    outer loop
      vertex 11.56 2.47686 97.6421
      vertex 6.4 2.47686 106.38
      vertex 11.7781 2.47686 97.6855
    endloop
  endfacet
  facet normal 0 1 -0
    outer loop
      vertex 11.3494 2.47686 97.5706
      vertex 6.4 2.47686 106.38
      vertex 11.56 2.47686 97.6421
    endloop
  endfacet
  facet normal 0 1 -0
    outer loop
      vertex 11.15 2.47686 97.4722
      vertex 6.4 2.47686 106.38
      vertex 11.3494 2.47686 97.5706
    endloop
  endfacet
  facet normal 0 1 -0
    outer loop
      vertex 10.9651 2.47686 97.3487
      vertex 6.4 2.47686 106.38
      vertex 11.15 2.47686 97.4722
    endloop
  endfacet
  facet normal 0 1 -0
    outer loop
      vertex 10.7979 2.47686 97.2021
      vertex 6.4 2.47686 106.38
      vertex 10.9651 2.47686 97.3487
    endloop
  endfacet
  facet normal 0 1 -0
    outer loop
      vertex 10.6513 2.47686 97.0349
      vertex 6.4 2.47686 106.38
      vertex 10.7979 2.47686 97.2021
    endloop
  endfacet
  facet normal 0 1 -0
    outer loop
      vertex 10.5278 2.47686 96.85
      vertex 6.4 2.47686 106.38
      vertex 10.6513 2.47686 97.0349
    endloop
  endfacet
  facet normal 0 1 -0
    outer loop
      vertex 10.4294 2.47686 96.6506
      vertex 6.4 2.47686 106.38
      vertex 10.5278 2.47686 96.85
    endloop
  endfacet
  facet normal 0 1 -0
    outer loop
      vertex 10.3579 2.47686 96.44
      vertex 6.4 2.47686 106.38
      vertex 10.4294 2.47686 96.6506
    endloop
  endfacet
  facet normal 0 1 -0
    outer loop
      vertex 10.3145 2.47686 96.2219
      vertex 6.4 2.47686 106.38
      vertex 10.3579 2.47686 96.44
    endloop
  endfacet
  facet normal 0 1 -0
    outer loop
      vertex 10.3 2.47686 96
      vertex 6.4 2.47686 106.38
      vertex 10.3145 2.47686 96.2219
    endloop
  endfacet
  facet normal 0 1 0
    outer loop
      vertex 10.3145 2.47686 95.7781
      vertex 6.4 2.47686 106.38
      vertex 10.3 2.47686 96
    endloop
  endfacet
  facet normal 0 1 0
    outer loop
      vertex 10.3579 2.47686 95.56
      vertex 6.4 2.47686 106.38
      vertex 10.3145 2.47686 95.7781
    endloop
  endfacet
  facet normal 0 1 0
    outer loop
      vertex 10.3579 2.47686 16.44
      vertex 10.3579 2.47686 95.56
      vertex 10.4294 2.47686 95.3494
    endloop
  endfacet
  facet normal 0 1 0
    outer loop
      vertex 12.2219 2.47686 94.3145
      vertex 12 2.47686 17.7
      vertex 12 2.47686 94.3
    endloop
  endfacet
  facet normal 0 1 0
    outer loop
      vertex 12 2.47686 94.3
      vertex 12 2.47686 17.7
      vertex 11.7781 2.47686 94.3145
    endloop
  endfacet
  facet normal 0 1 0
    outer loop
      vertex 11.7781 2.47686 17.6855
      vertex 11.7781 2.47686 94.3145
      vertex 12 2.47686 17.7
    endloop
  endfacet
  facet normal 0 1 0
    outer loop
      vertex 11.7781 2.47686 94.3145
      vertex 11.7781 2.47686 17.6855
      vertex 11.56 2.47686 94.3579
    endloop
  endfacet
  facet normal 0 1 0
    outer loop
      vertex 11.56 2.47686 17.6421
      vertex 11.56 2.47686 94.3579
      vertex 11.7781 2.47686 17.6855
    endloop
  endfacet
  facet normal 0 1 0
    outer loop
      vertex 11.56 2.47686 94.3579
      vertex 11.56 2.47686 17.6421
      vertex 11.3494 2.47686 94.4294
    endloop
  endfacet
  facet normal 0 1 0
    outer loop
      vertex 11.3494 2.47686 17.5706
      vertex 11.3494 2.47686 94.4294
      vertex 11.56 2.47686 17.6421
    endloop
  endfacet
  facet normal 0 1 0
    outer loop
      vertex 11.3494 2.47686 94.4294
      vertex 11.3494 2.47686 17.5706
      vertex 11.15 2.47686 94.5278
    endloop
  endfacet
  facet normal 0 1 0
    outer loop
      vertex 11.15 2.47686 17.4722
      vertex 11.15 2.47686 94.5278
      vertex 11.3494 2.47686 17.5706
    endloop
  endfacet
  facet normal 0 1 0
    outer loop
      vertex 11.15 2.47686 94.5278
      vertex 11.15 2.47686 17.4722
      vertex 10.9651 2.47686 94.6513
    endloop
  endfacet
  facet normal 0 1 0
    outer loop
      vertex 10.9651 2.47686 17.3487
      vertex 10.9651 2.47686 94.6513
      vertex 11.15 2.47686 17.4722
    endloop
  endfacet
  facet normal 0 1 0
    outer loop
      vertex 10.9651 2.47686 94.6513
      vertex 10.9651 2.47686 17.3487
      vertex 10.7979 2.47686 94.7979
    endloop
  endfacet
  facet normal 0 1 0
    outer loop
      vertex 10.7979 2.47686 17.2021
      vertex 10.7979 2.47686 94.7979
      vertex 10.9651 2.47686 17.3487
    endloop
  endfacet
  facet normal 0 1 0
    outer loop
      vertex 10.7979 2.47686 94.7979
      vertex 10.7979 2.47686 17.2021
      vertex 10.6513 2.47686 94.9651
    endloop
  endfacet
  facet normal 0 1 0
    outer loop
      vertex 10.6513 2.47686 17.0349
      vertex 10.6513 2.47686 94.9651
      vertex 10.7979 2.47686 17.2021
    endloop
  endfacet
  facet normal 0 1 0
    outer loop
      vertex 10.6513 2.47686 94.9651
      vertex 10.6513 2.47686 17.0349
      vertex 10.5278 2.47686 95.15
    endloop
  endfacet
  facet normal 0 1 0
    outer loop
      vertex 10.5278 2.47686 16.85
      vertex 10.5278 2.47686 95.15
      vertex 10.6513 2.47686 17.0349
    endloop
  endfacet
  facet normal 0 1 0
    outer loop
      vertex 10.5278 2.47686 95.15
      vertex 10.5278 2.47686 16.85
      vertex 10.4294 2.47686 95.3494
    endloop
  endfacet
  facet normal 0 1 0
    outer loop
      vertex 10.4294 2.47686 16.6506
      vertex 10.4294 2.47686 95.3494
      vertex 10.5278 2.47686 16.85
    endloop
  endfacet
  facet normal 0 1 0
    outer loop
      vertex 10.3579 2.47686 16.44
      vertex 10.4294 2.47686 95.3494
      vertex 10.4294 2.47686 16.6506
    endloop
  endfacet
  facet normal 0 1 0
    outer loop
      vertex 10.3579 2.47686 95.56
      vertex 10.3579 2.47686 16.44
      vertex 6.4 2.47686 106.38
    endloop
  endfacet
  facet normal 0 1 0
    outer loop
      vertex 6.4 2.47686 5.61964
      vertex 10.3579 2.47686 16.44
      vertex 10.3145 2.47686 16.2219
    endloop
  endfacet
  facet normal 0 1 0
    outer loop
      vertex 6.4 2.47686 5.61964
      vertex 10.3145 2.47686 16.2219
      vertex 10.3 2.47686 16
    endloop
  endfacet
  facet normal 0 1 0
    outer loop
      vertex 12.2219 2.47686 14.3145
      vertex 6.4 2.47686 5.61964
      vertex 12 2.47686 14.3
    endloop
  endfacet
  facet normal 0 1 0
    outer loop
      vertex 10.3579 2.47686 16.44
      vertex 6.4 2.47686 5.61964
      vertex 6.4 2.47686 106.38
    endloop
  endfacet
  facet normal 0 1 0
    outer loop
      vertex 10.3145 2.47686 15.7781
      vertex 6.4 2.47686 5.61964
      vertex 10.3 2.47686 16
    endloop
  endfacet
  facet normal 0 1 0
    outer loop
      vertex 10.3579 2.47686 15.56
      vertex 6.4 2.47686 5.61964
      vertex 10.3145 2.47686 15.7781
    endloop
  endfacet
  facet normal 0 1 0
    outer loop
      vertex 10.4294 2.47686 15.3494
      vertex 6.4 2.47686 5.61964
      vertex 10.3579 2.47686 15.56
    endloop
  endfacet
  facet normal 0 1 0
    outer loop
      vertex 10.5278 2.47686 15.15
      vertex 6.4 2.47686 5.61964
      vertex 10.4294 2.47686 15.3494
    endloop
  endfacet
  facet normal 0 1 0
    outer loop
      vertex 10.6513 2.47686 14.9651
      vertex 6.4 2.47686 5.61964
      vertex 10.5278 2.47686 15.15
    endloop
  endfacet
  facet normal 0 1 0
    outer loop
      vertex 10.7979 2.47686 14.7979
      vertex 6.4 2.47686 5.61964
      vertex 10.6513 2.47686 14.9651
    endloop
  endfacet
  facet normal 0 1 0
    outer loop
      vertex 10.9651 2.47686 14.6513
      vertex 6.4 2.47686 5.61964
      vertex 10.7979 2.47686 14.7979
    endloop
  endfacet
  facet normal 0 1 0
    outer loop
      vertex 11.15 2.47686 14.5278
      vertex 6.4 2.47686 5.61964
      vertex 10.9651 2.47686 14.6513
    endloop
  endfacet
  facet normal 0 1 0
    outer loop
      vertex 11.3494 2.47686 14.4294
      vertex 6.4 2.47686 5.61964
      vertex 11.15 2.47686 14.5278
    endloop
  endfacet
  facet normal 0 1 0
    outer loop
      vertex 11.56 2.47686 14.3579
      vertex 6.4 2.47686 5.61964
      vertex 11.3494 2.47686 14.4294
    endloop
  endfacet
  facet normal 0 1 0
    outer loop
      vertex 11.7781 2.47686 14.3145
      vertex 6.4 2.47686 5.61964
      vertex 11.56 2.47686 14.3579
    endloop
  endfacet
  facet normal 0 1 0
    outer loop
      vertex 12 2.47686 14.3
      vertex 6.4 2.47686 5.61964
      vertex 11.7781 2.47686 14.3145
    endloop
  endfacet
  facet normal 0.180744 0.908663 0.376381
    outer loop
      vertex 6.4 2.47686 5.61964
      vertex 5.12724 3.32729 4.17772
      vertex 4.89868 2.77549 5.61964
    endloop
  endfacet
  facet normal -0.381582 0.0759189 0.921212
    outer loop
      vertex 99.6531 5.54957 3.07412
      vertex 99.8223 6.4 3.07412
      vertex 98.3804 6.4 2.47686
    endloop
  endfacet
  facet normal -0.381441 0.0758908 -0.921273
    outer loop
      vertex 99.8223 6.4 108.926
      vertex 99.6531 5.54957 108.926
      vertex 98.3804 6.4 109.523
    endloop
  endfacet
  facet normal -0.700317 -0.139205 -0.700127
    outer loop
      vertex 100.673 62.8728 107.822
      vertex 100.926 61.6 107.822
      vertex 99.8223 61.6 108.926
    endloop
  endfacet
  facet normal -0.770229 -0.514818 0.376444
    outer loop
      vertex 100.673 62.8728 4.17772
      vertex 101.225 63.1013 5.61964
      vertex 99.9518 63.9518 4.17772
    endloop
  endfacet
  facet normal -0.139284 0.70021 0.700218
    outer loop
      vertex 98.8728 3.32729 4.17772
      vertex 98.4504 4.34688 3.07412
      vertex 97.6 4.17772 3.07412
    endloop
  endfacet
  facet normal 0.831478 -0.555558 0
    outer loop
      vertex 2.77549 63.1013 106.38
      vertex 3.62592 64.3741 5.61964
      vertex 3.62592 64.3741 106.38
    endloop
  endfacet
  facet normal 0.831478 -0.555558 0
    outer loop
      vertex 3.62592 64.3741 5.61964
      vertex 2.77549 63.1013 106.38
      vertex 2.77549 63.1013 5.61964
    endloop
  endfacet
  facet normal 1 0 0
    outer loop
      vertex 2.47686 60 64.96
      vertex 2.47686 61.6 106.38
      vertex 2.47686 60 88.96
    endloop
  endfacet
  facet normal 1 0 0
    outer loop
      vertex 2.47686 61.6 106.38
      vertex 2.47686 8 88.96
      vertex 2.47686 60 88.96
    endloop
  endfacet
  facet normal 1 0 0
    outer loop
      vertex 2.47686 8 88.96
      vertex 2.47686 6.4 106.38
      vertex 2.47686 8 64.96
    endloop
  endfacet
  facet normal 1 -0 0
    outer loop
      vertex 2.47686 6.4 106.38
      vertex 2.47686 8 88.96
      vertex 2.47686 61.6 106.38
    endloop
  endfacet
  facet normal 1 0 0
    outer loop
      vertex 2.47686 61.6 106.38
      vertex 2.47686 60 64.96
      vertex 2.47686 61.6 5.61964
    endloop
  endfacet
  facet normal 1 -0 0
    outer loop
      vertex 2.47686 8 64.96
      vertex 2.47686 61.6 5.61964
      vertex 2.47686 60 64.96
    endloop
  endfacet
  facet normal 1 0 0
    outer loop
      vertex 2.47686 8 64.96
      vertex 2.47686 6.4 5.61964
      vertex 2.47686 61.6 5.61964
    endloop
  endfacet
  facet normal 1 0 0
    outer loop
      vertex 2.47686 6.4 5.61964
      vertex 2.47686 8 64.96
      vertex 2.47686 6.4 106.38
    endloop
  endfacet
  facet normal 0.180746 0.908664 0.376379
    outer loop
      vertex 6.4 2.47686 5.61964
      vertex 6.4 3.07412 4.17772
      vertex 5.12724 3.32729 4.17772
    endloop
  endfacet
  facet normal 0.382682 0 0.92388
    outer loop
      vertex 4.17772 61.6 3.07412
      vertex 5.61964 6.4 2.47686
      vertex 5.61964 61.6 2.47686
    endloop
  endfacet
  facet normal 0.382682 0 0.92388
    outer loop
      vertex 5.61964 6.4 2.47686
      vertex 4.17772 61.6 3.07412
      vertex 4.17772 6.4 3.07412
    endloop
  endfacet
  facet normal 0 -0.707235 -0.706979
    outer loop
      vertex 6.4 64.9259 107.822
      vertex 97.6 63.8223 108.926
      vertex 6.4 63.8223 108.926
    endloop
  endfacet
  facet normal 0 -0.707235 -0.706979
    outer loop
      vertex 97.6 63.8223 108.926
      vertex 6.4 64.9259 107.822
      vertex 97.6 64.9259 107.822
    endloop
  endfacet
  facet normal 0.139322 -0.700332 -0.700089
    outer loop
      vertex 6.4 64.9259 107.822
      vertex 5.54957 63.6531 108.926
      vertex 5.12724 64.6727 107.822
    endloop
  endfacet
  facet normal 0.555556 -0.831479 0
    outer loop
      vertex 3.62592 64.3741 5.61964
      vertex 4.89868 65.2245 106.38
      vertex 3.62592 64.3741 106.38
    endloop
  endfacet
  facet normal 0.555556 -0.831479 0
    outer loop
      vertex 4.89868 65.2245 106.38
      vertex 3.62592 64.3741 5.61964
      vertex 4.89868 65.2245 5.61964
    endloop
  endfacet
  facet normal 0 0.38254 -0.923939
    outer loop
      vertex 6.4 4.17772 108.926
      vertex 97.6 5.61964 109.523
      vertex 97.6 4.17772 108.926
    endloop
  endfacet
  facet normal 0 0.38254 -0.923939
    outer loop
      vertex 97.6 5.61964 109.523
      vertex 6.4 4.17772 108.926
      vertex 6.4 5.61964 109.523
    endloop
  endfacet
  facet normal -0.32336 0.21611 -0.921268
    outer loop
      vertex 98.321 6.10137 109.523
      vertex 99.6531 5.54957 108.926
      vertex 98.1518 5.8482 109.523
    endloop
  endfacet
  facet normal 0 0.707235 -0.706979
    outer loop
      vertex 97.6 3.07412 107.822
      vertex 6.4 4.17772 108.926
      vertex 97.6 4.17772 108.926
    endloop
  endfacet
  facet normal 0 0.707235 -0.706979
    outer loop
      vertex 6.4 4.17772 108.926
      vertex 97.6 3.07412 107.822
      vertex 6.4 3.07412 107.822
    endloop
  endfacet
  facet normal -0.382544 0 -0.923937
    outer loop
      vertex 98.3804 6.4 109.523
      vertex 99.8223 61.6 108.926
      vertex 99.8223 6.4 108.926
    endloop
  endfacet
  facet normal -0.382544 0 -0.923937
    outer loop
      vertex 99.8223 61.6 108.926
      vertex 98.3804 6.4 109.523
      vertex 98.3804 61.6 109.523
    endloop
  endfacet
  facet normal 0 0.923888 -0.382664
    outer loop
      vertex 97.6 2.47686 106.38
      vertex 6.4 3.07412 107.822
      vertex 97.6 3.07412 107.822
    endloop
  endfacet
  facet normal 0 0.923888 -0.382664
    outer loop
      vertex 6.4 3.07412 107.822
      vertex 97.6 2.47686 106.38
      vertex 6.4 2.47686 106.38
    endloop
  endfacet
  facet normal 0.180745 0.90867 -0.376363
    outer loop
      vertex 5.12724 3.32729 107.822
      vertex 6.4 2.47686 106.38
      vertex 4.89868 2.77549 106.38
    endloop
  endfacet
  facet normal -0.216137 0.32349 0.921216
    outer loop
      vertex 98.4504 4.34688 3.07412
      vertex 99.1714 4.82861 3.07412
      vertex 97.8986 5.67904 2.47686
    endloop
  endfacet
  facet normal -0.514741 0.770329 -0.376343
    outer loop
      vertex 100.374 3.62592 106.38
      vertex 99.1013 2.77549 106.38
      vertex 98.8728 3.32729 107.822
    endloop
  endfacet
  facet normal 0.514716 0.770328 0.37638
    outer loop
      vertex 4.89868 2.77549 5.61964
      vertex 5.12724 3.32729 4.17772
      vertex 3.62592 3.62592 5.61964
    endloop
  endfacet
  facet normal -0.0759089 -0.381589 0.92121
    outer loop
      vertex 97.8986 62.321 2.47686
      vertex 98.4504 63.6531 3.07412
      vertex 97.6 62.3804 2.47686
    endloop
  endfacet
  facet normal -1 0 0
    outer loop
      vertex 101.523 61.6 5.61964
      vertex 101.523 60 64.96
      vertex 101.523 61.6 106.38
    endloop
  endfacet
  facet normal -1 0 0
    outer loop
      vertex 101.523 61.6 5.61964
      vertex 101.523 8 64.96
      vertex 101.523 60 64.96
    endloop
  endfacet
  facet normal -1 0 0
    outer loop
      vertex 101.523 6.4 106.38
      vertex 101.523 8 64.96
      vertex 101.523 6.4 5.61964
    endloop
  endfacet
  facet normal -1 0 0
    outer loop
      vertex 101.523 6.4 5.61964
      vertex 101.523 8 64.96
      vertex 101.523 61.6 5.61964
    endloop
  endfacet
  facet normal -1 0 0
    outer loop
      vertex 101.523 60 88.96
      vertex 101.523 61.6 106.38
      vertex 101.523 60 64.96
    endloop
  endfacet
  facet normal -1 0 0
    outer loop
      vertex 101.523 8 88.96
      vertex 101.523 61.6 106.38
      vertex 101.523 60 88.96
    endloop
  endfacet
  facet normal -1 0 0
    outer loop
      vertex 101.523 8 88.96
      vertex 101.523 6.4 106.38
      vertex 101.523 61.6 106.38
    endloop
  endfacet
  facet normal -1 0 0
    outer loop
      vertex 101.523 8 64.96
      vertex 101.523 6.4 106.38
      vertex 101.523 8 88.96
    endloop
  endfacet
  facet normal -0.216128 0.323502 0.921214
    outer loop
      vertex 99.1714 4.82861 3.07412
      vertex 98.1518 5.8482 2.47686
      vertex 97.8986 5.67904 2.47686
    endloop
  endfacet
  facet normal -0.514723 0.770342 0.376342
    outer loop
      vertex 100.374 3.62592 5.61964
      vertex 99.9518 4.04825 4.17772
      vertex 98.8728 3.32729 4.17772
    endloop
  endfacet
  facet normal 0.139338 -0.700336 -0.700082
    outer loop
      vertex 6.4 64.9259 107.822
      vertex 6.4 63.8223 108.926
      vertex 5.54957 63.6531 108.926
    endloop
  endfacet
  facet normal -0.700305 0.139331 -0.700114
    outer loop
      vertex 99.8223 6.4 108.926
      vertex 100.926 6.4 107.822
      vertex 99.6531 5.54957 108.926
    endloop
  endfacet
  facet normal -0.908653 0.180623 -0.376463
    outer loop
      vertex 100.926 6.4 107.822
      vertex 101.225 4.89868 106.38
      vertex 100.673 5.12724 107.822
    endloop
  endfacet
  facet normal 0.216058 -0.323373 -0.921276
    outer loop
      vertex 5.54957 63.6531 108.926
      vertex 5.8482 62.1518 109.523
      vertex 4.82861 63.1714 108.926
    endloop
  endfacet
  facet normal 0.381437 -0.0758747 -0.921276
    outer loop
      vertex 4.34688 62.4504 108.926
      vertex 5.61964 61.6 109.523
      vertex 4.17772 61.6 108.926
    endloop
  endfacet
  facet normal -0.194818 -0.980839 -0
    outer loop
      vertex 97.6 65.5231 8
      vertex 97.6 65.5231 5.61964
      vertex 97.7163 65.5 8
    endloop
  endfacet
  facet normal -0.194818 -0.980839 0
    outer loop
      vertex 97.7163 65.5 104
      vertex 97.6 65.5231 106.38
      vertex 97.6 65.5231 104
    endloop
  endfacet
  facet normal -0.195073 -0.980789 -1.29423e-05
    outer loop
      vertex 97.6 65.5231 106.38
      vertex 97.7163 65.5 104
      vertex 99.1013 65.2245 106.38
    endloop
  endfacet
  facet normal -0.195095 -0.980784 0
    outer loop
      vertex 97.7163 65.5 8
      vertex 99.1013 65.2245 106.38
      vertex 97.7163 65.5 104
    endloop
  endfacet
  facet normal -0.195095 -0.980784 0
    outer loop
      vertex 97.7163 65.5 8
      vertex 99.1013 65.2245 5.61964
      vertex 99.1013 65.2245 106.38
    endloop
  endfacet
  facet normal -0.195073 -0.980789 1.29404e-05
    outer loop
      vertex 99.1013 65.2245 5.61964
      vertex 97.7163 65.5 8
      vertex 97.6 65.5231 5.61964
    endloop
  endfacet
  facet normal 0.770328 0.514716 0.37638
    outer loop
      vertex 3.62592 3.62592 5.61964
      vertex 3.32729 5.12724 4.17772
      vertex 2.77549 4.89868 5.61964
    endloop
  endfacet
  facet normal 0 0 -1
    outer loop
      vertex 97.6 5.61964 109.523
      vertex 98.3804 6.4 109.523
      vertex 98.321 6.10137 109.523
    endloop
  endfacet
  facet normal -0 0 -1
    outer loop
      vertex 98.3804 6.4 109.523
      vertex 97.6 5.61964 109.523
      vertex 98.3804 61.6 109.523
    endloop
  endfacet
  facet normal 0 0 -1
    outer loop
      vertex 97.6 5.61964 109.523
      vertex 98.321 6.10137 109.523
      vertex 98.1518 5.8482 109.523
    endloop
  endfacet
  facet normal 0 0 -1
    outer loop
      vertex 97.6 62.3804 109.523
      vertex 98.3804 61.6 109.523
      vertex 97.6 5.61964 109.523
    endloop
  endfacet
  facet normal 0 0 -1
    outer loop
      vertex 97.6 5.61964 109.523
      vertex 98.1518 5.8482 109.523
      vertex 97.8986 5.67904 109.523
    endloop
  endfacet
  facet normal 0 0 -1
    outer loop
      vertex 98.3804 61.6 109.523
      vertex 97.6 62.3804 109.523
      vertex 98.321 61.8986 109.523
    endloop
  endfacet
  facet normal 0 0 -1
    outer loop
      vertex 98.321 61.8986 109.523
      vertex 97.6 62.3804 109.523
      vertex 98.1518 62.1518 109.523
    endloop
  endfacet
  facet normal 0 0 -1
    outer loop
      vertex 98.1518 62.1518 109.523
      vertex 97.6 62.3804 109.523
      vertex 97.8986 62.321 109.523
    endloop
  endfacet
  facet normal 0 0 -1
    outer loop
      vertex 6.4 5.61964 109.523
      vertex 97.6 62.3804 109.523
      vertex 97.6 5.61964 109.523
    endloop
  endfacet
  facet normal 0 0 -1
    outer loop
      vertex 6.4 5.61964 109.523
      vertex 6.4 62.3804 109.523
      vertex 97.6 62.3804 109.523
    endloop
  endfacet
  facet normal 0 0 -1
    outer loop
      vertex 5.61964 6.4 109.523
      vertex 6.4 5.61964 109.523
      vertex 6.10137 5.67904 109.523
    endloop
  endfacet
  facet normal 0 0 -1
    outer loop
      vertex 6.4 5.61964 109.523
      vertex 5.61964 6.4 109.523
      vertex 6.4 62.3804 109.523
    endloop
  endfacet
  facet normal 0 0 -1
    outer loop
      vertex 5.61964 6.4 109.523
      vertex 6.10137 5.67904 109.523
      vertex 5.8482 5.8482 109.523
    endloop
  endfacet
  facet normal 0 0 -1
    outer loop
      vertex 5.61964 61.6 109.523
      vertex 6.4 62.3804 109.523
      vertex 5.61964 6.4 109.523
    endloop
  endfacet
  facet normal 0 0 -1
    outer loop
      vertex 5.61964 6.4 109.523
      vertex 5.8482 5.8482 109.523
      vertex 5.67904 6.10137 109.523
    endloop
  endfacet
  facet normal 0 0 -1
    outer loop
      vertex 6.4 62.3804 109.523
      vertex 5.61964 61.6 109.523
      vertex 6.10137 62.321 109.523
    endloop
  endfacet
  facet normal 0 0 -1
    outer loop
      vertex 6.10137 62.321 109.523
      vertex 5.61964 61.6 109.523
      vertex 5.8482 62.1518 109.523
    endloop
  endfacet
  facet normal 0 0 -1
    outer loop
      vertex 5.8482 62.1518 109.523
      vertex 5.61964 61.6 109.523
      vertex 5.67904 61.8986 109.523
    endloop
  endfacet
  facet normal 0.770347 -0.514713 -0.376345
    outer loop
      vertex 3.62592 64.3741 106.38
      vertex 3.32729 62.8728 107.822
      vertex 2.77549 63.1013 106.38
    endloop
  endfacet
  facet normal 0.180766 -0.908658 0.376383
    outer loop
      vertex 5.12724 64.6727 4.17772
      vertex 6.4 64.9259 4.17772
      vertex 4.89868 65.2245 5.61964
    endloop
  endfacet
  facet normal 0.908672 -0.180742 -0.376362
    outer loop
      vertex 3.32729 62.8728 107.822
      vertex 3.07412 61.6 107.822
      vertex 2.47686 61.6 106.38
    endloop
  endfacet
  facet normal 0.700215 -0.139278 0.700215
    outer loop
      vertex 4.17772 61.6 3.07412
      vertex 3.32729 62.8728 4.17772
      vertex 3.07412 61.6 4.17772
    endloop
  endfacet
  facet normal 0 -0.923901 -0.382631
    outer loop
      vertex 6.4 65.5231 106.38
      vertex 97.6 64.9259 107.822
      vertex 6.4 64.9259 107.822
    endloop
  endfacet
  facet normal 0 -0.923901 -0.382631
    outer loop
      vertex 97.6 64.9259 107.822
      vertex 6.4 65.5231 106.38
      vertex 97.6 65.5231 106.38
    endloop
  endfacet
  facet normal 0.195071 -0.980789 -1.52742e-05
    outer loop
      vertex 4.89868 65.2245 106.38
      vertex 6.28367 65.5 104
      vertex 6.4 65.5231 106.38
    endloop
  endfacet
  facet normal 0.195096 -0.980784 0
    outer loop
      vertex 4.89868 65.2245 106.38
      vertex 6.28367 65.5 8
      vertex 6.28367 65.5 104
    endloop
  endfacet
  facet normal 0.195096 -0.980784 0
    outer loop
      vertex 4.89868 65.2245 5.61964
      vertex 6.28367 65.5 8
      vertex 4.89868 65.2245 106.38
    endloop
  endfacet
  facet normal 0.195071 -0.980789 1.52719e-05
    outer loop
      vertex 6.4 65.5231 5.61964
      vertex 6.28367 65.5 8
      vertex 4.89868 65.2245 5.61964
    endloop
  endfacet
  facet normal 0.19477 -0.980849 0
    outer loop
      vertex 6.28367 65.5 8
      vertex 6.4 65.5231 5.61964
      vertex 6.4 65.5231 8
    endloop
  endfacet
  facet normal 0.19477 -0.980849 0
    outer loop
      vertex 6.4 65.5231 106.38
      vertex 6.28367 65.5 104
      vertex 6.4 65.5231 104
    endloop
  endfacet
  facet normal 0.514711 -0.770347 -0.376349
    outer loop
      vertex 4.89868 65.2245 106.38
      vertex 4.04825 63.9518 107.822
      vertex 3.62592 64.3741 106.38
    endloop
  endfacet
  facet normal 0.908673 -0.180748 -0.376357
    outer loop
      vertex 2.77549 63.1013 106.38
      vertex 3.32729 62.8728 107.822
      vertex 2.47686 61.6 106.38
    endloop
  endfacet
  facet normal -0.381448 -0.0758809 -0.92127
    outer loop
      vertex 99.6531 62.4504 108.926
      vertex 98.3804 61.6 109.523
      vertex 98.321 61.8986 109.523
    endloop
  endfacet
  facet normal 0.139305 0.700339 -0.700085
    outer loop
      vertex 6.4 4.17772 108.926
      vertex 6.4 3.07412 107.822
      vertex 5.54957 4.34688 108.926
    endloop
  endfacet
  facet normal -0.0758747 0.381437 -0.921276
    outer loop
      vertex 97.6 5.61964 109.523
      vertex 98.4504 4.34688 108.926
      vertex 97.6 4.17772 108.926
    endloop
  endfacet
  facet normal -0.323369 -0.21609 -0.92127
    outer loop
      vertex 99.6531 62.4504 108.926
      vertex 98.321 61.8986 109.523
      vertex 98.1518 62.1518 109.523
    endloop
  endfacet
  facet normal 0.0758721 0.381437 -0.921276
    outer loop
      vertex 6.4 5.61964 109.523
      vertex 6.4 4.17772 108.926
      vertex 5.54957 4.34688 108.926
    endloop
  endfacet
  facet normal 0.0758711 0.381438 -0.921276
    outer loop
      vertex 6.10137 5.67904 109.523
      vertex 6.4 5.61964 109.523
      vertex 5.54957 4.34688 108.926
    endloop
  endfacet
  facet normal -0.770188 0.514967 -0.376324
    outer loop
      vertex 101.225 4.89868 106.38
      vertex 100.374 3.62592 106.38
      vertex 99.9518 4.04825 107.822
    endloop
  endfacet
  facet normal -0.70027 0.1392 -0.700175
    outer loop
      vertex 100.926 6.4 107.822
      vertex 100.673 5.12724 107.822
      vertex 99.6531 5.54957 108.926
    endloop
  endfacet
  facet normal 0.908664 0.180746 0.376379
    outer loop
      vertex 3.32729 5.12724 4.17772
      vertex 3.07412 6.4 4.17772
      vertex 2.47686 6.4 5.61964
    endloop
  endfacet
  facet normal 0.19509 0.980785 -0
    outer loop
      vertex 6.4 2.47686 5.61964
      vertex 4.89868 2.77549 106.38
      vertex 6.4 2.47686 106.38
    endloop
  endfacet
  facet normal 0.19509 0.980785 0
    outer loop
      vertex 4.89868 2.77549 106.38
      vertex 6.4 2.47686 5.61964
      vertex 4.89868 2.77549 5.61964
    endloop
  endfacet
  facet normal 0 -0.382686 0.923878
    outer loop
      vertex 6.4 63.8223 3.07412
      vertex 97.6 62.3804 2.47686
      vertex 97.6 63.8223 3.07412
    endloop
  endfacet
  facet normal 0 -0.382686 0.923878
    outer loop
      vertex 97.6 62.3804 2.47686
      vertex 6.4 63.8223 3.07412
      vertex 6.4 62.3804 2.47686
    endloop
  endfacet
  facet normal 0 -0.707107 0.707107
    outer loop
      vertex 6.4 64.9259 4.17772
      vertex 97.6 63.8223 3.07412
      vertex 97.6 64.9259 4.17772
    endloop
  endfacet
  facet normal 0 -0.707107 0.707107
    outer loop
      vertex 97.6 63.8223 3.07412
      vertex 6.4 64.9259 4.17772
      vertex 6.4 63.8223 3.07412
    endloop
  endfacet
  facet normal -0.396693 0.593725 -0.700089
    outer loop
      vertex 99.1714 4.82861 108.926
      vertex 99.9518 4.04825 107.822
      vertex 98.4504 4.34688 108.926
    endloop
  endfacet
  facet normal -0.139309 0.700334 -0.700089
    outer loop
      vertex 98.4504 4.34688 108.926
      vertex 98.8728 3.32729 107.822
      vertex 97.6 4.17772 108.926
    endloop
  endfacet
  facet normal -0.90865 -0.180616 0.376474
    outer loop
      vertex 100.926 61.6 4.17772
      vertex 101.225 63.1013 5.61964
      vertex 100.673 62.8728 4.17772
    endloop
  endfacet
  facet normal 0.381579 0.0758992 0.921215
    outer loop
      vertex 5.67904 6.10137 2.47686
      vertex 5.61964 6.4 2.47686
      vertex 4.34688 5.54957 3.07412
    endloop
  endfacet
  facet normal -0.21617 -0.323488 0.921209
    outer loop
      vertex 98.1518 62.1518 2.47686
      vertex 98.4504 63.6531 3.07412
      vertex 97.8986 62.321 2.47686
    endloop
  endfacet
  facet normal -0.139278 0.700215 0.700215
    outer loop
      vertex 98.8728 3.32729 4.17772
      vertex 97.6 4.17772 3.07412
      vertex 97.6 3.07412 4.17772
    endloop
  endfacet
  facet normal 0 -0.382544 -0.923937
    outer loop
      vertex 6.4 62.3804 109.523
      vertex 97.6 63.8223 108.926
      vertex 97.6 62.3804 109.523
    endloop
  endfacet
  facet normal -0 -0.382544 -0.923937
    outer loop
      vertex 97.6 63.8223 108.926
      vertex 6.4 62.3804 109.523
      vertex 6.4 63.8223 108.926
    endloop
  endfacet
  facet normal -0.21605 -0.323379 -0.921275
    outer loop
      vertex 98.4504 63.6531 108.926
      vertex 99.1714 63.1714 108.926
      vertex 98.1518 62.1518 109.523
    endloop
  endfacet
  facet normal -0.908657 -0.180618 -0.376456
    outer loop
      vertex 101.225 63.1013 106.38
      vertex 100.926 61.6 107.822
      vertex 100.673 62.8728 107.822
    endloop
  endfacet
  facet normal -0.593589 -0.396753 -0.700171
    outer loop
      vertex 99.9518 63.9518 107.822
      vertex 100.673 62.8728 107.822
      vertex 99.6531 62.4504 108.926
    endloop
  endfacet
  facet normal -0.770192 -0.514954 0.376332
    outer loop
      vertex 101.225 63.1013 5.61964
      vertex 100.374 64.3741 5.61964
      vertex 99.9518 63.9518 4.17772
    endloop
  endfacet
  facet normal -0.908789 -0.18039 -0.376246
    outer loop
      vertex 101.225 63.1013 106.38
      vertex 101.523 61.6 106.38
      vertex 100.926 61.6 107.822
    endloop
  endfacet
  facet normal -0.923947 0 -0.382522
    outer loop
      vertex 101.523 6.4 106.38
      vertex 100.926 61.6 107.822
      vertex 101.523 61.6 106.38
    endloop
  endfacet
  facet normal -0.923947 -0 -0.382522
    outer loop
      vertex 100.926 61.6 107.822
      vertex 101.523 6.4 106.38
      vertex 100.926 6.4 107.822
    endloop
  endfacet
  facet normal -0.831306 -0.555815 0
    outer loop
      vertex 101.225 63.1013 5.61964
      vertex 100.374 64.3741 106.38
      vertex 100.374 64.3741 5.61964
    endloop
  endfacet
  facet normal -0.831306 -0.555815 0
    outer loop
      vertex 100.374 64.3741 106.38
      vertex 101.225 63.1013 5.61964
      vertex 101.225 63.1013 106.38
    endloop
  endfacet
  facet normal 0.70034 0.139307 -0.700084
    outer loop
      vertex 4.34688 5.54957 108.926
      vertex 3.32729 5.12724 107.822
      vertex 3.07412 6.4 107.822
    endloop
  endfacet
  facet normal 0.0758908 -0.381441 -0.921273
    outer loop
      vertex 6.4 63.8223 108.926
      vertex 6.4 62.3804 109.523
      vertex 5.54957 63.6531 108.926
    endloop
  endfacet
  facet normal 0.55557 0.83147 -0
    outer loop
      vertex 4.89868 2.77549 5.61964
      vertex 3.62592 3.62592 106.38
      vertex 4.89868 2.77549 106.38
    endloop
  endfacet
  facet normal 0.55557 0.83147 0
    outer loop
      vertex 3.62592 3.62592 106.38
      vertex 4.89868 2.77549 5.61964
      vertex 3.62592 3.62592 5.61964
    endloop
  endfacet
  facet normal 0.980785 0.19509 0
    outer loop
      vertex 2.77549 4.89868 106.38
      vertex 2.47686 6.4 5.61964
      vertex 2.47686 6.4 106.38
    endloop
  endfacet
  facet normal 0.980785 0.19509 0
    outer loop
      vertex 2.47686 6.4 5.61964
      vertex 2.77549 4.89868 106.38
      vertex 2.77549 4.89868 5.61964
    endloop
  endfacet
  facet normal 0.908663 0.180744 0.376381
    outer loop
      vertex 2.77549 4.89868 5.61964
      vertex 3.32729 5.12724 4.17772
      vertex 2.47686 6.4 5.61964
    endloop
  endfacet
  facet normal 0.700215 0.139283 0.700214
    outer loop
      vertex 3.32729 5.12724 4.17772
      vertex 4.34688 5.54957 3.07412
      vertex 3.07412 6.4 4.17772
    endloop
  endfacet
  facet normal -0.323499 -0.216129 0.921215
    outer loop
      vertex 99.6531 62.4504 3.07412
      vertex 99.1714 63.1714 3.07412
      vertex 98.1518 62.1518 2.47686
    endloop
  endfacet
  facet normal 0.180768 -0.908665 -0.376365
    outer loop
      vertex 6.4 64.9259 107.822
      vertex 5.12724 64.6727 107.822
      vertex 4.89868 65.2245 106.38
    endloop
  endfacet
  facet normal 0.980785 -0.195092 0
    outer loop
      vertex 2.47686 61.6 106.38
      vertex 2.77549 63.1013 5.61964
      vertex 2.77549 63.1013 106.38
    endloop
  endfacet
  facet normal 0.980785 -0.195092 0
    outer loop
      vertex 2.77549 63.1013 5.61964
      vertex 2.47686 61.6 106.38
      vertex 2.47686 61.6 5.61964
    endloop
  endfacet
  facet normal 0 -1 0
    outer loop
      vertex 6.4 65.5231 104
      vertex 97.6 65.5231 106.38
      vertex 6.4 65.5231 106.38
    endloop
  endfacet
  facet normal 0 -1 -0
    outer loop
      vertex 97.6 65.5231 106.38
      vertex 6.4 65.5231 104
      vertex 97.6 65.5231 104
    endloop
  endfacet
  facet normal 0 -1 0
    outer loop
      vertex 6.4 65.5231 5.61964
      vertex 97.6 65.5231 8
      vertex 6.4 65.5231 8
    endloop
  endfacet
  facet normal 0 -1 -0
    outer loop
      vertex 97.6 65.5231 8
      vertex 6.4 65.5231 5.61964
      vertex 97.6 65.5231 5.61964
    endloop
  endfacet
  facet normal 0.700339 -0.139303 -0.700085
    outer loop
      vertex 3.32729 62.8728 107.822
      vertex 4.17772 61.6 108.926
      vertex 3.07412 61.6 107.822
    endloop
  endfacet
  facet normal 0.514691 -0.770352 -0.376365
    outer loop
      vertex 4.89868 65.2245 106.38
      vertex 5.12724 64.6727 107.822
      vertex 4.04825 63.9518 107.822
    endloop
  endfacet
  facet normal -0.139303 0.700339 -0.700085
    outer loop
      vertex 97.6 4.17772 108.926
      vertex 98.8728 3.32729 107.822
      vertex 97.6 3.07412 107.822
    endloop
  endfacet
  facet normal -0.216057 0.323371 -0.921277
    outer loop
      vertex 99.1714 4.82861 108.926
      vertex 98.4504 4.34688 108.926
      vertex 97.8986 5.67904 109.523
    endloop
  endfacet
  facet normal -0.180748 0.908673 -0.376357
    outer loop
      vertex 98.8728 3.32729 107.822
      vertex 99.1013 2.77549 106.38
      vertex 97.6 2.47686 106.38
    endloop
  endfacet
  facet normal 0.323367 0.216067 -0.921276
    outer loop
      vertex 5.67904 6.10137 109.523
      vertex 4.82861 4.82861 108.926
      vertex 4.34688 5.54957 108.926
    endloop
  endfacet
  facet normal -0.381451 0.0758738 -0.92127
    outer loop
      vertex 98.3804 6.4 109.523
      vertex 99.6531 5.54957 108.926
      vertex 98.321 6.10137 109.523
    endloop
  endfacet
  facet normal 0.0758738 -0.381451 -0.92127
    outer loop
      vertex 6.4 62.3804 109.523
      vertex 6.10137 62.321 109.523
      vertex 5.54957 63.6531 108.926
    endloop
  endfacet
  facet normal -0.323373 0.216058 -0.921276
    outer loop
      vertex 99.6531 5.54957 108.926
      vertex 99.1714 4.82861 108.926
      vertex 98.1518 5.8482 109.523
    endloop
  endfacet
  facet normal 0.139283 0.700215 0.700214
    outer loop
      vertex 6.4 3.07412 4.17772
      vertex 5.54957 4.34688 3.07412
      vertex 5.12724 3.32729 4.17772
    endloop
  endfacet
  facet normal 0.0758992 0.381579 0.921215
    outer loop
      vertex 6.4 5.61964 2.47686
      vertex 6.10137 5.67904 2.47686
      vertex 5.54957 4.34688 3.07412
    endloop
  endfacet
  facet normal 0.92388 -0 0.382682
    outer loop
      vertex 2.47686 6.4 5.61964
      vertex 3.07412 61.6 4.17772
      vertex 2.47686 61.6 5.61964
    endloop
  endfacet
  facet normal 0.92388 0 0.382682
    outer loop
      vertex 3.07412 61.6 4.17772
      vertex 2.47686 6.4 5.61964
      vertex 3.07412 6.4 4.17772
    endloop
  endfacet
  facet normal 0.700215 0.13928 0.700215
    outer loop
      vertex 4.34688 5.54957 3.07412
      vertex 4.17772 6.4 3.07412
      vertex 3.07412 6.4 4.17772
    endloop
  endfacet
  facet normal 0.39664 0.593614 0.700214
    outer loop
      vertex 5.12724 3.32729 4.17772
      vertex 5.54957 4.34688 3.07412
      vertex 4.82861 4.82861 3.07412
    endloop
  endfacet
  facet normal -0.908782 -0.180388 0.376264
    outer loop
      vertex 101.523 61.6 5.61964
      vertex 101.225 63.1013 5.61964
      vertex 100.926 61.6 4.17772
    endloop
  endfacet
  facet normal -0.180731 -0.90868 0.376348
    outer loop
      vertex 99.1013 65.2245 5.61964
      vertex 97.6 65.5231 5.61964
      vertex 97.6 64.9259 4.17772
    endloop
  endfacet
  facet normal -0.180747 0.908665 0.376375
    outer loop
      vertex 99.1013 2.77549 5.61964
      vertex 98.8728 3.32729 4.17772
      vertex 97.6 2.47686 5.61964
    endloop
  endfacet
  facet normal -0.216129 -0.323499 0.921215
    outer loop
      vertex 99.1714 63.1714 3.07412
      vertex 98.4504 63.6531 3.07412
      vertex 98.1518 62.1518 2.47686
    endloop
  endfacet
  facet normal -0.0759215 -0.381582 0.921212
    outer loop
      vertex 98.4504 63.6531 3.07412
      vertex 97.6 63.8223 3.07412
      vertex 97.6 62.3804 2.47686
    endloop
  endfacet
  facet normal -0.139294 -0.700213 0.700213
    outer loop
      vertex 98.8728 64.6727 4.17772
      vertex 97.6 64.9259 4.17772
      vertex 97.6 63.8223 3.07412
    endloop
  endfacet
  facet normal 0.700339 0.139305 -0.700085
    outer loop
      vertex 4.17772 6.4 108.926
      vertex 4.34688 5.54957 108.926
      vertex 3.07412 6.4 107.822
    endloop
  endfacet
  facet normal -0.770235 -0.514822 -0.376426
    outer loop
      vertex 101.225 63.1013 106.38
      vertex 100.673 62.8728 107.822
      vertex 99.9518 63.9518 107.822
    endloop
  endfacet
  facet normal -0.90879 0.180387 -0.376247
    outer loop
      vertex 101.523 6.4 106.38
      vertex 101.225 4.89868 106.38
      vertex 100.926 6.4 107.822
    endloop
  endfacet
  facet normal -0.908783 0.180386 0.376264
    outer loop
      vertex 101.225 4.89868 5.61964
      vertex 101.523 6.4 5.61964
      vertex 100.926 6.4 4.17772
    endloop
  endfacet
  facet normal -0.700193 -0.13918 0.700256
    outer loop
      vertex 100.926 61.6 4.17772
      vertex 100.673 62.8728 4.17772
      vertex 99.8223 61.6 3.07412
    endloop
  endfacet
  facet normal -0.0759063 0.381576 0.921216
    outer loop
      vertex 98.4504 4.34688 3.07412
      vertex 97.8986 5.67904 2.47686
      vertex 97.6 5.61964 2.47686
    endloop
  endfacet
  facet normal 0.323369 0.216065 -0.921275
    outer loop
      vertex 5.67904 6.10137 109.523
      vertex 5.8482 5.8482 109.523
      vertex 4.82861 4.82861 108.926
    endloop
  endfacet
  facet normal -0.21609 -0.323369 -0.92127
    outer loop
      vertex 98.4504 63.6531 108.926
      vertex 98.1518 62.1518 109.523
      vertex 97.8986 62.321 109.523
    endloop
  endfacet
  facet normal -0.381441 -0.0758935 -0.921272
    outer loop
      vertex 99.6531 62.4504 108.926
      vertex 99.8223 61.6 108.926
      vertex 98.3804 61.6 109.523
    endloop
  endfacet
  facet normal -0.0758809 -0.381448 -0.92127
    outer loop
      vertex 98.4504 63.6531 108.926
      vertex 97.8986 62.321 109.523
      vertex 97.6 62.3804 109.523
    endloop
  endfacet
  facet normal 0.396689 -0.593724 -0.700093
    outer loop
      vertex 5.54957 63.6531 108.926
      vertex 4.82861 63.1714 108.926
      vertex 4.04825 63.9518 107.822
    endloop
  endfacet
  facet normal 0.700334 -0.139309 -0.700089
    outer loop
      vertex 4.34688 62.4504 108.926
      vertex 4.17772 61.6 108.926
      vertex 3.32729 62.8728 107.822
    endloop
  endfacet
  facet normal 0.514721 0.770333 -0.376364
    outer loop
      vertex 4.04825 4.04825 107.822
      vertex 5.12724 3.32729 107.822
      vertex 3.62592 3.62592 106.38
    endloop
  endfacet
  facet normal 0.908671 0.180748 -0.376361
    outer loop
      vertex 3.07412 6.4 107.822
      vertex 3.32729 5.12724 107.822
      vertex 2.47686 6.4 106.38
    endloop
  endfacet
  facet normal 0.59362 -0.396622 0.700219
    outer loop
      vertex 4.34688 62.4504 3.07412
      vertex 4.82861 63.1714 3.07412
      vertex 4.04825 63.9518 4.17772
    endloop
  endfacet
  facet normal 0.770332 -0.514716 0.376372
    outer loop
      vertex 4.04825 63.9518 4.17772
      vertex 3.62592 64.3741 5.61964
      vertex 3.32729 62.8728 4.17772
    endloop
  endfacet
  facet normal 0.216137 -0.323493 0.921215
    outer loop
      vertex 5.8482 62.1518 2.47686
      vertex 5.54957 63.6531 3.07412
      vertex 4.82861 63.1714 3.07412
    endloop
  endfacet
  facet normal 0.70021 -0.139284 0.700218
    outer loop
      vertex 4.17772 61.6 3.07412
      vertex 4.34688 62.4504 3.07412
      vertex 3.32729 62.8728 4.17772
    endloop
  endfacet
  facet normal 0.18073 -0.908687 -0.37633
    outer loop
      vertex 6.4 65.5231 106.38
      vertex 6.4 64.9259 107.822
      vertex 4.89868 65.2245 106.38
    endloop
  endfacet
  facet normal -0.180742 0.908672 -0.376362
    outer loop
      vertex 97.6 3.07412 107.822
      vertex 98.8728 3.32729 107.822
      vertex 97.6 2.47686 106.38
    endloop
  endfacet
  facet normal -0.555588 0.831458 0
    outer loop
      vertex 100.374 3.62592 5.61964
      vertex 99.1013 2.77549 106.38
      vertex 100.374 3.62592 106.38
    endloop
  endfacet
  facet normal -0.555588 0.831458 0
    outer loop
      vertex 99.1013 2.77549 106.38
      vertex 100.374 3.62592 5.61964
      vertex 99.1013 2.77549 5.61964
    endloop
  endfacet
  facet normal -0.0758935 -0.381441 -0.921272
    outer loop
      vertex 97.6 63.8223 108.926
      vertex 98.4504 63.6531 108.926
      vertex 97.6 62.3804 109.523
    endloop
  endfacet
  facet normal -0.323379 -0.21605 -0.921275
    outer loop
      vertex 99.1714 63.1714 108.926
      vertex 99.6531 62.4504 108.926
      vertex 98.1518 62.1518 109.523
    endloop
  endfacet
  facet normal 0.514717 0.770327 0.376382
    outer loop
      vertex 5.12724 3.32729 4.17772
      vertex 4.04825 4.04825 4.17772
      vertex 3.62592 3.62592 5.61964
    endloop
  endfacet
  facet normal 0.770327 0.514717 0.376382
    outer loop
      vertex 3.62592 3.62592 5.61964
      vertex 4.04825 4.04825 4.17772
      vertex 3.32729 5.12724 4.17772
    endloop
  endfacet
  facet normal -0.323488 -0.21617 0.921209
    outer loop
      vertex 98.321 61.8986 2.47686
      vertex 99.6531 62.4504 3.07412
      vertex 98.1518 62.1518 2.47686
    endloop
  endfacet
  facet normal 0.707107 -0 0.707107
    outer loop
      vertex 3.07412 6.4 4.17772
      vertex 4.17772 61.6 3.07412
      vertex 3.07412 61.6 4.17772
    endloop
  endfacet
  facet normal 0.707107 0 0.707107
    outer loop
      vertex 4.17772 61.6 3.07412
      vertex 3.07412 6.4 4.17772
      vertex 4.17772 6.4 3.07412
    endloop
  endfacet
  facet normal 0.908665 -0.180741 0.376379
    outer loop
      vertex 3.07412 61.6 4.17772
      vertex 3.32729 62.8728 4.17772
      vertex 2.47686 61.6 5.61964
    endloop
  endfacet
  facet normal 0.908665 -0.180747 0.376375
    outer loop
      vertex 3.32729 62.8728 4.17772
      vertex 2.77549 63.1013 5.61964
      vertex 2.47686 61.6 5.61964
    endloop
  endfacet
  facet normal 0 0.92388 0.382682
    outer loop
      vertex 97.6 3.07412 4.17772
      vertex 6.4 2.47686 5.61964
      vertex 97.6 2.47686 5.61964
    endloop
  endfacet
  facet normal 0 0.92388 0.382682
    outer loop
      vertex 6.4 2.47686 5.61964
      vertex 97.6 3.07412 4.17772
      vertex 6.4 3.07412 4.17772
    endloop
  endfacet
  facet normal -0.908646 0.180621 0.376481
    outer loop
      vertex 101.225 4.89868 5.61964
      vertex 100.926 6.4 4.17772
      vertex 100.673 5.12724 4.17772
    endloop
  endfacet
  facet normal -0.195092 0.980785 0
    outer loop
      vertex 99.1013 2.77549 5.61964
      vertex 97.6 2.47686 106.38
      vertex 99.1013 2.77549 106.38
    endloop
  endfacet
  facet normal -0.195092 0.980785 0
    outer loop
      vertex 97.6 2.47686 106.38
      vertex 99.1013 2.77549 5.61964
      vertex 97.6 2.47686 5.61964
    endloop
  endfacet
  facet normal -0.593624 -0.3966 0.700228
    outer loop
      vertex 99.6531 62.4504 3.07412
      vertex 99.9518 63.9518 4.17772
      vertex 99.1714 63.1714 3.07412
    endloop
  endfacet
  facet normal -0.139315 -0.700198 0.700225
    outer loop
      vertex 98.4504 63.6531 3.07412
      vertex 98.8728 64.6727 4.17772
      vertex 97.6 63.8223 3.07412
    endloop
  endfacet
  facet normal 0.323486 0.216147 0.921215
    outer loop
      vertex 4.82861 4.82861 3.07412
      vertex 5.67904 6.10137 2.47686
      vertex 4.34688 5.54957 3.07412
    endloop
  endfacet
  facet normal -0.700229 -0.139321 -0.700192
    outer loop
      vertex 100.673 62.8728 107.822
      vertex 99.8223 61.6 108.926
      vertex 99.6531 62.4504 108.926
    endloop
  endfacet
  facet normal -0.770199 -0.514958 -0.376314
    outer loop
      vertex 100.374 64.3741 106.38
      vertex 101.225 63.1013 106.38
      vertex 99.9518 63.9518 107.822
    endloop
  endfacet
  facet normal 0.21611 -0.32336 -0.921268
    outer loop
      vertex 6.10137 62.321 109.523
      vertex 5.8482 62.1518 109.523
      vertex 5.54957 63.6531 108.926
    endloop
  endfacet
  facet normal -0.831298 0.555827 0
    outer loop
      vertex 100.374 3.62592 5.61964
      vertex 101.225 4.89868 106.38
      vertex 101.225 4.89868 5.61964
    endloop
  endfacet
  facet normal -0.831298 0.555827 0
    outer loop
      vertex 101.225 4.89868 106.38
      vertex 100.374 3.62592 5.61964
      vertex 100.374 3.62592 106.38
    endloop
  endfacet
  facet normal -0.381582 -0.0759215 0.921212
    outer loop
      vertex 99.8223 61.6 3.07412
      vertex 99.6531 62.4504 3.07412
      vertex 98.3804 61.6 2.47686
    endloop
  endfacet
  facet normal -0.396605 -0.593615 0.700232
    outer loop
      vertex 99.9518 63.9518 4.17772
      vertex 98.8728 64.6727 4.17772
      vertex 98.4504 63.6531 3.07412
    endloop
  endfacet
  facet normal -0.139319 -0.700338 -0.700084
    outer loop
      vertex 97.6 64.9259 107.822
      vertex 98.8728 64.6727 107.822
      vertex 97.6 63.8223 108.926
    endloop
  endfacet
  facet normal -0.707203 0 -0.707011
    outer loop
      vertex 100.926 6.4 107.822
      vertex 99.8223 61.6 108.926
      vertex 100.926 61.6 107.822
    endloop
  endfacet
  facet normal -0.707203 -0 -0.707011
    outer loop
      vertex 99.8223 61.6 108.926
      vertex 100.926 6.4 107.822
      vertex 99.8223 6.4 108.926
    endloop
  endfacet
  facet normal -0.980864 -0.194696 0
    outer loop
      vertex 101.523 61.6 5.61964
      vertex 101.225 63.1013 106.38
      vertex 101.225 63.1013 5.61964
    endloop
  endfacet
  facet normal -0.980864 -0.194696 0
    outer loop
      vertex 101.225 63.1013 106.38
      vertex 101.523 61.6 5.61964
      vertex 101.523 61.6 106.38
    endloop
  endfacet
  facet normal -0.514736 -0.770349 -0.376311
    outer loop
      vertex 100.374 64.3741 106.38
      vertex 99.9518 63.9518 107.822
      vertex 99.1013 65.2245 106.38
    endloop
  endfacet
  facet normal -0.514692 -0.77036 -0.376347
    outer loop
      vertex 99.1013 65.2245 106.38
      vertex 99.9518 63.9518 107.822
      vertex 98.8728 64.6727 107.822
    endloop
  endfacet
  facet normal 0.59371 -0.396702 -0.700097
    outer loop
      vertex 4.04825 63.9518 107.822
      vertex 4.34688 62.4504 108.926
      vertex 3.32729 62.8728 107.822
    endloop
  endfacet
  facet normal 0.396686 -0.59373 -0.70009
    outer loop
      vertex 5.12724 64.6727 107.822
      vertex 5.54957 63.6531 108.926
      vertex 4.04825 63.9518 107.822
    endloop
  endfacet
  facet normal 0.381435 -0.0758782 -0.921276
    outer loop
      vertex 5.67904 61.8986 109.523
      vertex 5.61964 61.6 109.523
      vertex 4.34688 62.4504 108.926
    endloop
  endfacet
  facet normal 0.593725 -0.396693 -0.700089
    outer loop
      vertex 4.82861 63.1714 108.926
      vertex 4.34688 62.4504 108.926
      vertex 4.04825 63.9518 107.822
    endloop
  endfacet
  facet normal 0.396711 0.593719 -0.700084
    outer loop
      vertex 5.54957 4.34688 108.926
      vertex 5.12724 3.32729 107.822
      vertex 4.82861 4.82861 108.926
    endloop
  endfacet
  facet normal 0.216067 0.323367 -0.921276
    outer loop
      vertex 6.10137 5.67904 109.523
      vertex 5.54957 4.34688 108.926
      vertex 4.82861 4.82861 108.926
    endloop
  endfacet
  facet normal 0.139298 -0.700207 0.700218
    outer loop
      vertex 5.54957 63.6531 3.07412
      vertex 6.4 64.9259 4.17772
      vertex 5.12724 64.6727 4.17772
    endloop
  endfacet
  facet normal 0.139313 -0.700211 0.700211
    outer loop
      vertex 6.4 63.8223 3.07412
      vertex 6.4 64.9259 4.17772
      vertex 5.54957 63.6531 3.07412
    endloop
  endfacet
  facet normal 0.514707 -0.770341 0.376367
    outer loop
      vertex 4.04825 63.9518 4.17772
      vertex 4.89868 65.2245 5.61964
      vertex 3.62592 64.3741 5.61964
    endloop
  endfacet
  facet normal 0.770341 -0.514709 0.376363
    outer loop
      vertex 3.32729 62.8728 4.17772
      vertex 3.62592 64.3741 5.61964
      vertex 2.77549 63.1013 5.61964
    endloop
  endfacet
  facet normal 0.396615 -0.593624 0.700219
    outer loop
      vertex 5.54957 63.6531 3.07412
      vertex 5.12724 64.6727 4.17772
      vertex 4.04825 63.9518 4.17772
    endloop
  endfacet
  facet normal 0.514687 -0.770346 0.376383
    outer loop
      vertex 5.12724 64.6727 4.17772
      vertex 4.89868 65.2245 5.61964
      vertex 4.04825 63.9518 4.17772
    endloop
  endfacet
  facet normal -0.514727 0.770348 -0.376324
    outer loop
      vertex 99.9518 4.04825 107.822
      vertex 100.374 3.62592 106.38
      vertex 98.8728 3.32729 107.822
    endloop
  endfacet
  facet normal -0.396702 0.59371 -0.700097
    outer loop
      vertex 99.9518 4.04825 107.822
      vertex 98.8728 3.32729 107.822
      vertex 98.4504 4.34688 108.926
    endloop
  endfacet
  facet normal 0.90867 0.180745 -0.376363
    outer loop
      vertex 3.32729 5.12724 107.822
      vertex 2.77549 4.89868 106.38
      vertex 2.47686 6.4 106.38
    endloop
  endfacet
  facet normal 0.770334 0.51472 -0.376363
    outer loop
      vertex 3.32729 5.12724 107.822
      vertex 3.62592 3.62592 106.38
      vertex 2.77549 4.89868 106.38
    endloop
  endfacet
  facet normal 0.216147 0.323486 0.921215
    outer loop
      vertex 5.54957 4.34688 3.07412
      vertex 6.10137 5.67904 2.47686
      vertex 4.82861 4.82861 3.07412
    endloop
  endfacet
  facet normal 0.216145 0.323489 0.921215
    outer loop
      vertex 6.10137 5.67904 2.47686
      vertex 5.8482 5.8482 2.47686
      vertex 4.82861 4.82861 3.07412
    endloop
  endfacet
  facet normal 0.32349 -0.216137 0.921216
    outer loop
      vertex 5.67904 61.8986 2.47686
      vertex 4.82861 63.1714 3.07412
      vertex 4.34688 62.4504 3.07412
    endloop
  endfacet
  facet normal 0.593604 -0.396631 0.700227
    outer loop
      vertex 4.34688 62.4504 3.07412
      vertex 4.04825 63.9518 4.17772
      vertex 3.32729 62.8728 4.17772
    endloop
  endfacet
  facet normal -0.381589 -0.0759089 0.92121
    outer loop
      vertex 98.3804 61.6 2.47686
      vertex 99.6531 62.4504 3.07412
      vertex 98.321 61.8986 2.47686
    endloop
  endfacet
  facet normal -0.770182 0.514963 0.376342
    outer loop
      vertex 100.374 3.62592 5.61964
      vertex 101.225 4.89868 5.61964
      vertex 99.9518 4.04825 4.17772
    endloop
  endfacet
  facet normal -0.396622 0.59362 0.700219
    outer loop
      vertex 99.9518 4.04825 4.17772
      vertex 99.1714 4.82861 3.07412
      vertex 98.4504 4.34688 3.07412
    endloop
  endfacet
  facet normal -0.396631 0.593604 0.700227
    outer loop
      vertex 98.8728 3.32729 4.17772
      vertex 99.9518 4.04825 4.17772
      vertex 98.4504 4.34688 3.07412
    endloop
  endfacet
  facet normal 0.593614 0.39664 0.700214
    outer loop
      vertex 4.82861 4.82861 3.07412
      vertex 4.34688 5.54957 3.07412
      vertex 3.32729 5.12724 4.17772
    endloop
  endfacet
  facet normal -0.382686 0 0.923878
    outer loop
      vertex 98.3804 61.6 2.47686
      vertex 99.8223 6.4 3.07412
      vertex 99.8223 61.6 3.07412
    endloop
  endfacet
  facet normal -0.382686 0 0.923878
    outer loop
      vertex 99.8223 6.4 3.07412
      vertex 98.3804 61.6 2.47686
      vertex 98.3804 6.4 2.47686
    endloop
  endfacet
  facet normal -0.0759028 0.381578 0.921215
    outer loop
      vertex 98.4504 4.34688 3.07412
      vertex 97.6 5.61964 2.47686
      vertex 97.6 4.17772 3.07412
    endloop
  endfacet
  facet normal -0 0.382682 0.92388
    outer loop
      vertex 6.4 5.61964 2.47686
      vertex 97.6 4.17772 3.07412
      vertex 97.6 5.61964 2.47686
    endloop
  endfacet
  facet normal 0 0.382682 0.92388
    outer loop
      vertex 97.6 4.17772 3.07412
      vertex 6.4 5.61964 2.47686
      vertex 6.4 4.17772 3.07412
    endloop
  endfacet
  facet normal -0.180761 -0.908662 0.376376
    outer loop
      vertex 98.8728 64.6727 4.17772
      vertex 99.1013 65.2245 5.61964
      vertex 97.6 64.9259 4.17772
    endloop
  endfacet
  facet normal -0.3966 -0.593624 0.700228
    outer loop
      vertex 99.1714 63.1714 3.07412
      vertex 99.9518 63.9518 4.17772
      vertex 98.4504 63.6531 3.07412
    endloop
  endfacet
  facet normal -0.323493 0.216137 0.921215
    outer loop
      vertex 99.1714 4.82861 3.07412
      vertex 99.6531 5.54957 3.07412
      vertex 98.1518 5.8482 2.47686
    endloop
  endfacet
  facet normal -0.593618 0.396618 0.700222
    outer loop
      vertex 99.9518 4.04825 4.17772
      vertex 99.6531 5.54957 3.07412
      vertex 99.1714 4.82861 3.07412
    endloop
  endfacet
  facet normal 0 0 1
    outer loop
      vertex 97.6 62.3804 2.47686
      vertex 98.3804 61.6 2.47686
      vertex 98.321 61.8986 2.47686
    endloop
  endfacet
  facet normal 0 0 1
    outer loop
      vertex 98.3804 61.6 2.47686
      vertex 97.6 62.3804 2.47686
      vertex 98.3804 6.4 2.47686
    endloop
  endfacet
  facet normal 0 0 1
    outer loop
      vertex 97.6 62.3804 2.47686
      vertex 98.321 61.8986 2.47686
      vertex 98.1518 62.1518 2.47686
    endloop
  endfacet
  facet normal 0 0 1
    outer loop
      vertex 97.6 5.61964 2.47686
      vertex 98.3804 6.4 2.47686
      vertex 97.6 62.3804 2.47686
    endloop
  endfacet
  facet normal 0 0 1
    outer loop
      vertex 97.6 62.3804 2.47686
      vertex 98.1518 62.1518 2.47686
      vertex 97.8986 62.321 2.47686
    endloop
  endfacet
  facet normal 0 0 1
    outer loop
      vertex 98.3804 6.4 2.47686
      vertex 97.6 5.61964 2.47686
      vertex 98.321 6.10137 2.47686
    endloop
  endfacet
  facet normal 0 0 1
    outer loop
      vertex 98.321 6.10137 2.47686
      vertex 97.6 5.61964 2.47686
      vertex 98.1518 5.8482 2.47686
    endloop
  endfacet
  facet normal 0 0 1
    outer loop
      vertex 98.1518 5.8482 2.47686
      vertex 97.6 5.61964 2.47686
      vertex 97.8986 5.67904 2.47686
    endloop
  endfacet
  facet normal -0 0 1
    outer loop
      vertex 6.4 62.3804 2.47686
      vertex 97.6 5.61964 2.47686
      vertex 97.6 62.3804 2.47686
    endloop
  endfacet
  facet normal 0 0 1
    outer loop
      vertex 6.4 62.3804 2.47686
      vertex 6.4 5.61964 2.47686
      vertex 97.6 5.61964 2.47686
    endloop
  endfacet
  facet normal 0 0 1
    outer loop
      vertex 5.61964 61.6 2.47686
      vertex 6.4 62.3804 2.47686
      vertex 6.10137 62.321 2.47686
    endloop
  endfacet
  facet normal 0 0 1
    outer loop
      vertex 6.4 62.3804 2.47686
      vertex 5.61964 61.6 2.47686
      vertex 6.4 5.61964 2.47686
    endloop
  endfacet
  facet normal 0 0 1
    outer loop
      vertex 5.61964 61.6 2.47686
      vertex 6.10137 62.321 2.47686
      vertex 5.8482 62.1518 2.47686
    endloop
  endfacet
  facet normal -0 0 1
    outer loop
      vertex 5.61964 6.4 2.47686
      vertex 6.4 5.61964 2.47686
      vertex 5.61964 61.6 2.47686
    endloop
  endfacet
  facet normal 0 0 1
    outer loop
      vertex 5.61964 61.6 2.47686
      vertex 5.8482 62.1518 2.47686
      vertex 5.67904 61.8986 2.47686
    endloop
  endfacet
  facet normal 0 0 1
    outer loop
      vertex 6.4 5.61964 2.47686
      vertex 5.61964 6.4 2.47686
      vertex 6.10137 5.67904 2.47686
    endloop
  endfacet
  facet normal 0 0 1
    outer loop
      vertex 6.10137 5.67904 2.47686
      vertex 5.61964 6.4 2.47686
      vertex 5.8482 5.8482 2.47686
    endloop
  endfacet
  facet normal 0 0 1
    outer loop
      vertex 5.8482 5.8482 2.47686
      vertex 5.61964 6.4 2.47686
      vertex 5.67904 6.10137 2.47686
    endloop
  endfacet
  facet normal -0.593492 0.396692 0.700288
    outer loop
      vertex 99.9518 4.04825 4.17772
      vertex 100.673 5.12724 4.17772
      vertex 99.6531 5.54957 3.07412
    endloop
  endfacet
  facet normal -0.396671 -0.59373 -0.700098
    outer loop
      vertex 99.9518 63.9518 107.822
      vertex 99.1714 63.1714 108.926
      vertex 98.4504 63.6531 108.926
    endloop
  endfacet
  facet normal -0.396676 -0.593721 -0.700103
    outer loop
      vertex 98.8728 64.6727 107.822
      vertex 99.9518 63.9518 107.822
      vertex 98.4504 63.6531 108.926
    endloop
  endfacet
  facet normal -0.514688 -0.770354 0.376365
    outer loop
      vertex 99.9518 63.9518 4.17772
      vertex 99.1013 65.2245 5.61964
      vertex 98.8728 64.6727 4.17772
    endloop
  endfacet
  facet normal -0.514732 -0.770343 0.376328
    outer loop
      vertex 99.9518 63.9518 4.17772
      vertex 100.374 64.3741 5.61964
      vertex 99.1013 65.2245 5.61964
    endloop
  endfacet
  facet normal -0.593483 -0.396682 0.700301
    outer loop
      vertex 100.673 62.8728 4.17772
      vertex 99.9518 63.9518 4.17772
      vertex 99.6531 62.4504 3.07412
    endloop
  endfacet
  facet normal -0.700104 -0.139296 0.700322
    outer loop
      vertex 99.8223 61.6 3.07412
      vertex 100.673 62.8728 4.17772
      vertex 99.6531 62.4504 3.07412
    endloop
  endfacet
  facet normal 0.323371 -0.216057 -0.921277
    outer loop
      vertex 4.82861 63.1714 108.926
      vertex 5.67904 61.8986 109.523
      vertex 4.34688 62.4504 108.926
    endloop
  endfacet
  facet normal 0.323383 -0.216048 -0.921274
    outer loop
      vertex 5.8482 62.1518 109.523
      vertex 5.67904 61.8986 109.523
      vertex 4.82861 63.1714 108.926
    endloop
  endfacet
  facet normal 0.381576 -0.0759063 0.921216
    outer loop
      vertex 5.61964 61.6 2.47686
      vertex 5.67904 61.8986 2.47686
      vertex 4.34688 62.4504 3.07412
    endloop
  endfacet
  facet normal 0.381578 -0.0759028 0.921215
    outer loop
      vertex 5.61964 61.6 2.47686
      vertex 4.34688 62.4504 3.07412
      vertex 4.17772 61.6 3.07412
    endloop
  endfacet
  facet normal 0.0759018 -0.381592 0.921209
    outer loop
      vertex 6.10137 62.321 2.47686
      vertex 6.4 62.3804 2.47686
      vertex 5.54957 63.6531 3.07412
    endloop
  endfacet
  facet normal 0.21619 -0.323479 0.921207
    outer loop
      vertex 5.8482 62.1518 2.47686
      vertex 6.10137 62.321 2.47686
      vertex 5.54957 63.6531 3.07412
    endloop
  endfacet
  facet normal -0.593598 0.396762 -0.700158
    outer loop
      vertex 100.673 5.12724 107.822
      vertex 99.9518 4.04825 107.822
      vertex 99.6531 5.54957 108.926
    endloop
  endfacet
  facet normal -0.593724 0.396689 -0.700093
    outer loop
      vertex 99.6531 5.54957 108.926
      vertex 99.9518 4.04825 107.822
      vertex 99.1714 4.82861 108.926
    endloop
  endfacet
  facet normal -0.70018 0.139307 0.700244
    outer loop
      vertex 100.926 6.4 4.17772
      vertex 99.8223 6.4 3.07412
      vertex 99.6531 5.54957 3.07412
    endloop
  endfacet
  facet normal -0.707075 0 0.707139
    outer loop
      vertex 99.8223 61.6 3.07412
      vertex 100.926 6.4 4.17772
      vertex 100.926 61.6 4.17772
    endloop
  endfacet
  facet normal -0.707075 0 0.707139
    outer loop
      vertex 100.926 6.4 4.17772
      vertex 99.8223 61.6 3.07412
      vertex 99.8223 6.4 3.07412
    endloop
  endfacet
  facet normal 0.0759001 0.381578 0.921215
    outer loop
      vertex 6.4 4.17772 3.07412
      vertex 6.4 5.61964 2.47686
      vertex 5.54957 4.34688 3.07412
    endloop
  endfacet
  facet normal 0.13928 0.700215 0.700215
    outer loop
      vertex 6.4 3.07412 4.17772
      vertex 6.4 4.17772 3.07412
      vertex 5.54957 4.34688 3.07412
    endloop
  endfacet
  facet normal 0.381438 0.0758711 -0.921276
    outer loop
      vertex 5.61964 6.4 109.523
      vertex 5.67904 6.10137 109.523
      vertex 4.34688 5.54957 108.926
    endloop
  endfacet
  facet normal 0.381437 0.0758721 -0.921276
    outer loop
      vertex 5.61964 6.4 109.523
      vertex 4.34688 5.54957 108.926
      vertex 4.17772 6.4 108.926
    endloop
  endfacet
  facet normal -0.77022 0.514817 0.376462
    outer loop
      vertex 101.225 4.89868 5.61964
      vertex 100.673 5.12724 4.17772
      vertex 99.9518 4.04825 4.17772
    endloop
  endfacet
  facet normal -0.700145 0.139175 0.700305
    outer loop
      vertex 100.673 5.12724 4.17772
      vertex 100.926 6.4 4.17772
      vertex 99.6531 5.54957 3.07412
    endloop
  endfacet
  facet normal 0.396641 0.593614 0.700213
    outer loop
      vertex 5.12724 3.32729 4.17772
      vertex 4.82861 4.82861 3.07412
      vertex 4.04825 4.04825 4.17772
    endloop
  endfacet
  facet normal 0.593614 0.396641 0.700213
    outer loop
      vertex 4.04825 4.04825 4.17772
      vertex 4.82861 4.82861 3.07412
      vertex 3.32729 5.12724 4.17772
    endloop
  endfacet
  facet normal -0.323479 0.21619 0.921207
    outer loop
      vertex 99.6531 5.54957 3.07412
      vertex 98.321 6.10137 2.47686
      vertex 98.1518 5.8482 2.47686
    endloop
  endfacet
  facet normal -0.381592 0.0759018 0.921209
    outer loop
      vertex 99.6531 5.54957 3.07412
      vertex 98.3804 6.4 2.47686
      vertex 98.321 6.10137 2.47686
    endloop
  endfacet
  facet normal 0 0 -1
    outer loop
      vertex 97.7163 65.5 104
      vertex 102.161 66.1611 104
      vertex 102.603 65.5 104
    endloop
  endfacet
  facet normal -0 0 -1
    outer loop
      vertex 102.161 66.1611 104
      vertex 97.7163 65.5 104
      vertex 100.252 67.4368 104
    endloop
  endfacet
  facet normal -0 0 -1
    outer loop
      vertex 100.252 67.4368 104
      vertex 97.7163 65.5 104
      vertex 98 67.8847 104
    endloop
  endfacet
  facet normal 0 0 -1
    outer loop
      vertex 97.6 65.5231 104
      vertex 98 67.8847 104
      vertex 97.7163 65.5 104
    endloop
  endfacet
  facet normal 0 0 -1
    outer loop
      vertex 6.4 65.5231 104
      vertex 98 67.8847 104
      vertex 97.6 65.5231 104
    endloop
  endfacet
  facet normal 0 0 -1
    outer loop
      vertex 6.4 65.5231 104
      vertex 6 67.8847 104
      vertex 98 67.8847 104
    endloop
  endfacet
  facet normal 0 0 -1
    outer loop
      vertex 6.28367 65.5 104
      vertex 6 67.8847 104
      vertex 6.4 65.5231 104
    endloop
  endfacet
  facet normal 0 0 -1
    outer loop
      vertex 6.28367 65.5 104
      vertex 3.74802 67.4368 104
      vertex 6 67.8847 104
    endloop
  endfacet
  facet normal 0 0 -1
    outer loop
      vertex 6.28367 65.5 104
      vertex 1.83888 66.1611 104
      vertex 3.74802 67.4368 104
    endloop
  endfacet
  facet normal 0 -0 -1
    outer loop
      vertex 1.83888 66.1611 104
      vertex 6.28367 65.5 104
      vertex 1.39713 65.5 104
    endloop
  endfacet
  facet normal 0 0 1
    outer loop
      vertex 97.7163 65.5 8
      vertex 102.161 66.1611 8
      vertex 100.252 67.4368 8
    endloop
  endfacet
  facet normal 0 0 1
    outer loop
      vertex 97.7163 65.5 8
      vertex 100.252 67.4368 8
      vertex 98 67.8847 8
    endloop
  endfacet
  facet normal 0 0 1
    outer loop
      vertex 102.161 66.1611 8
      vertex 97.7163 65.5 8
      vertex 102.603 65.5 8
    endloop
  endfacet
  facet normal 0 0 1
    outer loop
      vertex 98 67.8847 8
      vertex 97.6 65.5231 8
      vertex 97.7163 65.5 8
    endloop
  endfacet
  facet normal 0 0 1
    outer loop
      vertex 98 67.8847 8
      vertex 6.4 65.5231 8
      vertex 97.6 65.5231 8
    endloop
  endfacet
  facet normal -0 0 1
    outer loop
      vertex 6 67.8847 8
      vertex 6.4 65.5231 8
      vertex 98 67.8847 8
    endloop
  endfacet
  facet normal 0 0 1
    outer loop
      vertex 6 67.8847 8
      vertex 6.28367 65.5 8
      vertex 6.4 65.5231 8
    endloop
  endfacet
  facet normal -0 0 1
    outer loop
      vertex 3.74802 67.4368 8
      vertex 6.28367 65.5 8
      vertex 6 67.8847 8
    endloop
  endfacet
  facet normal -0 0 1
    outer loop
      vertex 1.83888 66.1611 8
      vertex 6.28367 65.5 8
      vertex 3.74802 67.4368 8
    endloop
  endfacet
  facet normal 0 0 1
    outer loop
      vertex 6.28367 65.5 8
      vertex 1.83888 66.1611 8
      vertex 1.39713 65.5 8
    endloop
  endfacet
  facet normal 0 1 -0
    outer loop
      vertex 6.28367 65.5 8
      vertex 1.39713 65.5 104
      vertex 6.28367 65.5 104
    endloop
  endfacet
  facet normal 0 1 0
    outer loop
      vertex 1.39713 65.5 104
      vertex 6.28367 65.5 8
      vertex 1.39713 65.5 8
    endloop
  endfacet
  facet normal 0 1 -0
    outer loop
      vertex 102.603 65.5 8
      vertex 97.7163 65.5 104
      vertex 102.603 65.5 104
    endloop
  endfacet
  facet normal 0 1 0
    outer loop
      vertex 97.7163 65.5 104
      vertex 102.603 65.5 8
      vertex 97.7163 65.5 8
    endloop
  endfacet
endsolid OpenSCAD_Model
