solid OpenSCAD_Model
  facet normal 0.831454 -0 0.555593
    outer loop
      vertex 6.61436 0.008564 11.2
      vertex 6.73063 29.9914 11.026
      vertex 6.61436 29.9914 11.2
    endloop
  endfacet
  facet normal 0.831454 0 0.555593
    outer loop
      vertex 6.73063 29.9914 11.026
      vertex 6.61436 0.008564 11.2
      vertex 6.73063 0.008564 11.026
    endloop
  endfacet
  facet normal -0.980791 0 -0.195059
    outer loop
      vertex 9.58631 0.008564 12.2088
      vertex 9.54548 29.9914 12.4141
      vertex 9.58631 29.9914 12.2088
    endloop
  endfacet
  facet normal -0.980791 -0 -0.195059
    outer loop
      vertex 9.54548 29.9914 12.4141
      vertex 9.58631 0.008564 12.2088
      vertex 9.54548 0.008564 12.4141
    endloop
  endfacet
  facet normal -0.89686 0 0.442314
    outer loop
      vertex 9.38564 0.008564 11.2
      vertex 9.47821 29.9914 11.3877
      vertex 9.38564 29.9914 11.2
    endloop
  endfacet
  facet normal -0.89686 0 0.442314
    outer loop
      vertex 9.47821 29.9914 11.3877
      vertex 9.38564 0.008564 11.2
      vertex 9.47821 0.008564 11.3877
    endloop
  endfacet
  facet normal 0.659367 0 0.751821
    outer loop
      vertex 6.86863 29.9914 10.8686
      vertex 7.02598 0.008564 10.7306
      vertex 7.02598 29.9914 10.7306
    endloop
  endfacet
  facet normal 0.659367 0 0.751821
    outer loop
      vertex 7.02598 0.008564 10.7306
      vertex 6.86863 29.9914 10.8686
      vertex 6.86863 0.008564 10.8686
    endloop
  endfacet
  facet normal -0.997858 0 0.0654247
    outer loop
      vertex 9.58631 0.008564 11.7912
      vertex 9.6 29.9914 12
      vertex 9.58631 29.9914 11.7912
    endloop
  endfacet
  facet normal -0.997858 0 0.0654247
    outer loop
      vertex 9.6 29.9914 12
      vertex 9.58631 0.008564 11.7912
      vertex 9.6 0.008564 12
    endloop
  endfacet
  facet normal -0.89686 0 -0.442314
    outer loop
      vertex 9.47821 0.008564 12.6123
      vertex 9.38564 29.9914 12.8
      vertex 9.47821 29.9914 12.6123
    endloop
  endfacet
  facet normal -0.89686 -0 -0.442314
    outer loop
      vertex 9.38564 29.9914 12.8
      vertex 9.47821 0.008564 12.6123
      vertex 9.38564 0.008564 12.8
    endloop
  endfacet
  facet normal 0.555318 0 -0.831638
    outer loop
      vertex 7.02598 0.008564 13.2694
      vertex 7.2 29.9914 13.3856
      vertex 7.2 0.008564 13.3856
    endloop
  endfacet
  facet normal 0.555318 0 -0.831638
    outer loop
      vertex 7.2 29.9914 13.3856
      vertex 7.02598 0.008564 13.2694
      vertex 7.02598 29.9914 13.2694
    endloop
  endfacet
  facet normal 0.980791 0 -0.195059
    outer loop
      vertex 6.45452 0.008564 12.4141
      vertex 6.41369 29.9914 12.2088
      vertex 6.45452 29.9914 12.4141
    endloop
  endfacet
  facet normal 0.980791 0 -0.195059
    outer loop
      vertex 6.41369 29.9914 12.2088
      vertex 6.45452 0.008564 12.4141
      vertex 6.41369 0.008564 12.2088
    endloop
  endfacet
  facet normal 0.997858 -0 0.0654247
    outer loop
      vertex 6.4 0.008564 12
      vertex 6.41369 29.9914 11.7912
      vertex 6.4 29.9914 12
    endloop
  endfacet
  facet normal 0.997858 0 0.0654247
    outer loop
      vertex 6.41369 29.9914 11.7912
      vertex 6.4 0.008564 12
      vertex 6.41369 0.008564 11.7912
    endloop
  endfacet
  facet normal 0.89686 -0 0.442314
    outer loop
      vertex 6.52179 0.008564 11.3877
      vertex 6.61436 29.9914 11.2
      vertex 6.52179 29.9914 11.3877
    endloop
  endfacet
  facet normal 0.89686 0 0.442314
    outer loop
      vertex 6.61436 29.9914 11.2
      vertex 6.52179 0.008564 11.3877
      vertex 6.61436 0.008564 11.2
    endloop
  endfacet
  facet normal -0.0654598 0 0.997855
    outer loop
      vertex 8 29.9914 10.4
      vertex 8.20884 0.008564 10.4137
      vertex 8.20884 29.9914 10.4137
    endloop
  endfacet
  facet normal -0.0654598 0 0.997855
    outer loop
      vertex 8.20884 0.008564 10.4137
      vertex 8 29.9914 10.4
      vertex 8 0.008564 10.4
    endloop
  endfacet
  facet normal 0.194949 0 -0.980813
    outer loop
      vertex 7.58589 0.008564 13.5455
      vertex 7.79116 29.9914 13.5863
      vertex 7.79116 0.008564 13.5863
    endloop
  endfacet
  facet normal 0.194949 0 -0.980813
    outer loop
      vertex 7.79116 29.9914 13.5863
      vertex 7.58589 0.008564 13.5455
      vertex 7.58589 29.9914 13.5455
    endloop
  endfacet
  facet normal -0.751925 0 -0.659248
    outer loop
      vertex 9.26937 0.008564 12.974
      vertex 9.13137 29.9914 13.1314
      vertex 9.26937 29.9914 12.974
    endloop
  endfacet
  facet normal -0.751925 -0 -0.659248
    outer loop
      vertex 9.13137 29.9914 13.1314
      vertex 9.26937 0.008564 12.974
      vertex 9.13137 0.008564 13.1314
    endloop
  endfacet
  facet normal 0.44241 0 0.896813
    outer loop
      vertex 7.2 29.9914 10.6144
      vertex 7.38771 0.008564 10.5218
      vertex 7.38771 29.9914 10.5218
    endloop
  endfacet
  facet normal 0.44241 0 0.896813
    outer loop
      vertex 7.38771 0.008564 10.5218
      vertex 7.2 29.9914 10.6144
      vertex 7.2 0.008564 10.6144
    endloop
  endfacet
  facet normal -0.946944 0 0.321397
    outer loop
      vertex 9.47821 0.008564 11.3877
      vertex 9.54548 29.9914 11.5859
      vertex 9.47821 29.9914 11.3877
    endloop
  endfacet
  facet normal -0.946944 0 0.321397
    outer loop
      vertex 9.54548 29.9914 11.5859
      vertex 9.47821 0.008564 11.3877
      vertex 9.54548 0.008564 11.5859
    endloop
  endfacet
  facet normal -0.194949 0 -0.980813
    outer loop
      vertex 8.20884 0.008564 13.5863
      vertex 8.41411 29.9914 13.5455
      vertex 8.41411 0.008564 13.5455
    endloop
  endfacet
  facet normal -0.194949 0 -0.980813
    outer loop
      vertex 8.41411 29.9914 13.5455
      vertex 8.20884 0.008564 13.5863
      vertex 8.20884 29.9914 13.5863
    endloop
  endfacet
  facet normal -0.997858 0 -0.0654247
    outer loop
      vertex 9.6 0.008564 12
      vertex 9.58631 29.9914 12.2088
      vertex 9.6 29.9914 12
    endloop
  endfacet
  facet normal -0.997858 -0 -0.0654247
    outer loop
      vertex 9.58631 29.9914 12.2088
      vertex 9.6 0.008564 12
      vertex 9.58631 0.008564 12.2088
    endloop
  endfacet
  facet normal 0.980791 -0 0.195059
    outer loop
      vertex 6.41369 0.008564 11.7912
      vertex 6.45452 29.9914 11.5859
      vertex 6.41369 29.9914 11.7912
    endloop
  endfacet
  facet normal 0.980791 0 0.195059
    outer loop
      vertex 6.45452 29.9914 11.5859
      vertex 6.41369 0.008564 11.7912
      vertex 6.45452 0.008564 11.5859
    endloop
  endfacet
  facet normal -0.831454 0 0.555593
    outer loop
      vertex 9.26937 0.008564 11.026
      vertex 9.38564 29.9914 11.2
      vertex 9.26937 29.9914 11.026
    endloop
  endfacet
  facet normal -0.831454 0 0.555593
    outer loop
      vertex 9.38564 29.9914 11.2
      vertex 9.26937 0.008564 11.026
      vertex 9.38564 0.008564 11.2
    endloop
  endfacet
  facet normal 0.321555 0 0.946891
    outer loop
      vertex 7.38771 29.9914 10.5218
      vertex 7.58589 0.008564 10.4545
      vertex 7.58589 29.9914 10.4545
    endloop
  endfacet
  facet normal 0.321555 0 0.946891
    outer loop
      vertex 7.58589 0.008564 10.4545
      vertex 7.38771 29.9914 10.5218
      vertex 7.38771 0.008564 10.5218
    endloop
  endfacet
  facet normal 0.946944 0 -0.321397
    outer loop
      vertex 6.52179 0.008564 12.6123
      vertex 6.45452 29.9914 12.4141
      vertex 6.52179 29.9914 12.6123
    endloop
  endfacet
  facet normal 0.946944 0 -0.321397
    outer loop
      vertex 6.45452 29.9914 12.4141
      vertex 6.52179 0.008564 12.6123
      vertex 6.45452 0.008564 12.4141
    endloop
  endfacet
  facet normal 0.555318 0 0.831638
    outer loop
      vertex 7.02598 29.9914 10.7306
      vertex 7.2 0.008564 10.6144
      vertex 7.2 29.9914 10.6144
    endloop
  endfacet
  facet normal 0.555318 0 0.831638
    outer loop
      vertex 7.2 0.008564 10.6144
      vertex 7.02598 29.9914 10.7306
      vertex 7.02598 0.008564 10.7306
    endloop
  endfacet
  facet normal -0.751925 0 0.659248
    outer loop
      vertex 9.13137 0.008564 10.8686
      vertex 9.26937 29.9914 11.026
      vertex 9.13137 29.9914 10.8686
    endloop
  endfacet
  facet normal -0.751925 0 0.659248
    outer loop
      vertex 9.26937 29.9914 11.026
      vertex 9.13137 0.008564 10.8686
      vertex 9.26937 0.008564 11.026
    endloop
  endfacet
  facet normal 0.194949 0 0.980813
    outer loop
      vertex 7.58589 29.9914 10.4545
      vertex 7.79116 0.008564 10.4137
      vertex 7.79116 29.9914 10.4137
    endloop
  endfacet
  facet normal 0.194949 0 0.980813
    outer loop
      vertex 7.79116 0.008564 10.4137
      vertex 7.58589 29.9914 10.4545
      vertex 7.58589 0.008564 10.4545
    endloop
  endfacet
  facet normal -0.44241 0 0.896813
    outer loop
      vertex 8.61229 29.9914 10.5218
      vertex 8.8 0.008564 10.6144
      vertex 8.8 29.9914 10.6144
    endloop
  endfacet
  facet normal -0.44241 0 0.896813
    outer loop
      vertex 8.8 0.008564 10.6144
      vertex 8.61229 29.9914 10.5218
      vertex 8.61229 0.008564 10.5218
    endloop
  endfacet
  facet normal -0.946944 0 -0.321397
    outer loop
      vertex 9.54548 0.008564 12.4141
      vertex 9.47821 29.9914 12.6123
      vertex 9.54548 29.9914 12.4141
    endloop
  endfacet
  facet normal -0.946944 -0 -0.321397
    outer loop
      vertex 9.47821 29.9914 12.6123
      vertex 9.54548 0.008564 12.4141
      vertex 9.47821 0.008564 12.6123
    endloop
  endfacet
  facet normal 0.321555 0 -0.946891
    outer loop
      vertex 7.38771 0.008564 13.4782
      vertex 7.58589 29.9914 13.5455
      vertex 7.58589 0.008564 13.5455
    endloop
  endfacet
  facet normal 0.321555 0 -0.946891
    outer loop
      vertex 7.58589 29.9914 13.5455
      vertex 7.38771 0.008564 13.4782
      vertex 7.38771 29.9914 13.4782
    endloop
  endfacet
  facet normal -0.831454 0 -0.555593
    outer loop
      vertex 9.38564 0.008564 12.8
      vertex 9.26937 29.9914 12.974
      vertex 9.38564 29.9914 12.8
    endloop
  endfacet
  facet normal -0.831454 -0 -0.555593
    outer loop
      vertex 9.26937 29.9914 12.974
      vertex 9.38564 0.008564 12.8
      vertex 9.26937 0.008564 12.974
    endloop
  endfacet
  facet normal -0.321555 0 -0.946891
    outer loop
      vertex 8.41411 0.008564 13.5455
      vertex 8.61229 29.9914 13.4782
      vertex 8.61229 0.008564 13.4782
    endloop
  endfacet
  facet normal -0.321555 0 -0.946891
    outer loop
      vertex 8.61229 29.9914 13.4782
      vertex 8.41411 0.008564 13.5455
      vertex 8.41411 29.9914 13.5455
    endloop
  endfacet
  facet normal -0.980791 0 0.195059
    outer loop
      vertex 9.54548 0.008564 11.5859
      vertex 9.58631 29.9914 11.7912
      vertex 9.54548 29.9914 11.5859
    endloop
  endfacet
  facet normal -0.980791 0 0.195059
    outer loop
      vertex 9.58631 29.9914 11.7912
      vertex 9.54548 0.008564 11.5859
      vertex 9.58631 0.008564 11.7912
    endloop
  endfacet
  facet normal -0.194949 0 0.980813
    outer loop
      vertex 8.20884 29.9914 10.4137
      vertex 8.41411 0.008564 10.4545
      vertex 8.41411 29.9914 10.4545
    endloop
  endfacet
  facet normal -0.194949 0 0.980813
    outer loop
      vertex 8.41411 0.008564 10.4545
      vertex 8.20884 29.9914 10.4137
      vertex 8.20884 0.008564 10.4137
    endloop
  endfacet
  facet normal 0.751925 0 -0.659248
    outer loop
      vertex 6.86863 0.008564 13.1314
      vertex 6.73063 29.9914 12.974
      vertex 6.86863 29.9914 13.1314
    endloop
  endfacet
  facet normal 0.751925 0 -0.659248
    outer loop
      vertex 6.73063 29.9914 12.974
      vertex 6.86863 0.008564 13.1314
      vertex 6.73063 0.008564 12.974
    endloop
  endfacet
  facet normal -0.0654598 0 -0.997855
    outer loop
      vertex 8 0.008564 13.6
      vertex 8.20884 29.9914 13.5863
      vertex 8.20884 0.008564 13.5863
    endloop
  endfacet
  facet normal -0.0654598 0 -0.997855
    outer loop
      vertex 8.20884 29.9914 13.5863
      vertex 8 0.008564 13.6
      vertex 8 29.9914 13.6
    endloop
  endfacet
  facet normal -0.321555 0 0.946891
    outer loop
      vertex 8.41411 29.9914 10.4545
      vertex 8.61229 0.008564 10.5218
      vertex 8.61229 29.9914 10.5218
    endloop
  endfacet
  facet normal -0.321555 0 0.946891
    outer loop
      vertex 8.61229 0.008564 10.5218
      vertex 8.41411 29.9914 10.4545
      vertex 8.41411 0.008564 10.4545
    endloop
  endfacet
  facet normal 0.44241 0 -0.896813
    outer loop
      vertex 7.2 0.008564 13.3856
      vertex 7.38771 29.9914 13.4782
      vertex 7.38771 0.008564 13.4782
    endloop
  endfacet
  facet normal 0.44241 0 -0.896813
    outer loop
      vertex 7.38771 29.9914 13.4782
      vertex 7.2 0.008564 13.3856
      vertex 7.2 29.9914 13.3856
    endloop
  endfacet
  facet normal 0.997858 0 -0.0654247
    outer loop
      vertex 6.41369 0.008564 12.2088
      vertex 6.4 29.9914 12
      vertex 6.41369 29.9914 12.2088
    endloop
  endfacet
  facet normal 0.997858 0 -0.0654247
    outer loop
      vertex 6.4 29.9914 12
      vertex 6.41369 0.008564 12.2088
      vertex 6.4 0.008564 12
    endloop
  endfacet
  facet normal 0.659367 0 -0.751821
    outer loop
      vertex 6.86863 0.008564 13.1314
      vertex 7.02598 29.9914 13.2694
      vertex 7.02598 0.008564 13.2694
    endloop
  endfacet
  facet normal 0.659367 0 -0.751821
    outer loop
      vertex 7.02598 29.9914 13.2694
      vertex 6.86863 0.008564 13.1314
      vertex 6.86863 29.9914 13.1314
    endloop
  endfacet
  facet normal -0.555318 0 0.831638
    outer loop
      vertex 8.8 29.9914 10.6144
      vertex 8.97402 0.008564 10.7306
      vertex 8.97402 29.9914 10.7306
    endloop
  endfacet
  facet normal -0.555318 0 0.831638
    outer loop
      vertex 8.97402 0.008564 10.7306
      vertex 8.8 29.9914 10.6144
      vertex 8.8 0.008564 10.6144
    endloop
  endfacet
  facet normal 0.0654598 0 -0.997855
    outer loop
      vertex 7.79116 0.008564 13.5863
      vertex 8 29.9914 13.6
      vertex 8 0.008564 13.6
    endloop
  endfacet
  facet normal 0.0654598 0 -0.997855
    outer loop
      vertex 8 29.9914 13.6
      vertex 7.79116 0.008564 13.5863
      vertex 7.79116 29.9914 13.5863
    endloop
  endfacet
  facet normal -0.555318 0 -0.831638
    outer loop
      vertex 8.8 0.008564 13.3856
      vertex 8.97402 29.9914 13.2694
      vertex 8.97402 0.008564 13.2694
    endloop
  endfacet
  facet normal -0.555318 0 -0.831638
    outer loop
      vertex 8.97402 29.9914 13.2694
      vertex 8.8 0.008564 13.3856
      vertex 8.8 29.9914 13.3856
    endloop
  endfacet
  facet normal -0.44241 0 -0.896813
    outer loop
      vertex 8.61229 0.008564 13.4782
      vertex 8.8 29.9914 13.3856
      vertex 8.8 0.008564 13.3856
    endloop
  endfacet
  facet normal -0.44241 0 -0.896813
    outer loop
      vertex 8.8 29.9914 13.3856
      vertex 8.61229 0.008564 13.4782
      vertex 8.61229 29.9914 13.4782
    endloop
  endfacet
  facet normal 0.89686 0 -0.442314
    outer loop
      vertex 6.61436 0.008564 12.8
      vertex 6.52179 29.9914 12.6123
      vertex 6.61436 29.9914 12.8
    endloop
  endfacet
  facet normal 0.89686 0 -0.442314
    outer loop
      vertex 6.52179 29.9914 12.6123
      vertex 6.61436 0.008564 12.8
      vertex 6.52179 0.008564 12.6123
    endloop
  endfacet
  facet normal 0.946944 -0 0.321397
    outer loop
      vertex 6.45452 0.008564 11.5859
      vertex 6.52179 29.9914 11.3877
      vertex 6.45452 29.9914 11.5859
    endloop
  endfacet
  facet normal 0.946944 0 0.321397
    outer loop
      vertex 6.52179 29.9914 11.3877
      vertex 6.45452 0.008564 11.5859
      vertex 6.52179 0.008564 11.3877
    endloop
  endfacet
  facet normal -0.659367 0 -0.751821
    outer loop
      vertex 8.97402 0.008564 13.2694
      vertex 9.13137 29.9914 13.1314
      vertex 9.13137 0.008564 13.1314
    endloop
  endfacet
  facet normal -0.659367 0 -0.751821
    outer loop
      vertex 9.13137 29.9914 13.1314
      vertex 8.97402 0.008564 13.2694
      vertex 8.97402 29.9914 13.2694
    endloop
  endfacet
  facet normal 0.751925 -0 0.659248
    outer loop
      vertex 6.73063 0.008564 11.026
      vertex 6.86863 29.9914 10.8686
      vertex 6.73063 29.9914 11.026
    endloop
  endfacet
  facet normal 0.751925 0 0.659248
    outer loop
      vertex 6.86863 29.9914 10.8686
      vertex 6.73063 0.008564 11.026
      vertex 6.86863 0.008564 10.8686
    endloop
  endfacet
  facet normal 0.831454 0 -0.555593
    outer loop
      vertex 6.73063 0.008564 12.974
      vertex 6.61436 29.9914 12.8
      vertex 6.73063 29.9914 12.974
    endloop
  endfacet
  facet normal 0.831454 0 -0.555593
    outer loop
      vertex 6.61436 29.9914 12.8
      vertex 6.73063 0.008564 12.974
      vertex 6.61436 0.008564 12.8
    endloop
  endfacet
  facet normal -0.659367 0 0.751821
    outer loop
      vertex 8.97402 29.9914 10.7306
      vertex 9.13137 0.008564 10.8686
      vertex 9.13137 29.9914 10.8686
    endloop
  endfacet
  facet normal -0.659367 0 0.751821
    outer loop
      vertex 9.13137 0.008564 10.8686
      vertex 8.97402 29.9914 10.7306
      vertex 8.97402 0.008564 10.7306
    endloop
  endfacet
  facet normal 0.0654598 0 0.997855
    outer loop
      vertex 7.79116 29.9914 10.4137
      vertex 8 0.008564 10.4
      vertex 8 29.9914 10.4
    endloop
  endfacet
  facet normal 0.0654598 0 0.997855
    outer loop
      vertex 8 0.008564 10.4
      vertex 7.79116 29.9914 10.4137
      vertex 7.79116 0.008564 10.4137
    endloop
  endfacet
  facet normal 0.831609 -0 0.555362
    outer loop
      vertex 28.6144 0.008564 11.2
      vertex 28.7306 29.9914 11.026
      vertex 28.6144 29.9914 11.2
    endloop
  endfacet
  facet normal 0.831609 0 0.555362
    outer loop
      vertex 28.7306 29.9914 11.026
      vertex 28.6144 0.008564 11.2
      vertex 28.7306 0.008564 11.026
    endloop
  endfacet
  facet normal -0.980819 0 -0.194922
    outer loop
      vertex 31.5863 0.008564 12.2088
      vertex 31.5455 29.9914 12.4141
      vertex 31.5863 29.9914 12.2088
    endloop
  endfacet
  facet normal -0.980819 -0 -0.194922
    outer loop
      vertex 31.5455 29.9914 12.4141
      vertex 31.5863 0.008564 12.2088
      vertex 31.5455 0.008564 12.4141
    endloop
  endfacet
  facet normal -0.896803 0 0.442429
    outer loop
      vertex 31.3856 0.008564 11.2
      vertex 31.4782 29.9914 11.3877
      vertex 31.3856 29.9914 11.2
    endloop
  endfacet
  facet normal -0.896803 0 0.442429
    outer loop
      vertex 31.4782 29.9914 11.3877
      vertex 31.3856 0.008564 11.2
      vertex 31.4782 0.008564 11.3877
    endloop
  endfacet
  facet normal 0.659248 0 0.751925
    outer loop
      vertex 28.8686 29.9914 10.8686
      vertex 29.026 0.008564 10.7306
      vertex 29.026 29.9914 10.7306
    endloop
  endfacet
  facet normal 0.659248 0 0.751925
    outer loop
      vertex 29.026 0.008564 10.7306
      vertex 28.8686 29.9914 10.8686
      vertex 28.8686 0.008564 10.8686
    endloop
  endfacet
  facet normal -0.997854 0 0.0654722
    outer loop
      vertex 31.5863 0.008564 11.7912
      vertex 31.6 29.9914 12
      vertex 31.5863 29.9914 11.7912
    endloop
  endfacet
  facet normal -0.997854 0 0.0654722
    outer loop
      vertex 31.6 29.9914 12
      vertex 31.5863 0.008564 11.7912
      vertex 31.6 0.008564 12
    endloop
  endfacet
  facet normal -0.896803 0 -0.442429
    outer loop
      vertex 31.4782 0.008564 12.6123
      vertex 31.3856 29.9914 12.8
      vertex 31.4782 29.9914 12.6123
    endloop
  endfacet
  facet normal -0.896803 -0 -0.442429
    outer loop
      vertex 31.3856 29.9914 12.8
      vertex 31.4782 0.008564 12.6123
      vertex 31.3856 0.008564 12.8
    endloop
  endfacet
  facet normal 0.555362 0 -0.831609
    outer loop
      vertex 29.026 0.008564 13.2694
      vertex 29.2 29.9914 13.3856
      vertex 29.2 0.008564 13.3856
    endloop
  endfacet
  facet normal 0.555362 0 -0.831609
    outer loop
      vertex 29.2 29.9914 13.3856
      vertex 29.026 0.008564 13.2694
      vertex 29.026 29.9914 13.2694
    endloop
  endfacet
  facet normal 0.980819 0 -0.194922
    outer loop
      vertex 28.4545 0.008564 12.4141
      vertex 28.4137 29.9914 12.2088
      vertex 28.4545 29.9914 12.4141
    endloop
  endfacet
  facet normal 0.980819 0 -0.194922
    outer loop
      vertex 28.4137 29.9914 12.2088
      vertex 28.4545 0.008564 12.4141
      vertex 28.4137 0.008564 12.2088
    endloop
  endfacet
  facet normal 0.997854 -0 0.0654722
    outer loop
      vertex 28.4 0.008564 12
      vertex 28.4137 29.9914 11.7912
      vertex 28.4 29.9914 12
    endloop
  endfacet
  facet normal 0.997854 0 0.0654722
    outer loop
      vertex 28.4137 29.9914 11.7912
      vertex 28.4 0.008564 12
      vertex 28.4137 0.008564 11.7912
    endloop
  endfacet
  facet normal 0.896803 -0 0.442429
    outer loop
      vertex 28.5218 0.008564 11.3877
      vertex 28.6144 29.9914 11.2
      vertex 28.5218 29.9914 11.3877
    endloop
  endfacet
  facet normal 0.896803 0 0.442429
    outer loop
      vertex 28.6144 29.9914 11.2
      vertex 28.5218 0.008564 11.3877
      vertex 28.6144 0.008564 11.2
    endloop
  endfacet
  facet normal -0.0654722 0 0.997854
    outer loop
      vertex 30 29.9914 10.4
      vertex 30.2088 0.008564 10.4137
      vertex 30.2088 29.9914 10.4137
    endloop
  endfacet
  facet normal -0.0654722 0 0.997854
    outer loop
      vertex 30.2088 0.008564 10.4137
      vertex 30 29.9914 10.4
      vertex 30 0.008564 10.4
    endloop
  endfacet
  facet normal -0.442429 0 -0.896803
    outer loop
      vertex 30.6123 0.008564 13.4782
      vertex 30.8 29.9914 13.3856
      vertex 30.8 0.008564 13.3856
    endloop
  endfacet
  facet normal -0.442429 0 -0.896803
    outer loop
      vertex 30.8 29.9914 13.3856
      vertex 30.6123 0.008564 13.4782
      vertex 30.6123 29.9914 13.4782
    endloop
  endfacet
  facet normal 0.194922 0 -0.980819
    outer loop
      vertex 29.5859 0.008564 13.5455
      vertex 29.7912 29.9914 13.5863
      vertex 29.7912 0.008564 13.5863
    endloop
  endfacet
  facet normal 0.194922 0 -0.980819
    outer loop
      vertex 29.7912 29.9914 13.5863
      vertex 29.5859 0.008564 13.5455
      vertex 29.5859 29.9914 13.5455
    endloop
  endfacet
  facet normal -0.751925 0 -0.659248
    outer loop
      vertex 31.2694 0.008564 12.974
      vertex 31.1314 29.9914 13.1314
      vertex 31.2694 29.9914 12.974
    endloop
  endfacet
  facet normal -0.751925 -0 -0.659248
    outer loop
      vertex 31.1314 29.9914 13.1314
      vertex 31.2694 0.008564 12.974
      vertex 31.1314 0.008564 13.1314
    endloop
  endfacet
  facet normal 0.442429 0 0.896803
    outer loop
      vertex 29.2 29.9914 10.6144
      vertex 29.3877 0.008564 10.5218
      vertex 29.3877 29.9914 10.5218
    endloop
  endfacet
  facet normal 0.442429 0 0.896803
    outer loop
      vertex 29.3877 0.008564 10.5218
      vertex 29.2 29.9914 10.6144
      vertex 29.2 0.008564 10.6144
    endloop
  endfacet
  facet normal -0.946901 0 0.321526
    outer loop
      vertex 31.4782 0.008564 11.3877
      vertex 31.5455 29.9914 11.5859
      vertex 31.4782 29.9914 11.3877
    endloop
  endfacet
  facet normal -0.946901 0 0.321526
    outer loop
      vertex 31.5455 29.9914 11.5859
      vertex 31.4782 0.008564 11.3877
      vertex 31.5455 0.008564 11.5859
    endloop
  endfacet
  facet normal -0.194922 0 -0.980819
    outer loop
      vertex 30.2088 0.008564 13.5863
      vertex 30.4141 29.9914 13.5455
      vertex 30.4141 0.008564 13.5455
    endloop
  endfacet
  facet normal -0.194922 0 -0.980819
    outer loop
      vertex 30.4141 29.9914 13.5455
      vertex 30.2088 0.008564 13.5863
      vertex 30.2088 29.9914 13.5863
    endloop
  endfacet
  facet normal -0.997854 0 -0.0654722
    outer loop
      vertex 31.6 0.008564 12
      vertex 31.5863 29.9914 12.2088
      vertex 31.6 29.9914 12
    endloop
  endfacet
  facet normal -0.997854 -0 -0.0654722
    outer loop
      vertex 31.5863 29.9914 12.2088
      vertex 31.6 0.008564 12
      vertex 31.5863 0.008564 12.2088
    endloop
  endfacet
  facet normal 0.980819 -0 0.194922
    outer loop
      vertex 28.4137 0.008564 11.7912
      vertex 28.4545 29.9914 11.5859
      vertex 28.4137 29.9914 11.7912
    endloop
  endfacet
  facet normal 0.980819 0 0.194922
    outer loop
      vertex 28.4545 29.9914 11.5859
      vertex 28.4137 0.008564 11.7912
      vertex 28.4545 0.008564 11.5859
    endloop
  endfacet
  facet normal -0.831609 0 0.555362
    outer loop
      vertex 31.2694 0.008564 11.026
      vertex 31.3856 29.9914 11.2
      vertex 31.2694 29.9914 11.026
    endloop
  endfacet
  facet normal -0.831609 0 0.555362
    outer loop
      vertex 31.3856 29.9914 11.2
      vertex 31.2694 0.008564 11.026
      vertex 31.3856 0.008564 11.2
    endloop
  endfacet
  facet normal 0.321526 0 0.946901
    outer loop
      vertex 29.3877 29.9914 10.5218
      vertex 29.5859 0.008564 10.4545
      vertex 29.5859 29.9914 10.4545
    endloop
  endfacet
  facet normal 0.321526 0 0.946901
    outer loop
      vertex 29.5859 0.008564 10.4545
      vertex 29.3877 29.9914 10.5218
      vertex 29.3877 0.008564 10.5218
    endloop
  endfacet
  facet normal 0.946901 0 -0.321526
    outer loop
      vertex 28.5218 0.008564 12.6123
      vertex 28.4545 29.9914 12.4141
      vertex 28.5218 29.9914 12.6123
    endloop
  endfacet
  facet normal 0.946901 0 -0.321526
    outer loop
      vertex 28.4545 29.9914 12.4141
      vertex 28.5218 0.008564 12.6123
      vertex 28.4545 0.008564 12.4141
    endloop
  endfacet
  facet normal 0.555362 0 0.831609
    outer loop
      vertex 29.026 29.9914 10.7306
      vertex 29.2 0.008564 10.6144
      vertex 29.2 29.9914 10.6144
    endloop
  endfacet
  facet normal 0.555362 0 0.831609
    outer loop
      vertex 29.2 0.008564 10.6144
      vertex 29.026 29.9914 10.7306
      vertex 29.026 0.008564 10.7306
    endloop
  endfacet
  facet normal 0.194922 0 0.980819
    outer loop
      vertex 29.5859 29.9914 10.4545
      vertex 29.7912 0.008564 10.4137
      vertex 29.7912 29.9914 10.4137
    endloop
  endfacet
  facet normal 0.194922 0 0.980819
    outer loop
      vertex 29.7912 0.008564 10.4137
      vertex 29.5859 29.9914 10.4545
      vertex 29.5859 0.008564 10.4545
    endloop
  endfacet
  facet normal -0.442429 0 0.896803
    outer loop
      vertex 30.6123 29.9914 10.5218
      vertex 30.8 0.008564 10.6144
      vertex 30.8 29.9914 10.6144
    endloop
  endfacet
  facet normal -0.442429 0 0.896803
    outer loop
      vertex 30.8 0.008564 10.6144
      vertex 30.6123 29.9914 10.5218
      vertex 30.6123 0.008564 10.5218
    endloop
  endfacet
  facet normal -0.946901 0 -0.321526
    outer loop
      vertex 31.5455 0.008564 12.4141
      vertex 31.4782 29.9914 12.6123
      vertex 31.5455 29.9914 12.4141
    endloop
  endfacet
  facet normal -0.946901 -0 -0.321526
    outer loop
      vertex 31.4782 29.9914 12.6123
      vertex 31.5455 0.008564 12.4141
      vertex 31.4782 0.008564 12.6123
    endloop
  endfacet
  facet normal 0.321526 0 -0.946901
    outer loop
      vertex 29.3877 0.008564 13.4782
      vertex 29.5859 29.9914 13.5455
      vertex 29.5859 0.008564 13.5455
    endloop
  endfacet
  facet normal 0.321526 0 -0.946901
    outer loop
      vertex 29.5859 29.9914 13.5455
      vertex 29.3877 0.008564 13.4782
      vertex 29.3877 29.9914 13.4782
    endloop
  endfacet
  facet normal -0.831609 0 -0.555362
    outer loop
      vertex 31.3856 0.008564 12.8
      vertex 31.2694 29.9914 12.974
      vertex 31.3856 29.9914 12.8
    endloop
  endfacet
  facet normal -0.831609 -0 -0.555362
    outer loop
      vertex 31.2694 29.9914 12.974
      vertex 31.3856 0.008564 12.8
      vertex 31.2694 0.008564 12.974
    endloop
  endfacet
  facet normal -0.321526 0 -0.946901
    outer loop
      vertex 30.4141 0.008564 13.5455
      vertex 30.6123 29.9914 13.4782
      vertex 30.6123 0.008564 13.4782
    endloop
  endfacet
  facet normal -0.321526 0 -0.946901
    outer loop
      vertex 30.6123 29.9914 13.4782
      vertex 30.4141 0.008564 13.5455
      vertex 30.4141 29.9914 13.5455
    endloop
  endfacet
  facet normal -0.980819 0 0.194922
    outer loop
      vertex 31.5455 0.008564 11.5859
      vertex 31.5863 29.9914 11.7912
      vertex 31.5455 29.9914 11.5859
    endloop
  endfacet
  facet normal -0.980819 0 0.194922
    outer loop
      vertex 31.5863 29.9914 11.7912
      vertex 31.5455 0.008564 11.5859
      vertex 31.5863 0.008564 11.7912
    endloop
  endfacet
  facet normal -0.194922 0 0.980819
    outer loop
      vertex 30.2088 29.9914 10.4137
      vertex 30.4141 0.008564 10.4545
      vertex 30.4141 29.9914 10.4545
    endloop
  endfacet
  facet normal -0.194922 0 0.980819
    outer loop
      vertex 30.4141 0.008564 10.4545
      vertex 30.2088 29.9914 10.4137
      vertex 30.2088 0.008564 10.4137
    endloop
  endfacet
  facet normal 0.751925 0 -0.659248
    outer loop
      vertex 28.8686 0.008564 13.1314
      vertex 28.7306 29.9914 12.974
      vertex 28.8686 29.9914 13.1314
    endloop
  endfacet
  facet normal 0.751925 0 -0.659248
    outer loop
      vertex 28.7306 29.9914 12.974
      vertex 28.8686 0.008564 13.1314
      vertex 28.7306 0.008564 12.974
    endloop
  endfacet
  facet normal -0.0654722 0 -0.997854
    outer loop
      vertex 30 0.008564 13.6
      vertex 30.2088 29.9914 13.5863
      vertex 30.2088 0.008564 13.5863
    endloop
  endfacet
  facet normal -0.0654722 0 -0.997854
    outer loop
      vertex 30.2088 29.9914 13.5863
      vertex 30 0.008564 13.6
      vertex 30 29.9914 13.6
    endloop
  endfacet
  facet normal -0.321526 0 0.946901
    outer loop
      vertex 30.4141 29.9914 10.4545
      vertex 30.6123 0.008564 10.5218
      vertex 30.6123 29.9914 10.5218
    endloop
  endfacet
  facet normal -0.321526 0 0.946901
    outer loop
      vertex 30.6123 0.008564 10.5218
      vertex 30.4141 29.9914 10.4545
      vertex 30.4141 0.008564 10.4545
    endloop
  endfacet
  facet normal 0.442429 0 -0.896803
    outer loop
      vertex 29.2 0.008564 13.3856
      vertex 29.3877 29.9914 13.4782
      vertex 29.3877 0.008564 13.4782
    endloop
  endfacet
  facet normal 0.442429 0 -0.896803
    outer loop
      vertex 29.3877 29.9914 13.4782
      vertex 29.2 0.008564 13.3856
      vertex 29.2 29.9914 13.3856
    endloop
  endfacet
  facet normal 0.997854 0 -0.0654722
    outer loop
      vertex 28.4137 0.008564 12.2088
      vertex 28.4 29.9914 12
      vertex 28.4137 29.9914 12.2088
    endloop
  endfacet
  facet normal 0.997854 0 -0.0654722
    outer loop
      vertex 28.4 29.9914 12
      vertex 28.4137 0.008564 12.2088
      vertex 28.4 0.008564 12
    endloop
  endfacet
  facet normal 0.659248 0 -0.751925
    outer loop
      vertex 28.8686 0.008564 13.1314
      vertex 29.026 29.9914 13.2694
      vertex 29.026 0.008564 13.2694
    endloop
  endfacet
  facet normal 0.659248 0 -0.751925
    outer loop
      vertex 29.026 29.9914 13.2694
      vertex 28.8686 0.008564 13.1314
      vertex 28.8686 29.9914 13.1314
    endloop
  endfacet
  facet normal -0.555362 0 0.831609
    outer loop
      vertex 30.8 29.9914 10.6144
      vertex 30.974 0.008564 10.7306
      vertex 30.974 29.9914 10.7306
    endloop
  endfacet
  facet normal -0.555362 0 0.831609
    outer loop
      vertex 30.974 0.008564 10.7306
      vertex 30.8 29.9914 10.6144
      vertex 30.8 0.008564 10.6144
    endloop
  endfacet
  facet normal 0.0654722 0 -0.997854
    outer loop
      vertex 29.7912 0.008564 13.5863
      vertex 30 29.9914 13.6
      vertex 30 0.008564 13.6
    endloop
  endfacet
  facet normal 0.0654722 0 -0.997854
    outer loop
      vertex 30 29.9914 13.6
      vertex 29.7912 0.008564 13.5863
      vertex 29.7912 29.9914 13.5863
    endloop
  endfacet
  facet normal -0.555362 0 -0.831609
    outer loop
      vertex 30.8 0.008564 13.3856
      vertex 30.974 29.9914 13.2694
      vertex 30.974 0.008564 13.2694
    endloop
  endfacet
  facet normal -0.555362 0 -0.831609
    outer loop
      vertex 30.974 29.9914 13.2694
      vertex 30.8 0.008564 13.3856
      vertex 30.8 29.9914 13.3856
    endloop
  endfacet
  facet normal 0.896803 0 -0.442429
    outer loop
      vertex 28.6144 0.008564 12.8
      vertex 28.5218 29.9914 12.6123
      vertex 28.6144 29.9914 12.8
    endloop
  endfacet
  facet normal 0.896803 0 -0.442429
    outer loop
      vertex 28.5218 29.9914 12.6123
      vertex 28.6144 0.008564 12.8
      vertex 28.5218 0.008564 12.6123
    endloop
  endfacet
  facet normal 0.946901 -0 0.321526
    outer loop
      vertex 28.4545 0.008564 11.5859
      vertex 28.5218 29.9914 11.3877
      vertex 28.4545 29.9914 11.5859
    endloop
  endfacet
  facet normal 0.946901 0 0.321526
    outer loop
      vertex 28.5218 29.9914 11.3877
      vertex 28.4545 0.008564 11.5859
      vertex 28.5218 0.008564 11.3877
    endloop
  endfacet
  facet normal -0.659248 0 -0.751925
    outer loop
      vertex 30.974 0.008564 13.2694
      vertex 31.1314 29.9914 13.1314
      vertex 31.1314 0.008564 13.1314
    endloop
  endfacet
  facet normal -0.659248 0 -0.751925
    outer loop
      vertex 31.1314 29.9914 13.1314
      vertex 30.974 0.008564 13.2694
      vertex 30.974 29.9914 13.2694
    endloop
  endfacet
  facet normal 0.751925 -0 0.659248
    outer loop
      vertex 28.7306 0.008564 11.026
      vertex 28.8686 29.9914 10.8686
      vertex 28.7306 29.9914 11.026
    endloop
  endfacet
  facet normal 0.751925 0 0.659248
    outer loop
      vertex 28.8686 29.9914 10.8686
      vertex 28.7306 0.008564 11.026
      vertex 28.8686 0.008564 10.8686
    endloop
  endfacet
  facet normal 0.831609 0 -0.555362
    outer loop
      vertex 28.7306 0.008564 12.974
      vertex 28.6144 29.9914 12.8
      vertex 28.7306 29.9914 12.974
    endloop
  endfacet
  facet normal 0.831609 0 -0.555362
    outer loop
      vertex 28.6144 29.9914 12.8
      vertex 28.7306 0.008564 12.974
      vertex 28.6144 0.008564 12.8
    endloop
  endfacet
  facet normal -0.659248 0 0.751925
    outer loop
      vertex 30.974 29.9914 10.7306
      vertex 31.1314 0.008564 10.8686
      vertex 31.1314 29.9914 10.8686
    endloop
  endfacet
  facet normal -0.659248 0 0.751925
    outer loop
      vertex 31.1314 0.008564 10.8686
      vertex 30.974 29.9914 10.7306
      vertex 30.974 0.008564 10.7306
    endloop
  endfacet
  facet normal -0.751925 0 0.659248
    outer loop
      vertex 31.1314 0.008564 10.8686
      vertex 31.2694 29.9914 11.026
      vertex 31.1314 29.9914 10.8686
    endloop
  endfacet
  facet normal -0.751925 0 0.659248
    outer loop
      vertex 31.2694 29.9914 11.026
      vertex 31.1314 0.008564 10.8686
      vertex 31.2694 0.008564 11.026
    endloop
  endfacet
  facet normal 0.0654722 0 0.997854
    outer loop
      vertex 29.7912 29.9914 10.4137
      vertex 30 0.008564 10.4
      vertex 30 29.9914 10.4
    endloop
  endfacet
  facet normal 0.0654722 0 0.997854
    outer loop
      vertex 30 0.008564 10.4
      vertex 29.7912 29.9914 10.4137
      vertex 29.7912 0.008564 10.4137
    endloop
  endfacet
  facet normal -0.726319 -0.636979 0.258301
    outer loop
      vertex 0.994999 1.69418 21.2858
      vertex 0.887563 1.61174 20.7804
      vertex 1.32168 1.32168 21.2858
    endloop
  endfacet
  facet normal 0 0.258817 -0.965926
    outer loop
      vertex 4 26.7804 0.0768585
      vertex 34 27.2858 0.212279
      vertex 34 26.7804 0.0768585
    endloop
  endfacet
  facet normal 0 0.258817 -0.965926
    outer loop
      vertex 34 27.2858 0.212279
      vertex 4 26.7804 0.0768585
      vertex 4 27.2858 0.212279
    endloop
  endfacet
  facet normal 0.491131 0.0975772 0.865603
    outer loop
      vertex 36.2033 26.2901 23.3259
      vertex 35.7089 26.4579 23.5875
      vertex 35.754 26.2309 23.5875
    endloop
  endfacet
  facet normal -0.712091 0.35123 -0.607917
    outer loop
      vertex 1.39555 27.5037 1.36262
      vertex 0.927288 27.2728 1.77772
      vertex 1.1197 27.6629 1.77772
    endloop
  endfacet
  facet normal 0.343849 0.169605 -0.923581
    outer loop
      vertex 35.6345 26.677 0.412509
      vertex 35.1135 26.6429 0.212279
      vertex 35.5321 26.8846 0.412509
    endloop
  endfacet
  facet normal 0 -0.499987 0.866033
    outer loop
      vertex 4 2.23084 23.5875
      vertex 34 1.77772 23.3259
      vertex 34 2.23084 23.5875
    endloop
  endfacet
  facet normal 0 -0.499987 0.866033
    outer loop
      vertex 34 1.77772 23.3259
      vertex 4 2.23084 23.5875
      vertex 4 1.77772 23.3259
    endloop
  endfacet
  facet normal -0.130536 0 0.991444
    outer loop
      vertex 3.21964 26 23.9231
      vertex 3.73839 4 23.9914
      vertex 3.73839 26 23.9914
    endloop
  endfacet
  facet normal -0.130536 0 0.991444
    outer loop
      vertex 3.73839 4 23.9914
      vertex 3.21964 26 23.9231
      vertex 3.21964 4 23.9231
    endloop
  endfacet
  facet normal -0.947499 0.188474 0.258308
    outer loop
      vertex 0.210536 27.0154 20.7804
      vertex 0.110421 26.5121 20.7804
      vertex 0.244683 26.4944 21.2858
    endloop
  endfacet
  facet normal 0.0647552 0.989369 0.130217
    outer loop
      vertex 34.521 29.9573 20.2616
      vertex 34 29.9914 20.2616
      vertex 34.5121 29.8896 20.7804
    endloop
  endfacet
  facet normal 0.523576 -0.59689 -0.607939
    outer loop
      vertex 36.0247 1.3614 1.77772
      vertex 35.8308 1.6141 1.36262
      vertex 36.1265 1.87348 1.36262
    endloop
  endfacet
  facet normal 0.193417 -0.972433 -0.130245
    outer loop
      vertex 34.521 0.0427113 3.73839
      vertex 34.5121 0.110421 3.21964
      vertex 35.0331 0.144568 3.73839
    endloop
  endfacet
  facet normal -0.555619 0.831437 0
    outer loop
      vertex 2.00428 29.4567 3.73839
      vertex 1.57017 29.1666 20.2616
      vertex 2.00428 29.4567 20.2616
    endloop
  endfacet
  facet normal -0.555619 0.831437 0
    outer loop
      vertex 1.57017 29.1666 20.2616
      vertex 2.00428 29.4567 3.73839
      vertex 1.57017 29.1666 3.73839
    endloop
  endfacet
  facet normal -0.160958 -0.474219 0.865568
    outer loop
      vertex 3.32297 2.36551 23.5875
      vertex 3.14957 1.94688 23.3259
      vertex 3.54211 2.29113 23.5875
    endloop
  endfacet
  facet normal -0.745484 0.653674 0.130246
    outer loop
      vertex 1.17763 28.8224 20.2616
      vertex 0.833381 28.4298 20.2616
      vertex 1.22592 28.7741 20.7804
    endloop
  endfacet
  facet normal 0.720426 -0.481373 0.499265
    outer loop
      vertex 36.8803 2.33706 22.2223
      vertex 36.6386 1.97533 22.2223
      vertex 37.1069 2.20625 21.7692
    endloop
  endfacet
  facet normal -0.653733 -0.745435 0.130233
    outer loop
      vertex 1.61174 0.887563 20.7804
      vertex 1.22592 1.22592 20.7804
      vertex 1.57017 0.833381 20.2616
    endloop
  endfacet
  facet normal -0.768421 -0.513441 0.381977
    outer loop
      vertex 1.15385 1.81607 21.7692
      vertex 0.719737 2.10614 21.2858
      vertex 0.994999 1.69418 21.2858
    endloop
  endfacet
  facet normal -0.193429 -0.972431 0.130241
    outer loop
      vertex 2.98462 0.210536 20.7804
      vertex 2.96694 0.144568 20.2616
      vertex 3.48793 0.110421 20.7804
    endloop
  endfacet
  facet normal -0.875137 0.297044 -0.381968
    outer loop
      vertex 0.534749 26.9285 2.23084
      vertex 0.500602 27.4495 2.71424
      vertex 0.68559 27.3729 2.23084
    endloop
  endfacet
  facet normal 0.972453 -0.193405 0.130116
    outer loop
      vertex 37.8896 3.48793 20.7804
      vertex 37.7895 2.98462 20.7804
      vertex 37.8554 2.96694 20.2616
    endloop
  endfacet
  facet normal 0.792293 -0.0520741 -0.607915
    outer loop
      vertex 37.3259 4 1.77772
      vertex 36.9816 3.60746 1.36262
      vertex 37.0074 4 1.36262
    endloop
  endfacet
  facet normal 0.466716 -0.532229 -0.706334
    outer loop
      vertex 36.1265 1.87348 1.36262
      vertex 35.6055 1.90762 0.99264
      vertex 35.8649 2.13509 0.99264
    endloop
  endfacet
  facet normal 0.71214 0.351023 0.60798
    outer loop
      vertex 37.0727 27.2728 22.2223
      vertex 36.6045 27.5037 22.6374
      vertex 36.7784 27.1509 22.6374
    endloop
  endfacet
  facet normal 0.3187 -0.93886 0.130278
    outer loop
      vertex 35.5013 0.37549 20.7804
      vertex 35.0331 0.144568 20.2616
      vertex 35.5275 0.312394 20.2616
    endloop
  endfacet
  facet normal -0.0169611 0.25878 -0.965787
    outer loop
      vertex 4 26.7804 0.0768585
      vertex 3.83217 27.2748 0.212279
      vertex 4 27.2858 0.212279
    endloop
  endfacet
  facet normal -0.550841 -0.824383 -0.130254
    outer loop
      vertex 2.00428 0.543315 3.73839
      vertex 1.57017 0.833381 3.73839
      vertex 2.03843 0.60246 3.21964
    endloop
  endfacet
  facet normal -0.438521 -0.889233 0.130243
    outer loop
      vertex 2.49868 0.37549 20.7804
      vertex 2.03843 0.60246 20.7804
      vertex 2.47254 0.312394 20.2616
    endloop
  endfacet
  facet normal 0.288211 0.252765 0.923604
    outer loop
      vertex 35.251 27.251 23.5875
      vertex 34.9092 26.9092 23.7877
      vertex 35.4036 27.077 23.5875
    endloop
  endfacet
  facet normal 0.188373 0.94752 0.258305
    outer loop
      vertex 35.0154 29.7895 20.7804
      vertex 34.4944 29.7553 21.2858
      vertex 34.9803 29.6587 21.2858
    endloop
  endfacet
  facet normal 0.577208 -0.195954 0.792737
    outer loop
      vertex 36.5475 3.31739 23.0074
      vertex 36.0531 3.14957 23.3259
      vertex 36.4366 2.99072 23.0074
    endloop
  endfacet
  facet normal 0.660201 -0.441131 -0.607897
    outer loop
      vertex 36.6386 1.97533 1.77772
      vertex 36.6045 2.49632 1.36262
      vertex 36.8803 2.33706 1.77772
    endloop
  endfacet
  facet normal -0.636971 -0.726322 0.258308
    outer loop
      vertex 1.32168 1.32168 21.2858
      vertex 1.22592 1.22592 20.7804
      vertex 1.61174 0.887563 20.7804
    endloop
  endfacet
  facet normal -0.726322 -0.636971 0.258308
    outer loop
      vertex 1.32168 1.32168 21.2858
      vertex 0.887563 1.61174 20.7804
      vertex 1.22592 1.22592 20.7804
    endloop
  endfacet
  facet normal 0.376512 0.330205 0.865566
    outer loop
      vertex 35.5714 27.5714 23.3259
      vertex 35.251 27.251 23.5875
      vertex 35.4036 27.077 23.5875
    endloop
  endfacet
  facet normal 0.906374 -0.180182 -0.382127
    outer loop
      vertex 37.6587 3.01967 2.71424
      vertex 37.4652 3.07149 2.23084
      vertex 37.7553 3.5056 2.71424
    endloop
  endfacet
  facet normal 0.922212 -0.0604362 -0.381934
    outer loop
      vertex 37.7553 3.5056 2.71424
      vertex 37.5875 4 2.23084
      vertex 37.7877 4 2.71424
    endloop
  endfacet
  facet normal 0.408794 -0.828812 -0.382045
    outer loop
      vertex 35.8939 0.719737 2.71424
      vertex 35.3729 0.68559 2.23084
      vertex 35.7937 0.893141 2.23084
    endloop
  endfacet
  facet normal -0.0567618 0.864592 0.499258
    outer loop
      vertex 4 29.3259 22.2223
      vertex 3.53174 29.5568 21.7692
      vertex 3.56589 29.2974 22.2223
    endloop
  endfacet
  facet normal -0.449139 -0.221508 0.865568
    outer loop
      vertex 2.36551 3.32297 23.5875
      vertex 1.94688 3.14957 23.3259
      vertex 2.46787 3.11542 23.5875
    endloop
  endfacet
  facet normal -0.947502 -0.188471 0.258298
    outer loop
      vertex 0.244683 3.5056 21.2858
      vertex 0.110421 3.48793 20.7804
      vertex 0.210536 2.98462 20.7804
    endloop
  endfacet
  facet normal -0.938863 -0.318701 -0.130254
    outer loop
      vertex 0.312394 2.47254 3.73839
      vertex 0.144568 2.96694 3.73839
      vertex 0.37549 2.49868 3.21964
    endloop
  endfacet
  facet normal 0.91477 0.310634 0.258268
    outer loop
      vertex 37.6245 27.5013 20.7804
      vertex 37.4994 27.4495 21.2858
      vertex 37.7895 27.0154 20.7804
    endloop
  endfacet
  facet normal 0.938877 -0.318656 -0.130261
    outer loop
      vertex 37.6876 2.47254 3.73839
      vertex 37.6245 2.49868 3.21964
      vertex 37.8554 2.96694 3.73839
    endloop
  endfacet
  facet normal 0.694813 0.60934 0.382019
    outer loop
      vertex 36.6783 28.6783 21.2858
      vertex 36.5367 28.5367 21.7692
      vertex 36.8461 28.1839 21.7692
    endloop
  endfacet
  facet normal -0.803254 -0.536716 0.258301
    outer loop
      vertex 0.994999 1.69418 21.2858
      vertex 0.719737 2.10614 21.2858
      vertex 0.887563 1.61174 20.7804
    endloop
  endfacet
  facet normal -0.963996 0.0631823 -0.2583
    outer loop
      vertex 0.212279 26 2.71424
      vertex 0.0768585 26 3.21964
      vertex 0.244683 26.4944 2.71424
    endloop
  endfacet
  facet normal -0.980788 0.195079 0
    outer loop
      vertex 0.0427113 26.521 3.73839
      vertex 0.144568 27.0331 20.2616
      vertex 0.144568 27.0331 3.73839
    endloop
  endfacet
  facet normal -0.980788 0.195079 0
    outer loop
      vertex 0.144568 27.0331 20.2616
      vertex 0.0427113 26.521 3.73839
      vertex 0.0427113 26.521 20.2616
    endloop
  endfacet
  facet normal -0.922191 -0.0604428 0.381983
    outer loop
      vertex 0.412509 4 21.7692
      vertex 0.244683 3.5056 21.2858
      vertex 0.4432 3.53174 21.7692
    endloop
  endfacet
  facet normal -0.745435 -0.653733 0.130233
    outer loop
      vertex 0.887563 1.61174 20.7804
      vertex 0.833381 1.57017 20.2616
      vertex 1.22592 1.22592 20.7804
    endloop
  endfacet
  facet normal 0 -0.608763 -0.793352
    outer loop
      vertex 4 1.36262 0.99264
      vertex 34 1.77772 0.674121
      vertex 34 1.36262 0.99264
    endloop
  endfacet
  facet normal -0 -0.608763 -0.793352
    outer loop
      vertex 34 1.77772 0.674121
      vertex 4 1.36262 0.99264
      vertex 4 1.77772 0.674121
    endloop
  endfacet
  facet normal -0.745483 0.653672 -0.130259
    outer loop
      vertex 1.22592 28.7741 3.21964
      vertex 0.833381 28.4298 3.73839
      vertex 1.17763 28.8224 3.73839
    endloop
  endfacet
  facet normal -0.828883 0.408725 0.381965
    outer loop
      vertex 0.719737 27.8939 21.2858
      vertex 0.500602 27.4495 21.2858
      vertex 0.68559 27.3729 21.7692
    endloop
  endfacet
  facet normal -0.745427 0.653759 0.130146
    outer loop
      vertex 1.22592 28.7741 20.7804
      vertex 0.833381 28.4298 20.2616
      vertex 0.887563 28.3883 20.7804
    endloop
  endfacet
  facet normal 0.255304 0.751785 0.607979
    outer loop
      vertex 35.2728 29.0727 22.2223
      vertex 34.7784 28.9049 22.6374
      vertex 35.1509 28.7784 22.6374
    endloop
  endfacet
  facet normal -0.278517 -0.820493 0.499219
    outer loop
      vertex 3.1392 0.787448 22.2223
      vertex 2.72724 0.927288 22.2223
      vertex 3.07149 0.534749 21.7692
    endloop
  endfacet
  facet normal 0 -0.382682 -0.92388
    outer loop
      vertex 4 2.23084 0.412509
      vertex 34 2.71424 0.212279
      vertex 34 2.23084 0.412509
    endloop
  endfacet
  facet normal -0 -0.382682 -0.92388
    outer loop
      vertex 34 2.71424 0.212279
      vertex 4 2.23084 0.412509
      vertex 4 2.71424 0.212279
    endloop
  endfacet
  facet normal -0.318701 -0.938865 0.130242
    outer loop
      vertex 2.98462 0.210536 20.7804
      vertex 2.49868 0.37549 20.7804
      vertex 2.96694 0.144568 20.2616
    endloop
  endfacet
  facet normal 0.258764 0.0170139 -0.965791
    outer loop
      vertex 34.7804 26 0.0768585
      vertex 34.7737 26.1019 0.0768585
      vertex 35.2748 26.1678 0.212279
    endloop
  endfacet
  facet normal 0.318833 -0.212931 -0.923583
    outer loop
      vertex 35.4036 2.92301 0.412509
      vertex 35.1135 3.35712 0.212279
      vertex 35.5321 3.11542 0.412509
    endloop
  endfacet
  facet normal 0.65362 0.745529 0.13026
    outer loop
      vertex 36.8224 28.8224 20.2616
      vertex 36.4298 29.1666 20.2616
      vertex 36.7741 28.7741 20.7804
    endloop
  endfacet
  facet normal 0.491148 0.0975805 -0.865593
    outer loop
      vertex 35.754 26.2309 0.412509
      vertex 35.7089 26.4579 0.412509
      vertex 36.2033 26.2901 0.674121
    endloop
  endfacet
  facet normal 0.997865 0.0653113 0
    outer loop
      vertex 37.9914 26 20.2616
      vertex 37.9573 26.521 6
      vertex 37.9573 26.521 20.2616
    endloop
  endfacet
  facet normal 0.997865 0.0653113 0
    outer loop
      vertex 37.9573 26.521 6
      vertex 37.9914 26 20.2616
      vertex 37.9914 26 6
    endloop
  endfacet
  facet normal -0.0398626 -0.608257 0.792739
    outer loop
      vertex 4 1.77772 23.3259
      vertex 3.70993 1.79673 23.3259
      vertex 4 1.36262 23.0074
    endloop
  endfacet
  facet normal -0.84983 0.169036 0.499216
    outer loop
      vertex 0.787448 26.8608 22.2223
      vertex 0.534749 26.9285 21.7692
      vertex 0.702575 26.4341 22.2223
    endloop
  endfacet
  facet normal -0.194953 -0.170964 0.965797
    outer loop
      vertex 3.3809 3.52495 23.9231
      vertex 2.97994 3.21728 23.7877
      vertex 3.09083 3.09083 23.7877
    endloop
  endfacet
  facet normal -0.383228 -0.777124 0.499215
    outer loop
      vertex 2.72724 0.927288 22.2223
      vertex 2.20625 0.893141 21.7692
      vertex 2.62713 0.68559 21.7692
    endloop
  endfacet
  facet normal 0.0327462 -0.499719 0.865568
    outer loop
      vertex 34 2.23084 23.5875
      vertex 34 1.77772 23.3259
      vertex 34.2901 1.79673 23.3259
    endloop
  endfacet
  facet normal 0.408725 -0.828883 0.381965
    outer loop
      vertex 35.8939 0.719737 21.2858
      vertex 35.3729 0.68559 21.7692
      vertex 35.4495 0.500602 21.2858
    endloop
  endfacet
  facet normal -0.0578592 -0.11732 0.991407
    outer loop
      vertex 3.86919 3.77344 23.9914
      vertex 3.60982 3.32419 23.9231
      vertex 3.70137 3.27904 23.9231
    endloop
  endfacet
  facet normal -0.15489 -0.77873 0.607938
    outer loop
      vertex 3.22164 1.09511 22.6374
      vertex 3.1392 0.787448 22.2223
      vertex 3.60746 1.01837 22.6374
    endloop
  endfacet
  facet normal -0.427281 -0.866437 0.258297
    outer loop
      vertex 2.5505 0.500602 21.2858
      vertex 2.10614 0.719737 21.2858
      vertex 2.49868 0.37549 20.7804
    endloop
  endfacet
  facet normal 0.777114 -0.3832 -0.499251
    outer loop
      vertex 37.1069 2.20625 2.23084
      vertex 36.8803 2.33706 1.77772
      vertex 37.0727 2.72724 1.77772
    endloop
  endfacet
  facet normal 0.154861 -0.778744 -0.607927
    outer loop
      vertex 34.8608 0.787448 1.77772
      vertex 34.3925 1.01837 1.36262
      vertex 34.7784 1.09511 1.36262
    endloop
  endfacet
  facet normal 0.768365 -0.513475 -0.382045
    outer loop
      vertex 37.005 1.69418 2.71424
      vertex 36.8461 1.81607 2.23084
      vertex 37.2803 2.10614 2.71424
    endloop
  endfacet
  facet normal 0.098354 -0.086244 -0.991407
    outer loop
      vertex 34.5518 3.4482 0.0768585
      vertex 34.2076 3.84074 0.008564
      vertex 34.6191 3.52495 0.0768585
    endloop
  endfacet
  facet normal -0.108757 -0.0726705 -0.991409
    outer loop
      vertex 3.79245 3.84074 0.008564
      vertex 3.32419 3.60982 0.0768585
      vertex 3.77344 3.86919 0.008564
    endloop
  endfacet
  facet normal -0.866438 -0.427279 0.258299
    outer loop
      vertex 0.719737 2.10614 21.2858
      vertex 0.37549 2.49868 20.7804
      vertex 0.60246 2.03843 20.7804
    endloop
  endfacet
  facet normal -0.963997 -0.063183 0.258299
    outer loop
      vertex 0.244683 3.5056 21.2858
      vertex 0.0768585 4 20.7804
      vertex 0.110421 3.48793 20.7804
    endloop
  endfacet
  facet normal -0.318736 -0.212966 0.923609
    outer loop
      vertex 2.8865 3.35712 23.7877
      vertex 2.46787 3.11542 23.5875
      vertex 2.59643 2.92301 23.5875
    endloop
  endfacet
  facet normal -0.922191 0.0604423 0.381982
    outer loop
      vertex 0.244683 26.4944 21.2858
      vertex 0.212279 26 21.2858
      vertex 0.412509 26 21.7692
    endloop
  endfacet
  facet normal -0.991447 0 0.130513
    outer loop
      vertex 0.008564 4 20.2616
      vertex 0.0768585 26 20.7804
      vertex 0.008564 26 20.2616
    endloop
  endfacet
  facet normal -0.991447 0 0.130513
    outer loop
      vertex 0.0768585 26 20.7804
      vertex 0.008564 4 20.2616
      vertex 0.0768585 4 20.7804
    endloop
  endfacet
  facet normal -0.98936 0.0648416 0.130239
    outer loop
      vertex 0.110421 26.5121 20.7804
      vertex 0.008564 26 20.2616
      vertex 0.0768585 26 20.7804
    endloop
  endfacet
  facet normal -0.906411 -0.180296 0.381984
    outer loop
      vertex 0.4432 3.53174 21.7692
      vertex 0.244683 3.5056 21.2858
      vertex 0.534749 3.07149 21.7692
    endloop
  endfacet
  facet normal -0.694822 -0.609356 0.381977
    outer loop
      vertex 1.15385 1.81607 21.7692
      vertex 0.994999 1.69418 21.2858
      vertex 1.32168 1.32168 21.2858
    endloop
  endfacet
  facet normal -0.00858516 0.13052 -0.991409
    outer loop
      vertex 3.96585 26.2594 0.008564
      vertex 3.89814 26.7737 0.0768585
      vertex 4 26.7804 0.0768585
    endloop
  endfacet
  facet normal -0.523511 -0.596937 -0.60795
    outer loop
      vertex 1.97533 1.3614 1.77772
      vertex 1.87348 1.87348 1.36262
      vertex 2.16924 1.6141 1.36262
    endloop
  endfacet
  facet normal -0.438567 0.889208 -0.130262
    outer loop
      vertex 2.49868 29.6245 3.21964
      vertex 2.03843 29.3975 3.21964
      vertex 2.47254 29.6876 3.73839
    endloop
  endfacet
  facet normal -0.188363 0.947527 -0.258288
    outer loop
      vertex 3.01967 29.6587 2.71424
      vertex 2.98462 29.7895 3.21964
      vertex 3.5056 29.7553 2.71424
    endloop
  endfacet
  facet normal -0.577228 0.195989 -0.792714
    outer loop
      vertex 1.85344 26.5752 0.674121
      vertex 1.45248 26.6826 0.99264
      vertex 1.94688 26.8504 0.674121
    endloop
  endfacet
  facet normal 0.193497 0.972421 0.130214
    outer loop
      vertex 34.521 29.9573 20.2616
      vertex 34.5121 29.8896 20.7804
      vertex 35.0331 29.8554 20.2616
    endloop
  endfacet
  facet normal -0.180301 -0.906412 0.381979
    outer loop
      vertex 3.07149 0.534749 21.7692
      vertex 3.01967 0.341343 21.2858
      vertex 3.5056 0.244683 21.2858
    endloop
  endfacet
  facet normal -0.351162 -0.712099 -0.607947
    outer loop
      vertex 2.72724 0.927288 1.77772
      vertex 2.33706 1.1197 1.77772
      vertex 2.49632 1.39555 1.36262
    endloop
  endfacet
  facet normal 0.889236 -0.438484 -0.130346
    outer loop
      vertex 37.4567 2.00428 3.73839
      vertex 37.3975 2.03843 3.21964
      vertex 37.6876 2.47254 3.73839
    endloop
  endfacet
  facet normal 0.849938 0.168912 0.499073
    outer loop
      vertex 37.4652 26.9285 21.7692
      vertex 37.2126 26.8608 22.2223
      vertex 37.2974 26.4341 22.2223
    endloop
  endfacet
  facet normal -0.427281 -0.866437 -0.258297
    outer loop
      vertex 2.49868 0.37549 3.21964
      vertex 2.10614 0.719737 2.71424
      vertex 2.5505 0.500602 2.71424
    endloop
  endfacet
  facet normal 0.255222 -0.751842 -0.607944
    outer loop
      vertex 35.2728 0.927288 1.77772
      vertex 34.7784 1.09511 1.36262
      vertex 35.1509 1.22156 1.36262
    endloop
  endfacet
  facet normal -0.745436 -0.653731 0.130235
    outer loop
      vertex 1.22592 1.22592 20.7804
      vertex 0.833381 1.57017 20.2616
      vertex 1.17763 1.17763 20.2616
    endloop
  endfacet
  facet normal -0.180296 -0.906411 0.381984
    outer loop
      vertex 3.53174 0.4432 21.7692
      vertex 3.07149 0.534749 21.7692
      vertex 3.5056 0.244683 21.2858
    endloop
  endfacet
  facet normal 0.0519373 -0.792281 -0.607942
    outer loop
      vertex 34.3925 1.01837 1.36262
      vertex 34 0.674121 1.77772
      vertex 34 0.99264 1.36262
    endloop
  endfacet
  facet normal 0.0604378 -0.922193 -0.381978
    outer loop
      vertex 34.4944 0.244683 2.71424
      vertex 34 0.412509 2.23084
      vertex 34.4683 0.4432 2.23084
    endloop
  endfacet
  facet normal 0.597925 -0.118914 -0.792682
    outer loop
      vertex 36.5475 3.31739 0.99264
      vertex 36.1466 3.42483 0.674121
      vertex 36.2033 3.70993 0.674121
    endloop
  endfacet
  facet normal 0.608257 -0.0398417 0.792739
    outer loop
      vertex 36.2223 4 23.3259
      vertex 36.2033 3.70993 23.3259
      vertex 36.6374 4 23.0074
    endloop
  endfacet
  facet normal 0.60934 0.694813 0.382019
    outer loop
      vertex 36.6783 28.6783 21.2858
      vertex 36.1839 28.8461 21.7692
      vertex 36.5367 28.5367 21.7692
    endloop
  endfacet
  facet normal 0.416399 0.278231 0.865563
    outer loop
      vertex 35.7631 27.3528 23.3259
      vertex 35.4036 27.077 23.5875
      vertex 35.9246 27.1111 23.3259
    endloop
  endfacet
  facet normal 0.706327 -0.0463703 -0.706365
    outer loop
      vertex 37.0074 4 1.36262
      vertex 36.6148 3.65575 0.99264
      vertex 36.6374 4 0.99264
    endloop
  endfacet
  facet normal 0.793369 0 -0.60874
    outer loop
      vertex 37.3259 4 1.77772
      vertex 37.0074 15 1.36262
      vertex 37.3259 15 1.77772
    endloop
  endfacet
  facet normal 0.793369 0 -0.60874
    outer loop
      vertex 37.0074 15 1.36262
      vertex 37.3259 4 1.77772
      vertex 37.0074 4 1.36262
    endloop
  endfacet
  facet normal 0.608763 0 -0.793352
    outer loop
      vertex 36.2223 4 0.674121
      vertex 36.6374 26 0.99264
      vertex 36.6374 4 0.99264
    endloop
  endfacet
  facet normal 0.608763 0 -0.793352
    outer loop
      vertex 36.6374 26 0.99264
      vertex 36.2223 4 0.674121
      vertex 36.2223 26 0.674121
    endloop
  endfacet
  facet normal 0.820542 0.278626 0.499077
    outer loop
      vertex 37.4652 26.9285 21.7692
      vertex 37.0727 27.2728 22.2223
      vertex 37.2126 26.8608 22.2223
    endloop
  endfacet
  facet normal 0.245623 0.0833144 -0.965778
    outer loop
      vertex 35.2419 26.3328 0.212279
      vertex 34.7538 26.202 0.0768585
      vertex 35.1879 26.492 0.212279
    endloop
  endfacet
  facet normal 0.318809 0.938843 0.130132
    outer loop
      vertex 35.0331 29.8554 20.2616
      vertex 35.0154 29.7895 20.7804
      vertex 35.5013 29.6245 20.7804
    endloop
  endfacet
  facet normal 0.906374 0.180193 0.382121
    outer loop
      vertex 37.6587 26.9803 21.2858
      vertex 37.4652 26.9285 21.7692
      vertex 37.7553 26.4944 21.2858
    endloop
  endfacet
  facet normal -0.169552 -0.3438 0.923609
    outer loop
      vertex 3.35712 2.8865 23.7877
      vertex 3.32297 2.36551 23.5875
      vertex 3.50796 2.81211 23.7877
    endloop
  endfacet
  facet normal 0.577223 -0.19607 0.792698
    outer loop
      vertex 36.1466 3.42483 23.3259
      vertex 36.0531 3.14957 23.3259
      vertex 36.5475 3.31739 23.0074
    endloop
  endfacet
  facet normal 0 -0.258781 0.965936
    outer loop
      vertex 4 3.21964 23.9231
      vertex 34 2.71424 23.7877
      vertex 34 3.21964 23.9231
    endloop
  endfacet
  facet normal 0 -0.258781 0.965936
    outer loop
      vertex 34 2.71424 23.7877
      vertex 4 3.21964 23.9231
      vertex 4 2.71424 23.7877
    endloop
  endfacet
  facet normal 0.458263 -0.401963 0.79273
    outer loop
      vertex 35.7631 2.64716 23.3259
      vertex 35.5714 2.42861 23.3259
      vertex 35.8649 2.13509 23.0074
    endloop
  endfacet
  facet normal 0.474216 0.16103 0.865557
    outer loop
      vertex 36.0531 26.8504 23.3259
      vertex 35.6345 26.677 23.5875
      vertex 35.7089 26.4579 23.5875
    endloop
  endfacet
  facet normal 0.376022 -0.0747172 0.923594
    outer loop
      vertex 35.754 3.76908 23.5875
      vertex 35.2748 3.83217 23.7877
      vertex 35.7089 3.54211 23.5875
    endloop
  endfacet
  facet normal -0.318657 0.938879 0.130249
    outer loop
      vertex 2.96694 29.8554 20.2616
      vertex 2.47254 29.6876 20.2616
      vertex 2.49868 29.6245 20.7804
    endloop
  endfacet
  facet normal -0.0169587 -0.258743 0.965797
    outer loop
      vertex 4 3.21964 23.9231
      vertex 3.83217 2.72524 23.7877
      vertex 4 2.71424 23.7877
    endloop
  endfacet
  facet normal 0.523576 -0.59689 0.607939
    outer loop
      vertex 36.1265 1.87348 22.6374
      vertex 35.8308 1.6141 22.6374
      vertex 36.0247 1.3614 22.2223
    endloop
  endfacet
  facet normal 0.653759 -0.745427 0.130146
    outer loop
      vertex 36.7741 1.22592 20.7804
      vertex 36.3883 0.887563 20.7804
      vertex 36.4298 0.833381 20.2616
    endloop
  endfacet
  facet normal 0.720399 -0.481522 0.499161
    outer loop
      vertex 37.1069 2.20625 21.7692
      vertex 36.6386 1.97533 22.2223
      vertex 36.8461 1.81607 21.7692
    endloop
  endfacet
  facet normal -0.408744 -0.828867 0.381978
    outer loop
      vertex 2.20625 0.893141 21.7692
      vertex 2.10614 0.719737 21.2858
      vertex 2.62713 0.68559 21.7692
    endloop
  endfacet
  facet normal -0.07479 -0.375971 0.923608
    outer loop
      vertex 3.83217 2.72524 23.7877
      vertex 3.54211 2.29113 23.5875
      vertex 3.76908 2.24598 23.5875
    endloop
  endfacet
  facet normal -0.00854739 -0.13053 0.991407
    outer loop
      vertex 3.96585 3.74063 23.9914
      vertex 3.89814 3.22631 23.9231
      vertex 4 3.21964 23.9231
    endloop
  endfacet
  facet normal -0.338655 -0.506829 0.79274
    outer loop
      vertex 2.88886 2.07545 23.3259
      vertex 2.64716 2.23695 23.3259
      vertex 2.68131 1.71596 23.0074
    endloop
  endfacet
  facet normal -0.427279 -0.866438 0.258299
    outer loop
      vertex 2.10614 0.719737 21.2858
      vertex 2.03843 0.60246 20.7804
      vertex 2.49868 0.37549 20.7804
    endloop
  endfacet
  facet normal -0.0604423 -0.922191 0.381982
    outer loop
      vertex 4 0.412509 21.7692
      vertex 3.5056 0.244683 21.2858
      vertex 4 0.212279 21.2858
    endloop
  endfacet
  facet normal 0.972418 -0.193508 0.130221
    outer loop
      vertex 37.8896 3.48793 20.7804
      vertex 37.8554 2.96694 20.2616
      vertex 37.9573 3.47901 20.2616
    endloop
  endfacet
  facet normal 0.82888 -0.408695 -0.382005
    outer loop
      vertex 37.4994 2.5505 2.71424
      vertex 37.2803 2.10614 2.71424
      vertex 37.3144 2.62713 2.23084
    endloop
  endfacet
  facet normal 0.438569 -0.889214 -0.130213
    outer loop
      vertex 35.9957 0.543315 3.73839
      vertex 35.5275 0.312394 3.73839
      vertex 35.9616 0.60246 3.21964
    endloop
  endfacet
  facet normal 0.513404 -0.768405 -0.38206
    outer loop
      vertex 35.8939 0.719737 2.71424
      vertex 35.7937 0.893141 2.23084
      vertex 36.1839 1.15385 2.23084
    endloop
  endfacet
  facet normal 0.712147 -0.351017 -0.607975
    outer loop
      vertex 37.0727 2.72724 1.77772
      vertex 36.6045 2.49632 1.36262
      vertex 36.7784 2.84913 1.36262
    endloop
  endfacet
  facet normal -0.144061 0.215635 -0.965789
    outer loop
      vertex 3.52495 26.6191 0.0768585
      vertex 3.35712 27.1135 0.212279
      vertex 3.60982 26.6758 0.0768585
    endloop
  endfacet
  facet normal 0.820516 -0.278454 0.499216
    outer loop
      vertex 37.4652 3.07149 21.7692
      vertex 37.0727 2.72724 22.2223
      vertex 37.3144 2.62713 21.7692
    endloop
  endfacet
  facet normal 0.972421 0.193497 0.130214
    outer loop
      vertex 37.9573 26.521 20.2616
      vertex 37.8554 27.0331 20.2616
      vertex 37.8896 26.5121 20.7804
    endloop
  endfacet
  facet normal 0.803292 0.53672 0.258175
    outer loop
      vertex 37.3975 27.9616 20.7804
      vertex 37.1124 28.3883 20.7804
      vertex 37.2803 27.8939 21.2858
    endloop
  endfacet
  facet normal 0.297115 0.875118 0.381958
    outer loop
      vertex 34.9803 29.6587 21.2858
      vertex 34.9285 29.4653 21.7692
      vertex 35.4495 29.4994 21.2858
    endloop
  endfacet
  facet normal -0.596937 -0.523511 0.60795
    outer loop
      vertex 1.6141 2.16924 22.6374
      vertex 1.3614 1.97533 22.2223
      vertex 1.87348 1.87348 22.6374
    endloop
  endfacet
  facet normal -0.097698 -0.49116 0.865573
    outer loop
      vertex 3.54211 2.29113 23.5875
      vertex 3.42483 1.85344 23.3259
      vertex 3.70993 1.79673 23.3259
    endloop
  endfacet
  facet normal -0.18844 0.94749 0.258365
    outer loop
      vertex 3.48793 29.8896 20.7804
      vertex 2.98462 29.7895 20.7804
      vertex 3.5056 29.7553 21.2858
    endloop
  endfacet
  facet normal -0.31061 0.914775 0.258279
    outer loop
      vertex 2.98462 29.7895 20.7804
      vertex 2.49868 29.6245 20.7804
      vertex 2.5505 29.4994 21.2858
    endloop
  endfacet
  facet normal 0.114671 0.232579 0.965794
    outer loop
      vertex 34.492 27.1879 23.7877
      vertex 34.2986 26.721 23.9231
      vertex 34.6429 27.1135 23.7877
    endloop
  endfacet
  facet normal -0.60874 0 0.793369
    outer loop
      vertex 1.36262 26 23.0074
      vertex 1.77772 4 23.3259
      vertex 1.77772 26 23.3259
    endloop
  endfacet
  facet normal -0.60874 0 0.793369
    outer loop
      vertex 1.77772 4 23.3259
      vertex 1.36262 26 23.0074
      vertex 1.36262 4 23.0074
    endloop
  endfacet
  facet normal -0.947494 0.188485 0.258319
    outer loop
      vertex 0.341343 26.9803 21.2858
      vertex 0.210536 27.0154 20.7804
      vertex 0.244683 26.4944 21.2858
    endloop
  endfacet
  facet normal -0.922191 -0.0604423 0.381982
    outer loop
      vertex 0.412509 4 21.7692
      vertex 0.212279 4 21.2858
      vertex 0.244683 3.5056 21.2858
    endloop
  endfacet
  facet normal -0.938865 -0.318701 0.130242
    outer loop
      vertex 0.37549 2.49868 20.7804
      vertex 0.144568 2.96694 20.2616
      vertex 0.312394 2.47254 20.2616
    endloop
  endfacet
  facet normal -0.310599 0.914776 -0.258289
    outer loop
      vertex 3.01967 29.6587 2.71424
      vertex 2.5505 29.4994 2.71424
      vertex 2.98462 29.7895 3.21964
    endloop
  endfacet
  facet normal 0.194916 0.171028 -0.965794
    outer loop
      vertex 34.6191 26.4751 0.0768585
      vertex 34.5518 26.5518 0.0768585
      vertex 34.9092 26.9092 0.212279
    endloop
  endfacet
  facet normal -0.193404 0.972451 -0.130128
    outer loop
      vertex 2.98462 29.7895 3.21964
      vertex 2.96694 29.8554 3.73839
      vertex 3.48793 29.8896 3.21964
    endloop
  endfacet
  facet normal -0.69427 0.138074 -0.706346
    outer loop
      vertex 1.38518 26.3442 0.99264
      vertex 1.01837 26.3925 1.36262
      vertex 1.45248 26.6826 0.99264
    endloop
  endfacet
  facet normal -0.0647564 0.989368 0.130219
    outer loop
      vertex 4 29.9914 20.2616
      vertex 3.47901 29.9573 20.2616
      vertex 3.48793 29.8896 20.7804
    endloop
  endfacet
  facet normal -0.536727 0.803284 0.258185
    outer loop
      vertex 2.03843 29.3975 20.7804
      vertex 1.61174 29.1124 20.7804
      vertex 2.10614 29.2803 21.2858
    endloop
  endfacet
  facet normal -0.550879 0.824344 -0.13034
    outer loop
      vertex 2.03843 29.3975 3.21964
      vertex 1.57017 29.1666 3.73839
      vertex 2.00428 29.4567 3.73839
    endloop
  endfacet
  facet normal -0.792279 0.0519316 0.607945
    outer loop
      vertex 0.702575 26.4341 22.2223
      vertex 0.674121 26 22.2223
      vertex 1.01837 26.3925 22.6374
    endloop
  endfacet
  facet normal -0.989359 0.0648444 -0.130248
    outer loop
      vertex 0.110421 26.5121 3.21964
      vertex 0.008564 26 3.73839
      vertex 0.0427113 26.521 3.73839
    endloop
  endfacet
  facet normal -0.98936 0.0648445 0.130236
    outer loop
      vertex 0.0427113 26.521 20.2616
      vertex 0.008564 26 20.2616
      vertex 0.110421 26.5121 20.7804
    endloop
  endfacet
  facet normal -0.972435 0.193417 0.130233
    outer loop
      vertex 0.144568 27.0331 20.2616
      vertex 0.0427113 26.521 20.2616
      vertex 0.110421 26.5121 20.7804
    endloop
  endfacet
  facet normal -0.803205 0.536761 0.258361
    outer loop
      vertex 0.887563 28.3883 20.7804
      vertex 0.719737 27.8939 21.2858
      vertex 0.994999 28.3058 21.2858
    endloop
  endfacet
  facet normal -0.831461 0.555583 0
    outer loop
      vertex 0.543315 27.9957 3.73839
      vertex 0.833381 28.4298 20.2616
      vertex 0.833381 28.4298 3.73839
    endloop
  endfacet
  facet normal -0.831461 0.555583 0
    outer loop
      vertex 0.833381 28.4298 20.2616
      vertex 0.543315 27.9957 3.73839
      vertex 0.543315 27.9957 20.2616
    endloop
  endfacet
  facet normal 0.0647213 0.989367 0.13025
    outer loop
      vertex 34 29.9914 20.2616
      vertex 34 29.9231 20.7804
      vertex 34.5121 29.8896 20.7804
    endloop
  endfacet
  facet normal 0.278118 0.416419 0.86559
    outer loop
      vertex 35.1111 27.9246 23.3259
      vertex 34.8846 27.5321 23.5875
      vertex 35.077 27.4036 23.5875
    endloop
  endfacet
  facet normal 0.777134 0.383211 0.499211
    outer loop
      vertex 37.1069 27.7937 21.7692
      vertex 37.0727 27.2728 22.2223
      vertex 37.3144 27.3729 21.7692
    endloop
  endfacet
  facet normal 0.65929 -0.751889 0
    outer loop
      vertex 36.4298 0.833381 3.73839
      vertex 36.8224 1.17763 20.2616
      vertex 36.4298 0.833381 20.2616
    endloop
  endfacet
  facet normal 0.65929 -0.751889 0
    outer loop
      vertex 36.8224 1.17763 20.2616
      vertex 36.4298 0.833381 3.73839
      vertex 36.8224 1.17763 3.73839
    endloop
  endfacet
  facet normal -0.660169 -0.44111 -0.607947
    outer loop
      vertex 1.3614 1.97533 1.77772
      vertex 1.1197 2.33706 1.77772
      vertex 1.39555 2.49632 1.36262
    endloop
  endfacet
  facet normal 0 -0.866023 -0.500004
    outer loop
      vertex 4 0.674121 1.77772
      vertex 34 0.412509 2.23084
      vertex 4 0.412509 2.23084
    endloop
  endfacet
  facet normal 0 -0.866023 -0.500004
    outer loop
      vertex 34 0.412509 2.23084
      vertex 4 0.674121 1.77772
      vertex 34 0.674121 1.77772
    endloop
  endfacet
  facet normal -0.97243 -0.193428 -0.130252
    outer loop
      vertex 0.144568 2.96694 3.73839
      vertex 0.0427113 3.47901 3.73839
      vertex 0.110421 3.48793 3.21964
    endloop
  endfacet
  facet normal -0.972431 -0.193429 0.130241
    outer loop
      vertex 0.210536 2.98462 20.7804
      vertex 0.110421 3.48793 20.7804
      vertex 0.144568 2.96694 20.2616
    endloop
  endfacet
  facet normal -0.824385 -0.550842 0.130242
    outer loop
      vertex 0.60246 2.03843 20.7804
      vertex 0.543315 2.00428 20.2616
      vertex 0.833381 1.57017 20.2616
    endloop
  endfacet
  facet normal -0.82439 -0.550836 0.130234
    outer loop
      vertex 0.887563 1.61174 20.7804
      vertex 0.60246 2.03843 20.7804
      vertex 0.833381 1.57017 20.2616
    endloop
  endfacet
  facet normal -0.318701 -0.938865 0.130242
    outer loop
      vertex 2.49868 0.37549 20.7804
      vertex 2.47254 0.312394 20.2616
      vertex 2.96694 0.144568 20.2616
    endloop
  endfacet
  facet normal -0.653731 -0.745436 0.130235
    outer loop
      vertex 1.22592 1.22592 20.7804
      vertex 1.17763 1.17763 20.2616
      vertex 1.57017 0.833381 20.2616
    endloop
  endfacet
  facet normal 0 -0.965926 -0.258817
    outer loop
      vertex 4 0.212279 2.71424
      vertex 34 0.0768585 3.21964
      vertex 4 0.0768585 3.21964
    endloop
  endfacet
  facet normal 0 -0.965926 -0.258817
    outer loop
      vertex 34 0.0768585 3.21964
      vertex 4 0.212279 2.71424
      vertex 34 0.212279 2.71424
    endloop
  endfacet
  facet normal 0.169038 -0.849839 -0.4992
    outer loop
      vertex 34.9285 0.534749 2.23084
      vertex 34.4341 0.702575 1.77772
      vertex 34.8608 0.787448 1.77772
    endloop
  endfacet
  facet normal 0.168896 0.849859 0.499213
    outer loop
      vertex 34.9285 29.4653 21.7692
      vertex 34.4341 29.2974 22.2223
      vertex 34.8608 29.2126 22.2223
    endloop
  endfacet
  facet normal 0.751786 -0.255304 -0.607978
    outer loop
      vertex 37.0727 2.72724 1.77772
      vertex 36.9049 3.22164 1.36262
      vertex 37.2126 3.1392 1.77772
    endloop
  endfacet
  facet normal 0.86464 -0.0566874 -0.499183
    outer loop
      vertex 37.5568 3.53174 2.23084
      vertex 37.3259 4 1.77772
      vertex 37.5875 4 2.23084
    endloop
  endfacet
  facet normal 0.768326 0.51353 0.382051
    outer loop
      vertex 37.2803 27.8939 21.2858
      vertex 36.8461 28.1839 21.7692
      vertex 37.1069 27.7937 21.7692
    endloop
  endfacet
  facet normal 0.922212 -0.0604362 0.381934
    outer loop
      vertex 37.7877 4 21.2858
      vertex 37.5875 4 21.7692
      vertex 37.7553 3.5056 21.2858
    endloop
  endfacet
  facet normal 0.751936 0.659237 0
    outer loop
      vertex 37.1666 28.4298 20.2616
      vertex 36.8224 28.8224 6
      vertex 36.8224 28.8224 20.2616
    endloop
  endfacet
  facet normal 0.751936 0.659237 0
    outer loop
      vertex 36.8224 28.8224 6
      vertex 37.1666 28.4298 20.2616
      vertex 37.1666 28.4298 6
    endloop
  endfacet
  facet normal 0.745529 0.65362 0.13026
    outer loop
      vertex 36.8224 28.8224 20.2616
      vertex 36.7741 28.7741 20.7804
      vertex 37.1666 28.4298 20.2616
    endloop
  endfacet
  facet normal 0.896866 0.442303 0
    outer loop
      vertex 37.6876 27.5275 20.2616
      vertex 37.4567 27.9957 6
      vertex 37.4567 27.9957 20.2616
    endloop
  endfacet
  facet normal 0.896866 0.442303 0
    outer loop
      vertex 37.4567 27.9957 6
      vertex 37.6876 27.5275 20.2616
      vertex 37.6876 27.5275 6
    endloop
  endfacet
  facet normal 0.128288 0.0255813 0.991407
    outer loop
      vertex 34.7737 26.1019 23.9231
      vertex 34.2527 26.0677 23.9914
      vertex 34.2594 26.0341 23.9914
    endloop
  endfacet
  facet normal 0.706346 0.0463783 0.706346
    outer loop
      vertex 37.0074 26 22.6374
      vertex 36.6148 26.3442 23.0074
      vertex 36.6374 26 23.0074
    endloop
  endfacet
  facet normal 0.215615 -0.144011 0.965801
    outer loop
      vertex 35.1135 3.35712 23.7877
      vertex 34.6191 3.52495 23.9231
      vertex 35.0201 3.21728 23.7877
    endloop
  endfacet
  facet normal 0.820532 -0.278649 0.499081
    outer loop
      vertex 37.2126 3.1392 22.2223
      vertex 37.0727 2.72724 22.2223
      vertex 37.4652 3.07149 21.7692
    endloop
  endfacet
  facet normal -0.123871 -0.0420464 0.991407
    outer loop
      vertex 3.7473 3.93229 23.9914
      vertex 3.24623 3.79803 23.9231
      vertex 3.27904 3.70137 23.9231
    endloop
  endfacet
  facet normal 0.169514 0.343813 0.923611
    outer loop
      vertex 34.677 27.6345 23.5875
      vertex 34.492 27.1879 23.7877
      vertex 34.6429 27.1135 23.7877
    endloop
  endfacet
  facet normal -0.169556 -0.343799 0.923609
    outer loop
      vertex 3.35712 2.8865 23.7877
      vertex 3.11542 2.46787 23.5875
      vertex 3.32297 2.36551 23.5875
    endloop
  endfacet
  facet normal 0.449148 0.221545 0.865554
    outer loop
      vertex 36.0531 26.8504 23.3259
      vertex 35.5321 26.8846 23.5875
      vertex 35.6345 26.677 23.5875
    endloop
  endfacet
  facet normal 0.258743 -0.0169587 0.965797
    outer loop
      vertex 35.2858 4 23.7877
      vertex 34.7804 4 23.9231
      vertex 35.2748 3.83217 23.7877
    endloop
  endfacet
  facet normal 0.318739 0.212949 0.923612
    outer loop
      vertex 35.4036 27.077 23.5875
      vertex 35.0201 26.7827 23.7877
      vertex 35.1135 26.6429 23.7877
    endloop
  endfacet
  facet normal -0.571322 0.651481 0.499163
    outer loop
      vertex 1.81607 28.8461 21.7692
      vertex 1.46326 28.5367 21.7692
      vertex 1.97533 28.6386 22.2223
    endloop
  endfacet
  facet normal -0.637008 0.72631 0.258252
    outer loop
      vertex 1.61174 29.1124 20.7804
      vertex 1.32168 28.6783 21.2858
      vertex 1.69418 29.005 21.2858
    endloop
  endfacet
  facet normal 0.37653 0.330196 0.865561
    outer loop
      vertex 35.5714 27.5714 23.3259
      vertex 35.4036 27.077 23.5875
      vertex 35.7631 27.3528 23.3259
    endloop
  endfacet
  facet normal 0.726339 0.636912 0.258408
    outer loop
      vertex 36.7741 28.7741 20.7804
      vertex 36.6783 28.6783 21.2858
      vertex 37.1124 28.3883 20.7804
    endloop
  endfacet
  facet normal -0.820504 0.278501 0.49921
    outer loop
      vertex 0.68559 27.3729 21.7692
      vertex 0.534749 26.9285 21.7692
      vertex 0.927288 27.2728 22.2223
    endloop
  endfacet
  facet normal 0.0463055 -0.706371 0.706326
    outer loop
      vertex 34.3442 1.38518 23.0074
      vertex 34 0.99264 22.6374
      vertex 34.3925 1.01837 22.6374
    endloop
  endfacet
  facet normal 0.221464 -0.449158 0.86557
    outer loop
      vertex 34.8846 2.46787 23.5875
      vertex 34.677 2.36551 23.5875
      vertex 34.8504 1.94688 23.3259
    endloop
  endfacet
  facet normal 0 -0.130536 0.991444
    outer loop
      vertex 4 3.73839 23.9914
      vertex 34 3.21964 23.9231
      vertex 34 3.73839 23.9914
    endloop
  endfacet
  facet normal 0 -0.130536 0.991444
    outer loop
      vertex 34 3.21964 23.9231
      vertex 4 3.73839 23.9914
      vertex 4 3.21964 23.9231
    endloop
  endfacet
  facet normal 0.343787 -0.169616 0.923602
    outer loop
      vertex 35.6345 3.32297 23.5875
      vertex 35.1135 3.35712 23.7877
      vertex 35.5321 3.11542 23.5875
    endloop
  endfacet
  facet normal 0 -0.793352 0.608763
    outer loop
      vertex 4 0.674121 22.2223
      vertex 34 0.99264 22.6374
      vertex 4 0.99264 22.6374
    endloop
  endfacet
  facet normal 0 -0.793352 0.608763
    outer loop
      vertex 34 0.99264 22.6374
      vertex 4 0.674121 22.2223
      vertex 34 0.674121 22.2223
    endloop
  endfacet
  facet normal 0.393247 -0.588565 0.706363
    outer loop
      vertex 35.6055 1.90762 23.0074
      vertex 35.5037 1.39555 22.6374
      vertex 35.8308 1.6141 22.6374
    endloop
  endfacet
  facet normal 0.441097 -0.660182 0.607942
    outer loop
      vertex 35.8308 1.6141 22.6374
      vertex 35.5037 1.39555 22.6374
      vertex 36.0247 1.3614 22.2223
    endloop
  endfacet
  facet normal 0.0250753 -0.382513 0.92361
    outer loop
      vertex 34 2.71424 23.7877
      vertex 34 2.23084 23.5875
      vertex 34.1678 2.72524 23.7877
    endloop
  endfacet
  facet normal -0.195939 -0.577207 0.792742
    outer loop
      vertex 3.42483 1.85344 23.3259
      vertex 3.14957 1.94688 23.3259
      vertex 3.31739 1.45248 23.0074
    endloop
  endfacet
  facet normal -0.481388 -0.72045 0.499217
    outer loop
      vertex 1.97533 1.3614 22.2223
      vertex 1.81607 1.15385 21.7692
      vertex 2.20625 0.893141 21.7692
    endloop
  endfacet
  facet normal -0.321439 -0.94693 0
    outer loop
      vertex 2.47254 0.312394 3.73839
      vertex 2.96694 0.144568 20.2616
      vertex 2.47254 0.312394 20.2616
    endloop
  endfacet
  facet normal -0.321439 -0.94693 -0
    outer loop
      vertex 2.96694 0.144568 20.2616
      vertex 2.47254 0.312394 3.73839
      vertex 2.96694 0.144568 3.73839
    endloop
  endfacet
  facet normal 0.0604378 -0.922193 0.381978
    outer loop
      vertex 34.4683 0.4432 21.7692
      vertex 34 0.412509 21.7692
      vertex 34.4944 0.244683 21.2858
    endloop
  endfacet
  facet normal 0.351182 -0.712092 0.607945
    outer loop
      vertex 35.5037 1.39555 22.6374
      vertex 35.1509 1.22156 22.6374
      vertex 35.2728 0.927288 22.2223
    endloop
  endfacet
  facet normal 0.0648445 -0.98936 0.130236
    outer loop
      vertex 34.5121 0.110421 20.7804
      vertex 34 0.008564 20.2616
      vertex 34.521 0.0427113 20.2616
    endloop
  endfacet
  facet normal 0.11892 -0.597852 0.792737
    outer loop
      vertex 34.5752 1.85344 23.3259
      vertex 34.2901 1.79673 23.3259
      vertex 34.6826 1.45248 23.0074
    endloop
  endfacet
  facet normal 0 -0.382633 0.9239
    outer loop
      vertex 4 2.71424 23.7877
      vertex 34 2.23084 23.5875
      vertex 34 2.71424 23.7877
    endloop
  endfacet
  facet normal 0 -0.382633 0.9239
    outer loop
      vertex 34 2.23084 23.5875
      vertex 4 2.71424 23.7877
      vertex 4 2.23084 23.5875
    endloop
  endfacet
  facet normal -0.27852 -0.820502 -0.499202
    outer loop
      vertex 3.07149 0.534749 2.23084
      vertex 2.72724 0.927288 1.77772
      vertex 3.1392 0.787448 1.77772
    endloop
  endfacet
  facet normal -0.427279 -0.866438 -0.258299
    outer loop
      vertex 2.49868 0.37549 3.21964
      vertex 2.03843 0.60246 3.21964
      vertex 2.10614 0.719737 2.71424
    endloop
  endfacet
  facet normal 0.720434 -0.481378 -0.499249
    outer loop
      vertex 37.1069 2.20625 2.23084
      vertex 36.6386 1.97533 1.77772
      vertex 36.8803 2.33706 1.77772
    endloop
  endfacet
  facet normal 0.849945 -0.168917 -0.499059
    outer loop
      vertex 37.4652 3.07149 2.23084
      vertex 37.2126 3.1392 1.77772
      vertex 37.2974 3.56589 1.77772
    endloop
  endfacet
  facet normal 0.98077 -0.195169 0
    outer loop
      vertex 37.8554 2.96694 20.2616
      vertex 37.9573 3.47901 3.73839
      vertex 37.9573 3.47901 20.2616
    endloop
  endfacet
  facet normal 0.98077 -0.195169 0
    outer loop
      vertex 37.9573 3.47901 3.73839
      vertex 37.8554 2.96694 20.2616
      vertex 37.8554 2.96694 3.73839
    endloop
  endfacet
  facet normal 0.997865 -0.0653126 0
    outer loop
      vertex 37.9573 3.47901 20.2616
      vertex 37.9914 4 3.73839
      vertex 37.9914 4 20.2616
    endloop
  endfacet
  facet normal 0.997865 -0.0653126 0
    outer loop
      vertex 37.9914 4 3.73839
      vertex 37.9573 3.47901 20.2616
      vertex 37.9573 3.47901 3.73839
    endloop
  endfacet
  facet normal 0.491154 -0.0975946 -0.865588
    outer loop
      vertex 36.2033 3.70993 0.674121
      vertex 35.7089 3.54211 0.412509
      vertex 35.754 3.76908 0.412509
    endloop
  endfacet
  facet normal 0.313078 -0.634856 -0.706357
    outer loop
      vertex 35.1509 1.22156 1.36262
      vertex 35.0093 1.56338 0.99264
      vertex 35.3187 1.71596 0.99264
    endloop
  endfacet
  facet normal 0.991444 0 -0.130536
    outer loop
      vertex 37.9914 4 3.73839
      vertex 37.9231 15 3.21964
      vertex 37.9914 15 3.73839
    endloop
  endfacet
  facet normal 0.991444 0 -0.130536
    outer loop
      vertex 37.9231 15 3.21964
      vertex 37.9914 4 3.73839
      vertex 37.9231 4 3.21964
    endloop
  endfacet
  facet normal 0.383292 -0.777108 -0.49919
    outer loop
      vertex 35.3729 0.68559 2.23084
      vertex 35.2728 0.927288 1.77772
      vertex 35.7937 0.893141 2.23084
    endloop
  endfacet
  facet normal 0.138062 -0.694266 -0.706352
    outer loop
      vertex 34.7784 1.09511 1.36262
      vertex 34.3925 1.01837 1.36262
      vertex 34.6826 1.45248 0.99264
    endloop
  endfacet
  facet normal -0.0462996 -0.706353 -0.706344
    outer loop
      vertex 4 0.99264 1.36262
      vertex 3.60746 1.01837 1.36262
      vertex 3.65575 1.38518 0.99264
    endloop
  endfacet
  facet normal 0.60828 -0.0398432 -0.792722
    outer loop
      vertex 36.6374 4 0.99264
      vertex 36.2033 3.70993 0.674121
      vertex 36.2223 4 0.674121
    endloop
  endfacet
  facet normal 0.213033 -0.318729 -0.923595
    outer loop
      vertex 35.077 2.59643 0.412509
      vertex 34.6429 2.8865 0.212279
      vertex 34.7827 2.97994 0.212279
    endloop
  endfacet
  facet normal 0.670271 -0.227616 0.706349
    outer loop
      vertex 36.9049 3.22164 22.6374
      vertex 36.5475 3.31739 23.0074
      vertex 36.7784 2.84913 22.6374
    endloop
  endfacet
  facet normal 0.922203 0.0604562 0.381951
    outer loop
      vertex 37.7553 26.4944 21.2858
      vertex 37.5568 26.4683 21.7692
      vertex 37.5875 26 21.7692
    endloop
  endfacet
  facet normal 0.906374 -0.180182 0.382127
    outer loop
      vertex 37.7553 3.5056 21.2858
      vertex 37.4652 3.07149 21.7692
      vertex 37.6587 3.01967 21.2858
    endloop
  endfacet
  facet normal 0.965936 -0 0.258781
    outer loop
      vertex 37.7877 4 21.2858
      vertex 37.9231 26 20.7804
      vertex 37.7877 26 21.2858
    endloop
  endfacet
  facet normal 0.965936 0 0.258781
    outer loop
      vertex 37.9231 26 20.7804
      vertex 37.7877 4 21.2858
      vertex 37.9231 4 20.7804
    endloop
  endfacet
  facet normal 0.889238 -0.438485 0.130334
    outer loop
      vertex 37.6876 2.47254 20.2616
      vertex 37.3975 2.03843 20.7804
      vertex 37.4567 2.00428 20.2616
    endloop
  endfacet
  facet normal -0.571312 -0.651448 0.499217
    outer loop
      vertex 1.97533 1.3614 22.2223
      vertex 1.46326 1.46326 21.7692
      vertex 1.81607 1.15385 21.7692
    endloop
  endfacet
  facet normal -0.31308 -0.63488 0.706334
    outer loop
      vertex 2.99072 1.56338 23.0074
      vertex 2.68131 1.71596 23.0074
      vertex 2.84913 1.22156 22.6374
    endloop
  endfacet
  facet normal 0.13808 0.694298 0.706318
    outer loop
      vertex 34.3925 28.9816 22.6374
      vertex 34.3442 28.6148 23.0074
      vertex 34.6826 28.5475 23.0074
    endloop
  endfacet
  facet normal 0 0.991445 0.130524
    outer loop
      vertex 34 29.9914 20.2616
      vertex 4 29.9231 20.7804
      vertex 34 29.9231 20.7804
    endloop
  endfacet
  facet normal 0 0.991445 0.130524
    outer loop
      vertex 4 29.9231 20.7804
      vertex 34 29.9914 20.2616
      vertex 4 29.9914 20.2616
    endloop
  endfacet
  facet normal -0.93886 0.3187 0.130278
    outer loop
      vertex 0.312394 27.5275 20.2616
      vertex 0.144568 27.0331 20.2616
      vertex 0.37549 27.5013 20.7804
    endloop
  endfacet
  facet normal -0.824403 0.550831 -0.130173
    outer loop
      vertex 0.887563 28.3883 3.21964
      vertex 0.60246 27.9616 3.21964
      vertex 0.833381 28.4298 3.73839
    endloop
  endfacet
  facet normal -0.938858 0.318699 -0.13029
    outer loop
      vertex 0.37549 27.5013 3.21964
      vertex 0.144568 27.0331 3.73839
      vertex 0.312394 27.5275 3.73839
    endloop
  endfacet
  facet normal -0.98936 -0.0648454 0.130239
    outer loop
      vertex 0.0768585 4 20.7804
      vertex 0.008564 4 20.2616
      vertex 0.110421 3.48793 20.7804
    endloop
  endfacet
  facet normal -0.963996 -0.0631823 0.2583
    outer loop
      vertex 0.212279 4 21.2858
      vertex 0.0768585 4 20.7804
      vertex 0.244683 3.5056 21.2858
    endloop
  endfacet
  facet normal -0.92388 0 0.382682
    outer loop
      vertex 0.212279 4 21.2858
      vertex 0.412509 26 21.7692
      vertex 0.212279 26 21.2858
    endloop
  endfacet
  facet normal -0.92388 0 0.382682
    outer loop
      vertex 0.412509 26 21.7692
      vertex 0.212279 4 21.2858
      vertex 0.412509 4 21.7692
    endloop
  endfacet
  facet normal -0.670321 -0.227543 0.706324
    outer loop
      vertex 1.45248 3.31739 23.0074
      vertex 1.09511 3.22164 22.6374
      vertex 1.22156 2.84913 22.6374
    endloop
  endfacet
  facet normal -0.499712 -0.032763 0.865572
    outer loop
      vertex 2.23084 4 23.5875
      vertex 1.79673 3.70993 23.3259
      vertex 2.24598 3.76908 23.5875
    endloop
  endfacet
  facet normal 0.587282 0.392357 -0.707924
    outer loop
      vertex 36.284 27.3187 0.99264
      vertex 36.1026 27.6035 1
      vertex 36.2904 27.3224 1
    endloop
  endfacet
  facet normal 0.587553 0.392521 -0.707608
    outer loop
      vertex 36.1026 27.6035 1
      vertex 36.284 27.3187 0.99264
      vertex 36.0924 27.6055 0.99264
    endloop
  endfacet
  facet normal 0.254354 -0.050732 -0.96578
    outer loop
      vertex 35.2419 3.66722 0.212279
      vertex 34.7538 3.79803 0.0768585
      vertex 35.2748 3.83217 0.212279
    endloop
  endfacet
  facet normal 0.499753 -0.0327345 -0.865549
    outer loop
      vertex 36.2033 3.70993 0.674121
      vertex 35.7692 4 0.412509
      vertex 36.2223 4 0.674121
    endloop
  endfacet
  facet normal -0.864631 -0.0566702 -0.499201
    outer loop
      vertex 0.4432 3.53174 2.23084
      vertex 0.412509 4 2.23084
      vertex 0.674121 4 1.77772
    endloop
  endfacet
  facet normal 0.117358 0.0577234 -0.991411
    outer loop
      vertex 34.2417 26.1001 0.008564
      vertex 34.2266 26.1308 0.008564
      vertex 34.721 26.2986 0.0768585
    endloop
  endfacet
  facet normal 0 0.709995 -0.704207
    outer loop
      vertex 34 28.6447 1
      vertex 34 28.6374 0.99264
      vertex 19 28.6447 1
    endloop
  endfacet
  facet normal 0 0.707029 -0.707185
    outer loop
      vertex 19 28.6447 1
      vertex 4 29.0074 1.36262
      vertex 19 29.0074 1.36262
    endloop
  endfacet
  facet normal 2.84711e-06 0.707088 -0.707126
    outer loop
      vertex 19 28.6447 1
      vertex 4 28.6374 0.99264
      vertex 4 29.0074 1.36262
    endloop
  endfacet
  facet normal 0 0.709995 -0.704207
    outer loop
      vertex 4 28.6374 0.99264
      vertex 19 28.6447 1
      vertex 34 28.6374 0.99264
    endloop
  endfacet
  facet normal -0.0420504 -0.123857 -0.991409
    outer loop
      vertex 3.93229 3.7473 0.008564
      vertex 3.70137 3.27904 0.0768585
      vertex 3.89989 3.7583 0.008564
    endloop
  endfacet
  facet normal -0.438484 0.889236 -0.130346
    outer loop
      vertex 2.03843 29.3975 3.21964
      vertex 2.00428 29.4567 3.73839
      vertex 2.47254 29.6876 3.73839
    endloop
  endfacet
  facet normal -0.536727 0.803284 -0.258185
    outer loop
      vertex 2.10614 29.2803 2.71424
      vertex 1.61174 29.1124 3.21964
      vertex 2.03843 29.3975 3.21964
    endloop
  endfacet
  facet normal -0.318656 0.938877 -0.130261
    outer loop
      vertex 2.49868 29.6245 3.21964
      vertex 2.47254 29.6876 3.73839
      vertex 2.96694 29.8554 3.73839
    endloop
  endfacet
  facet normal -0.0630647 0.963987 -0.258365
    outer loop
      vertex 3.5056 29.7553 2.71424
      vertex 3.48793 29.8896 3.21964
      vertex 4 29.9231 3.21964
    endloop
  endfacet
  facet normal 0.180225 0.906442 0.381946
    outer loop
      vertex 34.4944 29.7553 21.2858
      vertex 34.4683 29.5568 21.7692
      vertex 34.9285 29.4653 21.7692
    endloop
  endfacet
  facet normal -0.193508 0.972418 0.130221
    outer loop
      vertex 3.47901 29.9573 20.2616
      vertex 2.96694 29.8554 20.2616
      vertex 3.48793 29.8896 20.7804
    endloop
  endfacet
  facet normal -0.55088 0.824346 0.130327
    outer loop
      vertex 2.00428 29.4567 20.2616
      vertex 1.57017 29.1666 20.2616
      vertex 2.03843 29.3975 20.7804
    endloop
  endfacet
  facet normal -0.972433 0.193417 -0.130245
    outer loop
      vertex 0.110421 26.5121 3.21964
      vertex 0.0427113 26.521 3.73839
      vertex 0.144568 27.0331 3.73839
    endloop
  endfacet
  facet normal -0.938854 0.318723 -0.130266
    outer loop
      vertex 0.210536 27.0154 3.21964
      vertex 0.144568 27.0331 3.73839
      vertex 0.37549 27.5013 3.21964
    endloop
  endfacet
  facet normal -0.963996 0.0631793 -0.258303
    outer loop
      vertex 0.244683 26.4944 2.71424
      vertex 0.0768585 26 3.21964
      vertex 0.110421 26.5121 3.21964
    endloop
  endfacet
  facet normal -1 0 0
    outer loop
      vertex 0.008564 4 3.73839
      vertex 0.008564 26 20.2616
      vertex 0.008564 26 3.73839
    endloop
  endfacet
  facet normal -1 -0 0
    outer loop
      vertex 0.008564 26 20.2616
      vertex 0.008564 4 3.73839
      vertex 0.008564 4 20.2616
    endloop
  endfacet
  facet normal -0.866456 0.427252 0.258282
    outer loop
      vertex 0.719737 27.8939 21.2858
      vertex 0.37549 27.5013 20.7804
      vertex 0.500602 27.4495 21.2858
    endloop
  endfacet
  facet normal -0.938855 0.318724 0.130254
    outer loop
      vertex 0.37549 27.5013 20.7804
      vertex 0.144568 27.0331 20.2616
      vertex 0.210536 27.0154 20.7804
    endloop
  endfacet
  facet normal -0.310599 0.914776 0.258289
    outer loop
      vertex 2.98462 29.7895 20.7804
      vertex 2.5505 29.4994 21.2858
      vertex 3.01967 29.6587 21.2858
    endloop
  endfacet
  facet normal -0.803264 0.536707 -0.258289
    outer loop
      vertex 0.719737 27.8939 2.71424
      vertex 0.60246 27.9616 3.21964
      vertex 0.887563 28.3883 3.21964
    endloop
  endfacet
  facet normal -0.408695 0.82888 -0.382005
    outer loop
      vertex 2.62713 29.3144 2.23084
      vertex 2.10614 29.2803 2.71424
      vertex 2.5505 29.4994 2.71424
    endloop
  endfacet
  facet normal -0.3832 0.777114 -0.499251
    outer loop
      vertex 2.33706 28.8803 1.77772
      vertex 2.20625 29.1069 2.23084
      vertex 2.72724 29.0727 1.77772
    endloop
  endfacet
  facet normal -0.609336 0.694829 0.381998
    outer loop
      vertex 1.81607 28.8461 21.7692
      vertex 1.32168 28.6783 21.2858
      vertex 1.46326 28.5367 21.7692
    endloop
  endfacet
  facet normal -0.751889 0.65929 0
    outer loop
      vertex 0.833381 28.4298 3.73839
      vertex 1.17763 28.8224 20.2616
      vertex 1.17763 28.8224 3.73839
    endloop
  endfacet
  facet normal -0.751889 0.65929 0
    outer loop
      vertex 1.17763 28.8224 20.2616
      vertex 0.833381 28.4298 3.73839
      vertex 0.833381 28.4298 20.2616
    endloop
  endfacet
  facet normal 0.0653113 0.997865 -0
    outer loop
      vertex 34.521 29.9573 6
      vertex 34 29.9914 20.2616
      vertex 34.521 29.9573 20.2616
    endloop
  endfacet
  facet normal 0.0653113 0.997865 0
    outer loop
      vertex 34 29.9914 20.2616
      vertex 34.521 29.9573 6
      vertex 34 29.9914 6
    endloop
  endfacet
  facet normal 0.0464313 0.706368 0.70632
    outer loop
      vertex 34.3925 28.9816 22.6374
      vertex 34 29.0074 22.6374
      vertex 34.3442 28.6148 23.0074
    endloop
  endfacet
  facet normal 0.438533 0.88922 0.130293
    outer loop
      vertex 35.9957 29.4567 20.2616
      vertex 35.5275 29.6876 20.2616
      vertex 35.9616 29.3975 20.7804
    endloop
  endfacet
  facet normal 0.550893 0.824345 0.130275
    outer loop
      vertex 35.9957 29.4567 20.2616
      vertex 35.9616 29.3975 20.7804
      vertex 36.4298 29.1666 20.2616
    endloop
  endfacet
  facet normal 0.193433 -0.972428 -0.130261
    outer loop
      vertex 35.0331 0.144568 3.73839
      vertex 34.5121 0.110421 3.21964
      vertex 35.0154 0.210536 3.21964
    endloop
  endfacet
  facet normal 0.555583 -0.831461 0
    outer loop
      vertex 35.9957 0.543315 3.73839
      vertex 36.4298 0.833381 20.2616
      vertex 35.9957 0.543315 20.2616
    endloop
  endfacet
  facet normal 0.555583 -0.831461 0
    outer loop
      vertex 36.4298 0.833381 20.2616
      vertex 35.9957 0.543315 3.73839
      vertex 36.4298 0.833381 3.73839
    endloop
  endfacet
  facet normal -0.896872 -0.44229 0
    outer loop
      vertex 0.543315 2.00428 3.73839
      vertex 0.312394 2.47254 20.2616
      vertex 0.312394 2.47254 3.73839
    endloop
  endfacet
  facet normal -0.896872 -0.44229 0
    outer loop
      vertex 0.312394 2.47254 20.2616
      vertex 0.543315 2.00428 3.73839
      vertex 0.543315 2.00428 20.2616
    endloop
  endfacet
  facet normal -0.550835 -0.824389 -0.130246
    outer loop
      vertex 2.03843 0.60246 3.21964
      vertex 1.57017 0.833381 3.73839
      vertex 1.61174 0.887563 3.21964
    endloop
  endfacet
  facet normal -0.60828 0.03986 -0.792721
    outer loop
      vertex 1.77772 26 0.674121
      vertex 1.36262 26 0.99264
      vertex 1.79673 26.2901 0.674121
    endloop
  endfacet
  facet normal -0.0462897 -0.706349 -0.706349
    outer loop
      vertex 4 0.99264 1.36262
      vertex 3.65575 1.38518 0.99264
      vertex 4 1.36262 0.99264
    endloop
  endfacet
  facet normal 0.117356 -0.0577225 -0.991411
    outer loop
      vertex 34.721 3.70137 0.0768585
      vertex 34.2266 3.86919 0.008564
      vertex 34.2417 3.89989 0.008564
    endloop
  endfacet
  facet normal -0.803256 -0.536714 0.258299
    outer loop
      vertex 0.719737 2.10614 21.2858
      vertex 0.60246 2.03843 20.7804
      vertex 0.887563 1.61174 20.7804
    endloop
  endfacet
  facet normal -0.914797 -0.310526 0.258302
    outer loop
      vertex 0.341343 3.01967 21.2858
      vertex 0.210536 2.98462 20.7804
      vertex 0.500602 2.5505 21.2858
    endloop
  endfacet
  facet normal -0.051932 -0.792281 -0.607942
    outer loop
      vertex 4 0.674121 1.77772
      vertex 3.60746 1.01837 1.36262
      vertex 4 0.99264 1.36262
    endloop
  endfacet
  facet normal 0.651393 -0.571373 -0.499219
    outer loop
      vertex 36.5367 1.46326 2.23084
      vertex 36.3517 1.64825 1.77772
      vertex 36.6386 1.97533 1.77772
    endloop
  endfacet
  facet normal 0.768342 -0.513567 -0.381969
    outer loop
      vertex 37.2803 2.10614 2.71424
      vertex 36.8461 1.81607 2.23084
      vertex 37.1069 2.20625 2.23084
    endloop
  endfacet
  facet normal 0.0654015 -0.997859 0
    outer loop
      vertex 34 0.008564 3.73839
      vertex 34.521 0.0427113 20.2616
      vertex 34 0.008564 20.2616
    endloop
  endfacet
  facet normal 0.0654015 -0.997859 0
    outer loop
      vertex 34.521 0.0427113 20.2616
      vertex 34 0.008564 3.73839
      vertex 34.521 0.0427113 3.73839
    endloop
  endfacet
  facet normal 0.532128 0.466804 0.706353
    outer loop
      vertex 36.1265 28.1265 22.6374
      vertex 36.0924 27.6055 23.0074
      vertex 36.3859 27.8308 22.6374
    endloop
  endfacet
  facet normal 0.180206 0.906439 0.381961
    outer loop
      vertex 34.9803 29.6587 21.2858
      vertex 34.4944 29.7553 21.2858
      vertex 34.9285 29.4653 21.7692
    endloop
  endfacet
  facet normal 0.596871 0.523599 0.607938
    outer loop
      vertex 36.6386 28.0247 22.2223
      vertex 36.1265 28.1265 22.6374
      vertex 36.3859 27.8308 22.6374
    endloop
  endfacet
  facet normal 0.458292 0.401933 0.792728
    outer loop
      vertex 35.8649 27.8649 23.0074
      vertex 35.7631 27.3528 23.3259
      vertex 36.0924 27.6055 23.0074
    endloop
  endfacet
  facet normal 0.989369 0.0647552 0.130217
    outer loop
      vertex 37.9573 26.521 20.2616
      vertex 37.8896 26.5121 20.7804
      vertex 37.9914 26 20.2616
    endloop
  endfacet
  facet normal 0.980772 0.195158 0
    outer loop
      vertex 37.9573 26.521 20.2616
      vertex 37.8554 27.0331 6
      vertex 37.8554 27.0331 20.2616
    endloop
  endfacet
  facet normal 0.980772 0.195158 0
    outer loop
      vertex 37.8554 27.0331 6
      vertex 37.9573 26.521 20.2616
      vertex 37.9573 26.521 6
    endloop
  endfacet
  facet normal 0.946945 0.321394 0
    outer loop
      vertex 37.8554 27.0331 20.2616
      vertex 37.6876 27.5275 6
      vertex 37.6876 27.5275 20.2616
    endloop
  endfacet
  facet normal 0.946945 0.321394 0
    outer loop
      vertex 37.6876 27.5275 6
      vertex 37.8554 27.0331 20.2616
      vertex 37.8554 27.0331 6
    endloop
  endfacet
  facet normal 0.866033 0 -0.499987
    outer loop
      vertex 37.5875 4 2.23084
      vertex 37.3259 15 1.77772
      vertex 37.5875 15 2.23084
    endloop
  endfacet
  facet normal 0.866033 0 -0.499987
    outer loop
      vertex 37.3259 15 1.77772
      vertex 37.5875 4 2.23084
      vertex 37.3259 4 1.77772
    endloop
  endfacet
  facet normal 0.745479 0.653695 0.130172
    outer loop
      vertex 37.1666 28.4298 20.2616
      vertex 36.7741 28.7741 20.7804
      vertex 37.1124 28.3883 20.7804
    endloop
  endfacet
  facet normal 0.824345 0.550893 0.130275
    outer loop
      vertex 37.4567 27.9957 20.2616
      vertex 37.1666 28.4298 20.2616
      vertex 37.3975 27.9616 20.7804
    endloop
  endfacet
  facet normal 0.499736 -0.0327334 0.865559
    outer loop
      vertex 36.2223 4 23.3259
      vertex 35.7692 4 23.5875
      vertex 36.2033 3.70993 23.3259
    endloop
  endfacet
  facet normal 0.375872 -0.0749693 0.923634
    outer loop
      vertex 35.2748 3.83217 23.7877
      vertex 35.2419 3.66722 23.7877
      vertex 35.7089 3.54211 23.5875
    endloop
  endfacet
  facet normal 0.706346 -0.0463716 0.706346
    outer loop
      vertex 36.6374 4 23.0074
      vertex 36.6148 3.65575 23.0074
      vertex 37.0074 4 22.6374
    endloop
  endfacet
  facet normal 0.597894 -0.118921 0.792705
    outer loop
      vertex 36.6148 3.65575 23.0074
      vertex 36.2033 3.70993 23.3259
      vertex 36.5475 3.31739 23.0074
    endloop
  endfacet
  facet normal 0.608295 -0.0399345 0.792706
    outer loop
      vertex 36.6374 4 23.0074
      vertex 36.2033 3.70993 23.3259
      vertex 36.6148 3.65575 23.0074
    endloop
  endfacet
  facet normal 0.376022 0.0747074 0.923594
    outer loop
      vertex 35.7089 26.4579 23.5875
      vertex 35.2748 26.1678 23.7877
      vertex 35.754 26.2309 23.5875
    endloop
  endfacet
  facet normal -0.712099 -0.351175 0.607939
    outer loop
      vertex 1.22156 2.84913 22.6374
      vertex 0.927288 2.72724 22.2223
      vertex 1.39555 2.49632 22.6374
    endloop
  endfacet
  facet normal -0.499719 -0.0327495 0.865568
    outer loop
      vertex 2.23084 4 23.5875
      vertex 1.77772 4 23.3259
      vertex 1.79673 3.70993 23.3259
    endloop
  endfacet
  facet normal -0.0250709 -0.382513 0.92361
    outer loop
      vertex 4 2.71424 23.7877
      vertex 3.83217 2.72524 23.7877
      vertex 4 2.23084 23.5875
    endloop
  endfacet
  facet normal -0.375971 -0.07479 0.923608
    outer loop
      vertex 2.72524 3.83217 23.7877
      vertex 2.24598 3.76908 23.5875
      vertex 2.29113 3.54211 23.5875
    endloop
  endfacet
  facet normal -0.123217 -0.362997 0.923607
    outer loop
      vertex 3.66722 2.75805 23.7877
      vertex 3.50796 2.81211 23.7877
      vertex 3.54211 2.29113 23.5875
    endloop
  endfacet
  facet normal -0.0255286 -0.128297 0.991407
    outer loop
      vertex 3.93229 3.7473 23.9914
      vertex 3.79803 3.24623 23.9231
      vertex 3.89814 3.22631 23.9231
    endloop
  endfacet
  facet normal -0.0327495 -0.499719 0.865568
    outer loop
      vertex 4 2.23084 23.5875
      vertex 3.70993 1.79673 23.3259
      vertex 4 1.77772 23.3259
    endloop
  endfacet
  facet normal -0.376504 -0.330196 0.865572
    outer loop
      vertex 2.59643 2.92301 23.5875
      vertex 2.42861 2.42861 23.3259
      vertex 2.74902 2.74902 23.5875
    endloop
  endfacet
  facet normal 0.123119 0.362973 0.92363
    outer loop
      vertex 34.4579 27.7089 23.5875
      vertex 34.3328 27.2419 23.7877
      vertex 34.492 27.1879 23.7877
    endloop
  endfacet
  facet normal -0.212966 -0.318736 0.923609
    outer loop
      vertex 3.35712 2.8865 23.7877
      vertex 2.92301 2.59643 23.5875
      vertex 3.11542 2.46787 23.5875
    endloop
  endfacet
  facet normal 0.499653 0.0328918 0.865601
    outer loop
      vertex 36.2033 26.2901 23.3259
      vertex 35.754 26.2309 23.5875
      vertex 35.7692 26 23.5875
    endloop
  endfacet
  facet normal 0.491137 -0.0975913 0.865598
    outer loop
      vertex 35.754 3.76908 23.5875
      vertex 35.7089 3.54211 23.5875
      vertex 36.2033 3.70993 23.3259
    endloop
  endfacet
  facet normal -0.793352 0 0.608763
    outer loop
      vertex 0.674121 4 22.2223
      vertex 0.99264 26 22.6374
      vertex 0.674121 26 22.2223
    endloop
  endfacet
  facet normal -0.793352 0 0.608763
    outer loop
      vertex 0.99264 26 22.6374
      vertex 0.674121 4 22.2223
      vertex 0.99264 4 22.6374
    endloop
  endfacet
  facet normal 0.0507104 0.254323 0.965789
    outer loop
      vertex 34.3328 27.2419 23.7877
      vertex 34.1678 27.2748 23.7877
      vertex 34.202 26.7538 23.9231
    endloop
  endfacet
  facet normal 0.0726565 0.108792 0.991406
    outer loop
      vertex 34.3902 26.6758 23.9231
      vertex 34.1593 26.2076 23.9914
      vertex 34.4751 26.6191 23.9231
    endloop
  endfacet
  facet normal -0.00840826 0.130519 0.99141
    outer loop
      vertex 4 26.7804 23.9231
      vertex 3.96585 26.2594 23.9914
      vertex 4 26.2616 23.9914
    endloop
  endfacet
  facet normal -0.00856194 -0.130531 0.991407
    outer loop
      vertex 4 3.73839 23.9914
      vertex 3.96585 3.74063 23.9914
      vertex 4 3.21964 23.9231
    endloop
  endfacet
  facet normal 0.571353 0.651497 0.499106
    outer loop
      vertex 36.1839 28.8461 21.7692
      vertex 36.0247 28.6386 22.2223
      vertex 36.5367 28.5367 21.7692
    endloop
  endfacet
  facet normal 0.137991 0.694273 0.706359
    outer loop
      vertex 34.7784 28.9049 22.6374
      vertex 34.3925 28.9816 22.6374
      vertex 34.6826 28.5475 23.0074
    endloop
  endfacet
  facet normal 0.330205 0.376512 0.865566
    outer loop
      vertex 35.5714 27.5714 23.3259
      vertex 35.077 27.4036 23.5875
      vertex 35.251 27.251 23.5875
    endloop
  endfacet
  facet normal 0.0399406 0.608299 0.792703
    outer loop
      vertex 34.3442 28.6148 23.0074
      vertex 34 28.6374 23.0074
      vertex 34.2901 28.2033 23.3259
    endloop
  endfacet
  facet normal 0.546691 -0.269626 0.792736
    outer loop
      vertex 36.4366 2.99072 23.0074
      vertex 36.0531 3.14957 23.3259
      vertex 36.284 2.68131 23.0074
    endloop
  endfacet
  facet normal 0.506902 -0.338583 0.792724
    outer loop
      vertex 36.284 2.68131 23.0074
      vertex 35.7631 2.64716 23.3259
      vertex 36.0924 2.39446 23.0074
    endloop
  endfacet
  facet normal 0.221511 -0.449156 0.865559
    outer loop
      vertex 34.8846 2.46787 23.5875
      vertex 34.8504 1.94688 23.3259
      vertex 35.1111 2.07545 23.3259
    endloop
  endfacet
  facet normal 0.338641 -0.506808 0.79276
    outer loop
      vertex 35.3528 2.23695 23.3259
      vertex 35.1111 2.07545 23.3259
      vertex 35.3187 1.71596 23.0074
    endloop
  endfacet
  facet normal 0.45827 -0.40196 0.792727
    outer loop
      vertex 36.0924 2.39446 23.0074
      vertex 35.7631 2.64716 23.3259
      vertex 35.8649 2.13509 23.0074
    endloop
  endfacet
  facet normal 0.0726592 -0.108777 0.991407
    outer loop
      vertex 34.4751 3.3809 23.9231
      vertex 34.1593 3.79245 23.9914
      vertex 34.3902 3.32419 23.9231
    endloop
  endfacet
  facet normal 0.401866 -0.458353 0.792727
    outer loop
      vertex 35.5714 2.42861 23.3259
      vertex 35.3528 2.23695 23.3259
      vertex 35.8649 2.13509 23.0074
    endloop
  endfacet
  facet normal 0.393315 -0.588557 0.706332
    outer loop
      vertex 35.6055 1.90762 23.0074
      vertex 35.3187 1.71596 23.0074
      vertex 35.5037 1.39555 22.6374
    endloop
  endfacet
  facet normal 0.195934 -0.577201 0.792748
    outer loop
      vertex 34.8504 1.94688 23.3259
      vertex 34.6826 1.45248 23.0074
      vertex 35.0093 1.56338 23.0074
    endloop
  endfacet
  facet normal 0 -0.60874 0.793369
    outer loop
      vertex 4 1.77772 23.3259
      vertex 34 1.36262 23.0074
      vertex 34 1.77772 23.3259
    endloop
  endfacet
  facet normal 0 -0.60874 0.793369
    outer loop
      vertex 34 1.36262 23.0074
      vertex 4 1.77772 23.3259
      vertex 4 1.36262 23.0074
    endloop
  endfacet
  facet normal 0.278501 -0.820504 0.49921
    outer loop
      vertex 35.2728 0.927288 22.2223
      vertex 34.9285 0.534749 21.7692
      vertex 35.3729 0.68559 21.7692
    endloop
  endfacet
  facet normal 0.513404 -0.768405 0.38206
    outer loop
      vertex 36.1839 1.15385 21.7692
      vertex 35.7937 0.893141 21.7692
      vertex 35.8939 0.719737 21.2858
    endloop
  endfacet
  facet normal 0.51349 -0.768383 -0.381988
    outer loop
      vertex 36.3058 0.994999 2.71424
      vertex 35.8939 0.719737 2.71424
      vertex 36.1839 1.15385 2.23084
    endloop
  endfacet
  facet normal 0.408794 -0.828812 0.382045
    outer loop
      vertex 35.7937 0.893141 21.7692
      vertex 35.3729 0.68559 21.7692
      vertex 35.8939 0.719737 21.2858
    endloop
  endfacet
  facet normal 0.938851 -0.318785 -0.130133
    outer loop
      vertex 37.8554 2.96694 3.73839
      vertex 37.6245 2.49868 3.21964
      vertex 37.7895 2.98462 3.21964
    endloop
  endfacet
  facet normal 0.441067 -0.660232 0.607909
    outer loop
      vertex 36.0247 1.3614 22.2223
      vertex 35.5037 1.39555 22.6374
      vertex 35.6629 1.1197 22.2223
    endloop
  endfacet
  facet normal -0.169039 -0.849827 0.499219
    outer loop
      vertex 3.1392 0.787448 22.2223
      vertex 3.07149 0.534749 21.7692
      vertex 3.56589 0.702575 22.2223
    endloop
  endfacet
  facet normal -0.0462909 -0.706368 0.70633
    outer loop
      vertex 4 1.36262 23.0074
      vertex 3.65575 1.38518 23.0074
      vertex 4 0.99264 22.6374
    endloop
  endfacet
  facet normal -0.278226 -0.416391 0.865569
    outer loop
      vertex 2.92301 2.59643 23.5875
      vertex 2.64716 2.23695 23.3259
      vertex 2.88886 2.07545 23.3259
    endloop
  endfacet
  facet normal -0.160974 -0.474205 0.865573
    outer loop
      vertex 3.54211 2.29113 23.5875
      vertex 3.14957 1.94688 23.3259
      vertex 3.42483 1.85344 23.3259
    endloop
  endfacet
  facet normal -0.278522 -0.820493 0.499215
    outer loop
      vertex 2.72724 0.927288 22.2223
      vertex 2.62713 0.68559 21.7692
      vertex 3.07149 0.534749 21.7692
    endloop
  endfacet
  facet normal -0.532217 -0.466752 0.70632
    outer loop
      vertex 1.90762 2.39446 23.0074
      vertex 1.6141 2.16924 22.6374
      vertex 1.87348 1.87348 22.6374
    endloop
  endfacet
  facet normal -0.636979 -0.726319 0.258301
    outer loop
      vertex 1.69418 0.994999 21.2858
      vertex 1.32168 1.32168 21.2858
      vertex 1.61174 0.887563 20.7804
    endloop
  endfacet
  facet normal -0.536716 -0.803254 0.258301
    outer loop
      vertex 1.69418 0.994999 21.2858
      vertex 1.61174 0.887563 20.7804
      vertex 2.10614 0.719737 21.2858
    endloop
  endfacet
  facet normal -0.536714 -0.803256 0.258299
    outer loop
      vertex 2.10614 0.719737 21.2858
      vertex 1.61174 0.887563 20.7804
      vertex 2.03843 0.60246 20.7804
    endloop
  endfacet
  facet normal -0.550836 -0.82439 0.130234
    outer loop
      vertex 1.61174 0.887563 20.7804
      vertex 1.57017 0.833381 20.2616
      vertex 2.03843 0.60246 20.7804
    endloop
  endfacet
  facet normal -0.138095 -0.694288 0.706325
    outer loop
      vertex 3.31739 1.45248 23.0074
      vertex 3.22164 1.09511 22.6374
      vertex 3.60746 1.01837 22.6374
    endloop
  endfacet
  facet normal -0.255215 -0.751849 0.607938
    outer loop
      vertex 3.22164 1.09511 22.6374
      vertex 2.72724 0.927288 22.2223
      vertex 3.1392 0.787448 22.2223
    endloop
  endfacet
  facet normal -0.123208 -0.362997 0.923609
    outer loop
      vertex 3.50796 2.81211 23.7877
      vertex 3.32297 2.36551 23.5875
      vertex 3.54211 2.29113 23.5875
    endloop
  endfacet
  facet normal -0.278216 -0.416393 0.865571
    outer loop
      vertex 2.92301 2.59643 23.5875
      vertex 2.88886 2.07545 23.3259
      vertex 3.11542 2.46787 23.5875
    endloop
  endfacet
  facet normal -0.118919 -0.597845 0.792742
    outer loop
      vertex 3.42483 1.85344 23.3259
      vertex 3.31739 1.45248 23.0074
      vertex 3.70993 1.79673 23.3259
    endloop
  endfacet
  facet normal 0.330189 -0.376518 0.865569
    outer loop
      vertex 35.251 2.74902 23.5875
      vertex 35.077 2.59643 23.5875
      vertex 35.5714 2.42861 23.3259
    endloop
  endfacet
  facet normal 0.169524 -0.343818 0.923608
    outer loop
      vertex 34.8846 2.46787 23.5875
      vertex 34.6429 2.8865 23.7877
      vertex 34.677 2.36551 23.5875
    endloop
  endfacet
  facet normal -0.16904 -0.849826 0.49922
    outer loop
      vertex 3.56589 0.702575 22.2223
      vertex 3.07149 0.534749 21.7692
      vertex 3.53174 0.4432 21.7692
    endloop
  endfacet
  facet normal -0.0631823 -0.963996 0.2583
    outer loop
      vertex 4 0.212279 21.2858
      vertex 3.5056 0.244683 21.2858
      vertex 4 0.0768585 20.7804
    endloop
  endfacet
  facet normal -0.29706 -0.875127 0.381979
    outer loop
      vertex 3.07149 0.534749 21.7692
      vertex 2.5505 0.500602 21.2858
      vertex 3.01967 0.341343 21.2858
    endloop
  endfacet
  facet normal -0.0604428 -0.922191 0.381983
    outer loop
      vertex 3.53174 0.4432 21.7692
      vertex 3.5056 0.244683 21.2858
      vertex 4 0.412509 21.7692
    endloop
  endfacet
  facet normal -0.0648456 -0.989358 -0.130251
    outer loop
      vertex 4 0.008564 3.73839
      vertex 3.47901 0.0427113 3.73839
      vertex 3.48793 0.110421 3.21964
    endloop
  endfacet
  facet normal 0.634862 -0.312924 -0.70642
    outer loop
      vertex 36.6045 2.49632 1.36262
      vertex 36.284 2.68131 0.99264
      vertex 36.7784 2.84913 1.36262
    endloop
  endfacet
  facet normal 0.499673 -0.0328903 -0.865589
    outer loop
      vertex 36.2033 3.70993 0.674121
      vertex 35.754 3.76908 0.412509
      vertex 35.7692 4 0.412509
    endloop
  endfacet
  facet normal 0.820525 -0.278457 -0.499199
    outer loop
      vertex 37.3144 2.62713 2.23084
      vertex 37.0727 2.72724 1.77772
      vertex 37.4652 3.07149 2.23084
    endloop
  endfacet
  facet normal 0.875141 -0.296992 -0.382001
    outer loop
      vertex 37.4994 2.5505 2.71424
      vertex 37.3144 2.62713 2.23084
      vertex 37.4652 3.07149 2.23084
    endloop
  endfacet
  facet normal 0.906404 -0.180395 -0.381954
    outer loop
      vertex 37.7553 3.5056 2.71424
      vertex 37.4652 3.07149 2.23084
      vertex 37.5568 3.53174 2.23084
    endloop
  endfacet
  facet normal 0.946945 -0.321394 0
    outer loop
      vertex 37.6876 2.47254 20.2616
      vertex 37.8554 2.96694 3.73839
      vertex 37.8554 2.96694 20.2616
    endloop
  endfacet
  facet normal 0.946945 -0.321394 0
    outer loop
      vertex 37.8554 2.96694 3.73839
      vertex 37.6876 2.47254 20.2616
      vertex 37.6876 2.47254 3.73839
    endloop
  endfacet
  facet normal 0.938853 -0.318786 0.130121
    outer loop
      vertex 37.7895 2.98462 20.7804
      vertex 37.6245 2.49868 20.7804
      vertex 37.8554 2.96694 20.2616
    endloop
  endfacet
  facet normal 0.383296 -0.777103 -0.499194
    outer loop
      vertex 35.7937 0.893141 2.23084
      vertex 35.2728 0.927288 1.77772
      vertex 35.6629 1.1197 1.77772
    endloop
  endfacet
  facet normal 0.481391 -0.720493 -0.499152
    outer loop
      vertex 36.1839 1.15385 2.23084
      vertex 35.7937 0.893141 2.23084
      vertex 36.0247 1.3614 1.77772
    endloop
  endfacet
  facet normal 0.745486 -0.653667 -0.130271
    outer loop
      vertex 37.1666 1.57017 3.73839
      vertex 36.7741 1.22592 3.21964
      vertex 37.1124 1.61174 3.21964
    endloop
  endfacet
  facet normal 0.221471 -0.449174 -0.86556
    outer loop
      vertex 34.8504 1.94688 0.674121
      vertex 34.677 2.36551 0.412509
      vertex 34.8846 2.46787 0.412509
    endloop
  endfacet
  facet normal 0.597916 -0.118926 -0.792687
    outer loop
      vertex 36.5475 3.31739 0.99264
      vertex 36.2033 3.70993 0.674121
      vertex 36.6148 3.65575 0.99264
    endloop
  endfacet
  facet normal 0.255197 -0.751867 -0.607924
    outer loop
      vertex 34.8608 0.787448 1.77772
      vertex 34.7784 1.09511 1.36262
      vertex 35.2728 0.927288 1.77772
    endloop
  endfacet
  facet normal 0.252785 -0.288253 -0.923585
    outer loop
      vertex 35.077 2.59643 0.412509
      vertex 34.9092 3.09083 0.212279
      vertex 35.251 2.74902 0.412509
    endloop
  endfacet
  facet normal 0.382562 0.0250785 -0.92359
    outer loop
      vertex 35.2858 26 0.212279
      vertex 35.2748 26.1678 0.212279
      vertex 35.7692 26 0.412509
    endloop
  endfacet
  facet normal -0.254352 -0.0505928 -0.965788
    outer loop
      vertex 2.75805 3.66722 0.212279
      vertex 2.72524 3.83217 0.212279
      vertex 3.24623 3.79803 0.0768585
    endloop
  endfacet
  facet normal -0.042029 0.123858 -0.99141
    outer loop
      vertex 3.93229 26.2527 0.008564
      vertex 3.70137 26.721 0.0768585
      vertex 3.79803 26.7538 0.0768585
    endloop
  endfacet
  facet normal 0.991445 -0 0.130524
    outer loop
      vertex 37.9231 4 20.7804
      vertex 37.9914 26 20.2616
      vertex 37.9231 26 20.7804
    endloop
  endfacet
  facet normal 0.991445 0 0.130524
    outer loop
      vertex 37.9914 26 20.2616
      vertex 37.9231 4 20.7804
      vertex 37.9914 4 20.2616
    endloop
  endfacet
  facet normal 0.864631 -0.0566868 0.4992
    outer loop
      vertex 37.5875 4 21.7692
      vertex 37.3259 4 22.2223
      vertex 37.5568 3.53174 21.7692
    endloop
  endfacet
  facet normal 0.849779 0.169143 0.499266
    outer loop
      vertex 37.4652 26.9285 21.7692
      vertex 37.2974 26.4341 22.2223
      vertex 37.5568 26.4683 21.7692
    endloop
  endfacet
  facet normal 0.866023 -0 0.500004
    outer loop
      vertex 37.3259 4 22.2223
      vertex 37.5875 26 21.7692
      vertex 37.3259 26 22.2223
    endloop
  endfacet
  facet normal 0.866023 0 0.500004
    outer loop
      vertex 37.5875 26 21.7692
      vertex 37.3259 4 22.2223
      vertex 37.5875 4 21.7692
    endloop
  endfacet
  facet normal 0.75179 -0.255299 0.607975
    outer loop
      vertex 36.9049 3.22164 22.6374
      vertex 36.7784 2.84913 22.6374
      vertex 37.0727 2.72724 22.2223
    endloop
  endfacet
  facet normal 0.849936 -0.168916 0.499075
    outer loop
      vertex 37.2974 3.56589 22.2223
      vertex 37.2126 3.1392 22.2223
      vertex 37.4652 3.07149 21.7692
    endloop
  endfacet
  facet normal 0.963987 -0.0630647 0.258365
    outer loop
      vertex 37.9231 4 20.7804
      vertex 37.7553 3.5056 21.2858
      vertex 37.8896 3.48793 20.7804
    endloop
  endfacet
  facet normal 0.751786 -0.255304 0.607978
    outer loop
      vertex 37.2126 3.1392 22.2223
      vertex 36.9049 3.22164 22.6374
      vertex 37.0727 2.72724 22.2223
    endloop
  endfacet
  facet normal 1 0 0
    outer loop
      vertex 37.9914 26 20.2616
      vertex 37.9914 15 6
      vertex 37.9914 26 6
    endloop
  endfacet
  facet normal 1 -0 0
    outer loop
      vertex 37.9914 4 20.2616
      vertex 37.9914 15 6
      vertex 37.9914 26 20.2616
    endloop
  endfacet
  facet normal 1 0 0
    outer loop
      vertex 37.9914 4 3.73839
      vertex 37.9914 15 6
      vertex 37.9914 4 20.2616
    endloop
  endfacet
  facet normal 1 0 0
    outer loop
      vertex 37.9914 15 6
      vertex 37.9914 4 3.73839
      vertex 37.9914 15 3.73839
    endloop
  endfacet
  facet normal -0.820493 -0.278522 0.499215
    outer loop
      vertex 0.927288 2.72724 22.2223
      vertex 0.534749 3.07149 21.7692
      vertex 0.68559 2.62713 21.7692
    endloop
  endfacet
  facet normal -0.875123 -0.297066 0.381985
    outer loop
      vertex 0.534749 3.07149 21.7692
      vertex 0.500602 2.5505 21.2858
      vertex 0.68559 2.62713 21.7692
    endloop
  endfacet
  facet normal -0.506831 -0.338641 0.792745
    outer loop
      vertex 2.23695 2.64716 23.3259
      vertex 1.71596 2.68131 23.0074
      vertex 1.90762 2.39446 23.0074
    endloop
  endfacet
  facet normal -0.712099 -0.351162 0.607947
    outer loop
      vertex 1.39555 2.49632 22.6374
      vertex 0.927288 2.72724 22.2223
      vertex 1.1197 2.33706 22.2223
    endloop
  endfacet
  facet normal -0.0631752 0.964007 0.258264
    outer loop
      vertex 4 29.9231 20.7804
      vertex 3.5056 29.7553 21.2858
      vertex 4 29.7877 21.2858
    endloop
  endfacet
  facet normal -0.0630647 0.963987 0.258365
    outer loop
      vertex 4 29.9231 20.7804
      vertex 3.48793 29.8896 20.7804
      vertex 3.5056 29.7553 21.2858
    endloop
  endfacet
  facet normal -0.0604612 0.922201 0.381956
    outer loop
      vertex 4 29.5875 21.7692
      vertex 3.5056 29.7553 21.2858
      vertex 3.53174 29.5568 21.7692
    endloop
  endfacet
  facet normal -0.427229 0.866469 0.258279
    outer loop
      vertex 2.49868 29.6245 20.7804
      vertex 2.10614 29.2803 21.2858
      vertex 2.5505 29.4994 21.2858
    endloop
  endfacet
  facet normal -0.963996 0.0631793 0.258303
    outer loop
      vertex 0.110421 26.5121 20.7804
      vertex 0.0768585 26 20.7804
      vertex 0.244683 26.4944 21.2858
    endloop
  endfacet
  facet normal -0.963996 0.0631823 0.2583
    outer loop
      vertex 0.244683 26.4944 21.2858
      vertex 0.0768585 26 20.7804
      vertex 0.212279 26 21.2858
    endloop
  endfacet
  facet normal -0.989358 -0.0648456 -0.130251
    outer loop
      vertex 0.0427113 3.47901 3.73839
      vertex 0.008564 4 3.73839
      vertex 0.110421 3.48793 3.21964
    endloop
  endfacet
  facet normal -0.72045 -0.481388 0.499217
    outer loop
      vertex 1.3614 1.97533 22.2223
      vertex 0.893141 2.20625 21.7692
      vertex 1.15385 1.81607 21.7692
    endloop
  endfacet
  facet normal -0.906412 -0.180301 0.381979
    outer loop
      vertex 0.534749 3.07149 21.7692
      vertex 0.244683 3.5056 21.2858
      vertex 0.341343 3.01967 21.2858
    endloop
  endfacet
  facet normal -0.965926 0 0.258817
    outer loop
      vertex 0.0768585 4 20.7804
      vertex 0.212279 26 21.2858
      vertex 0.0768585 26 20.7804
    endloop
  endfacet
  facet normal -0.965926 0 0.258817
    outer loop
      vertex 0.212279 26 21.2858
      vertex 0.0768585 4 20.7804
      vertex 0.212279 4 21.2858
    endloop
  endfacet
  facet normal -0.751849 -0.255215 0.607938
    outer loop
      vertex 1.09511 3.22164 22.6374
      vertex 0.787448 3.1392 22.2223
      vertex 0.927288 2.72724 22.2223
    endloop
  endfacet
  facet normal -0.546704 -0.269597 0.792737
    outer loop
      vertex 1.94688 3.14957 23.3259
      vertex 1.56338 2.99072 23.0074
      vertex 1.71596 2.68131 23.0074
    endloop
  endfacet
  facet normal -0.382633 0 0.9239
    outer loop
      vertex 2.23084 26 23.5875
      vertex 2.71424 4 23.7877
      vertex 2.71424 26 23.7877
    endloop
  endfacet
  facet normal -0.382633 0 0.9239
    outer loop
      vertex 2.71424 4 23.7877
      vertex 2.23084 26 23.5875
      vertex 2.23084 4 23.5875
    endloop
  endfacet
  facet normal -0.778726 -0.154896 0.607942
    outer loop
      vertex 1.01837 3.60746 22.6374
      vertex 0.702575 3.56589 22.2223
      vertex 0.787448 3.1392 22.2223
    endloop
  endfacet
  facet normal -0.154806 0.778714 -0.60798
    outer loop
      vertex 3.22164 28.9049 1.36262
      vertex 3.1392 29.2126 1.77772
      vertex 3.60746 28.9816 1.36262
    endloop
  endfacet
  facet normal 0.0463987 0.706656 -0.706034
    outer loop
      vertex 34 28.6374 0.99264
      vertex 34.3374 28.6226 1
      vertex 34.3442 28.6148 0.99264
    endloop
  endfacet
  facet normal 0.0464551 0.709228 -0.703447
    outer loop
      vertex 34.3374 28.6226 1
      vertex 34 28.6374 0.99264
      vertex 34 28.6447 1
    endloop
  endfacet
  facet normal 0.338635 0.506892 -0.792708
    outer loop
      vertex 35.3528 27.7631 0.674121
      vertex 35.3187 28.284 0.99264
      vertex 35.6055 28.0924 0.99264
    endloop
  endfacet
  facet normal -0.0863168 0.0982713 -0.991409
    outer loop
      vertex 3.81501 26.185 0.008564
      vertex 3.4482 26.5518 0.0768585
      vertex 3.84074 26.2076 0.008564
    endloop
  endfacet
  facet normal 0 -0.130526 -0.991445
    outer loop
      vertex 4 3.21964 0.0768585
      vertex 34 3.73839 0.008564
      vertex 34 3.21964 0.0768585
    endloop
  endfacet
  facet normal -0 -0.130526 -0.991445
    outer loop
      vertex 34 3.73839 0.008564
      vertex 4 3.21964 0.0768585
      vertex 4 3.73839 0.008564
    endloop
  endfacet
  facet normal 0 0.130513 -0.991447
    outer loop
      vertex 4 26.2616 0.008564
      vertex 34 26.7804 0.0768585
      vertex 34 26.2616 0.008564
    endloop
  endfacet
  facet normal 0 0.130513 -0.991447
    outer loop
      vertex 34 26.7804 0.0768585
      vertex 4 26.2616 0.008564
      vertex 4 26.7804 0.0768585
    endloop
  endfacet
  facet normal -0.506827 0.338653 -0.792742
    outer loop
      vertex 2.07545 27.1111 0.674121
      vertex 1.71596 27.3187 0.99264
      vertex 2.23695 27.3528 0.674121
    endloop
  endfacet
  facet normal -0.039936 0.608317 -0.792688
    outer loop
      vertex 3.70993 28.2033 0.674121
      vertex 3.65575 28.6148 0.99264
      vertex 4 28.6374 0.99264
    endloop
  endfacet
  facet normal -0.706349 0.0462964 -0.706349
    outer loop
      vertex 1.36262 26 0.99264
      vertex 0.99264 26 1.36262
      vertex 1.38518 26.3442 0.99264
    endloop
  endfacet
  facet normal -0.653676 0.745479 -0.130261
    outer loop
      vertex 1.22592 28.7741 3.21964
      vertex 1.17763 28.8224 3.73839
      vertex 1.57017 29.1666 3.73839
    endloop
  endfacet
  facet normal -0.653667 0.745486 -0.130271
    outer loop
      vertex 1.61174 29.1124 3.21964
      vertex 1.22592 28.7741 3.21964
      vertex 1.57017 29.1666 3.73839
    endloop
  endfacet
  facet normal 0 1 0
    outer loop
      vertex 29.3877 29.9914 13.4782
      vertex 34 29.9914 20.2616
      vertex 29.5859 29.9914 13.5455
    endloop
  endfacet
  facet normal 0 1 0
    outer loop
      vertex 4 29.9914 20.2616
      vertex 8.20884 29.9914 13.5863
      vertex 8 29.9914 13.6
    endloop
  endfacet
  facet normal 0 1 0
    outer loop
      vertex 29.2 29.9914 13.3856
      vertex 34 29.9914 20.2616
      vertex 29.3877 29.9914 13.4782
    endloop
  endfacet
  facet normal 0 1 0
    outer loop
      vertex 4 29.9914 20.2616
      vertex 8.41411 29.9914 13.5455
      vertex 8.20884 29.9914 13.5863
    endloop
  endfacet
  facet normal 0 1 0
    outer loop
      vertex 29.026 29.9914 13.2694
      vertex 34 29.9914 20.2616
      vertex 29.2 29.9914 13.3856
    endloop
  endfacet
  facet normal 0 1 0
    outer loop
      vertex 4 29.9914 20.2616
      vertex 8.61229 29.9914 13.4782
      vertex 8.41411 29.9914 13.5455
    endloop
  endfacet
  facet normal 0 1 0
    outer loop
      vertex 34 29.9914 20.2616
      vertex 29.026 29.9914 13.2694
      vertex 4 29.9914 20.2616
    endloop
  endfacet
  facet normal 0 1 0
    outer loop
      vertex 4 29.9914 20.2616
      vertex 8.8 29.9914 13.3856
      vertex 8.61229 29.9914 13.4782
    endloop
  endfacet
  facet normal 0 1 -0
    outer loop
      vertex 8.97402 29.9914 13.2694
      vertex 4 29.9914 20.2616
      vertex 29.026 29.9914 13.2694
    endloop
  endfacet
  facet normal 0 1 0
    outer loop
      vertex 4 29.9914 20.2616
      vertex 8.97402 29.9914 13.2694
      vertex 8.8 29.9914 13.3856
    endloop
  endfacet
  facet normal 0 1 -0
    outer loop
      vertex 28.8686 29.9914 13.1314
      vertex 8.97402 29.9914 13.2694
      vertex 29.026 29.9914 13.2694
    endloop
  endfacet
  facet normal 0 1 0
    outer loop
      vertex 28.8686 29.9914 13.1314
      vertex 9.13137 29.9914 13.1314
      vertex 8.97402 29.9914 13.2694
    endloop
  endfacet
  facet normal 0 1 -0
    outer loop
      vertex 28.7306 29.9914 12.974
      vertex 9.13137 29.9914 13.1314
      vertex 28.8686 29.9914 13.1314
    endloop
  endfacet
  facet normal 0 1 0
    outer loop
      vertex 28.7306 29.9914 12.974
      vertex 9.26937 29.9914 12.974
      vertex 9.13137 29.9914 13.1314
    endloop
  endfacet
  facet normal 0 1 -0
    outer loop
      vertex 28.6144 29.9914 12.8
      vertex 9.26937 29.9914 12.974
      vertex 28.7306 29.9914 12.974
    endloop
  endfacet
  facet normal 0 1 0
    outer loop
      vertex 28.6144 29.9914 12.8
      vertex 9.38564 29.9914 12.8
      vertex 9.26937 29.9914 12.974
    endloop
  endfacet
  facet normal 0 1 -0
    outer loop
      vertex 28.5218 29.9914 12.6123
      vertex 9.38564 29.9914 12.8
      vertex 28.6144 29.9914 12.8
    endloop
  endfacet
  facet normal 0 1 0
    outer loop
      vertex 28.5218 29.9914 12.6123
      vertex 9.47821 29.9914 12.6123
      vertex 9.38564 29.9914 12.8
    endloop
  endfacet
  facet normal 0 1 0
    outer loop
      vertex 19 29.9914 6
      vertex 28.5218 29.9914 12.6123
      vertex 28.4545 29.9914 12.4141
    endloop
  endfacet
  facet normal 0 1 0
    outer loop
      vertex 28.5218 29.9914 12.6123
      vertex 19 29.9914 6
      vertex 9.47821 29.9914 12.6123
    endloop
  endfacet
  facet normal 0 1 0
    outer loop
      vertex 19 29.9914 6
      vertex 28.4545 29.9914 12.4141
      vertex 28.4137 29.9914 12.2088
    endloop
  endfacet
  facet normal 0 1 0
    outer loop
      vertex 9.47821 29.9914 12.6123
      vertex 19 29.9914 6
      vertex 9.54548 29.9914 12.4141
    endloop
  endfacet
  facet normal 0 1 0
    outer loop
      vertex 19 29.9914 6
      vertex 28.4137 29.9914 12.2088
      vertex 28.4 29.9914 12
    endloop
  endfacet
  facet normal 0 1 0
    outer loop
      vertex 9.54548 29.9914 12.4141
      vertex 19 29.9914 6
      vertex 9.58631 29.9914 12.2088
    endloop
  endfacet
  facet normal 0 1 0
    outer loop
      vertex 19 29.9914 6
      vertex 28.4 29.9914 12
      vertex 28.4137 29.9914 11.7912
    endloop
  endfacet
  facet normal 0 1 0
    outer loop
      vertex 9.58631 29.9914 12.2088
      vertex 19 29.9914 6
      vertex 9.6 29.9914 12
    endloop
  endfacet
  facet normal 0 1 0
    outer loop
      vertex 19 29.9914 6
      vertex 28.4137 29.9914 11.7912
      vertex 28.4545 29.9914 11.5859
    endloop
  endfacet
  facet normal 0 1 0
    outer loop
      vertex 9.6 29.9914 12
      vertex 19 29.9914 6
      vertex 9.58631 29.9914 11.7912
    endloop
  endfacet
  facet normal 0 1 0
    outer loop
      vertex 19 29.9914 6
      vertex 28.4545 29.9914 11.5859
      vertex 28.5218 29.9914 11.3877
    endloop
  endfacet
  facet normal 0 1 0
    outer loop
      vertex 9.58631 29.9914 11.7912
      vertex 19 29.9914 6
      vertex 9.54548 29.9914 11.5859
    endloop
  endfacet
  facet normal 0 1 0
    outer loop
      vertex 19 29.9914 6
      vertex 28.5218 29.9914 11.3877
      vertex 28.6144 29.9914 11.2
    endloop
  endfacet
  facet normal 0 1 0
    outer loop
      vertex 9.54548 29.9914 11.5859
      vertex 19 29.9914 6
      vertex 9.47821 29.9914 11.3877
    endloop
  endfacet
  facet normal 0 1 0
    outer loop
      vertex 19 29.9914 6
      vertex 28.6144 29.9914 11.2
      vertex 28.7306 29.9914 11.026
    endloop
  endfacet
  facet normal 0 1 0
    outer loop
      vertex 9.47821 29.9914 11.3877
      vertex 19 29.9914 6
      vertex 9.38564 29.9914 11.2
    endloop
  endfacet
  facet normal 0 1 0
    outer loop
      vertex 19 29.9914 6
      vertex 28.7306 29.9914 11.026
      vertex 28.8686 29.9914 10.8686
    endloop
  endfacet
  facet normal 0 1 0
    outer loop
      vertex 9.38564 29.9914 11.2
      vertex 19 29.9914 6
      vertex 9.26937 29.9914 11.026
    endloop
  endfacet
  facet normal 0 1 0
    outer loop
      vertex 19 29.9914 6
      vertex 28.8686 29.9914 10.8686
      vertex 29.026 29.9914 10.7306
    endloop
  endfacet
  facet normal 0 1 0
    outer loop
      vertex 9.26937 29.9914 11.026
      vertex 19 29.9914 6
      vertex 9.13137 29.9914 10.8686
    endloop
  endfacet
  facet normal 0 1 0
    outer loop
      vertex 19 29.9914 6
      vertex 29.026 29.9914 10.7306
      vertex 29.2 29.9914 10.6144
    endloop
  endfacet
  facet normal 0 1 0
    outer loop
      vertex 9.13137 29.9914 10.8686
      vertex 19 29.9914 6
      vertex 8.97402 29.9914 10.7306
    endloop
  endfacet
  facet normal 0 1 0
    outer loop
      vertex 19 29.9914 6
      vertex 29.2 29.9914 10.6144
      vertex 29.3877 29.9914 10.5218
    endloop
  endfacet
  facet normal 0 1 0
    outer loop
      vertex 8.97402 29.9914 10.7306
      vertex 19 29.9914 6
      vertex 8.8 29.9914 10.6144
    endloop
  endfacet
  facet normal 0 1 0
    outer loop
      vertex 34 29.9914 6
      vertex 29.3877 29.9914 10.5218
      vertex 29.5859 29.9914 10.4545
    endloop
  endfacet
  facet normal 0 1 -0
    outer loop
      vertex 19 29.9914 3.73839
      vertex 8.8 29.9914 10.6144
      vertex 19 29.9914 6
    endloop
  endfacet
  facet normal 0 1 0
    outer loop
      vertex 34 29.9914 6
      vertex 29.5859 29.9914 10.4545
      vertex 29.7912 29.9914 10.4137
    endloop
  endfacet
  facet normal 0 1 0
    outer loop
      vertex 8.8 29.9914 10.6144
      vertex 19 29.9914 3.73839
      vertex 8.61229 29.9914 10.5218
    endloop
  endfacet
  facet normal 0 1 0
    outer loop
      vertex 34 29.9914 6
      vertex 29.7912 29.9914 10.4137
      vertex 30 29.9914 10.4
    endloop
  endfacet
  facet normal 0 1 0
    outer loop
      vertex 4 29.9914 3.73839
      vertex 8.61229 29.9914 10.5218
      vertex 19 29.9914 3.73839
    endloop
  endfacet
  facet normal 0 1 0
    outer loop
      vertex 29.7912 29.9914 13.5863
      vertex 34 29.9914 20.2616
      vertex 30 29.9914 13.6
    endloop
  endfacet
  facet normal 0 1 0
    outer loop
      vertex 34 29.9914 20.2616
      vertex 30.2088 29.9914 13.5863
      vertex 30 29.9914 13.6
    endloop
  endfacet
  facet normal 0 1 0
    outer loop
      vertex 34 29.9914 20.2616
      vertex 30.4141 29.9914 13.5455
      vertex 30.2088 29.9914 13.5863
    endloop
  endfacet
  facet normal 0 1 0
    outer loop
      vertex 34 29.9914 20.2616
      vertex 30.6123 29.9914 13.4782
      vertex 30.4141 29.9914 13.5455
    endloop
  endfacet
  facet normal 0 1 0
    outer loop
      vertex 34 29.9914 20.2616
      vertex 30.8 29.9914 13.3856
      vertex 30.6123 29.9914 13.4782
    endloop
  endfacet
  facet normal 0 1 0
    outer loop
      vertex 34 29.9914 20.2616
      vertex 30.974 29.9914 13.2694
      vertex 30.8 29.9914 13.3856
    endloop
  endfacet
  facet normal 0 1 0
    outer loop
      vertex 34 29.9914 20.2616
      vertex 31.1314 29.9914 13.1314
      vertex 30.974 29.9914 13.2694
    endloop
  endfacet
  facet normal 0 1 0
    outer loop
      vertex 34 29.9914 20.2616
      vertex 31.2694 29.9914 12.974
      vertex 31.1314 29.9914 13.1314
    endloop
  endfacet
  facet normal 0 1 0
    outer loop
      vertex 34 29.9914 20.2616
      vertex 31.3856 29.9914 12.8
      vertex 31.2694 29.9914 12.974
    endloop
  endfacet
  facet normal 0 1 0
    outer loop
      vertex 34 29.9914 20.2616
      vertex 31.4782 29.9914 12.6123
      vertex 31.3856 29.9914 12.8
    endloop
  endfacet
  facet normal 0 1 0
    outer loop
      vertex 34 29.9914 20.2616
      vertex 31.5455 29.9914 12.4141
      vertex 31.4782 29.9914 12.6123
    endloop
  endfacet
  facet normal 0 1 0
    outer loop
      vertex 34 29.9914 20.2616
      vertex 31.5863 29.9914 12.2088
      vertex 31.5455 29.9914 12.4141
    endloop
  endfacet
  facet normal 0 1 -0
    outer loop
      vertex 34 29.9914 6
      vertex 31.5863 29.9914 12.2088
      vertex 34 29.9914 20.2616
    endloop
  endfacet
  facet normal 0 1 0
    outer loop
      vertex 31.5863 29.9914 12.2088
      vertex 34 29.9914 6
      vertex 31.6 29.9914 12
    endloop
  endfacet
  facet normal 0 1 0
    outer loop
      vertex 31.6 29.9914 12
      vertex 34 29.9914 6
      vertex 31.5863 29.9914 11.7912
    endloop
  endfacet
  facet normal 0 1 0
    outer loop
      vertex 29.3877 29.9914 10.5218
      vertex 34 29.9914 6
      vertex 19 29.9914 6
    endloop
  endfacet
  facet normal 0 1 0
    outer loop
      vertex 30.2088 29.9914 10.4137
      vertex 34 29.9914 6
      vertex 30 29.9914 10.4
    endloop
  endfacet
  facet normal 0 1 0
    outer loop
      vertex 30.4141 29.9914 10.4545
      vertex 34 29.9914 6
      vertex 30.2088 29.9914 10.4137
    endloop
  endfacet
  facet normal 0 1 0
    outer loop
      vertex 30.6123 29.9914 10.5218
      vertex 34 29.9914 6
      vertex 30.4141 29.9914 10.4545
    endloop
  endfacet
  facet normal 0 1 0
    outer loop
      vertex 30.8 29.9914 10.6144
      vertex 34 29.9914 6
      vertex 30.6123 29.9914 10.5218
    endloop
  endfacet
  facet normal 0 1 0
    outer loop
      vertex 30.974 29.9914 10.7306
      vertex 34 29.9914 6
      vertex 30.8 29.9914 10.6144
    endloop
  endfacet
  facet normal 0 1 0
    outer loop
      vertex 31.1314 29.9914 10.8686
      vertex 34 29.9914 6
      vertex 30.974 29.9914 10.7306
    endloop
  endfacet
  facet normal 0 1 0
    outer loop
      vertex 31.2694 29.9914 11.026
      vertex 34 29.9914 6
      vertex 31.1314 29.9914 10.8686
    endloop
  endfacet
  facet normal 0 1 0
    outer loop
      vertex 31.3856 29.9914 11.2
      vertex 34 29.9914 6
      vertex 31.2694 29.9914 11.026
    endloop
  endfacet
  facet normal 0 1 0
    outer loop
      vertex 31.4782 29.9914 11.3877
      vertex 34 29.9914 6
      vertex 31.3856 29.9914 11.2
    endloop
  endfacet
  facet normal 0 1 0
    outer loop
      vertex 31.5455 29.9914 11.5859
      vertex 34 29.9914 6
      vertex 31.4782 29.9914 11.3877
    endloop
  endfacet
  facet normal 0 1 0
    outer loop
      vertex 31.5863 29.9914 11.7912
      vertex 34 29.9914 6
      vertex 31.5455 29.9914 11.5859
    endloop
  endfacet
  facet normal 0 1 0
    outer loop
      vertex 29.5859 29.9914 13.5455
      vertex 34 29.9914 20.2616
      vertex 29.7912 29.9914 13.5863
    endloop
  endfacet
  facet normal 0 1 -0
    outer loop
      vertex 7.79116 29.9914 13.5863
      vertex 4 29.9914 20.2616
      vertex 8 29.9914 13.6
    endloop
  endfacet
  facet normal 0 1 -0
    outer loop
      vertex 7.58589 29.9914 13.5455
      vertex 4 29.9914 20.2616
      vertex 7.79116 29.9914 13.5863
    endloop
  endfacet
  facet normal 0 1 -0
    outer loop
      vertex 7.38771 29.9914 13.4782
      vertex 4 29.9914 20.2616
      vertex 7.58589 29.9914 13.5455
    endloop
  endfacet
  facet normal 0 1 -0
    outer loop
      vertex 7.2 29.9914 13.3856
      vertex 4 29.9914 20.2616
      vertex 7.38771 29.9914 13.4782
    endloop
  endfacet
  facet normal 0 1 -0
    outer loop
      vertex 7.02598 29.9914 13.2694
      vertex 4 29.9914 20.2616
      vertex 7.2 29.9914 13.3856
    endloop
  endfacet
  facet normal 0 1 -0
    outer loop
      vertex 6.86863 29.9914 13.1314
      vertex 4 29.9914 20.2616
      vertex 7.02598 29.9914 13.2694
    endloop
  endfacet
  facet normal 0 1 -0
    outer loop
      vertex 6.73063 29.9914 12.974
      vertex 4 29.9914 20.2616
      vertex 6.86863 29.9914 13.1314
    endloop
  endfacet
  facet normal 0 1 -0
    outer loop
      vertex 6.61436 29.9914 12.8
      vertex 4 29.9914 20.2616
      vertex 6.73063 29.9914 12.974
    endloop
  endfacet
  facet normal 0 1 -0
    outer loop
      vertex 6.52179 29.9914 12.6123
      vertex 4 29.9914 20.2616
      vertex 6.61436 29.9914 12.8
    endloop
  endfacet
  facet normal 0 1 -0
    outer loop
      vertex 6.45452 29.9914 12.4141
      vertex 4 29.9914 20.2616
      vertex 6.52179 29.9914 12.6123
    endloop
  endfacet
  facet normal 0 1 -0
    outer loop
      vertex 6.41369 29.9914 12.2088
      vertex 4 29.9914 20.2616
      vertex 6.45452 29.9914 12.4141
    endloop
  endfacet
  facet normal 0 1 -0
    outer loop
      vertex 6.4 29.9914 12
      vertex 4 29.9914 20.2616
      vertex 6.41369 29.9914 12.2088
    endloop
  endfacet
  facet normal 0 1 0
    outer loop
      vertex 4 29.9914 3.73839
      vertex 6.4 29.9914 12
      vertex 6.41369 29.9914 11.7912
    endloop
  endfacet
  facet normal 0 1 0
    outer loop
      vertex 4 29.9914 3.73839
      vertex 6.41369 29.9914 11.7912
      vertex 6.45452 29.9914 11.5859
    endloop
  endfacet
  facet normal 0 1 0
    outer loop
      vertex 8.61229 29.9914 10.5218
      vertex 4 29.9914 3.73839
      vertex 8.41411 29.9914 10.4545
    endloop
  endfacet
  facet normal 0 1 0
    outer loop
      vertex 8.41411 29.9914 10.4545
      vertex 4 29.9914 3.73839
      vertex 8.20884 29.9914 10.4137
    endloop
  endfacet
  facet normal 0 1 0
    outer loop
      vertex 8.20884 29.9914 10.4137
      vertex 4 29.9914 3.73839
      vertex 8 29.9914 10.4
    endloop
  endfacet
  facet normal 0 1 0
    outer loop
      vertex 8 29.9914 10.4
      vertex 4 29.9914 3.73839
      vertex 7.79116 29.9914 10.4137
    endloop
  endfacet
  facet normal 0 1 0
    outer loop
      vertex 7.79116 29.9914 10.4137
      vertex 4 29.9914 3.73839
      vertex 7.58589 29.9914 10.4545
    endloop
  endfacet
  facet normal 0 1 0
    outer loop
      vertex 7.58589 29.9914 10.4545
      vertex 4 29.9914 3.73839
      vertex 7.38771 29.9914 10.5218
    endloop
  endfacet
  facet normal 0 1 0
    outer loop
      vertex 6.4 29.9914 12
      vertex 4 29.9914 3.73839
      vertex 4 29.9914 20.2616
    endloop
  endfacet
  facet normal 0 1 0
    outer loop
      vertex 6.52179 29.9914 11.3877
      vertex 4 29.9914 3.73839
      vertex 6.45452 29.9914 11.5859
    endloop
  endfacet
  facet normal 0 1 0
    outer loop
      vertex 6.61436 29.9914 11.2
      vertex 4 29.9914 3.73839
      vertex 6.52179 29.9914 11.3877
    endloop
  endfacet
  facet normal 0 1 0
    outer loop
      vertex 6.73063 29.9914 11.026
      vertex 4 29.9914 3.73839
      vertex 6.61436 29.9914 11.2
    endloop
  endfacet
  facet normal 0 1 0
    outer loop
      vertex 6.86863 29.9914 10.8686
      vertex 4 29.9914 3.73839
      vertex 6.73063 29.9914 11.026
    endloop
  endfacet
  facet normal 0 1 0
    outer loop
      vertex 7.02598 29.9914 10.7306
      vertex 4 29.9914 3.73839
      vertex 6.86863 29.9914 10.8686
    endloop
  endfacet
  facet normal 0 1 0
    outer loop
      vertex 7.2 29.9914 10.6144
      vertex 4 29.9914 3.73839
      vertex 7.02598 29.9914 10.7306
    endloop
  endfacet
  facet normal 0 1 0
    outer loop
      vertex 7.38771 29.9914 10.5218
      vertex 4 29.9914 3.73839
      vertex 7.2 29.9914 10.6144
    endloop
  endfacet
  facet normal 0 0.991444 -0.130536
    outer loop
      vertex 19 29.9231 3.21964
      vertex 4 29.9914 3.73839
      vertex 19 29.9914 3.73839
    endloop
  endfacet
  facet normal 0 0.991444 -0.130536
    outer loop
      vertex 4 29.9914 3.73839
      vertex 19 29.9231 3.21964
      vertex 4 29.9231 3.21964
    endloop
  endfacet
  facet normal 0 0.965936 -0.258781
    outer loop
      vertex 19 29.7877 2.71424
      vertex 4 29.9231 3.21964
      vertex 19 29.9231 3.21964
    endloop
  endfacet
  facet normal 0 0.965936 -0.258781
    outer loop
      vertex 4 29.9231 3.21964
      vertex 19 29.7877 2.71424
      vertex 4 29.7877 2.71424
    endloop
  endfacet
  facet normal 0 0.866033 -0.499987
    outer loop
      vertex 19 29.3259 1.77772
      vertex 4 29.5875 2.23084
      vertex 19 29.5875 2.23084
    endloop
  endfacet
  facet normal 0 0.866033 -0.499987
    outer loop
      vertex 4 29.5875 2.23084
      vertex 19 29.3259 1.77772
      vertex 4 29.3259 1.77772
    endloop
  endfacet
  facet normal -0.318785 0.938851 -0.130133
    outer loop
      vertex 2.98462 29.7895 3.21964
      vertex 2.49868 29.6245 3.21964
      vertex 2.96694 29.8554 3.73839
    endloop
  endfacet
  facet normal -0.31061 0.914775 -0.258279
    outer loop
      vertex 2.5505 29.4994 2.71424
      vertex 2.49868 29.6245 3.21964
      vertex 2.98462 29.7895 3.21964
    endloop
  endfacet
  facet normal -0.55083 0.82439 0.130262
    outer loop
      vertex 2.03843 29.3975 20.7804
      vertex 1.57017 29.1666 20.2616
      vertex 1.61174 29.1124 20.7804
    endloop
  endfacet
  facet normal -0.193507 0.972417 -0.130234
    outer loop
      vertex 3.48793 29.8896 3.21964
      vertex 2.96694 29.8554 3.73839
      vertex 3.47901 29.9573 3.73839
    endloop
  endfacet
  facet normal -0.442257 0.896888 0
    outer loop
      vertex 2.47254 29.6876 3.73839
      vertex 2.00428 29.4567 20.2616
      vertex 2.47254 29.6876 20.2616
    endloop
  endfacet
  facet normal -0.442257 0.896888 0
    outer loop
      vertex 2.00428 29.4567 20.2616
      vertex 2.47254 29.6876 3.73839
      vertex 2.00428 29.4567 3.73839
    endloop
  endfacet
  facet normal -0.972429 0.193433 0.130249
    outer loop
      vertex 0.144568 27.0331 20.2616
      vertex 0.110421 26.5121 20.7804
      vertex 0.210536 27.0154 20.7804
    endloop
  endfacet
  facet normal -0.997859 0.0654015 0
    outer loop
      vertex 0.008564 26 3.73839
      vertex 0.0427113 26.521 20.2616
      vertex 0.0427113 26.521 3.73839
    endloop
  endfacet
  facet normal -0.997859 0.0654015 0
    outer loop
      vertex 0.0427113 26.521 20.2616
      vertex 0.008564 26 3.73839
      vertex 0.008564 26 20.2616
    endloop
  endfacet
  facet normal -0.989358 0.0648415 -0.130251
    outer loop
      vertex 0.0768585 26 3.21964
      vertex 0.008564 26 3.73839
      vertex 0.110421 26.5121 3.21964
    endloop
  endfacet
  facet normal -0.914797 -0.310531 -0.258298
    outer loop
      vertex 0.37549 2.49868 3.21964
      vertex 0.210536 2.98462 3.21964
      vertex 0.500602 2.5505 2.71424
    endloop
  endfacet
  facet normal -0.0749789 0.37592 -0.923614
    outer loop
      vertex 3.66722 27.2419 0.212279
      vertex 3.54211 27.7089 0.412509
      vertex 3.83217 27.2748 0.212279
    endloop
  endfacet
  facet normal -0.889246 0.43848 0.130293
    outer loop
      vertex 0.60246 27.9616 20.7804
      vertex 0.312394 27.5275 20.2616
      vertex 0.37549 27.5013 20.7804
    endloop
  endfacet
  facet normal -0.914792 0.310555 0.258287
    outer loop
      vertex 0.37549 27.5013 20.7804
      vertex 0.210536 27.0154 20.7804
      vertex 0.500602 27.4495 21.2858
    endloop
  endfacet
  facet normal -0.889245 0.438479 -0.130305
    outer loop
      vertex 0.37549 27.5013 3.21964
      vertex 0.312394 27.5275 3.73839
      vertex 0.60246 27.9616 3.21964
    endloop
  endfacet
  facet normal -0.828812 0.408794 -0.382045
    outer loop
      vertex 0.893141 27.7937 2.23084
      vertex 0.68559 27.3729 2.23084
      vertex 0.719737 27.8939 2.71424
    endloop
  endfacet
  facet normal -0.660232 0.441067 -0.607909
    outer loop
      vertex 1.39555 27.5037 1.36262
      vertex 1.1197 27.6629 1.77772
      vertex 1.3614 28.0247 1.77772
    endloop
  endfacet
  facet normal -0.824404 0.550832 0.130161
    outer loop
      vertex 0.833381 28.4298 20.2616
      vertex 0.60246 27.9616 20.7804
      vertex 0.887563 28.3883 20.7804
    endloop
  endfacet
  facet normal -0.694811 0.609358 0.381995
    outer loop
      vertex 1.32168 28.6783 21.2858
      vertex 1.15385 28.1839 21.7692
      vertex 1.46326 28.5367 21.7692
    endloop
  endfacet
  facet normal 0 0.9239 0.382633
    outer loop
      vertex 34 29.7877 21.2858
      vertex 4 29.5875 21.7692
      vertex 34 29.5875 21.7692
    endloop
  endfacet
  facet normal 0 0.9239 0.382633
    outer loop
      vertex 4 29.5875 21.7692
      vertex 34 29.7877 21.2858
      vertex 4 29.7877 21.2858
    endloop
  endfacet
  facet normal 0.193408 0.972451 0.130123
    outer loop
      vertex 35.0331 29.8554 20.2616
      vertex 34.5121 29.8896 20.7804
      vertex 35.0154 29.7895 20.7804
    endloop
  endfacet
  facet normal 0.195158 0.980772 -0
    outer loop
      vertex 35.0331 29.8554 6
      vertex 34.521 29.9573 20.2616
      vertex 35.0331 29.8554 20.2616
    endloop
  endfacet
  facet normal 0.195158 0.980772 0
    outer loop
      vertex 34.521 29.9573 20.2616
      vertex 35.0331 29.8554 6
      vertex 34.521 29.9573 6
    endloop
  endfacet
  facet normal 0 -0.92388 -0.382682
    outer loop
      vertex 4 0.412509 2.23084
      vertex 34 0.212279 2.71424
      vertex 4 0.212279 2.71424
    endloop
  endfacet
  facet normal 0 -0.92388 -0.382682
    outer loop
      vertex 34 0.212279 2.71424
      vertex 4 0.412509 2.23084
      vertex 34 0.412509 2.23084
    endloop
  endfacet
  facet normal -0.499736 -0.0327507 -0.865558
    outer loop
      vertex 1.79673 3.70993 0.674121
      vertex 1.77772 4 0.674121
      vertex 2.23084 4 0.412509
    endloop
  endfacet
  facet normal -0.438523 -0.889233 0.130241
    outer loop
      vertex 2.03843 0.60246 20.7804
      vertex 2.00428 0.543315 20.2616
      vertex 2.47254 0.312394 20.2616
    endloop
  endfacet
  facet normal -0.550842 -0.824385 0.130242
    outer loop
      vertex 2.03843 0.60246 20.7804
      vertex 1.57017 0.833381 20.2616
      vertex 2.00428 0.543315 20.2616
    endloop
  endfacet
  facet normal -0.13809 -0.694269 -0.706344
    outer loop
      vertex 3.60746 1.01837 1.36262
      vertex 3.31739 1.45248 0.99264
      vertex 3.65575 1.38518 0.99264
    endloop
  endfacet
  facet normal -0.313086 -0.634863 -0.706347
    outer loop
      vertex 2.84913 1.22156 1.36262
      vertex 2.49632 1.39555 1.36262
      vertex 2.68131 1.71596 0.99264
    endloop
  endfacet
  facet normal -0.546693 0.269614 -0.792739
    outer loop
      vertex 1.94688 26.8504 0.674121
      vertex 1.71596 27.3187 0.99264
      vertex 2.07545 27.1111 0.674121
    endloop
  endfacet
  facet normal 0 0 -1
    outer loop
      vertex 34 3.73839 0.008564
      vertex 34.2616 4 0.008564
      vertex 34.2594 3.96585 0.008564
    endloop
  endfacet
  facet normal -0 0 -1
    outer loop
      vertex 34.2616 4 0.008564
      vertex 34 3.73839 0.008564
      vertex 34.2616 26 0.008564
    endloop
  endfacet
  facet normal 0 0 -1
    outer loop
      vertex 34 3.73839 0.008564
      vertex 34.2594 3.96585 0.008564
      vertex 34.2527 3.93229 0.008564
    endloop
  endfacet
  facet normal 0 0 -1
    outer loop
      vertex 34 26.2616 0.008564
      vertex 34.2616 26 0.008564
      vertex 34 3.73839 0.008564
    endloop
  endfacet
  facet normal 0 0 -1
    outer loop
      vertex 34 3.73839 0.008564
      vertex 34.2527 3.93229 0.008564
      vertex 34.2417 3.89989 0.008564
    endloop
  endfacet
  facet normal 0 0 -1
    outer loop
      vertex 34.2616 26 0.008564
      vertex 34 26.2616 0.008564
      vertex 34.2594 26.0341 0.008564
    endloop
  endfacet
  facet normal 0 0 -1
    outer loop
      vertex 34 3.73839 0.008564
      vertex 34.2417 3.89989 0.008564
      vertex 34.2266 3.86919 0.008564
    endloop
  endfacet
  facet normal 0 0 -1
    outer loop
      vertex 34.2594 26.0341 0.008564
      vertex 34 26.2616 0.008564
      vertex 34.2527 26.0677 0.008564
    endloop
  endfacet
  facet normal 0 0 -1
    outer loop
      vertex 34 3.73839 0.008564
      vertex 34.2266 3.86919 0.008564
      vertex 34.2076 3.84074 0.008564
    endloop
  endfacet
  facet normal 0 0 -1
    outer loop
      vertex 34.2527 26.0677 0.008564
      vertex 34 26.2616 0.008564
      vertex 34.2417 26.1001 0.008564
    endloop
  endfacet
  facet normal 0 0 -1
    outer loop
      vertex 34 3.73839 0.008564
      vertex 34.2076 3.84074 0.008564
      vertex 34.185 3.81501 0.008564
    endloop
  endfacet
  facet normal 0 0 -1
    outer loop
      vertex 34.2417 26.1001 0.008564
      vertex 34 26.2616 0.008564
      vertex 34.2266 26.1308 0.008564
    endloop
  endfacet
  facet normal 0 0 -1
    outer loop
      vertex 34 3.73839 0.008564
      vertex 34.185 3.81501 0.008564
      vertex 34.1593 3.79245 0.008564
    endloop
  endfacet
  facet normal 0 0 -1
    outer loop
      vertex 34.2266 26.1308 0.008564
      vertex 34 26.2616 0.008564
      vertex 34.2076 26.1593 0.008564
    endloop
  endfacet
  facet normal 0 0 -1
    outer loop
      vertex 34 3.73839 0.008564
      vertex 34.1593 3.79245 0.008564
      vertex 34.1308 3.77344 0.008564
    endloop
  endfacet
  facet normal 0 0 -1
    outer loop
      vertex 34.2076 26.1593 0.008564
      vertex 34 26.2616 0.008564
      vertex 34.185 26.185 0.008564
    endloop
  endfacet
  facet normal 0 0 -1
    outer loop
      vertex 34 3.73839 0.008564
      vertex 34.1308 3.77344 0.008564
      vertex 34.1001 3.7583 0.008564
    endloop
  endfacet
  facet normal 0 0 -1
    outer loop
      vertex 34.185 26.185 0.008564
      vertex 34 26.2616 0.008564
      vertex 34.1593 26.2076 0.008564
    endloop
  endfacet
  facet normal 0 0 -1
    outer loop
      vertex 34 3.73839 0.008564
      vertex 34.1001 3.7583 0.008564
      vertex 34.0677 3.7473 0.008564
    endloop
  endfacet
  facet normal 0 0 -1
    outer loop
      vertex 34.1593 26.2076 0.008564
      vertex 34 26.2616 0.008564
      vertex 34.1308 26.2266 0.008564
    endloop
  endfacet
  facet normal 0 0 -1
    outer loop
      vertex 34 3.73839 0.008564
      vertex 34.0677 3.7473 0.008564
      vertex 34.0341 3.74063 0.008564
    endloop
  endfacet
  facet normal 0 0 -1
    outer loop
      vertex 34.1308 26.2266 0.008564
      vertex 34 26.2616 0.008564
      vertex 34.1001 26.2417 0.008564
    endloop
  endfacet
  facet normal 0 0 -1
    outer loop
      vertex 34.1001 26.2417 0.008564
      vertex 34 26.2616 0.008564
      vertex 34.0677 26.2527 0.008564
    endloop
  endfacet
  facet normal 0 0 -1
    outer loop
      vertex 34.0677 26.2527 0.008564
      vertex 34 26.2616 0.008564
      vertex 34.0341 26.2594 0.008564
    endloop
  endfacet
  facet normal 0 0 -1
    outer loop
      vertex 4 3.73839 0.008564
      vertex 34 26.2616 0.008564
      vertex 34 3.73839 0.008564
    endloop
  endfacet
  facet normal 0 0 -1
    outer loop
      vertex 4 3.73839 0.008564
      vertex 4 26.2616 0.008564
      vertex 34 26.2616 0.008564
    endloop
  endfacet
  facet normal 0 0 -1
    outer loop
      vertex 3.73839 4 0.008564
      vertex 4 3.73839 0.008564
      vertex 3.96585 3.74063 0.008564
    endloop
  endfacet
  facet normal 0 0 -1
    outer loop
      vertex 4 3.73839 0.008564
      vertex 3.73839 4 0.008564
      vertex 4 26.2616 0.008564
    endloop
  endfacet
  facet normal 0 0 -1
    outer loop
      vertex 3.73839 4 0.008564
      vertex 3.96585 3.74063 0.008564
      vertex 3.93229 3.7473 0.008564
    endloop
  endfacet
  facet normal 0 0 -1
    outer loop
      vertex 3.73839 26 0.008564
      vertex 4 26.2616 0.008564
      vertex 3.73839 4 0.008564
    endloop
  endfacet
  facet normal 0 0 -1
    outer loop
      vertex 3.73839 4 0.008564
      vertex 3.93229 3.7473 0.008564
      vertex 3.89989 3.7583 0.008564
    endloop
  endfacet
  facet normal 0 0 -1
    outer loop
      vertex 4 26.2616 0.008564
      vertex 3.73839 26 0.008564
      vertex 3.96585 26.2594 0.008564
    endloop
  endfacet
  facet normal 0 0 -1
    outer loop
      vertex 3.73839 4 0.008564
      vertex 3.89989 3.7583 0.008564
      vertex 3.86919 3.77344 0.008564
    endloop
  endfacet
  facet normal 0 0 -1
    outer loop
      vertex 3.96585 26.2594 0.008564
      vertex 3.73839 26 0.008564
      vertex 3.93229 26.2527 0.008564
    endloop
  endfacet
  facet normal 0 0 -1
    outer loop
      vertex 3.73839 4 0.008564
      vertex 3.86919 3.77344 0.008564
      vertex 3.84074 3.79245 0.008564
    endloop
  endfacet
  facet normal 0 0 -1
    outer loop
      vertex 3.93229 26.2527 0.008564
      vertex 3.73839 26 0.008564
      vertex 3.89989 26.2417 0.008564
    endloop
  endfacet
  facet normal 0 0 -1
    outer loop
      vertex 3.73839 4 0.008564
      vertex 3.84074 3.79245 0.008564
      vertex 3.81501 3.81501 0.008564
    endloop
  endfacet
  facet normal 0 0 -1
    outer loop
      vertex 3.89989 26.2417 0.008564
      vertex 3.73839 26 0.008564
      vertex 3.86919 26.2266 0.008564
    endloop
  endfacet
  facet normal 0 0 -1
    outer loop
      vertex 3.73839 4 0.008564
      vertex 3.81501 3.81501 0.008564
      vertex 3.79245 3.84074 0.008564
    endloop
  endfacet
  facet normal 0 0 -1
    outer loop
      vertex 3.86919 26.2266 0.008564
      vertex 3.73839 26 0.008564
      vertex 3.84074 26.2076 0.008564
    endloop
  endfacet
  facet normal 0 0 -1
    outer loop
      vertex 3.73839 4 0.008564
      vertex 3.79245 3.84074 0.008564
      vertex 3.77344 3.86919 0.008564
    endloop
  endfacet
  facet normal 0 0 -1
    outer loop
      vertex 3.84074 26.2076 0.008564
      vertex 3.73839 26 0.008564
      vertex 3.81501 26.185 0.008564
    endloop
  endfacet
  facet normal 0 0 -1
    outer loop
      vertex 3.73839 4 0.008564
      vertex 3.77344 3.86919 0.008564
      vertex 3.7583 3.89989 0.008564
    endloop
  endfacet
  facet normal 0 0 -1
    outer loop
      vertex 3.81501 26.185 0.008564
      vertex 3.73839 26 0.008564
      vertex 3.79245 26.1593 0.008564
    endloop
  endfacet
  facet normal 0 0 -1
    outer loop
      vertex 3.73839 4 0.008564
      vertex 3.7583 3.89989 0.008564
      vertex 3.7473 3.93229 0.008564
    endloop
  endfacet
  facet normal 0 0 -1
    outer loop
      vertex 3.79245 26.1593 0.008564
      vertex 3.73839 26 0.008564
      vertex 3.77344 26.1308 0.008564
    endloop
  endfacet
  facet normal 0 0 -1
    outer loop
      vertex 3.73839 4 0.008564
      vertex 3.7473 3.93229 0.008564
      vertex 3.74063 3.96585 0.008564
    endloop
  endfacet
  facet normal 0 0 -1
    outer loop
      vertex 3.77344 26.1308 0.008564
      vertex 3.73839 26 0.008564
      vertex 3.7583 26.1001 0.008564
    endloop
  endfacet
  facet normal 0 0 -1
    outer loop
      vertex 3.7583 26.1001 0.008564
      vertex 3.73839 26 0.008564
      vertex 3.7473 26.0677 0.008564
    endloop
  endfacet
  facet normal 0 0 -1
    outer loop
      vertex 3.7473 26.0677 0.008564
      vertex 3.73839 26 0.008564
      vertex 3.74063 26.0341 0.008564
    endloop
  endfacet
  facet normal 0.03986 -0.60828 -0.792721
    outer loop
      vertex 34.2901 1.79673 0.674121
      vertex 34 1.36262 0.99264
      vertex 34 1.77772 0.674121
    endloop
  endfacet
  facet normal 0.118906 -0.597888 -0.792711
    outer loop
      vertex 34.3442 1.38518 0.99264
      vertex 34.2901 1.79673 0.674121
      vertex 34.6826 1.45248 0.99264
    endloop
  endfacet
  facet normal -0.278622 0.820466 -0.499204
    outer loop
      vertex 2.72724 29.0727 1.77772
      vertex 2.62713 29.3144 2.23084
      vertex 3.07149 29.4653 2.23084
    endloop
  endfacet
  facet normal -0.0567625 0.864602 -0.499241
    outer loop
      vertex 3.56589 29.2974 1.77772
      vertex 3.53174 29.5568 2.23084
      vertex 4 29.3259 1.77772
    endloop
  endfacet
  facet normal -0.866437 -0.427281 0.258297
    outer loop
      vertex 0.500602 2.5505 21.2858
      vertex 0.37549 2.49868 20.7804
      vertex 0.719737 2.10614 21.2858
    endloop
  endfacet
  facet normal -0.914797 -0.310531 0.258298
    outer loop
      vertex 0.500602 2.5505 21.2858
      vertex 0.210536 2.98462 20.7804
      vertex 0.37549 2.49868 20.7804
    endloop
  endfacet
  facet normal 0.278496 -0.820512 -0.499199
    outer loop
      vertex 34.9285 0.534749 2.23084
      vertex 34.8608 0.787448 1.77772
      vertex 35.2728 0.927288 1.77772
    endloop
  endfacet
  facet normal 0.154892 -0.778721 -0.607949
    outer loop
      vertex 34.4341 0.702575 1.77772
      vertex 34.3925 1.01837 1.36262
      vertex 34.8608 0.787448 1.77772
    endloop
  endfacet
  facet normal 0.0566654 -0.864631 -0.499201
    outer loop
      vertex 34.4683 0.4432 2.23084
      vertex 34 0.412509 2.23084
      vertex 34 0.674121 1.77772
    endloop
  endfacet
  facet normal 0.0604423 -0.922191 -0.381982
    outer loop
      vertex 34.4944 0.244683 2.71424
      vertex 34 0.212279 2.71424
      vertex 34 0.412509 2.23084
    endloop
  endfacet
  facet normal -0.169042 -0.849836 -0.499203
    outer loop
      vertex 3.53174 0.4432 2.23084
      vertex 3.07149 0.534749 2.23084
      vertex 3.56589 0.702575 1.77772
    endloop
  endfacet
  facet normal 0.694829 -0.609336 -0.381998
    outer loop
      vertex 36.6783 1.32168 2.71424
      vertex 36.5367 1.46326 2.23084
      vertex 36.8461 1.81607 2.23084
    endloop
  endfacet
  facet normal 0.751886 -0.659293 0
    outer loop
      vertex 36.8224 1.17763 20.2616
      vertex 37.1666 1.57017 3.73839
      vertex 37.1666 1.57017 20.2616
    endloop
  endfacet
  facet normal 0.751886 -0.659293 0
    outer loop
      vertex 37.1666 1.57017 3.73839
      vertex 36.8224 1.17763 20.2616
      vertex 36.8224 1.17763 3.73839
    endloop
  endfacet
  facet normal 0.0631823 -0.963996 -0.2583
    outer loop
      vertex 34.4944 0.244683 2.71424
      vertex 34 0.0768585 3.21964
      vertex 34 0.212279 2.71424
    endloop
  endfacet
  facet normal -0.43852 -0.889232 -0.130255
    outer loop
      vertex 2.47254 0.312394 3.73839
      vertex 2.03843 0.60246 3.21964
      vertex 2.49868 0.37549 3.21964
    endloop
  endfacet
  facet normal 0.824404 0.550826 0.130189
    outer loop
      vertex 37.1666 28.4298 20.2616
      vertex 37.1124 28.3883 20.7804
      vertex 37.3975 27.9616 20.7804
    endloop
  endfacet
  facet normal 0.831431 0.555628 0
    outer loop
      vertex 37.4567 27.9957 20.2616
      vertex 37.1666 28.4298 6
      vertex 37.1666 28.4298 20.2616
    endloop
  endfacet
  facet normal 0.831431 0.555628 0
    outer loop
      vertex 37.1666 28.4298 6
      vertex 37.4567 27.9957 20.2616
      vertex 37.4567 27.9957 6
    endloop
  endfacet
  facet normal 0.550826 0.824404 0.130189
    outer loop
      vertex 36.4298 29.1666 20.2616
      vertex 35.9616 29.3975 20.7804
      vertex 36.3883 29.1124 20.7804
    endloop
  endfacet
  facet normal 0.310579 0.914775 0.258318
    outer loop
      vertex 35.0154 29.7895 20.7804
      vertex 34.9803 29.6587 21.2858
      vertex 35.4495 29.4994 21.2858
    endloop
  endfacet
  facet normal 0.777077 0.38326 0.499263
    outer loop
      vertex 37.1069 27.7937 21.7692
      vertex 36.8803 27.6629 22.2223
      vertex 37.0727 27.2728 22.2223
    endloop
  endfacet
  facet normal 0.694783 0.609357 0.382047
    outer loop
      vertex 37.005 28.3058 21.2858
      vertex 36.6783 28.6783 21.2858
      vertex 36.8461 28.1839 21.7692
    endloop
  endfacet
  facet normal 0.634873 0.313127 0.70632
    outer loop
      vertex 36.7784 27.1509 22.6374
      vertex 36.284 27.3187 23.0074
      vertex 36.4366 27.0093 23.0074
    endloop
  endfacet
  facet normal 0.312937 0.634872 0.706405
    outer loop
      vertex 35.5037 28.6045 22.6374
      vertex 35.1509 28.7784 22.6374
      vertex 35.3187 28.284 23.0074
    endloop
  endfacet
  facet normal 0.778739 0.154762 0.607959
    outer loop
      vertex 37.2126 26.8608 22.2223
      vertex 36.9816 26.3925 22.6374
      vertex 37.2974 26.4341 22.2223
    endloop
  endfacet
  facet normal 0.634872 0.312937 0.706405
    outer loop
      vertex 36.6045 27.5037 22.6374
      vertex 36.284 27.3187 23.0074
      vertex 36.7784 27.1509 22.6374
    endloop
  endfacet
  facet normal 0.938874 0.318655 0.130285
    outer loop
      vertex 37.6876 27.5275 20.2616
      vertex 37.6245 27.5013 20.7804
      vertex 37.8554 27.0331 20.2616
    endloop
  endfacet
  facet normal 0.889223 0.438526 0.130299
    outer loop
      vertex 37.6876 27.5275 20.2616
      vertex 37.3975 27.9616 20.7804
      vertex 37.6245 27.5013 20.7804
    endloop
  endfacet
  facet normal 0.0983348 0.0862833 0.991406
    outer loop
      vertex 34.5518 26.5518 23.9231
      vertex 34.2076 26.1593 23.9914
      vertex 34.6191 26.4751 23.9231
    endloop
  endfacet
  facet normal 0.21561 0.144048 0.965796
    outer loop
      vertex 35.0201 26.7827 23.7877
      vertex 34.6191 26.4751 23.9231
      vertex 35.1135 26.6429 23.7877
    endloop
  endfacet
  facet normal 0.499656 -0.0328892 0.865599
    outer loop
      vertex 35.7692 4 23.5875
      vertex 35.754 3.76908 23.5875
      vertex 36.2033 3.70993 23.3259
    endloop
  endfacet
  facet normal 0.382633 0 0.9239
    outer loop
      vertex 35.2858 26 23.7877
      vertex 35.7692 4 23.5875
      vertex 35.7692 26 23.5875
    endloop
  endfacet
  facet normal 0.382633 0 0.9239
    outer loop
      vertex 35.7692 4 23.5875
      vertex 35.2858 26 23.7877
      vertex 35.2858 4 23.7877
    endloop
  endfacet
  facet normal 0.706369 -0.0464267 0.706319
    outer loop
      vertex 37.0074 4 22.6374
      vertex 36.6148 3.65575 23.0074
      vertex 36.9816 3.60746 22.6374
    endloop
  endfacet
  facet normal 0.694297 -0.138096 0.706315
    outer loop
      vertex 36.6148 3.65575 23.0074
      vertex 36.5475 3.31739 23.0074
      vertex 36.9816 3.60746 22.6374
    endloop
  endfacet
  facet normal 0.0420512 0.12386 0.991408
    outer loop
      vertex 34.2986 26.721 23.9231
      vertex 34.0677 26.2527 23.9914
      vertex 34.1001 26.2417 23.9914
    endloop
  endfacet
  facet normal -0.523534 0.596918 0.607949
    outer loop
      vertex 1.97533 28.6386 22.2223
      vertex 1.87348 28.1265 22.6374
      vertex 2.16924 28.3859 22.6374
    endloop
  endfacet
  facet normal 0.0833026 0.245588 0.965788
    outer loop
      vertex 34.3328 27.2419 23.7877
      vertex 34.202 26.7538 23.9231
      vertex 34.492 27.1879 23.7877
    endloop
  endfacet
  facet normal 0.343805 0.169584 0.923601
    outer loop
      vertex 35.5321 26.8846 23.5875
      vertex 35.1135 26.6429 23.7877
      vertex 35.6345 26.677 23.5875
    endloop
  endfacet
  facet normal 0.144025 -0.215618 0.965798
    outer loop
      vertex 34.4751 3.3809 23.9231
      vertex 34.3902 3.32419 23.9231
      vertex 34.6429 2.8865 23.7877
    endloop
  endfacet
  facet normal 0.258743 0.0169617 0.965797
    outer loop
      vertex 35.2748 26.1678 23.7877
      vertex 34.7804 26 23.9231
      vertex 35.2858 26 23.7877
    endloop
  endfacet
  facet normal 0.0982268 0.0863784 0.991408
    outer loop
      vertex 34.5518 26.5518 23.9231
      vertex 34.185 26.185 23.9914
      vertex 34.2076 26.1593 23.9914
    endloop
  endfacet
  facet normal -0 0.130524 0.991445
    outer loop
      vertex 4 26.7804 23.9231
      vertex 34 26.2616 23.9914
      vertex 34 26.7804 23.9231
    endloop
  endfacet
  facet normal 0 0.130524 0.991445
    outer loop
      vertex 34 26.2616 23.9914
      vertex 4 26.7804 23.9231
      vertex 4 26.2616 23.9914
    endloop
  endfacet
  facet normal -0.401915 -0.458279 0.792745
    outer loop
      vertex 2.64716 2.23695 23.3259
      vertex 2.13509 2.13509 23.0074
      vertex 2.39446 1.90762 23.0074
    endloop
  endfacet
  facet normal -0.33019 -0.376516 0.865569
    outer loop
      vertex 2.92301 2.59643 23.5875
      vertex 2.42861 2.42861 23.3259
      vertex 2.64716 2.23695 23.3259
    endloop
  endfacet
  facet normal -0.227559 -0.670305 0.706334
    outer loop
      vertex 2.99072 1.56338 23.0074
      vertex 2.84913 1.22156 22.6374
      vertex 3.31739 1.45248 23.0074
    endloop
  endfacet
  facet normal -0.694826 -0.609354 0.381973
    outer loop
      vertex 1.46326 1.46326 21.7692
      vertex 1.15385 1.81607 21.7692
      vertex 1.32168 1.32168 21.2858
    endloop
  endfacet
  facet normal -0.0862409 -0.098359 0.991407
    outer loop
      vertex 3.81501 3.81501 23.9914
      vertex 3.4482 3.4482 23.9231
      vertex 3.84074 3.79245 23.9914
    endloop
  endfacet
  facet normal -0.330196 -0.376504 0.865572
    outer loop
      vertex 2.74902 2.74902 23.5875
      vertex 2.42861 2.42861 23.3259
      vertex 2.92301 2.59643 23.5875
    endloop
  endfacet
  facet normal -0.288205 -0.252757 0.923608
    outer loop
      vertex 3.09083 3.09083 23.7877
      vertex 2.59643 2.92301 23.5875
      vertex 2.74902 2.74902 23.5875
    endloop
  endfacet
  facet normal -0.114689 -0.232555 0.965797
    outer loop
      vertex 3.70137 3.27904 23.9231
      vertex 3.35712 2.8865 23.7877
      vertex 3.50796 2.81211 23.7877
    endloop
  endfacet
  facet normal 0.362985 -0.123237 0.92361
    outer loop
      vertex 35.7089 3.54211 23.5875
      vertex 35.1879 3.50796 23.7877
      vertex 35.6345 3.32297 23.5875
    endloop
  endfacet
  facet normal 0.254318 -0.0507248 0.96579
    outer loop
      vertex 35.2748 3.83217 23.7877
      vertex 34.7538 3.79803 23.9231
      vertex 35.2419 3.66722 23.7877
    endloop
  endfacet
  facet normal -0.11469 -0.232555 0.965797
    outer loop
      vertex 3.60982 3.32419 23.9231
      vertex 3.35712 2.8865 23.7877
      vertex 3.70137 3.27904 23.9231
    endloop
  endfacet
  facet normal 0.0505582 0.254315 0.965799
    outer loop
      vertex 34.1678 27.2748 23.7877
      vertex 34.1019 26.7737 23.9231
      vertex 34.202 26.7538 23.9231
    endloop
  endfacet
  facet normal 0.318788 0.212912 0.923603
    outer loop
      vertex 35.4036 27.077 23.5875
      vertex 35.1135 26.6429 23.7877
      vertex 35.5321 26.8846 23.5875
    endloop
  endfacet
  facet normal 0.491153 0.0976794 0.865579
    outer loop
      vertex 36.1466 26.5752 23.3259
      vertex 35.7089 26.4579 23.5875
      vertex 36.2033 26.2901 23.3259
    endloop
  endfacet
  facet normal 0.0747074 0.376022 0.923594
    outer loop
      vertex 34.2309 27.754 23.5875
      vertex 34.1678 27.2748 23.7877
      vertex 34.4579 27.7089 23.5875
    endloop
  endfacet
  facet normal 0.221545 0.449148 0.865554
    outer loop
      vertex 34.8504 28.0531 23.3259
      vertex 34.677 27.6345 23.5875
      vertex 34.8846 27.5321 23.5875
    endloop
  endfacet
  facet normal 0.130519 -0.00840826 0.99141
    outer loop
      vertex 34.2616 4 23.9914
      vertex 34.2594 3.96585 23.9914
      vertex 34.7804 4 23.9231
    endloop
  endfacet
  facet normal -0 0.60874 0.793369
    outer loop
      vertex 4 28.6374 23.0074
      vertex 34 28.2223 23.3259
      vertex 34 28.6374 23.0074
    endloop
  endfacet
  facet normal 0 0.60874 0.793369
    outer loop
      vertex 34 28.2223 23.3259
      vertex 4 28.6374 23.0074
      vertex 4 28.2223 23.3259
    endloop
  endfacet
  facet normal 0.0463783 0.706346 0.706346
    outer loop
      vertex 34 29.0074 22.6374
      vertex 34 28.6374 23.0074
      vertex 34.3442 28.6148 23.0074
    endloop
  endfacet
  facet normal 0.161096 0.474157 0.865577
    outer loop
      vertex 34.5752 28.1466 23.3259
      vertex 34.4579 27.7089 23.5875
      vertex 34.8504 28.0531 23.3259
    endloop
  endfacet
  facet normal 0.0251826 0.382543 0.923594
    outer loop
      vertex 34.2309 27.754 23.5875
      vertex 34 27.7692 23.5875
      vertex 34.1678 27.2748 23.7877
    endloop
  endfacet
  facet normal 0.278231 0.416399 0.865563
    outer loop
      vertex 35.1111 27.9246 23.3259
      vertex 35.077 27.4036 23.5875
      vertex 35.3528 27.7631 23.3259
    endloop
  endfacet
  facet normal 0.408669 0.828902 0.381984
    outer loop
      vertex 35.4495 29.4994 21.2858
      vertex 35.3729 29.3144 21.7692
      vertex 35.8939 29.2803 21.2858
    endloop
  endfacet
  facet normal 0.596854 0.523661 0.607902
    outer loop
      vertex 36.3517 28.3517 22.2223
      vertex 36.1265 28.1265 22.6374
      vertex 36.6386 28.0247 22.2223
    endloop
  endfacet
  facet normal 0.330196 0.37653 0.865561
    outer loop
      vertex 35.3528 27.7631 23.3259
      vertex 35.077 27.4036 23.5875
      vertex 35.5714 27.5714 23.3259
    endloop
  endfacet
  facet normal 0.63488 -0.313121 0.706316
    outer loop
      vertex 36.4366 2.99072 23.0074
      vertex 36.284 2.68131 23.0074
      vertex 36.7784 2.84913 22.6374
    endloop
  endfacet
  facet normal 0.670322 -0.227565 0.706316
    outer loop
      vertex 36.5475 3.31739 23.0074
      vertex 36.4366 2.99072 23.0074
      vertex 36.7784 2.84913 22.6374
    endloop
  endfacet
  facet normal 0.376474 -0.330223 0.865575
    outer loop
      vertex 35.7631 2.64716 23.3259
      vertex 35.4036 2.92301 23.5875
      vertex 35.5714 2.42861 23.3259
    endloop
  endfacet
  facet normal 0.416402 -0.278092 0.865606
    outer loop
      vertex 35.5321 3.11542 23.5875
      vertex 35.4036 2.92301 23.5875
      vertex 35.9246 2.88886 23.3259
    endloop
  endfacet
  facet normal 0.376497 -0.330212 0.865569
    outer loop
      vertex 35.4036 2.92301 23.5875
      vertex 35.251 2.74902 23.5875
      vertex 35.5714 2.42861 23.3259
    endloop
  endfacet
  facet normal 0.2882 -0.252769 0.923606
    outer loop
      vertex 35.4036 2.92301 23.5875
      vertex 34.9092 3.09083 23.7877
      vertex 35.251 2.74902 23.5875
    endloop
  endfacet
  facet normal 0.130524 0 0.991445
    outer loop
      vertex 34.2616 26 23.9914
      vertex 34.7804 4 23.9231
      vertex 34.7804 26 23.9231
    endloop
  endfacet
  facet normal 0.130524 0 0.991445
    outer loop
      vertex 34.7804 4 23.9231
      vertex 34.2616 26 23.9914
      vertex 34.2616 4 23.9914
    endloop
  endfacet
  facet normal 0.144098 -0.215592 0.965793
    outer loop
      vertex 34.7827 2.97994 23.7877
      vertex 34.4751 3.3809 23.9231
      vertex 34.6429 2.8865 23.7877
    endloop
  endfacet
  facet normal 0.338681 -0.506802 0.792746
    outer loop
      vertex 35.3528 2.23695 23.3259
      vertex 35.3187 1.71596 23.0074
      vertex 35.6055 1.90762 23.0074
    endloop
  endfacet
  facet normal 0.138078 -0.694288 0.706327
    outer loop
      vertex 34.6826 1.45248 23.0074
      vertex 34.3442 1.38518 23.0074
      vertex 34.3925 1.01837 22.6374
    endloop
  endfacet
  facet normal 0.269596 -0.546683 0.792752
    outer loop
      vertex 35.3187 1.71596 23.0074
      vertex 34.8504 1.94688 23.3259
      vertex 35.0093 1.56338 23.0074
    endloop
  endfacet
  facet normal 0.269604 -0.546672 0.792757
    outer loop
      vertex 35.1111 2.07545 23.3259
      vertex 34.8504 1.94688 23.3259
      vertex 35.3187 1.71596 23.0074
    endloop
  endfacet
  facet normal 0.0398585 -0.608257 0.792739
    outer loop
      vertex 34 1.77772 23.3259
      vertex 34 1.36262 23.0074
      vertex 34.2901 1.79673 23.3259
    endloop
  endfacet
  facet normal 0.297044 -0.875137 0.381968
    outer loop
      vertex 35.3729 0.68559 21.7692
      vertex 34.9285 0.534749 21.7692
      vertex 35.4495 0.500602 21.2858
    endloop
  endfacet
  facet normal 0.227544 -0.670305 0.706339
    outer loop
      vertex 35.1509 1.22156 22.6374
      vertex 34.6826 1.45248 23.0074
      vertex 34.7784 1.09511 22.6374
    endloop
  endfacet
  facet normal 0.481326 -0.720496 0.49921
    outer loop
      vertex 36.0247 1.3614 22.2223
      vertex 35.6629 1.1197 22.2223
      vertex 35.7937 0.893141 21.7692
    endloop
  endfacet
  facet normal 0.193417 -0.972435 0.130233
    outer loop
      vertex 35.0331 0.144568 20.2616
      vertex 34.5121 0.110421 20.7804
      vertex 34.521 0.0427113 20.2616
    endloop
  endfacet
  facet normal 0.427252 -0.866456 0.258282
    outer loop
      vertex 35.8939 0.719737 21.2858
      vertex 35.4495 0.500602 21.2858
      vertex 35.5013 0.37549 20.7804
    endloop
  endfacet
  facet normal 0.532211 -0.466782 0.706304
    outer loop
      vertex 36.3859 2.16924 22.6374
      vertex 36.0924 2.39446 23.0074
      vertex 36.1265 1.87348 22.6374
    endloop
  endfacet
  facet normal 0.82891 -0.408665 0.38197
    outer loop
      vertex 37.3144 2.62713 21.7692
      vertex 37.1069 2.20625 21.7692
      vertex 37.2803 2.10614 21.2858
    endloop
  endfacet
  facet normal 0.536761 -0.803205 0.258361
    outer loop
      vertex 36.3058 0.994999 21.2858
      vertex 35.8939 0.719737 21.2858
      vertex 36.3883 0.887563 20.7804
    endloop
  endfacet
  facet normal 0.0631793 -0.963996 0.258303
    outer loop
      vertex 34.4944 0.244683 21.2858
      vertex 34 0.0768585 20.7804
      vertex 34.5121 0.110421 20.7804
    endloop
  endfacet
  facet normal -0.118913 -0.597849 0.79274
    outer loop
      vertex 3.70993 1.79673 23.3259
      vertex 3.31739 1.45248 23.0074
      vertex 3.65575 1.38518 23.0074
    endloop
  endfacet
  facet normal -0.0398613 -0.608256 0.792739
    outer loop
      vertex 3.70993 1.79673 23.3259
      vertex 3.65575 1.38518 23.0074
      vertex 4 1.36262 23.0074
    endloop
  endfacet
  facet normal 0 -0.707126 0.707088
    outer loop
      vertex 4 0.99264 22.6374
      vertex 34 1.36262 23.0074
      vertex 4 1.36262 23.0074
    endloop
  endfacet
  facet normal 0 -0.707126 0.707088
    outer loop
      vertex 34 1.36262 23.0074
      vertex 4 0.99264 22.6374
      vertex 34 0.99264 22.6374
    endloop
  endfacet
  facet normal -0.609356 -0.694822 0.381977
    outer loop
      vertex 1.81607 1.15385 21.7692
      vertex 1.32168 1.32168 21.2858
      vertex 1.69418 0.994999 21.2858
    endloop
  endfacet
  facet normal -0.513441 -0.768421 0.381977
    outer loop
      vertex 1.81607 1.15385 21.7692
      vertex 1.69418 0.994999 21.2858
      vertex 2.10614 0.719737 21.2858
    endloop
  endfacet
  facet normal -0.154896 -0.778726 0.607942
    outer loop
      vertex 3.60746 1.01837 22.6374
      vertex 3.1392 0.787448 22.2223
      vertex 3.56589 0.702575 22.2223
    endloop
  endfacet
  facet normal -0.051932 -0.792281 0.607942
    outer loop
      vertex 4 0.99264 22.6374
      vertex 3.60746 1.01837 22.6374
      vertex 4 0.674121 22.2223
    endloop
  endfacet
  facet normal -0.0747846 -0.375974 0.923607
    outer loop
      vertex 3.66722 2.75805 23.7877
      vertex 3.54211 2.29113 23.5875
      vertex 3.83217 2.72524 23.7877
    endloop
  endfacet
  facet normal -0.0250792 -0.382515 0.923609
    outer loop
      vertex 3.83217 2.72524 23.7877
      vertex 3.76908 2.24598 23.5875
      vertex 4 2.23084 23.5875
    endloop
  endfacet
  facet normal 0.0578332 -0.117332 0.991407
    outer loop
      vertex 34.3902 3.32419 23.9231
      vertex 34.1308 3.77344 23.9914
      vertex 34.2986 3.27904 23.9231
    endloop
  endfacet
  facet normal 0.0519316 -0.792279 0.607945
    outer loop
      vertex 34.3925 1.01837 22.6374
      vertex 34 0.674121 22.2223
      vertex 34.4341 0.702575 22.2223
    endloop
  endfacet
  facet normal 0.255222 -0.751842 0.607944
    outer loop
      vertex 35.1509 1.22156 22.6374
      vertex 34.7784 1.09511 22.6374
      vertex 35.2728 0.927288 22.2223
    endloop
  endfacet
  facet normal -0.188475 -0.947501 0.258302
    outer loop
      vertex 3.01967 0.341343 21.2858
      vertex 2.98462 0.210536 20.7804
      vertex 3.5056 0.244683 21.2858
    endloop
  endfacet
  facet normal 0.0519373 -0.792281 0.607942
    outer loop
      vertex 34 0.99264 22.6374
      vertex 34 0.674121 22.2223
      vertex 34.3925 1.01837 22.6374
    endloop
  endfacet
  facet normal -0.297066 -0.875123 0.381985
    outer loop
      vertex 2.62713 0.68559 21.7692
      vertex 2.5505 0.500602 21.2858
      vertex 3.07149 0.534749 21.7692
    endloop
  endfacet
  facet normal -0.408751 -0.828861 0.381986
    outer loop
      vertex 2.62713 0.68559 21.7692
      vertex 2.10614 0.719737 21.2858
      vertex 2.5505 0.500602 21.2858
    endloop
  endfacet
  facet normal 0 -0.991445 -0.130526
    outer loop
      vertex 4 0.0768585 3.21964
      vertex 34 0.008564 3.73839
      vertex 4 0.008564 3.73839
    endloop
  endfacet
  facet normal 0 -0.991445 -0.130526
    outer loop
      vertex 34 0.008564 3.73839
      vertex 4 0.0768585 3.21964
      vertex 34 0.0768585 3.21964
    endloop
  endfacet
  facet normal -0.193428 -0.97243 -0.130252
    outer loop
      vertex 3.47901 0.0427113 3.73839
      vertex 2.96694 0.144568 3.73839
      vertex 3.48793 0.110421 3.21964
    endloop
  endfacet
  facet normal -0.0648454 -0.98936 0.130239
    outer loop
      vertex 4 0.0768585 20.7804
      vertex 3.48793 0.110421 20.7804
      vertex 4 0.008564 20.2616
    endloop
  endfacet
  facet normal 0.778714 -0.154806 -0.60798
    outer loop
      vertex 37.2126 3.1392 1.77772
      vertex 36.9049 3.22164 1.36262
      vertex 36.9816 3.60746 1.36262
    endloop
  endfacet
  facet normal 0.70635 -0.0464254 -0.706339
    outer loop
      vertex 36.9816 3.60746 1.36262
      vertex 36.6148 3.65575 0.99264
      vertex 37.0074 4 1.36262
    endloop
  endfacet
  facet normal 0.712146 -0.351163 -0.607892
    outer loop
      vertex 36.8803 2.33706 1.77772
      vertex 36.6045 2.49632 1.36262
      vertex 37.0727 2.72724 1.77772
    endloop
  endfacet
  facet normal 0.474187 -0.161071 -0.865565
    outer loop
      vertex 36.0531 3.14957 0.674121
      vertex 35.7089 3.54211 0.412509
      vertex 36.1466 3.42483 0.674121
    endloop
  endfacet
  facet normal 0.922201 -0.0604612 -0.381956
    outer loop
      vertex 37.7553 3.5056 2.71424
      vertex 37.5568 3.53174 2.23084
      vertex 37.5875 4 2.23084
    endloop
  endfacet
  facet normal 0.820541 -0.278652 -0.499065
    outer loop
      vertex 37.4652 3.07149 2.23084
      vertex 37.0727 2.72724 1.77772
      vertex 37.2126 3.1392 1.77772
    endloop
  endfacet
  facet normal 0.964007 -0.0631752 -0.258264
    outer loop
      vertex 37.9231 4 3.21964
      vertex 37.7553 3.5056 2.71424
      vertex 37.7877 4 2.71424
    endloop
  endfacet
  facet normal 0.875048 -0.29711 -0.382122
    outer loop
      vertex 37.4994 2.5505 2.71424
      vertex 37.4652 3.07149 2.23084
      vertex 37.6587 3.01967 2.71424
    endloop
  endfacet
  facet normal 0.82891 -0.408665 -0.38197
    outer loop
      vertex 37.2803 2.10614 2.71424
      vertex 37.1069 2.20625 2.23084
      vertex 37.3144 2.62713 2.23084
    endloop
  endfacet
  facet normal 0.777167 -0.383155 -0.499203
    outer loop
      vertex 37.1069 2.20625 2.23084
      vertex 37.0727 2.72724 1.77772
      vertex 37.3144 2.62713 2.23084
    endloop
  endfacet
  facet normal 0.914775 -0.31061 -0.258279
    outer loop
      vertex 37.6245 2.49868 3.21964
      vertex 37.4994 2.5505 2.71424
      vertex 37.7895 2.98462 3.21964
    endloop
  endfacet
  facet normal 0.866444 -0.427339 -0.258177
    outer loop
      vertex 37.3975 2.03843 3.21964
      vertex 37.2803 2.10614 2.71424
      vertex 37.6245 2.49868 3.21964
    endloop
  endfacet
  facet normal 0.824346 -0.55088 0.130327
    outer loop
      vertex 37.3975 2.03843 20.7804
      vertex 37.1666 1.57017 20.2616
      vertex 37.4567 2.00428 20.2616
    endloop
  endfacet
  facet normal 0.745487 -0.653668 0.130259
    outer loop
      vertex 37.1124 1.61174 20.7804
      vertex 36.7741 1.22592 20.7804
      vertex 37.1666 1.57017 20.2616
    endloop
  endfacet
  facet normal 0.609358 -0.694811 -0.381995
    outer loop
      vertex 36.6783 1.32168 2.71424
      vertex 36.1839 1.15385 2.23084
      vertex 36.5367 1.46326 2.23084
    endloop
  endfacet
  facet normal 0.571349 -0.651472 -0.499143
    outer loop
      vertex 36.1839 1.15385 2.23084
      vertex 36.0247 1.3614 1.77772
      vertex 36.5367 1.46326 2.23084
    endloop
  endfacet
  facet normal 0.651488 -0.571328 -0.499147
    outer loop
      vertex 36.8461 1.81607 2.23084
      vertex 36.5367 1.46326 2.23084
      vertex 36.6386 1.97533 1.77772
    endloop
  endfacet
  facet normal 0.720407 -0.481527 -0.499145
    outer loop
      vertex 36.8461 1.81607 2.23084
      vertex 36.6386 1.97533 1.77772
      vertex 37.1069 2.20625 2.23084
    endloop
  endfacet
  facet normal 0.866469 -0.427229 -0.258279
    outer loop
      vertex 37.6245 2.49868 3.21964
      vertex 37.2803 2.10614 2.71424
      vertex 37.4994 2.5505 2.71424
    endloop
  endfacet
  facet normal 0.803232 -0.536775 -0.258248
    outer loop
      vertex 37.1124 1.61174 3.21964
      vertex 37.005 1.69418 2.71424
      vertex 37.2803 2.10614 2.71424
    endloop
  endfacet
  facet normal 0.532171 -0.46678 -0.706336
    outer loop
      vertex 36.1265 1.87348 1.36262
      vertex 35.8649 2.13509 0.99264
      vertex 36.0924 2.39446 0.99264
    endloop
  endfacet
  facet normal 0.596918 -0.523534 -0.607949
    outer loop
      vertex 36.6386 1.97533 1.77772
      vertex 36.1265 1.87348 1.36262
      vertex 36.3859 2.16924 1.36262
    endloop
  endfacet
  facet normal 0.393236 -0.588549 -0.706382
    outer loop
      vertex 35.8308 1.6141 1.36262
      vertex 35.5037 1.39555 1.36262
      vertex 35.6055 1.90762 0.99264
    endloop
  endfacet
  facet normal 0.37651 -0.330223 -0.865559
    outer loop
      vertex 35.5714 2.42861 0.674121
      vertex 35.251 2.74902 0.412509
      vertex 35.4036 2.92301 0.412509
    endloop
  endfacet
  facet normal 0.245595 -0.0833387 -0.965783
    outer loop
      vertex 35.1879 3.50796 0.212279
      vertex 34.721 3.70137 0.0768585
      vertex 34.7538 3.79803 0.0768585
    endloop
  endfacet
  facet normal 0.130513 0 -0.991447
    outer loop
      vertex 34.2616 4 0.008564
      vertex 34.7804 26 0.0768585
      vertex 34.7804 4 0.0768585
    endloop
  endfacet
  facet normal 0.130513 0 -0.991447
    outer loop
      vertex 34.7804 26 0.0768585
      vertex 34.2616 4 0.008564
      vertex 34.2616 26 0.008564
    endloop
  endfacet
  facet normal 0.631639 0.315819 -0.708019
    outer loop
      vertex 36.2939 27.3154 1
      vertex 36.284 27.3187 0.99264
      vertex 36.2904 27.3224 1
    endloop
  endfacet
  facet normal -0.376029 0.0747728 -0.923586
    outer loop
      vertex 2.72524 26.1678 0.212279
      vertex 2.29113 26.4579 0.412509
      vertex 2.75805 26.3328 0.212279
    endloop
  endfacet
  facet normal -0.00840759 0.130509 -0.991412
    outer loop
      vertex 4 26.2616 0.008564
      vertex 3.96585 26.2594 0.008564
      vertex 4 26.7804 0.0768585
    endloop
  endfacet
  facet normal 0.130509 0.00841992 -0.991411
    outer loop
      vertex 34.2616 26 0.008564
      vertex 34.2594 26.0341 0.008564
      vertex 34.7804 26 0.0768585
    endloop
  endfacet
  facet normal 0.21564 0.144069 -0.965786
    outer loop
      vertex 35.1135 26.6429 0.212279
      vertex 34.6191 26.4751 0.0768585
      vertex 35.0201 26.7827 0.212279
    endloop
  endfacet
  facet normal 0.215635 -0.144061 -0.965789
    outer loop
      vertex 35.1135 3.35712 0.212279
      vertex 34.6191 3.52495 0.0768585
      vertex 34.6758 3.60982 0.0768585
    endloop
  endfacet
  facet normal -0.160964 -0.474236 -0.865558
    outer loop
      vertex 3.54211 2.29113 0.412509
      vertex 3.14957 1.94688 0.674121
      vertex 3.32297 2.36551 0.412509
    endloop
  endfacet
  facet normal 0.9239 -0 0.382633
    outer loop
      vertex 37.5875 4 21.7692
      vertex 37.7877 26 21.2858
      vertex 37.5875 26 21.7692
    endloop
  endfacet
  facet normal 0.9239 0 0.382633
    outer loop
      vertex 37.7877 26 21.2858
      vertex 37.5875 4 21.7692
      vertex 37.7877 4 21.2858
    endloop
  endfacet
  facet normal 0.906406 0.180415 0.381941
    outer loop
      vertex 37.7553 26.4944 21.2858
      vertex 37.4652 26.9285 21.7692
      vertex 37.5568 26.4683 21.7692
    endloop
  endfacet
  facet normal 0.694273 0.137991 0.706359
    outer loop
      vertex 36.9049 26.7784 22.6374
      vertex 36.5475 26.6826 23.0074
      vertex 36.9816 26.3925 22.6374
    endloop
  endfacet
  facet normal 0.792267 0.0520147 0.607954
    outer loop
      vertex 37.2974 26.4341 22.2223
      vertex 36.9816 26.3925 22.6374
      vertex 37.3259 26 22.2223
    endloop
  endfacet
  facet normal 0.964007 -0.0631752 0.258264
    outer loop
      vertex 37.7877 4 21.2858
      vertex 37.7553 3.5056 21.2858
      vertex 37.9231 4 20.7804
    endloop
  endfacet
  facet normal 0.84979 -0.169127 0.499252
    outer loop
      vertex 37.5568 3.53174 21.7692
      vertex 37.2974 3.56589 22.2223
      vertex 37.4652 3.07149 21.7692
    endloop
  endfacet
  facet normal 0.989368 -0.0647564 0.130219
    outer loop
      vertex 37.9914 4 20.2616
      vertex 37.8896 3.48793 20.7804
      vertex 37.9573 3.47901 20.2616
    endloop
  endfacet
  facet normal 0.989366 -0.0647251 0.13025
    outer loop
      vertex 37.9231 4 20.7804
      vertex 37.8896 3.48793 20.7804
      vertex 37.9914 4 20.2616
    endloop
  endfacet
  facet normal -0.828861 -0.408751 0.381986
    outer loop
      vertex 0.68559 2.62713 21.7692
      vertex 0.500602 2.5505 21.2858
      vertex 0.719737 2.10614 21.2858
    endloop
  endfacet
  facet normal -0.72045 -0.481389 0.499216
    outer loop
      vertex 1.1197 2.33706 22.2223
      vertex 0.893141 2.20625 21.7692
      vertex 1.3614 1.97533 22.2223
    endloop
  endfacet
  facet normal -0.546695 -0.269605 0.792741
    outer loop
      vertex 1.94688 3.14957 23.3259
      vertex 1.71596 2.68131 23.0074
      vertex 2.07545 2.88886 23.3259
    endloop
  endfacet
  facet normal -0.577208 -0.195954 0.792737
    outer loop
      vertex 1.94688 3.14957 23.3259
      vertex 1.45248 3.31739 23.0074
      vertex 1.56338 2.99072 23.0074
    endloop
  endfacet
  facet normal -0.706372 -0.0463009 0.706325
    outer loop
      vertex 1.38518 3.65575 23.0074
      vertex 0.99264 4 22.6374
      vertex 1.01837 3.60746 22.6374
    endloop
  endfacet
  facet normal -0.706368 -0.0462909 0.70633
    outer loop
      vertex 1.36262 4 23.0074
      vertex 0.99264 4 22.6374
      vertex 1.38518 3.65575 23.0074
    endloop
  endfacet
  facet normal -0.39327 -0.588591 0.706328
    outer loop
      vertex 2.68131 1.71596 23.0074
      vertex 2.39446 1.90762 23.0074
      vertex 2.49632 1.39555 22.6374
    endloop
  endfacet
  facet normal -0.338641 -0.506831 0.792745
    outer loop
      vertex 2.64716 2.23695 23.3259
      vertex 2.39446 1.90762 23.0074
      vertex 2.68131 1.71596 23.0074
    endloop
  endfacet
  facet normal -0.0604362 0.922212 0.381934
    outer loop
      vertex 4 29.7877 21.2858
      vertex 3.5056 29.7553 21.2858
      vertex 4 29.5875 21.7692
    endloop
  endfacet
  facet normal 0.0604562 0.922203 0.381951
    outer loop
      vertex 34.4944 29.7553 21.2858
      vertex 34 29.5875 21.7692
      vertex 34.4683 29.5568 21.7692
    endloop
  endfacet
  facet normal 0.188443 0.947487 0.258375
    outer loop
      vertex 34.5121 29.8896 20.7804
      vertex 34.4944 29.7553 21.2858
      vertex 35.0154 29.7895 20.7804
    endloop
  endfacet
  facet normal 0.154762 0.778739 0.607959
    outer loop
      vertex 34.4341 29.2974 22.2223
      vertex 34.3925 28.9816 22.6374
      vertex 34.8608 29.2126 22.2223
    endloop
  endfacet
  facet normal -0.906413 0.180316 0.381971
    outer loop
      vertex 0.534749 26.9285 21.7692
      vertex 0.244683 26.4944 21.2858
      vertex 0.4432 26.4683 21.7692
    endloop
  endfacet
  facet normal -0.777099 0.383288 0.499206
    outer loop
      vertex 0.893141 27.7937 21.7692
      vertex 0.68559 27.3729 21.7692
      vertex 0.927288 27.2728 22.2223
    endloop
  endfacet
  facet normal -0.889233 -0.438523 0.130241
    outer loop
      vertex 0.60246 2.03843 20.7804
      vertex 0.312394 2.47254 20.2616
      vertex 0.543315 2.00428 20.2616
    endloop
  endfacet
  facet normal -0.997859 -0.0654028 0
    outer loop
      vertex 0.0427113 3.47901 3.73839
      vertex 0.008564 4 20.2616
      vertex 0.008564 4 3.73839
    endloop
  endfacet
  facet normal -0.997859 -0.0654028 0
    outer loop
      vertex 0.008564 4 20.2616
      vertex 0.0427113 3.47901 3.73839
      vertex 0.0427113 3.47901 20.2616
    endloop
  endfacet
  facet normal -0.660165 -0.441112 -0.607949
    outer loop
      vertex 1.6141 2.16924 1.36262
      vertex 1.3614 1.97533 1.77772
      vertex 1.39555 2.49632 1.36262
    endloop
  endfacet
  facet normal -0.777123 -0.383228 0.499215
    outer loop
      vertex 0.927288 2.72724 22.2223
      vertex 0.893141 2.20625 21.7692
      vertex 1.1197 2.33706 22.2223
    endloop
  endfacet
  facet normal -0.694288 -0.138094 0.706325
    outer loop
      vertex 1.38518 3.65575 23.0074
      vertex 1.01837 3.60746 22.6374
      vertex 1.45248 3.31739 23.0074
    endloop
  endfacet
  facet normal -0.474205 -0.160974 0.865573
    outer loop
      vertex 2.29113 3.54211 23.5875
      vertex 1.85344 3.42483 23.3259
      vertex 1.94688 3.14957 23.3259
    endloop
  endfacet
  facet normal -0.343799 -0.169556 0.923609
    outer loop
      vertex 2.8865 3.35712 23.7877
      vertex 2.36551 3.32297 23.5875
      vertex 2.46787 3.11542 23.5875
    endloop
  endfacet
  facet normal -0.608257 -0.0398626 0.792739
    outer loop
      vertex 1.77772 4 23.3259
      vertex 1.36262 4 23.0074
      vertex 1.79673 3.70993 23.3259
    endloop
  endfacet
  facet normal -0.608256 -0.0398613 0.792739
    outer loop
      vertex 1.79673 3.70993 23.3259
      vertex 1.36262 4 23.0074
      vertex 1.38518 3.65575 23.0074
    endloop
  endfacet
  facet normal 0 0.9239 -0.382633
    outer loop
      vertex 19 29.5875 2.23084
      vertex 4 29.7877 2.71424
      vertex 19 29.7877 2.71424
    endloop
  endfacet
  facet normal 0 0.9239 -0.382633
    outer loop
      vertex 4 29.7877 2.71424
      vertex 19 29.5875 2.23084
      vertex 4 29.5875 2.23084
    endloop
  endfacet
  facet normal -0.18844 0.94749 -0.258365
    outer loop
      vertex 3.5056 29.7553 2.71424
      vertex 2.98462 29.7895 3.21964
      vertex 3.48793 29.8896 3.21964
    endloop
  endfacet
  facet normal 0.221398 0.449171 -0.86558
    outer loop
      vertex 34.8846 27.5321 0.412509
      vertex 34.8504 28.0531 0.674121
      vertex 35.1111 27.9246 0.674121
    endloop
  endfacet
  facet normal 0.123135 0.36302 -0.92361
    outer loop
      vertex 34.492 27.1879 0.212279
      vertex 34.3328 27.2419 0.212279
      vertex 34.4579 27.7089 0.412509
    endloop
  endfacet
  facet normal 0.137537 0.691569 -0.709095
    outer loop
      vertex 34.3442 28.6148 0.99264
      vertex 34.6768 28.5562 1
      vertex 34.6826 28.5475 0.99264
    endloop
  endfacet
  facet normal 0.137878 0.693784 -0.706862
    outer loop
      vertex 34.6768 28.5562 1
      vertex 34.3442 28.6148 0.99264
      vertex 34.3452 28.6221 1
    endloop
  endfacet
  facet normal 0.258817 0 -0.965926
    outer loop
      vertex 34.7804 4 0.0768585
      vertex 35.2858 26 0.212279
      vertex 35.2858 4 0.212279
    endloop
  endfacet
  facet normal 0.258817 0 -0.965926
    outer loop
      vertex 35.2858 26 0.212279
      vertex 34.7804 4 0.0768585
      vertex 34.7804 26 0.0768585
    endloop
  endfacet
  facet normal 0.597932 0.118915 -0.792676
    outer loop
      vertex 36.6148 26.3442 0.99264
      vertex 36.2033 26.2901 0.674121
      vertex 36.5475 26.6826 0.99264
    endloop
  endfacet
  facet normal 0.401948 0.458309 -0.792711
    outer loop
      vertex 35.8649 27.8649 0.99264
      vertex 35.3528 27.7631 0.674121
      vertex 35.6055 28.0924 0.99264
    endloop
  endfacet
  facet normal 0.536017 0.463337 -0.705695
    outer loop
      vertex 36.0982 27.61 1
      vertex 36.0924 27.6055 0.99264
      vertex 36.0931 27.6159 1
    endloop
  endfacet
  facet normal -0.0420473 0.123849 -0.99141
    outer loop
      vertex 3.89989 26.2417 0.008564
      vertex 3.70137 26.721 0.0768585
      vertex 3.93229 26.2527 0.008564
    endloop
  endfacet
  facet normal 0.0169641 0.25878 -0.965787
    outer loop
      vertex 34.1678 27.2748 0.212279
      vertex 34 26.7804 0.0768585
      vertex 34 27.2858 0.212279
    endloop
  endfacet
  facet normal -0.499736 0.0327473 -0.865558
    outer loop
      vertex 2.23084 26 0.412509
      vertex 1.77772 26 0.674121
      vertex 1.79673 26.2901 0.674121
    endloop
  endfacet
  facet normal -0.154767 0.778744 -0.607952
    outer loop
      vertex 3.60746 28.9816 1.36262
      vertex 3.1392 29.2126 1.77772
      vertex 3.56589 29.2974 1.77772
    endloop
  endfacet
  facet normal -0.252794 0.28824 -0.923587
    outer loop
      vertex 3.09083 26.9092 0.212279
      vertex 2.92301 27.4036 0.412509
      vertex 3.21728 27.0201 0.212279
    endloop
  endfacet
  facet normal 0 0.608763 -0.793352
    outer loop
      vertex 4 28.2223 0.674121
      vertex 34 28.6374 0.99264
      vertex 34 28.2223 0.674121
    endloop
  endfacet
  facet normal 0 0.608763 -0.793352
    outer loop
      vertex 34 28.6374 0.99264
      vertex 4 28.2223 0.674121
      vertex 4 28.6374 0.99264
    endloop
  endfacet
  facet normal -0.0653126 0.997865 0
    outer loop
      vertex 4 29.9914 3.73839
      vertex 3.47901 29.9573 20.2616
      vertex 4 29.9914 20.2616
    endloop
  endfacet
  facet normal -0.0653126 0.997865 0
    outer loop
      vertex 3.47901 29.9573 20.2616
      vertex 4 29.9914 3.73839
      vertex 3.47901 29.9573 3.73839
    endloop
  endfacet
  facet normal -0.0647251 0.989366 0.13025
    outer loop
      vertex 4 29.9914 20.2616
      vertex 3.48793 29.8896 20.7804
      vertex 4 29.9231 20.7804
    endloop
  endfacet
  facet normal -0.0647563 0.989367 -0.130232
    outer loop
      vertex 3.48793 29.8896 3.21964
      vertex 3.47901 29.9573 3.73839
      vertex 4 29.9914 3.73839
    endloop
  endfacet
  facet normal -0.064725 0.989365 -0.130262
    outer loop
      vertex 4 29.9231 3.21964
      vertex 3.48793 29.8896 3.21964
      vertex 4 29.9914 3.73839
    endloop
  endfacet
  facet normal -0.195169 0.98077 0
    outer loop
      vertex 3.47901 29.9573 3.73839
      vertex 2.96694 29.8554 20.2616
      vertex 3.47901 29.9573 20.2616
    endloop
  endfacet
  facet normal -0.195169 0.98077 0
    outer loop
      vertex 2.96694 29.8554 20.2616
      vertex 3.47901 29.9573 3.73839
      vertex 2.96694 29.8554 3.73839
    endloop
  endfacet
  facet normal -0.29713 0.875108 -0.381968
    outer loop
      vertex 3.07149 29.4653 2.23084
      vertex 2.5505 29.4994 2.71424
      vertex 3.01967 29.6587 2.71424
    endloop
  endfacet
  facet normal -0.180195 0.906439 -0.381967
    outer loop
      vertex 3.07149 29.4653 2.23084
      vertex 3.01967 29.6587 2.71424
      vertex 3.5056 29.7553 2.71424
    endloop
  endfacet
  facet normal -0.0604362 0.922212 -0.381934
    outer loop
      vertex 4 29.5875 2.23084
      vertex 3.5056 29.7553 2.71424
      vertex 4 29.7877 2.71424
    endloop
  endfacet
  facet normal -0.0631752 0.964007 -0.258264
    outer loop
      vertex 4 29.7877 2.71424
      vertex 3.5056 29.7553 2.71424
      vertex 4 29.9231 3.21964
    endloop
  endfacet
  facet normal -0.653677 0.745481 0.130248
    outer loop
      vertex 1.57017 29.1666 20.2616
      vertex 1.17763 28.8224 20.2616
      vertex 1.22592 28.7741 20.7804
    endloop
  endfacet
  facet normal -0.636901 0.726365 0.258361
    outer loop
      vertex 1.61174 29.1124 20.7804
      vertex 1.22592 28.7741 20.7804
      vertex 1.32168 28.6783 21.2858
    endloop
  endfacet
  facet normal -0.506808 0.338641 0.79276
    outer loop
      vertex 2.23695 27.3528 23.3259
      vertex 1.71596 27.3187 23.0074
      vertex 2.07545 27.1111 23.3259
    endloop
  endfacet
  facet normal 0.195934 0.577201 0.792748
    outer loop
      vertex 35.0093 28.4366 23.0074
      vertex 34.6826 28.5475 23.0074
      vertex 34.8504 28.0531 23.3259
    endloop
  endfacet
  facet normal -0.506802 0.338681 0.792746
    outer loop
      vertex 1.90762 27.6055 23.0074
      vertex 1.71596 27.3187 23.0074
      vertex 2.23695 27.3528 23.3259
    endloop
  endfacet
  facet normal -0.427339 0.866444 0.258177
    outer loop
      vertex 2.49868 29.6245 20.7804
      vertex 2.03843 29.3975 20.7804
      vertex 2.10614 29.2803 21.2858
    endloop
  endfacet
  facet normal -0.94693 0.321439 0
    outer loop
      vertex 0.144568 27.0331 3.73839
      vertex 0.312394 27.5275 20.2616
      vertex 0.312394 27.5275 3.73839
    endloop
  endfacet
  facet normal -0.94693 0.321439 0
    outer loop
      vertex 0.312394 27.5275 20.2616
      vertex 0.144568 27.0331 3.73839
      vertex 0.144568 27.0331 20.2616
    endloop
  endfacet
  facet normal -0.947494 0.188485 -0.258319
    outer loop
      vertex 0.244683 26.4944 2.71424
      vertex 0.210536 27.0154 3.21964
      vertex 0.341343 26.9803 2.71424
    endloop
  endfacet
  facet normal -0.706352 0.0463043 -0.706345
    outer loop
      vertex 1.38518 26.3442 0.99264
      vertex 0.99264 26 1.36262
      vertex 1.01837 26.3925 1.36262
    endloop
  endfacet
  facet normal -0.255299 0.75179 -0.607975
    outer loop
      vertex 2.84913 28.7784 1.36262
      vertex 2.72724 29.0727 1.77772
      vertex 3.22164 28.9049 1.36262
    endloop
  endfacet
  facet normal -0.866458 0.427243 0.25829
    outer loop
      vertex 0.60246 27.9616 20.7804
      vertex 0.37549 27.5013 20.7804
      vertex 0.719737 27.8939 21.2858
    endloop
  endfacet
  facet normal -0.803264 0.536707 0.258289
    outer loop
      vertex 0.887563 28.3883 20.7804
      vertex 0.60246 27.9616 20.7804
      vertex 0.719737 27.8939 21.2858
    endloop
  endfacet
  facet normal -0.720504 0.481331 -0.499194
    outer loop
      vertex 1.1197 27.6629 1.77772
      vertex 0.893141 27.7937 2.23084
      vertex 1.3614 28.0247 1.77772
    endloop
  endfacet
  facet normal -0.745425 0.653758 -0.130158
    outer loop
      vertex 0.887563 28.3883 3.21964
      vertex 0.833381 28.4298 3.73839
      vertex 1.22592 28.7741 3.21964
    endloop
  endfacet
  facet normal -0.660182 0.441097 -0.607942
    outer loop
      vertex 1.39555 27.5037 1.36262
      vertex 1.3614 28.0247 1.77772
      vertex 1.6141 27.8308 1.36262
    endloop
  endfacet
  facet normal -0.694819 0.609354 -0.381988
    outer loop
      vertex 1.15385 28.1839 2.23084
      vertex 0.994999 28.3058 2.71424
      vertex 1.32168 28.6783 2.71424
    endloop
  endfacet
  facet normal -0.803205 0.536761 -0.258361
    outer loop
      vertex 0.994999 28.3058 2.71424
      vertex 0.719737 27.8939 2.71424
      vertex 0.887563 28.3883 3.21964
    endloop
  endfacet
  facet normal -0.651472 0.571349 -0.499143
    outer loop
      vertex 1.3614 28.0247 1.77772
      vertex 1.15385 28.1839 2.23084
      vertex 1.46326 28.5367 2.23084
    endloop
  endfacet
  facet normal -0.914792 0.310555 -0.258287
    outer loop
      vertex 0.500602 27.4495 2.71424
      vertex 0.210536 27.0154 3.21964
      vertex 0.37549 27.5013 3.21964
    endloop
  endfacet
  facet normal -0.793352 0 -0.608763
    outer loop
      vertex 0.99264 4 1.36262
      vertex 0.674121 26 1.77772
      vertex 0.99264 26 1.36262
    endloop
  endfacet
  facet normal -0.793352 -0 -0.608763
    outer loop
      vertex 0.674121 26 1.77772
      vertex 0.99264 4 1.36262
      vertex 0.674121 4 1.77772
    endloop
  endfacet
  facet normal 0 0.965936 0.258781
    outer loop
      vertex 34 29.9231 20.7804
      vertex 4 29.7877 21.2858
      vertex 34 29.7877 21.2858
    endloop
  endfacet
  facet normal 0 0.965936 0.258781
    outer loop
      vertex 4 29.7877 21.2858
      vertex 34 29.9231 20.7804
      vertex 4 29.9231 20.7804
    endloop
  endfacet
  facet normal 0.063061 0.963986 0.258369
    outer loop
      vertex 34.5121 29.8896 20.7804
      vertex 34 29.9231 20.7804
      vertex 34.4944 29.7553 21.2858
    endloop
  endfacet
  facet normal 0.0631752 0.964007 0.258264
    outer loop
      vertex 34 29.9231 20.7804
      vertex 34 29.7877 21.2858
      vertex 34.4944 29.7553 21.2858
    endloop
  endfacet
  facet normal 0.321394 0.946945 -0
    outer loop
      vertex 35.5275 29.6876 6
      vertex 35.0331 29.8554 20.2616
      vertex 35.5275 29.6876 20.2616
    endloop
  endfacet
  facet normal 0.321394 0.946945 0
    outer loop
      vertex 35.0331 29.8554 20.2616
      vertex 35.5275 29.6876 6
      vertex 35.0331 29.8554 6
    endloop
  endfacet
  facet normal -0.297066 -0.875123 -0.381985
    outer loop
      vertex 3.07149 0.534749 2.23084
      vertex 2.5505 0.500602 2.71424
      vertex 2.62713 0.68559 2.23084
    endloop
  endfacet
  facet normal -0.0169458 -0.258785 -0.965786
    outer loop
      vertex 4 3.21964 0.0768585
      vertex 3.83217 2.72524 0.212279
      vertex 3.89814 3.22631 0.0768585
    endloop
  endfacet
  facet normal -0.278235 -0.416405 -0.865559
    outer loop
      vertex 2.88886 2.07545 0.674121
      vertex 2.64716 2.23695 0.674121
      vertex 2.92301 2.59643 0.412509
    endloop
  endfacet
  facet normal 0 -0.500004 -0.866023
    outer loop
      vertex 4 1.77772 0.674121
      vertex 34 2.23084 0.412509
      vertex 34 1.77772 0.674121
    endloop
  endfacet
  facet normal -0 -0.500004 -0.866023
    outer loop
      vertex 34 2.23084 0.412509
      vertex 4 1.77772 0.674121
      vertex 4 2.23084 0.412509
    endloop
  endfacet
  facet normal 0.278251 -0.416424 -0.865545
    outer loop
      vertex 35.1111 2.07545 0.674121
      vertex 34.8846 2.46787 0.412509
      vertex 35.077 2.59643 0.412509
    endloop
  endfacet
  facet normal -0.383232 -0.777132 -0.499198
    outer loop
      vertex 2.72724 0.927288 1.77772
      vertex 2.20625 0.893141 2.23084
      vertex 2.33706 1.1197 1.77772
    endloop
  endfacet
  facet normal -0.792281 0.0519373 -0.607942
    outer loop
      vertex 0.99264 26 1.36262
      vertex 0.674121 26 1.77772
      vertex 1.01837 26.3925 1.36262
    endloop
  endfacet
  facet normal -0.751839 -0.659347 0
    outer loop
      vertex 1.17763 1.17763 3.73839
      vertex 0.833381 1.57017 20.2616
      vertex 0.833381 1.57017 3.73839
    endloop
  endfacet
  facet normal -0.751839 -0.659347 0
    outer loop
      vertex 0.833381 1.57017 20.2616
      vertex 1.17763 1.17763 3.73839
      vertex 1.17763 1.17763 20.2616
    endloop
  endfacet
  facet normal -0.500004 0 -0.866023
    outer loop
      vertex 1.77772 4 0.674121
      vertex 2.23084 26 0.412509
      vertex 2.23084 4 0.412509
    endloop
  endfacet
  facet normal -0.500004 0 -0.866023
    outer loop
      vertex 2.23084 26 0.412509
      vertex 1.77772 4 0.674121
      vertex 1.77772 26 0.674121
    endloop
  endfacet
  facet normal -0.170982 -0.19499 -0.965787
    outer loop
      vertex 3.52495 3.3809 0.0768585
      vertex 3.09083 3.09083 0.212279
      vertex 3.4482 3.4482 0.0768585
    endloop
  endfacet
  facet normal -0.108807 0.0725762 -0.99141
    outer loop
      vertex 3.77344 26.1308 0.008564
      vertex 3.32419 26.3902 0.0768585
      vertex 3.79245 26.1593 0.008564
    endloop
  endfacet
  facet normal 0.123849 -0.0420473 -0.99141
    outer loop
      vertex 34.721 3.70137 0.0768585
      vertex 34.2417 3.89989 0.008564
      vertex 34.2527 3.93229 0.008564
    endloop
  endfacet
  facet normal -0.194924 0.171035 -0.965791
    outer loop
      vertex 3.3809 26.4751 0.0768585
      vertex 3.09083 26.9092 0.212279
      vertex 3.4482 26.5518 0.0768585
    endloop
  endfacet
  facet normal -0.0398432 0.60828 -0.792722
    outer loop
      vertex 4 28.2223 0.674121
      vertex 3.70993 28.2033 0.674121
      vertex 4 28.6374 0.99264
    endloop
  endfacet
  facet normal 0.0725544 0.108832 -0.991409
    outer loop
      vertex 34.1593 26.2076 0.008564
      vertex 34.1308 26.2266 0.008564
      vertex 34.3902 26.6758 0.0768585
    endloop
  endfacet
  facet normal 0.441097 -0.660182 -0.607942
    outer loop
      vertex 36.0247 1.3614 1.77772
      vertex 35.5037 1.39555 1.36262
      vertex 35.8308 1.6141 1.36262
    endloop
  endfacet
  facet normal 0.523597 -0.596884 -0.607927
    outer loop
      vertex 36.3517 1.64825 1.77772
      vertex 36.0247 1.3614 1.77772
      vertex 36.1265 1.87348 1.36262
    endloop
  endfacet
  facet normal 0.278504 -0.820513 -0.499194
    outer loop
      vertex 35.3729 0.68559 2.23084
      vertex 34.9285 0.534749 2.23084
      vertex 35.2728 0.927288 1.77772
    endloop
  endfacet
  facet normal 0.318699 -0.938858 -0.13029
    outer loop
      vertex 35.5275 0.312394 3.73839
      vertex 35.0331 0.144568 3.73839
      vertex 35.5013 0.37549 3.21964
    endloop
  endfacet
  facet normal 0.180316 -0.906413 -0.381971
    outer loop
      vertex 34.4944 0.244683 2.71424
      vertex 34.4683 0.4432 2.23084
      vertex 34.9285 0.534749 2.23084
    endloop
  endfacet
  facet normal 0.169058 -0.849825 -0.499217
    outer loop
      vertex 34.4683 0.4432 2.23084
      vertex 34.4341 0.702575 1.77772
      vertex 34.9285 0.534749 2.23084
    endloop
  endfacet
  facet normal -0.227553 -0.670287 -0.706353
    outer loop
      vertex 3.31739 1.45248 0.99264
      vertex 2.84913 1.22156 1.36262
      vertex 2.99072 1.56338 0.99264
    endloop
  endfacet
  facet normal 0 -0.793352 -0.608763
    outer loop
      vertex 4 0.99264 1.36262
      vertex 34 0.674121 1.77772
      vertex 4 0.674121 1.77772
    endloop
  endfacet
  facet normal 0 -0.793352 -0.608763
    outer loop
      vertex 34 0.674121 1.77772
      vertex 4 0.99264 1.36262
      vertex 34 0.99264 1.36262
    endloop
  endfacet
  facet normal 0.550854 -0.824383 -0.130202
    outer loop
      vertex 35.9957 0.543315 3.73839
      vertex 35.9616 0.60246 3.21964
      vertex 36.4298 0.833381 3.73839
    endloop
  endfacet
  facet normal 0.609354 -0.694819 -0.381988
    outer loop
      vertex 36.3058 0.994999 2.71424
      vertex 36.1839 1.15385 2.23084
      vertex 36.6783 1.32168 2.71424
    endloop
  endfacet
  facet normal 0.550832 -0.824404 0.130161
    outer loop
      vertex 36.3883 0.887563 20.7804
      vertex 35.9616 0.60246 20.7804
      vertex 36.4298 0.833381 20.2616
    endloop
  endfacet
  facet normal 0.550855 -0.824385 0.13019
    outer loop
      vertex 36.4298 0.833381 20.2616
      vertex 35.9616 0.60246 20.7804
      vertex 35.9957 0.543315 20.2616
    endloop
  endfacet
  facet normal 0.297045 -0.875137 -0.381969
    outer loop
      vertex 34.9803 0.341343 2.71424
      vertex 34.9285 0.534749 2.23084
      vertex 35.4495 0.500602 2.71424
    endloop
  endfacet
  facet normal 0.828855 0.408715 0.382037
    outer loop
      vertex 37.2803 27.8939 21.2858
      vertex 37.1069 27.7937 21.7692
      vertex 37.3144 27.3729 21.7692
    endloop
  endfacet
  facet normal 0.768327 0.513524 0.382056
    outer loop
      vertex 37.005 28.3058 21.2858
      vertex 36.8461 28.1839 21.7692
      vertex 37.2803 27.8939 21.2858
    endloop
  endfacet
  facet normal 0.53672 0.803292 0.258175
    outer loop
      vertex 35.9616 29.3975 20.7804
      vertex 35.8939 29.2803 21.2858
      vertex 36.3883 29.1124 20.7804
    endloop
  endfacet
  facet normal 0.636996 0.726296 0.258323
    outer loop
      vertex 36.3883 29.1124 20.7804
      vertex 36.3058 29.005 21.2858
      vertex 36.6783 28.6783 21.2858
    endloop
  endfacet
  facet normal 0.53682 0.803182 0.258309
    outer loop
      vertex 36.3883 29.1124 20.7804
      vertex 35.8939 29.2803 21.2858
      vertex 36.3058 29.005 21.2858
    endloop
  endfacet
  facet normal 0.609357 0.694783 0.382047
    outer loop
      vertex 36.3058 29.005 21.2858
      vertex 36.1839 28.8461 21.7692
      vertex 36.6783 28.6783 21.2858
    endloop
  endfacet
  facet normal 0.588535 0.393316 0.706349
    outer loop
      vertex 36.3859 27.8308 22.6374
      vertex 36.0924 27.6055 23.0074
      vertex 36.6045 27.5037 22.6374
    endloop
  endfacet
  facet normal 0.651497 0.571353 0.499106
    outer loop
      vertex 36.8461 28.1839 21.7692
      vertex 36.5367 28.5367 21.7692
      vertex 36.6386 28.0247 22.2223
    endloop
  endfacet
  facet normal 0.513524 0.768327 0.382056
    outer loop
      vertex 36.3058 29.005 21.2858
      vertex 35.8939 29.2803 21.2858
      vertex 36.1839 28.8461 21.7692
    endloop
  endfacet
  facet normal 0.408715 0.828855 0.382037
    outer loop
      vertex 35.8939 29.2803 21.2858
      vertex 35.3729 29.3144 21.7692
      vertex 35.7937 29.1069 21.7692
    endloop
  endfacet
  facet normal 0.338622 0.506873 0.792726
    outer loop
      vertex 35.6055 28.0924 23.0074
      vertex 35.3187 28.284 23.0074
      vertex 35.3528 27.7631 23.3259
    endloop
  endfacet
  facet normal 0.441089 0.660264 0.607859
    outer loop
      vertex 35.6629 28.8803 22.2223
      vertex 35.5037 28.6045 22.6374
      vertex 36.0247 28.6386 22.2223
    endloop
  endfacet
  facet normal 0.532217 0.466767 0.706309
    outer loop
      vertex 36.1265 28.1265 22.6374
      vertex 35.8649 27.8649 23.0074
      vertex 36.0924 27.6055 23.0074
    endloop
  endfacet
  facet normal 0.466767 0.532217 0.706309
    outer loop
      vertex 36.1265 28.1265 22.6374
      vertex 35.6055 28.0924 23.0074
      vertex 35.8649 27.8649 23.0074
    endloop
  endfacet
  facet normal 0.720434 0.48152 0.499113
    outer loop
      vertex 36.8461 28.1839 21.7692
      vertex 36.6386 28.0247 22.2223
      vertex 37.1069 27.7937 21.7692
    endloop
  endfacet
  facet normal 0.523661 0.596854 0.607902
    outer loop
      vertex 36.3517 28.3517 22.2223
      vertex 36.0247 28.6386 22.2223
      vertex 36.1265 28.1265 22.6374
    endloop
  endfacet
  facet normal 0.577201 0.195934 0.792748
    outer loop
      vertex 36.4366 27.0093 23.0074
      vertex 36.0531 26.8504 23.3259
      vertex 36.5475 26.6826 23.0074
    endloop
  endfacet
  facet normal 0.792293 0.0520794 0.607914
    outer loop
      vertex 37.3259 26 22.2223
      vertex 36.9816 26.3925 22.6374
      vertex 37.0074 26 22.6374
    endloop
  endfacet
  facet normal 0.608257 0.0398376 0.79274
    outer loop
      vertex 36.6374 26 23.0074
      vertex 36.2033 26.2901 23.3259
      vertex 36.2223 26 23.3259
    endloop
  endfacet
  facet normal 0.499736 0.03273 0.865559
    outer loop
      vertex 36.2033 26.2901 23.3259
      vertex 35.7692 26 23.5875
      vertex 36.2223 26 23.3259
    endloop
  endfacet
  facet normal 0.938843 0.318809 0.130132
    outer loop
      vertex 37.8554 27.0331 20.2616
      vertex 37.6245 27.5013 20.7804
      vertex 37.7895 27.0154 20.7804
    endloop
  endfacet
  facet normal 0.546823 0.269531 -0.792677
    outer loop
      vertex 36.0531 26.8504 0.674121
      vertex 35.9246 27.1111 0.674121
      vertex 36.284 27.3187 0.99264
    endloop
  endfacet
  facet normal 0.88922 0.438533 0.130293
    outer loop
      vertex 37.4567 27.9957 20.2616
      vertex 37.3975 27.9616 20.7804
      vertex 37.6876 27.5275 20.2616
    endloop
  endfacet
  facet normal 0.659237 0.751936 -0
    outer loop
      vertex 36.8224 28.8224 6
      vertex 36.4298 29.1666 20.2616
      vertex 36.8224 28.8224 20.2616
    endloop
  endfacet
  facet normal 0.659237 0.751936 0
    outer loop
      vertex 36.4298 29.1666 20.2616
      vertex 36.8224 28.8224 6
      vertex 36.4298 29.1666 6
    endloop
  endfacet
  facet normal 0.449155 0.22139 0.86559
    outer loop
      vertex 35.9246 27.1111 23.3259
      vertex 35.5321 26.8846 23.5875
      vertex 36.0531 26.8504 23.3259
    endloop
  endfacet
  facet normal 0.254315 0.0505582 0.965799
    outer loop
      vertex 35.2748 26.1678 23.7877
      vertex 34.7538 26.202 23.9231
      vertex 34.7737 26.1019 23.9231
    endloop
  endfacet
  facet normal 0.500004 0 0.866023
    outer loop
      vertex 35.7692 26 23.5875
      vertex 36.2223 4 23.3259
      vertex 36.2223 26 23.3259
    endloop
  endfacet
  facet normal 0.500004 0 0.866023
    outer loop
      vertex 36.2223 4 23.3259
      vertex 35.7692 26 23.5875
      vertex 35.7692 4 23.5875
    endloop
  endfacet
  facet normal 0.382513 0.0250753 0.92361
    outer loop
      vertex 35.7692 26 23.5875
      vertex 35.2748 26.1678 23.7877
      vertex 35.2858 26 23.7877
    endloop
  endfacet
  facet normal 0.491156 -0.09768 0.865577
    outer loop
      vertex 36.2033 3.70993 23.3259
      vertex 35.7089 3.54211 23.5875
      vertex 36.1466 3.42483 23.3259
    endloop
  endfacet
  facet normal 0.597903 -0.118909 0.7927
    outer loop
      vertex 36.2033 3.70993 23.3259
      vertex 36.1466 3.42483 23.3259
      vertex 36.5475 3.31739 23.0074
    endloop
  endfacet
  facet normal 0.792293 -0.0520741 0.607915
    outer loop
      vertex 37.0074 4 22.6374
      vertex 36.9816 3.60746 22.6374
      vertex 37.3259 4 22.2223
    endloop
  endfacet
  facet normal 0.778744 -0.154767 0.607952
    outer loop
      vertex 37.2974 3.56589 22.2223
      vertex 36.9816 3.60746 22.6374
      vertex 37.2126 3.1392 22.2223
    endloop
  endfacet
  facet normal -0.258748 -0.0169434 0.965796
    outer loop
      vertex 3.21964 4 23.9231
      vertex 2.72524 3.83217 23.7877
      vertex 3.22631 3.89814 23.9231
    endloop
  endfacet
  facet normal 0.123858 0.0420553 0.991408
    outer loop
      vertex 34.721 26.2986 23.9231
      vertex 34.2527 26.0677 23.9914
      vertex 34.7538 26.202 23.9231
    endloop
  endfacet
  facet normal 0.114653 -0.232573 0.965797
    outer loop
      vertex 34.6429 2.8865 23.7877
      vertex 34.2986 3.27904 23.9231
      vertex 34.492 2.81211 23.7877
    endloop
  endfacet
  facet normal 0.0976973 -0.491157 0.865575
    outer loop
      vertex 34.4579 2.29113 23.5875
      vertex 34.2901 1.79673 23.3259
      vertex 34.5752 1.85344 23.3259
    endloop
  endfacet
  facet normal 0.161004 -0.474191 0.865575
    outer loop
      vertex 34.8504 1.94688 23.3259
      vertex 34.4579 2.29113 23.5875
      vertex 34.5752 1.85344 23.3259
    endloop
  endfacet
  facet normal 0.362983 -0.123076 0.923632
    outer loop
      vertex 35.2419 3.66722 23.7877
      vertex 35.1879 3.50796 23.7877
      vertex 35.7089 3.54211 23.5875
    endloop
  endfacet
  facet normal 0.252677 -0.288246 0.923617
    outer loop
      vertex 34.9092 3.09083 23.7877
      vertex 34.7827 2.97994 23.7877
      vertex 35.077 2.59643 23.5875
    endloop
  endfacet
  facet normal 0.12386 0.0420512 0.991408
    outer loop
      vertex 34.721 26.2986 23.9231
      vertex 34.2417 26.1001 23.9914
      vertex 34.2527 26.0677 23.9914
    endloop
  endfacet
  facet normal -0.401908 -0.458296 0.792739
    outer loop
      vertex 2.42861 2.42861 23.3259
      vertex 2.13509 2.13509 23.0074
      vertex 2.64716 2.23695 23.3259
    endloop
  endfacet
  facet normal -0.376516 -0.33019 0.865569
    outer loop
      vertex 2.59643 2.92301 23.5875
      vertex 2.23695 2.64716 23.3259
      vertex 2.42861 2.42861 23.3259
    endloop
  endfacet
  facet normal -0.195954 -0.577208 0.792737
    outer loop
      vertex 3.14957 1.94688 23.3259
      vertex 2.99072 1.56338 23.0074
      vertex 3.31739 1.45248 23.0074
    endloop
  endfacet
  facet normal -0.269605 -0.546695 0.792741
    outer loop
      vertex 2.88886 2.07545 23.3259
      vertex 2.68131 1.71596 23.0074
      vertex 3.14957 1.94688 23.3259
    endloop
  endfacet
  facet normal -0.252757 -0.288205 0.923608
    outer loop
      vertex 3.09083 3.09083 23.7877
      vertex 2.74902 2.74902 23.5875
      vertex 2.92301 2.59643 23.5875
    endloop
  endfacet
  facet normal -0.144062 -0.215597 0.965797
    outer loop
      vertex 3.52495 3.3809 23.9231
      vertex 3.35712 2.8865 23.7877
      vertex 3.60982 3.32419 23.9231
    endloop
  endfacet
  facet normal -0.221495 -0.44914 0.865571
    outer loop
      vertex 3.11542 2.46787 23.5875
      vertex 2.88886 2.07545 23.3259
      vertex 3.14957 1.94688 23.3259
    endloop
  endfacet
  facet normal -0.221508 -0.449139 0.865568
    outer loop
      vertex 3.32297 2.36551 23.5875
      vertex 3.11542 2.46787 23.5875
      vertex 3.14957 1.94688 23.3259
    endloop
  endfacet
  facet normal 0.057728 0.117368 0.991409
    outer loop
      vertex 34.2986 26.721 23.9231
      vertex 34.1001 26.2417 23.9914
      vertex 34.1308 26.2266 23.9914
    endloop
  endfacet
  facet normal 0.072582 -0.108816 0.991409
    outer loop
      vertex 34.1593 3.79245 23.9914
      vertex 34.1308 3.77344 23.9914
      vertex 34.3902 3.32419 23.9231
    endloop
  endfacet
  facet normal -0.28821 -0.252745 0.92361
    outer loop
      vertex 2.97994 3.21728 23.7877
      vertex 2.59643 2.92301 23.5875
      vertex 3.09083 3.09083 23.7877
    endloop
  endfacet
  facet normal -0.170964 -0.194953 0.965797
    outer loop
      vertex 3.52495 3.3809 23.9231
      vertex 3.09083 3.09083 23.7877
      vertex 3.21728 2.97994 23.7877
    endloop
  endfacet
  facet normal 0.382544 -0.0251804 0.923594
    outer loop
      vertex 35.7692 4 23.5875
      vertex 35.2748 3.83217 23.7877
      vertex 35.754 3.76908 23.5875
    endloop
  endfacet
  facet normal 0.382513 -0.0250709 0.92361
    outer loop
      vertex 35.2858 4 23.7877
      vertex 35.2748 3.83217 23.7877
      vertex 35.7692 4 23.5875
    endloop
  endfacet
  facet normal 0.28824 0.252694 0.923615
    outer loop
      vertex 35.4036 27.077 23.5875
      vertex 34.9092 26.9092 23.7877
      vertex 35.0201 26.7827 23.7877
    endloop
  endfacet
  facet normal 0.108792 0.0726565 0.991406
    outer loop
      vertex 34.6191 26.4751 23.9231
      vertex 34.2076 26.1593 23.9914
      vertex 34.6758 26.3902 23.9231
    endloop
  endfacet
  facet normal 0.0255813 0.128288 0.991407
    outer loop
      vertex 34.1019 26.7737 23.9231
      vertex 34.0341 26.2594 23.9914
      vertex 34.0677 26.2527 23.9914
    endloop
  endfacet
  facet normal 0.0862833 0.0983348 0.991406
    outer loop
      vertex 34.4751 26.6191 23.9231
      vertex 34.1593 26.2076 23.9914
      vertex 34.5518 26.5518 23.9231
    endloop
  endfacet
  facet normal 0.117313 0.057888 0.991406
    outer loop
      vertex 34.6758 26.3902 23.9231
      vertex 34.2266 26.1308 23.9914
      vertex 34.721 26.2986 23.9231
    endloop
  endfacet
  facet normal 0.212949 0.318739 0.923612
    outer loop
      vertex 35.077 27.4036 23.5875
      vertex 34.6429 27.1135 23.7877
      vertex 34.7827 27.0201 23.7877
    endloop
  endfacet
  facet normal 0.22139 0.449155 0.86559
    outer loop
      vertex 35.1111 27.9246 23.3259
      vertex 34.8504 28.0531 23.3259
      vertex 34.8846 27.5321 23.5875
    endloop
  endfacet
  facet normal 0.0833729 0.245543 0.965794
    outer loop
      vertex 34.492 27.1879 23.7877
      vertex 34.202 26.7538 23.9231
      vertex 34.2986 26.721 23.9231
    endloop
  endfacet
  facet normal 0.117366 -0.057727 0.99141
    outer loop
      vertex 34.2417 3.89989 23.9914
      vertex 34.2266 3.86919 23.9914
      vertex 34.721 3.70137 23.9231
    endloop
  endfacet
  facet normal 0.130529 0.0085824 0.991407
    outer loop
      vertex 34.7737 26.1019 23.9231
      vertex 34.2594 26.0341 23.9914
      vertex 34.7804 26 23.9231
    endloop
  endfacet
  facet normal -0.0254992 -0.128299 0.991408
    outer loop
      vertex 3.93229 3.7473 23.9914
      vertex 3.89814 3.22631 23.9231
      vertex 3.96585 3.74063 23.9914
    endloop
  endfacet
  facet normal 0.0749479 0.375879 0.923633
    outer loop
      vertex 34.4579 27.7089 23.5875
      vertex 34.1678 27.2748 23.7877
      vertex 34.3328 27.2419 23.7877
    endloop
  endfacet
  facet normal -0.128294 0.0255307 0.991407
    outer loop
      vertex 3.24623 26.202 23.9231
      vertex 3.22631 26.1019 23.9231
      vertex 3.7473 26.0677 23.9914
    endloop
  endfacet
  facet normal 0.0328918 0.499653 0.865601
    outer loop
      vertex 34.2901 28.2033 23.3259
      vertex 34 27.7692 23.5875
      vertex 34.2309 27.754 23.5875
    endloop
  endfacet
  facet normal -0.383195 0.777106 0.499267
    outer loop
      vertex 2.72724 29.0727 22.2223
      vertex 2.20625 29.1069 21.7692
      vertex 2.33706 28.8803 22.2223
    endloop
  endfacet
  facet normal 0.123256 0.362975 0.923611
    outer loop
      vertex 34.677 27.6345 23.5875
      vertex 34.4579 27.7089 23.5875
      vertex 34.492 27.1879 23.7877
    endloop
  endfacet
  facet normal 0.16103 0.474216 0.865557
    outer loop
      vertex 34.8504 28.0531 23.3259
      vertex 34.4579 27.7089 23.5875
      vertex 34.677 27.6345 23.5875
    endloop
  endfacet
  facet normal 0.481311 0.720472 0.499259
    outer loop
      vertex 35.7937 29.1069 21.7692
      vertex 35.6629 28.8803 22.2223
      vertex 36.0247 28.6386 22.2223
    endloop
  endfacet
  facet normal 0.383211 0.777134 0.499211
    outer loop
      vertex 35.3729 29.3144 21.7692
      vertex 35.2728 29.0727 22.2223
      vertex 35.7937 29.1069 21.7692
    endloop
  endfacet
  facet normal 0.297146 0.875093 0.381989
    outer loop
      vertex 35.4495 29.4994 21.2858
      vertex 34.9285 29.4653 21.7692
      vertex 35.3729 29.3144 21.7692
    endloop
  endfacet
  facet normal 0.427303 0.866465 0.258168
    outer loop
      vertex 35.9616 29.3975 20.7804
      vertex 35.5013 29.6245 20.7804
      vertex 35.8939 29.2803 21.2858
    endloop
  endfacet
  facet normal 0.474171 -0.161066 0.865575
    outer loop
      vertex 36.1466 3.42483 23.3259
      vertex 35.7089 3.54211 23.5875
      vertex 36.0531 3.14957 23.3259
    endloop
  endfacet
  facet normal 0.474227 -0.161004 0.865556
    outer loop
      vertex 35.7089 3.54211 23.5875
      vertex 35.6345 3.32297 23.5875
      vertex 36.0531 3.14957 23.3259
    endloop
  endfacet
  facet normal 0.546825 -0.269522 0.792679
    outer loop
      vertex 36.0531 3.14957 23.3259
      vertex 35.9246 2.88886 23.3259
      vertex 36.284 2.68131 23.0074
    endloop
  endfacet
  facet normal 0.318792 -0.212904 0.923603
    outer loop
      vertex 35.5321 3.11542 23.5875
      vertex 35.1135 3.35712 23.7877
      vertex 35.4036 2.92301 23.5875
    endloop
  endfacet
  facet normal 0.252752 -0.288216 0.923606
    outer loop
      vertex 35.251 2.74902 23.5875
      vertex 34.9092 3.09083 23.7877
      vertex 35.077 2.59643 23.5875
    endloop
  endfacet
  facet normal 0.213006 -0.318688 0.923616
    outer loop
      vertex 34.7827 2.97994 23.7877
      vertex 34.6429 2.8865 23.7877
      vertex 35.077 2.59643 23.5875
    endloop
  endfacet
  facet normal 0.215604 -0.144041 0.965799
    outer loop
      vertex 34.6758 3.60982 23.9231
      vertex 34.6191 3.52495 23.9231
      vertex 35.1135 3.35712 23.7877
    endloop
  endfacet
  facet normal 0.13053 -0.00858584 0.991407
    outer loop
      vertex 34.7804 4 23.9231
      vertex 34.2594 3.96585 23.9914
      vertex 34.7737 3.89814 23.9231
    endloop
  endfacet
  facet normal 0.401888 -0.458301 0.792746
    outer loop
      vertex 35.8649 2.13509 23.0074
      vertex 35.3528 2.23695 23.3259
      vertex 35.6055 1.90762 23.0074
    endloop
  endfacet
  facet normal 0.532185 -0.466793 0.706317
    outer loop
      vertex 36.0924 2.39446 23.0074
      vertex 35.8649 2.13509 23.0074
      vertex 36.1265 1.87348 22.6374
    endloop
  endfacet
  facet normal 0.330164 -0.376572 0.865555
    outer loop
      vertex 35.5714 2.42861 23.3259
      vertex 35.077 2.59643 23.5875
      vertex 35.3528 2.23695 23.3259
    endloop
  endfacet
  facet normal 0.278238 -0.41641 0.865555
    outer loop
      vertex 35.3528 2.23695 23.3259
      vertex 35.077 2.59643 23.5875
      vertex 35.1111 2.07545 23.3259
    endloop
  endfacet
  facet normal 0.0327657 -0.499709 0.865573
    outer loop
      vertex 34.2309 2.24598 23.5875
      vertex 34 2.23084 23.5875
      vertex 34.2901 1.79673 23.3259
    endloop
  endfacet
  facet normal 0.195982 -0.577206 0.792732
    outer loop
      vertex 34.8504 1.94688 23.3259
      vertex 34.5752 1.85344 23.3259
      vertex 34.6826 1.45248 23.0074
    endloop
  endfacet
  facet normal 0.0462977 -0.706368 0.706329
    outer loop
      vertex 34 1.36262 23.0074
      vertex 34 0.99264 22.6374
      vertex 34.3442 1.38518 23.0074
    endloop
  endfacet
  facet normal 0.313099 -0.634873 0.706332
    outer loop
      vertex 35.3187 1.71596 23.0074
      vertex 35.1509 1.22156 22.6374
      vertex 35.5037 1.39555 22.6374
    endloop
  endfacet
  facet normal 0.313086 -0.634873 0.706338
    outer loop
      vertex 35.3187 1.71596 23.0074
      vertex 35.0093 1.56338 23.0074
      vertex 35.1509 1.22156 22.6374
    endloop
  endfacet
  facet normal 0.22754 -0.670309 0.706337
    outer loop
      vertex 35.0093 1.56338 23.0074
      vertex 34.6826 1.45248 23.0074
      vertex 35.1509 1.22156 22.6374
    endloop
  endfacet
  facet normal 0.0648416 -0.98936 0.130239
    outer loop
      vertex 34 0.0768585 20.7804
      vertex 34 0.008564 20.2616
      vertex 34.5121 0.110421 20.7804
    endloop
  endfacet
  facet normal 0.188474 -0.947499 0.258308
    outer loop
      vertex 35.0154 0.210536 20.7804
      vertex 34.4944 0.244683 21.2858
      vertex 34.5121 0.110421 20.7804
    endloop
  endfacet
  facet normal 0.523597 -0.596884 0.607927
    outer loop
      vertex 36.1265 1.87348 22.6374
      vertex 36.0247 1.3614 22.2223
      vertex 36.3517 1.64825 22.2223
    endloop
  endfacet
  facet normal 0.596905 -0.523579 0.607923
    outer loop
      vertex 36.6386 1.97533 22.2223
      vertex 36.1265 1.87348 22.6374
      vertex 36.3517 1.64825 22.2223
    endloop
  endfacet
  facet normal 0.726365 -0.636901 0.258361
    outer loop
      vertex 37.1124 1.61174 20.7804
      vertex 36.6783 1.32168 21.2858
      vertex 36.7741 1.22592 20.7804
    endloop
  endfacet
  facet normal 0.636982 -0.726297 0.258356
    outer loop
      vertex 36.6783 1.32168 21.2858
      vertex 36.3883 0.887563 20.7804
      vertex 36.7741 1.22592 20.7804
    endloop
  endfacet
  facet normal 0.651386 -0.571367 0.499235
    outer loop
      vertex 36.6386 1.97533 22.2223
      vertex 36.3517 1.64825 22.2223
      vertex 36.5367 1.46326 21.7692
    endloop
  endfacet
  facet normal 0.694786 -0.60936 0.382037
    outer loop
      vertex 36.8461 1.81607 21.7692
      vertex 36.6783 1.32168 21.2858
      vertex 37.005 1.69418 21.2858
    endloop
  endfacet
  facet normal 0.536707 -0.803264 0.258289
    outer loop
      vertex 36.3883 0.887563 20.7804
      vertex 35.8939 0.719737 21.2858
      vertex 35.9616 0.60246 20.7804
    endloop
  endfacet
  facet normal 0.427243 -0.866458 0.25829
    outer loop
      vertex 35.8939 0.719737 21.2858
      vertex 35.5013 0.37549 20.7804
      vertex 35.9616 0.60246 20.7804
    endloop
  endfacet
  facet normal 0.51349 -0.768383 0.381988
    outer loop
      vertex 36.1839 1.15385 21.7692
      vertex 35.8939 0.719737 21.2858
      vertex 36.3058 0.994999 21.2858
    endloop
  endfacet
  facet normal 0.636966 -0.726305 0.258372
    outer loop
      vertex 36.6783 1.32168 21.2858
      vertex 36.3058 0.994999 21.2858
      vertex 36.3883 0.887563 20.7804
    endloop
  endfacet
  facet normal -0.0519305 -0.792281 0.607943
    outer loop
      vertex 3.60746 1.01837 22.6374
      vertex 3.56589 0.702575 22.2223
      vertex 4 0.674121 22.2223
    endloop
  endfacet
  facet normal -0.466752 -0.532217 0.70632
    outer loop
      vertex 2.39446 1.90762 23.0074
      vertex 1.87348 1.87348 22.6374
      vertex 2.16924 1.6141 22.6374
    endloop
  endfacet
  facet normal -0.513441 -0.768421 0.381978
    outer loop
      vertex 2.20625 0.893141 21.7692
      vertex 1.81607 1.15385 21.7692
      vertex 2.10614 0.719737 21.2858
    endloop
  endfacet
  facet normal -0.660169 -0.44111 0.607947
    outer loop
      vertex 1.39555 2.49632 22.6374
      vertex 1.1197 2.33706 22.2223
      vertex 1.3614 1.97533 22.2223
    endloop
  endfacet
  facet normal -0.777124 -0.383228 0.499215
    outer loop
      vertex 0.927288 2.72724 22.2223
      vertex 0.68559 2.62713 21.7692
      vertex 0.893141 2.20625 21.7692
    endloop
  endfacet
  facet normal -0.0463009 -0.706372 0.706325
    outer loop
      vertex 3.65575 1.38518 23.0074
      vertex 3.60746 1.01837 22.6374
      vertex 4 0.99264 22.6374
    endloop
  endfacet
  facet normal -0.138094 -0.694288 0.706325
    outer loop
      vertex 3.65575 1.38518 23.0074
      vertex 3.31739 1.45248 23.0074
      vertex 3.60746 1.01837 22.6374
    endloop
  endfacet
  facet normal -0.0420464 -0.123871 0.991407
    outer loop
      vertex 3.93229 3.7473 23.9914
      vertex 3.70137 3.27904 23.9231
      vertex 3.79803 3.24623 23.9231
    endloop
  endfacet
  facet normal -0.0833449 -0.245538 0.965797
    outer loop
      vertex 3.70137 3.27904 23.9231
      vertex 3.50796 2.81211 23.7877
      vertex 3.79803 3.24623 23.9231
    endloop
  endfacet
  facet normal -0.0977043 -0.491162 0.865572
    outer loop
      vertex 3.76908 2.24598 23.5875
      vertex 3.54211 2.29113 23.5875
      vertex 3.70993 1.79673 23.3259
    endloop
  endfacet
  facet normal -0.032763 -0.499712 0.865572
    outer loop
      vertex 3.76908 2.24598 23.5875
      vertex 3.70993 1.79673 23.3259
      vertex 4 2.23084 23.5875
    endloop
  endfacet
  facet normal 0.0398674 -0.60826 0.792736
    outer loop
      vertex 34.2901 1.79673 23.3259
      vertex 34 1.36262 23.0074
      vertex 34.3442 1.38518 23.0074
    endloop
  endfacet
  facet normal 0.118902 -0.597866 0.792729
    outer loop
      vertex 34.6826 1.45248 23.0074
      vertex 34.2901 1.79673 23.3259
      vertex 34.3442 1.38518 23.0074
    endloop
  endfacet
  facet normal -0.0566696 -0.864622 0.499217
    outer loop
      vertex 4 0.674121 22.2223
      vertex 3.53174 0.4432 21.7692
      vertex 4 0.412509 21.7692
    endloop
  endfacet
  facet normal -0.0566721 -0.86462 0.499219
    outer loop
      vertex 3.56589 0.702575 22.2223
      vertex 3.53174 0.4432 21.7692
      vertex 4 0.674121 22.2223
    endloop
  endfacet
  facet normal 0 -1 0
    outer loop
      vertex 8.61229 0.008564 13.4782
      vertex 4 0.008564 20.2616
      vertex 8.41411 0.008564 13.5455
    endloop
  endfacet
  facet normal 0 -1 0
    outer loop
      vertex 34 0.008564 20.2616
      vertex 29.7912 0.008564 13.5863
      vertex 30 0.008564 13.6
    endloop
  endfacet
  facet normal 0 -1 0
    outer loop
      vertex 8.8 0.008564 13.3856
      vertex 4 0.008564 20.2616
      vertex 8.61229 0.008564 13.4782
    endloop
  endfacet
  facet normal 0 -1 0
    outer loop
      vertex 34 0.008564 20.2616
      vertex 29.5859 0.008564 13.5455
      vertex 29.7912 0.008564 13.5863
    endloop
  endfacet
  facet normal 0 -1 0
    outer loop
      vertex 8.97402 0.008564 13.2694
      vertex 4 0.008564 20.2616
      vertex 8.8 0.008564 13.3856
    endloop
  endfacet
  facet normal 0 -1 0
    outer loop
      vertex 34 0.008564 20.2616
      vertex 29.3877 0.008564 13.4782
      vertex 29.5859 0.008564 13.5455
    endloop
  endfacet
  facet normal 0 -1 0
    outer loop
      vertex 4 0.008564 20.2616
      vertex 8.97402 0.008564 13.2694
      vertex 34 0.008564 20.2616
    endloop
  endfacet
  facet normal 0 -1 0
    outer loop
      vertex 34 0.008564 20.2616
      vertex 29.2 0.008564 13.3856
      vertex 29.3877 0.008564 13.4782
    endloop
  endfacet
  facet normal 0 -1 0
    outer loop
      vertex 29.026 0.008564 13.2694
      vertex 34 0.008564 20.2616
      vertex 8.97402 0.008564 13.2694
    endloop
  endfacet
  facet normal 0 -1 0
    outer loop
      vertex 34 0.008564 20.2616
      vertex 29.026 0.008564 13.2694
      vertex 29.2 0.008564 13.3856
    endloop
  endfacet
  facet normal 0 -1 0
    outer loop
      vertex 9.13137 0.008564 13.1314
      vertex 29.026 0.008564 13.2694
      vertex 8.97402 0.008564 13.2694
    endloop
  endfacet
  facet normal 0 -1 0
    outer loop
      vertex 9.13137 0.008564 13.1314
      vertex 28.8686 0.008564 13.1314
      vertex 29.026 0.008564 13.2694
    endloop
  endfacet
  facet normal 0 -1 0
    outer loop
      vertex 9.26937 0.008564 12.974
      vertex 28.8686 0.008564 13.1314
      vertex 9.13137 0.008564 13.1314
    endloop
  endfacet
  facet normal 0 -1 0
    outer loop
      vertex 9.26937 0.008564 12.974
      vertex 28.7306 0.008564 12.974
      vertex 28.8686 0.008564 13.1314
    endloop
  endfacet
  facet normal 0 -1 0
    outer loop
      vertex 9.38564 0.008564 12.8
      vertex 28.7306 0.008564 12.974
      vertex 9.26937 0.008564 12.974
    endloop
  endfacet
  facet normal 0 -1 0
    outer loop
      vertex 9.38564 0.008564 12.8
      vertex 28.6144 0.008564 12.8
      vertex 28.7306 0.008564 12.974
    endloop
  endfacet
  facet normal 0 -1 0
    outer loop
      vertex 9.47821 0.008564 12.6123
      vertex 28.6144 0.008564 12.8
      vertex 9.38564 0.008564 12.8
    endloop
  endfacet
  facet normal 0 -1 0
    outer loop
      vertex 9.47821 0.008564 12.6123
      vertex 28.5218 0.008564 12.6123
      vertex 28.6144 0.008564 12.8
    endloop
  endfacet
  facet normal 0 -1 0
    outer loop
      vertex 9.54548 0.008564 12.4141
      vertex 28.5218 0.008564 12.6123
      vertex 9.47821 0.008564 12.6123
    endloop
  endfacet
  facet normal 0 -1 0
    outer loop
      vertex 9.54548 0.008564 12.4141
      vertex 28.4545 0.008564 12.4141
      vertex 28.5218 0.008564 12.6123
    endloop
  endfacet
  facet normal 0 -1 0
    outer loop
      vertex 9.58631 0.008564 12.2088
      vertex 28.4545 0.008564 12.4141
      vertex 9.54548 0.008564 12.4141
    endloop
  endfacet
  facet normal 0 -1 0
    outer loop
      vertex 9.58631 0.008564 12.2088
      vertex 28.4137 0.008564 12.2088
      vertex 28.4545 0.008564 12.4141
    endloop
  endfacet
  facet normal 0 -1 0
    outer loop
      vertex 9.6 0.008564 12
      vertex 28.4137 0.008564 12.2088
      vertex 9.58631 0.008564 12.2088
    endloop
  endfacet
  facet normal 0 -1 0
    outer loop
      vertex 9.6 0.008564 12
      vertex 28.4 0.008564 12
      vertex 28.4137 0.008564 12.2088
    endloop
  endfacet
  facet normal 0 -1 0
    outer loop
      vertex 9.58631 0.008564 11.7912
      vertex 28.4 0.008564 12
      vertex 9.6 0.008564 12
    endloop
  endfacet
  facet normal 0 -1 0
    outer loop
      vertex 9.58631 0.008564 11.7912
      vertex 28.4137 0.008564 11.7912
      vertex 28.4 0.008564 12
    endloop
  endfacet
  facet normal 0 -1 0
    outer loop
      vertex 9.54548 0.008564 11.5859
      vertex 28.4137 0.008564 11.7912
      vertex 9.58631 0.008564 11.7912
    endloop
  endfacet
  facet normal 0 -1 0
    outer loop
      vertex 9.54548 0.008564 11.5859
      vertex 28.4545 0.008564 11.5859
      vertex 28.4137 0.008564 11.7912
    endloop
  endfacet
  facet normal 0 -1 0
    outer loop
      vertex 9.47821 0.008564 11.3877
      vertex 28.4545 0.008564 11.5859
      vertex 9.54548 0.008564 11.5859
    endloop
  endfacet
  facet normal 0 -1 0
    outer loop
      vertex 9.47821 0.008564 11.3877
      vertex 28.5218 0.008564 11.3877
      vertex 28.4545 0.008564 11.5859
    endloop
  endfacet
  facet normal 0 -1 0
    outer loop
      vertex 9.38564 0.008564 11.2
      vertex 28.5218 0.008564 11.3877
      vertex 9.47821 0.008564 11.3877
    endloop
  endfacet
  facet normal 0 -1 0
    outer loop
      vertex 9.38564 0.008564 11.2
      vertex 28.6144 0.008564 11.2
      vertex 28.5218 0.008564 11.3877
    endloop
  endfacet
  facet normal 0 -1 0
    outer loop
      vertex 9.26937 0.008564 11.026
      vertex 28.6144 0.008564 11.2
      vertex 9.38564 0.008564 11.2
    endloop
  endfacet
  facet normal 0 -1 0
    outer loop
      vertex 9.26937 0.008564 11.026
      vertex 28.7306 0.008564 11.026
      vertex 28.6144 0.008564 11.2
    endloop
  endfacet
  facet normal 0 -1 0
    outer loop
      vertex 9.13137 0.008564 10.8686
      vertex 28.7306 0.008564 11.026
      vertex 9.26937 0.008564 11.026
    endloop
  endfacet
  facet normal 0 -1 0
    outer loop
      vertex 9.13137 0.008564 10.8686
      vertex 28.8686 0.008564 10.8686
      vertex 28.7306 0.008564 11.026
    endloop
  endfacet
  facet normal 0 -1 0
    outer loop
      vertex 8.97402 0.008564 10.7306
      vertex 28.8686 0.008564 10.8686
      vertex 9.13137 0.008564 10.8686
    endloop
  endfacet
  facet normal 0 -1 0
    outer loop
      vertex 8.97402 0.008564 10.7306
      vertex 29.026 0.008564 10.7306
      vertex 28.8686 0.008564 10.8686
    endloop
  endfacet
  facet normal 0 -1 0
    outer loop
      vertex 4 0.008564 3.73839
      vertex 8.97402 0.008564 10.7306
      vertex 8.8 0.008564 10.6144
    endloop
  endfacet
  facet normal 0 -1 -0
    outer loop
      vertex 8.97402 0.008564 10.7306
      vertex 4 0.008564 3.73839
      vertex 29.026 0.008564 10.7306
    endloop
  endfacet
  facet normal 0 -1 0
    outer loop
      vertex 4 0.008564 3.73839
      vertex 8.8 0.008564 10.6144
      vertex 8.61229 0.008564 10.5218
    endloop
  endfacet
  facet normal 0 -1 0
    outer loop
      vertex 34 0.008564 3.73839
      vertex 29.026 0.008564 10.7306
      vertex 4 0.008564 3.73839
    endloop
  endfacet
  facet normal 0 -1 0
    outer loop
      vertex 4 0.008564 3.73839
      vertex 8.61229 0.008564 10.5218
      vertex 8.41411 0.008564 10.4545
    endloop
  endfacet
  facet normal 0 -1 0
    outer loop
      vertex 29.026 0.008564 10.7306
      vertex 34 0.008564 3.73839
      vertex 29.2 0.008564 10.6144
    endloop
  endfacet
  facet normal 0 -1 0
    outer loop
      vertex 4 0.008564 3.73839
      vertex 8.41411 0.008564 10.4545
      vertex 8.20884 0.008564 10.4137
    endloop
  endfacet
  facet normal 0 -1 0
    outer loop
      vertex 29.2 0.008564 10.6144
      vertex 34 0.008564 3.73839
      vertex 29.3877 0.008564 10.5218
    endloop
  endfacet
  facet normal 0 -1 0
    outer loop
      vertex 4 0.008564 3.73839
      vertex 8.20884 0.008564 10.4137
      vertex 8 0.008564 10.4
    endloop
  endfacet
  facet normal 0 -1 0
    outer loop
      vertex 29.3877 0.008564 10.5218
      vertex 34 0.008564 3.73839
      vertex 29.5859 0.008564 10.4545
    endloop
  endfacet
  facet normal 0 -1 0
    outer loop
      vertex 8.20884 0.008564 13.5863
      vertex 4 0.008564 20.2616
      vertex 8 0.008564 13.6
    endloop
  endfacet
  facet normal 0 -1 0
    outer loop
      vertex 4 0.008564 20.2616
      vertex 7.79116 0.008564 13.5863
      vertex 8 0.008564 13.6
    endloop
  endfacet
  facet normal 0 -1 0
    outer loop
      vertex 4 0.008564 20.2616
      vertex 7.58589 0.008564 13.5455
      vertex 7.79116 0.008564 13.5863
    endloop
  endfacet
  facet normal 0 -1 0
    outer loop
      vertex 4 0.008564 20.2616
      vertex 7.38771 0.008564 13.4782
      vertex 7.58589 0.008564 13.5455
    endloop
  endfacet
  facet normal 0 -1 0
    outer loop
      vertex 4 0.008564 20.2616
      vertex 7.2 0.008564 13.3856
      vertex 7.38771 0.008564 13.4782
    endloop
  endfacet
  facet normal 0 -1 0
    outer loop
      vertex 4 0.008564 20.2616
      vertex 7.02598 0.008564 13.2694
      vertex 7.2 0.008564 13.3856
    endloop
  endfacet
  facet normal 0 -1 0
    outer loop
      vertex 4 0.008564 20.2616
      vertex 6.86863 0.008564 13.1314
      vertex 7.02598 0.008564 13.2694
    endloop
  endfacet
  facet normal 0 -1 0
    outer loop
      vertex 4 0.008564 20.2616
      vertex 6.73063 0.008564 12.974
      vertex 6.86863 0.008564 13.1314
    endloop
  endfacet
  facet normal 0 -1 0
    outer loop
      vertex 4 0.008564 20.2616
      vertex 6.61436 0.008564 12.8
      vertex 6.73063 0.008564 12.974
    endloop
  endfacet
  facet normal 0 -1 0
    outer loop
      vertex 4 0.008564 20.2616
      vertex 6.52179 0.008564 12.6123
      vertex 6.61436 0.008564 12.8
    endloop
  endfacet
  facet normal 0 -1 0
    outer loop
      vertex 4 0.008564 20.2616
      vertex 6.45452 0.008564 12.4141
      vertex 6.52179 0.008564 12.6123
    endloop
  endfacet
  facet normal 0 -1 0
    outer loop
      vertex 4 0.008564 20.2616
      vertex 6.41369 0.008564 12.2088
      vertex 6.45452 0.008564 12.4141
    endloop
  endfacet
  facet normal 0 -1 0
    outer loop
      vertex 4 0.008564 20.2616
      vertex 6.4 0.008564 12
      vertex 6.41369 0.008564 12.2088
    endloop
  endfacet
  facet normal 0 -1 0
    outer loop
      vertex 4 0.008564 3.73839
      vertex 6.4 0.008564 12
      vertex 4 0.008564 20.2616
    endloop
  endfacet
  facet normal 0 -1 -0
    outer loop
      vertex 6.4 0.008564 12
      vertex 4 0.008564 3.73839
      vertex 6.41369 0.008564 11.7912
    endloop
  endfacet
  facet normal 0 -1 0
    outer loop
      vertex 29.5859 0.008564 10.4545
      vertex 34 0.008564 3.73839
      vertex 29.7912 0.008564 10.4137
    endloop
  endfacet
  facet normal 0 -1 -0
    outer loop
      vertex 7.79116 0.008564 10.4137
      vertex 4 0.008564 3.73839
      vertex 8 0.008564 10.4
    endloop
  endfacet
  facet normal 0 -1 -0
    outer loop
      vertex 7.58589 0.008564 10.4545
      vertex 4 0.008564 3.73839
      vertex 7.79116 0.008564 10.4137
    endloop
  endfacet
  facet normal 0 -1 -0
    outer loop
      vertex 7.38771 0.008564 10.5218
      vertex 4 0.008564 3.73839
      vertex 7.58589 0.008564 10.4545
    endloop
  endfacet
  facet normal 0 -1 -0
    outer loop
      vertex 7.2 0.008564 10.6144
      vertex 4 0.008564 3.73839
      vertex 7.38771 0.008564 10.5218
    endloop
  endfacet
  facet normal 0 -1 -0
    outer loop
      vertex 7.02598 0.008564 10.7306
      vertex 4 0.008564 3.73839
      vertex 7.2 0.008564 10.6144
    endloop
  endfacet
  facet normal 0 -1 -0
    outer loop
      vertex 6.86863 0.008564 10.8686
      vertex 4 0.008564 3.73839
      vertex 7.02598 0.008564 10.7306
    endloop
  endfacet
  facet normal 0 -1 -0
    outer loop
      vertex 6.73063 0.008564 11.026
      vertex 4 0.008564 3.73839
      vertex 6.86863 0.008564 10.8686
    endloop
  endfacet
  facet normal 0 -1 -0
    outer loop
      vertex 6.61436 0.008564 11.2
      vertex 4 0.008564 3.73839
      vertex 6.73063 0.008564 11.026
    endloop
  endfacet
  facet normal 0 -1 -0
    outer loop
      vertex 6.52179 0.008564 11.3877
      vertex 4 0.008564 3.73839
      vertex 6.61436 0.008564 11.2
    endloop
  endfacet
  facet normal 0 -1 -0
    outer loop
      vertex 6.45452 0.008564 11.5859
      vertex 4 0.008564 3.73839
      vertex 6.52179 0.008564 11.3877
    endloop
  endfacet
  facet normal 0 -1 -0
    outer loop
      vertex 6.41369 0.008564 11.7912
      vertex 4 0.008564 3.73839
      vertex 6.45452 0.008564 11.5859
    endloop
  endfacet
  facet normal 0 -1 0
    outer loop
      vertex 8.41411 0.008564 13.5455
      vertex 4 0.008564 20.2616
      vertex 8.20884 0.008564 13.5863
    endloop
  endfacet
  facet normal 0 -1 0
    outer loop
      vertex 30.2088 0.008564 13.5863
      vertex 34 0.008564 20.2616
      vertex 30 0.008564 13.6
    endloop
  endfacet
  facet normal 0 -1 0
    outer loop
      vertex 30.4141 0.008564 13.5455
      vertex 34 0.008564 20.2616
      vertex 30.2088 0.008564 13.5863
    endloop
  endfacet
  facet normal 0 -1 0
    outer loop
      vertex 30.6123 0.008564 13.4782
      vertex 34 0.008564 20.2616
      vertex 30.4141 0.008564 13.5455
    endloop
  endfacet
  facet normal 0 -1 0
    outer loop
      vertex 30.8 0.008564 13.3856
      vertex 34 0.008564 20.2616
      vertex 30.6123 0.008564 13.4782
    endloop
  endfacet
  facet normal 0 -1 0
    outer loop
      vertex 30.974 0.008564 13.2694
      vertex 34 0.008564 20.2616
      vertex 30.8 0.008564 13.3856
    endloop
  endfacet
  facet normal 0 -1 0
    outer loop
      vertex 31.1314 0.008564 13.1314
      vertex 34 0.008564 20.2616
      vertex 30.974 0.008564 13.2694
    endloop
  endfacet
  facet normal 0 -1 0
    outer loop
      vertex 31.2694 0.008564 12.974
      vertex 34 0.008564 20.2616
      vertex 31.1314 0.008564 13.1314
    endloop
  endfacet
  facet normal 0 -1 0
    outer loop
      vertex 31.3856 0.008564 12.8
      vertex 34 0.008564 20.2616
      vertex 31.2694 0.008564 12.974
    endloop
  endfacet
  facet normal 0 -1 0
    outer loop
      vertex 31.4782 0.008564 12.6123
      vertex 34 0.008564 20.2616
      vertex 31.3856 0.008564 12.8
    endloop
  endfacet
  facet normal 0 -1 0
    outer loop
      vertex 31.5455 0.008564 12.4141
      vertex 34 0.008564 20.2616
      vertex 31.4782 0.008564 12.6123
    endloop
  endfacet
  facet normal 0 -1 0
    outer loop
      vertex 31.5863 0.008564 12.2088
      vertex 34 0.008564 20.2616
      vertex 31.5455 0.008564 12.4141
    endloop
  endfacet
  facet normal 0 -1 0
    outer loop
      vertex 31.6 0.008564 12
      vertex 34 0.008564 20.2616
      vertex 31.5863 0.008564 12.2088
    endloop
  endfacet
  facet normal 0 -1 0
    outer loop
      vertex 34 0.008564 3.73839
      vertex 31.6 0.008564 12
      vertex 31.5863 0.008564 11.7912
    endloop
  endfacet
  facet normal 0 -1 0
    outer loop
      vertex 34 0.008564 3.73839
      vertex 31.5863 0.008564 11.7912
      vertex 31.5455 0.008564 11.5859
    endloop
  endfacet
  facet normal 0 -1 0
    outer loop
      vertex 29.7912 0.008564 10.4137
      vertex 34 0.008564 3.73839
      vertex 30 0.008564 10.4
    endloop
  endfacet
  facet normal 0 -1 0
    outer loop
      vertex 30 0.008564 10.4
      vertex 34 0.008564 3.73839
      vertex 30.2088 0.008564 10.4137
    endloop
  endfacet
  facet normal 0 -1 0
    outer loop
      vertex 31.6 0.008564 12
      vertex 34 0.008564 3.73839
      vertex 34 0.008564 20.2616
    endloop
  endfacet
  facet normal 0 -1 0
    outer loop
      vertex 31.4782 0.008564 11.3877
      vertex 34 0.008564 3.73839
      vertex 31.5455 0.008564 11.5859
    endloop
  endfacet
  facet normal 0 -1 0
    outer loop
      vertex 31.3856 0.008564 11.2
      vertex 34 0.008564 3.73839
      vertex 31.4782 0.008564 11.3877
    endloop
  endfacet
  facet normal 0 -1 0
    outer loop
      vertex 31.2694 0.008564 11.026
      vertex 34 0.008564 3.73839
      vertex 31.3856 0.008564 11.2
    endloop
  endfacet
  facet normal 0 -1 0
    outer loop
      vertex 31.1314 0.008564 10.8686
      vertex 34 0.008564 3.73839
      vertex 31.2694 0.008564 11.026
    endloop
  endfacet
  facet normal 0 -1 0
    outer loop
      vertex 30.974 0.008564 10.7306
      vertex 34 0.008564 3.73839
      vertex 31.1314 0.008564 10.8686
    endloop
  endfacet
  facet normal 0 -1 0
    outer loop
      vertex 30.8 0.008564 10.6144
      vertex 34 0.008564 3.73839
      vertex 30.974 0.008564 10.7306
    endloop
  endfacet
  facet normal 0 -1 0
    outer loop
      vertex 30.6123 0.008564 10.5218
      vertex 34 0.008564 3.73839
      vertex 30.8 0.008564 10.6144
    endloop
  endfacet
  facet normal 0 -1 0
    outer loop
      vertex 30.4141 0.008564 10.4545
      vertex 34 0.008564 3.73839
      vertex 30.6123 0.008564 10.5218
    endloop
  endfacet
  facet normal 0 -1 0
    outer loop
      vertex 30.2088 0.008564 10.4137
      vertex 34 0.008564 3.73839
      vertex 30.4141 0.008564 10.4545
    endloop
  endfacet
  facet normal -0.318701 -0.938863 -0.130254
    outer loop
      vertex 2.96694 0.144568 3.73839
      vertex 2.47254 0.312394 3.73839
      vertex 2.49868 0.37549 3.21964
    endloop
  endfacet
  facet normal -0.19509 -0.980785 0
    outer loop
      vertex 2.96694 0.144568 3.73839
      vertex 3.47901 0.0427113 20.2616
      vertex 2.96694 0.144568 20.2616
    endloop
  endfacet
  facet normal -0.19509 -0.980785 -0
    outer loop
      vertex 3.47901 0.0427113 20.2616
      vertex 2.96694 0.144568 3.73839
      vertex 3.47901 0.0427113 3.73839
    endloop
  endfacet
  facet normal -0.310526 -0.914797 0.258302
    outer loop
      vertex 3.01967 0.341343 21.2858
      vertex 2.5505 0.500602 21.2858
      vertex 2.98462 0.210536 20.7804
    endloop
  endfacet
  facet normal -0.310531 -0.914797 0.258298
    outer loop
      vertex 2.5505 0.500602 21.2858
      vertex 2.49868 0.37549 20.7804
      vertex 2.98462 0.210536 20.7804
    endloop
  endfacet
  facet normal 0.546712 -0.269637 -0.792718
    outer loop
      vertex 36.284 2.68131 0.99264
      vertex 36.0531 3.14957 0.674121
      vertex 36.4366 2.99072 0.99264
    endloop
  endfacet
  facet normal 0.608317 -0.039936 -0.792688
    outer loop
      vertex 36.6148 3.65575 0.99264
      vertex 36.2033 3.70993 0.674121
      vertex 36.6374 4 0.99264
    endloop
  endfacet
  facet normal 0.194963 -0.170988 -0.965791
    outer loop
      vertex 34.9092 3.09083 0.212279
      vertex 34.6191 3.52495 0.0768585
      vertex 35.0201 3.21728 0.212279
    endloop
  endfacet
  facet normal 0.363031 -0.123252 -0.923589
    outer loop
      vertex 35.6345 3.32297 0.412509
      vertex 35.1879 3.50796 0.212279
      vertex 35.7089 3.54211 0.412509
    endloop
  endfacet
  facet normal 0.778744 -0.154767 -0.607952
    outer loop
      vertex 37.2126 3.1392 1.77772
      vertex 36.9816 3.60746 1.36262
      vertex 37.2974 3.56589 1.77772
    endloop
  endfacet
  facet normal 0.792269 -0.0520137 -0.607951
    outer loop
      vertex 37.2974 3.56589 1.77772
      vertex 36.9816 3.60746 1.36262
      vertex 37.3259 4 1.77772
    endloop
  endfacet
  facet normal 0.963987 -0.0630647 -0.258365
    outer loop
      vertex 37.8896 3.48793 3.21964
      vertex 37.7553 3.5056 2.71424
      vertex 37.9231 4 3.21964
    endloop
  endfacet
  facet normal 0.94749 -0.18844 -0.258365
    outer loop
      vertex 37.7895 2.98462 3.21964
      vertex 37.7553 3.5056 2.71424
      vertex 37.8896 3.48793 3.21964
    endloop
  endfacet
  facet normal 0.938879 -0.318657 0.130249
    outer loop
      vertex 37.8554 2.96694 20.2616
      vertex 37.6245 2.49868 20.7804
      vertex 37.6876 2.47254 20.2616
    endloop
  endfacet
  facet normal 0.896888 -0.442257 0
    outer loop
      vertex 37.4567 2.00428 20.2616
      vertex 37.6876 2.47254 3.73839
      vertex 37.6876 2.47254 20.2616
    endloop
  endfacet
  facet normal 0.896888 -0.442257 0
    outer loop
      vertex 37.6876 2.47254 3.73839
      vertex 37.4567 2.00428 20.2616
      vertex 37.4567 2.00428 3.73839
    endloop
  endfacet
  facet normal 0.694786 -0.60936 -0.382037
    outer loop
      vertex 37.005 1.69418 2.71424
      vertex 36.6783 1.32168 2.71424
      vertex 36.8461 1.81607 2.23084
    endloop
  endfacet
  facet normal 0.636982 -0.726297 -0.258356
    outer loop
      vertex 36.7741 1.22592 3.21964
      vertex 36.3883 0.887563 3.21964
      vertex 36.6783 1.32168 2.71424
    endloop
  endfacet
  facet normal 0.889208 -0.438567 -0.130262
    outer loop
      vertex 37.6876 2.47254 3.73839
      vertex 37.3975 2.03843 3.21964
      vertex 37.6245 2.49868 3.21964
    endloop
  endfacet
  facet normal 0.824344 -0.550879 -0.13034
    outer loop
      vertex 37.4567 2.00428 3.73839
      vertex 37.1666 1.57017 3.73839
      vertex 37.3975 2.03843 3.21964
    endloop
  endfacet
  facet normal 0.532197 -0.46677 -0.706323
    outer loop
      vertex 36.1265 1.87348 1.36262
      vertex 36.0924 2.39446 0.99264
      vertex 36.3859 2.16924 1.36262
    endloop
  endfacet
  facet normal 0.506921 -0.338595 -0.792707
    outer loop
      vertex 36.0924 2.39446 0.99264
      vertex 35.7631 2.64716 0.674121
      vertex 36.284 2.68131 0.99264
    endloop
  endfacet
  facet normal 0.376487 -0.330234 -0.865565
    outer loop
      vertex 35.5714 2.42861 0.674121
      vertex 35.4036 2.92301 0.412509
      vertex 35.7631 2.64716 0.674121
    endloop
  endfacet
  facet normal 0.58857 -0.393132 -0.706422
    outer loop
      vertex 36.6045 2.49632 1.36262
      vertex 36.0924 2.39446 0.99264
      vertex 36.284 2.68131 0.99264
    endloop
  endfacet
  facet normal 0.596905 -0.523579 -0.607923
    outer loop
      vertex 36.3517 1.64825 1.77772
      vertex 36.1265 1.87348 1.36262
      vertex 36.6386 1.97533 1.77772
    endloop
  endfacet
  facet normal 0.571396 -0.651374 -0.499218
    outer loop
      vertex 36.5367 1.46326 2.23084
      vertex 36.0247 1.3614 1.77772
      vertex 36.3517 1.64825 1.77772
    endloop
  endfacet
  facet normal 0.0462964 -0.706349 -0.706349
    outer loop
      vertex 34.3442 1.38518 0.99264
      vertex 34 0.99264 1.36262
      vertex 34 1.36262 0.99264
    endloop
  endfacet
  facet normal 0.0398689 -0.608283 -0.792718
    outer loop
      vertex 34.3442 1.38518 0.99264
      vertex 34 1.36262 0.99264
      vertex 34.2901 1.79673 0.674121
    endloop
  endfacet
  facet normal 0.195941 -0.577222 -0.792731
    outer loop
      vertex 35.0093 1.56338 0.99264
      vertex 34.6826 1.45248 0.99264
      vertex 34.8504 1.94688 0.674121
    endloop
  endfacet
  facet normal 0.0977007 -0.491174 -0.865565
    outer loop
      vertex 34.5752 1.85344 0.674121
      vertex 34.2901 1.79673 0.674121
      vertex 34.4579 2.29113 0.412509
    endloop
  endfacet
  facet normal 0.670251 0.22752 -0.706398
    outer loop
      vertex 36.4366 27.0093 0.99264
      vertex 36.5521 26.6919 1
      vertex 36.5475 26.6826 0.99264
    endloop
  endfacet
  facet normal 0.670525 0.227627 -0.706104
    outer loop
      vertex 36.5521 26.6919 1
      vertex 36.4366 27.0093 0.99264
      vertex 36.4434 27.0121 1
    endloop
  endfacet
  facet normal 0.506892 0.338635 -0.792708
    outer loop
      vertex 36.284 27.3187 0.99264
      vertex 35.7631 27.3528 0.674121
      vertex 36.0924 27.6055 0.99264
    endloop
  endfacet
  facet normal 0.315819 0.631639 -0.708019
    outer loop
      vertex 35.3187 28.284 0.99264
      vertex 35.3154 28.2939 1
      vertex 35.3224 28.2904 1
    endloop
  endfacet
  facet normal 0.25878 0.0169641 -0.965787
    outer loop
      vertex 35.2858 26 0.212279
      vertex 34.7804 26 0.0768585
      vertex 35.2748 26.1678 0.212279
    endloop
  endfacet
  facet normal -0.449155 -0.221515 -0.865558
    outer loop
      vertex 2.46787 3.11542 0.412509
      vertex 1.94688 3.14957 0.674121
      vertex 2.36551 3.32297 0.412509
    endloop
  endfacet
  facet normal -0.382562 0.0250785 -0.92359
    outer loop
      vertex 2.71424 26 0.212279
      vertex 2.23084 26 0.412509
      vertex 2.72524 26.1678 0.212279
    endloop
  endfacet
  facet normal -0.382564 -0.0250824 -0.923588
    outer loop
      vertex 2.24598 3.76908 0.412509
      vertex 2.23084 4 0.412509
      vertex 2.72524 3.83217 0.212279
    endloop
  endfacet
  facet normal 0.171035 -0.194924 -0.965791
    outer loop
      vertex 34.9092 3.09083 0.212279
      vertex 34.4751 3.3809 0.0768585
      vertex 34.5518 3.4482 0.0768585
    endloop
  endfacet
  facet normal 0.194982 -0.170974 -0.96579
    outer loop
      vertex 34.9092 3.09083 0.212279
      vertex 34.5518 3.4482 0.0768585
      vertex 34.6191 3.52495 0.0768585
    endloop
  endfacet
  facet normal 0.778728 0.154777 0.60797
    outer loop
      vertex 37.2126 26.8608 22.2223
      vertex 36.9049 26.7784 22.6374
      vertex 36.9816 26.3925 22.6374
    endloop
  endfacet
  facet normal 0.751804 0.255285 0.607964
    outer loop
      vertex 37.0727 27.2728 22.2223
      vertex 36.9049 26.7784 22.6374
      vertex 37.2126 26.8608 22.2223
    endloop
  endfacet
  facet normal 0.922201 -0.0604612 0.381956
    outer loop
      vertex 37.5875 4 21.7692
      vertex 37.5568 3.53174 21.7692
      vertex 37.7553 3.5056 21.2858
    endloop
  endfacet
  facet normal 0.906404 -0.180395 0.381954
    outer loop
      vertex 37.5568 3.53174 21.7692
      vertex 37.4652 3.07149 21.7692
      vertex 37.7553 3.5056 21.2858
    endloop
  endfacet
  facet normal 0.94749 -0.18844 0.258365
    outer loop
      vertex 37.8896 3.48793 20.7804
      vertex 37.7553 3.5056 21.2858
      vertex 37.7895 2.98462 20.7804
    endloop
  endfacet
  facet normal 0.947527 -0.188363 0.258288
    outer loop
      vertex 37.7553 3.5056 21.2858
      vertex 37.6587 3.01967 21.2858
      vertex 37.7895 2.98462 20.7804
    endloop
  endfacet
  facet normal -0.660165 -0.441112 0.607949
    outer loop
      vertex 1.39555 2.49632 22.6374
      vertex 1.3614 1.97533 22.2223
      vertex 1.6141 2.16924 22.6374
    endloop
  endfacet
  facet normal -0.588589 -0.393286 0.706321
    outer loop
      vertex 1.90762 2.39446 23.0074
      vertex 1.39555 2.49632 22.6374
      vertex 1.6141 2.16924 22.6374
    endloop
  endfacet
  facet normal -0.77873 -0.15489 0.607938
    outer loop
      vertex 1.01837 3.60746 22.6374
      vertex 0.787448 3.1392 22.2223
      vertex 1.09511 3.22164 22.6374
    endloop
  endfacet
  facet normal -0.820493 -0.278517 0.499219
    outer loop
      vertex 0.787448 3.1392 22.2223
      vertex 0.534749 3.07149 21.7692
      vertex 0.927288 2.72724 22.2223
    endloop
  endfacet
  facet normal -0.792281 -0.0519305 0.607943
    outer loop
      vertex 1.01837 3.60746 22.6374
      vertex 0.674121 4 22.2223
      vertex 0.702575 3.56589 22.2223
    endloop
  endfacet
  facet normal -0.86462 -0.0566721 0.499219
    outer loop
      vertex 0.674121 4 22.2223
      vertex 0.4432 3.53174 21.7692
      vertex 0.702575 3.56589 22.2223
    endloop
  endfacet
  facet normal -0.458296 -0.401908 0.792739
    outer loop
      vertex 2.23695 2.64716 23.3259
      vertex 2.13509 2.13509 23.0074
      vertex 2.42861 2.42861 23.3259
    endloop
  endfacet
  facet normal -0.458279 -0.401915 0.792745
    outer loop
      vertex 2.23695 2.64716 23.3259
      vertex 1.90762 2.39446 23.0074
      vertex 2.13509 2.13509 23.0074
    endloop
  endfacet
  facet normal -0.651441 -0.571315 0.499223
    outer loop
      vertex 1.64825 1.64825 22.2223
      vertex 1.3614 1.97533 22.2223
      vertex 1.46326 1.46326 21.7692
    endloop
  endfacet
  facet normal -0.609354 -0.694826 0.381973
    outer loop
      vertex 1.46326 1.46326 21.7692
      vertex 1.32168 1.32168 21.2858
      vertex 1.81607 1.15385 21.7692
    endloop
  endfacet
  facet normal -0.906413 0.180313 0.381973
    outer loop
      vertex 0.341343 26.9803 21.2858
      vertex 0.244683 26.4944 21.2858
      vertex 0.534749 26.9285 21.7692
    endloop
  endfacet
  facet normal -0.875137 0.297044 0.381968
    outer loop
      vertex 0.68559 27.3729 21.7692
      vertex 0.500602 27.4495 21.2858
      vertex 0.534749 26.9285 21.7692
    endloop
  endfacet
  facet normal -0.922193 0.0604378 0.381978
    outer loop
      vertex 0.4432 26.4683 21.7692
      vertex 0.244683 26.4944 21.2858
      vertex 0.412509 26 21.7692
    endloop
  endfacet
  facet normal -0.864622 0.0566648 0.499218
    outer loop
      vertex 0.4432 26.4683 21.7692
      vertex 0.412509 26 21.7692
      vertex 0.674121 26 22.2223
    endloop
  endfacet
  facet normal -0.889233 -0.438521 0.130243
    outer loop
      vertex 0.37549 2.49868 20.7804
      vertex 0.312394 2.47254 20.2616
      vertex 0.60246 2.03843 20.7804
    endloop
  endfacet
  facet normal -0.938865 -0.318701 0.130242
    outer loop
      vertex 0.210536 2.98462 20.7804
      vertex 0.144568 2.96694 20.2616
      vertex 0.37549 2.49868 20.7804
    endloop
  endfacet
  facet normal -0.65373 -0.745435 -0.130247
    outer loop
      vertex 1.57017 0.833381 3.73839
      vertex 1.17763 1.17763 3.73839
      vertex 1.22592 1.22592 3.21964
    endloop
  endfacet
  facet normal -0.980785 -0.19509 0
    outer loop
      vertex 0.144568 2.96694 3.73839
      vertex 0.0427113 3.47901 20.2616
      vertex 0.0427113 3.47901 3.73839
    endloop
  endfacet
  facet normal -0.980785 -0.19509 0
    outer loop
      vertex 0.0427113 3.47901 20.2616
      vertex 0.144568 2.96694 3.73839
      vertex 0.144568 2.96694 20.2616
    endloop
  endfacet
  facet normal -0.914796 0.310506 -0.258331
    outer loop
      vertex 0.341343 26.9803 2.71424
      vertex 0.210536 27.0154 3.21964
      vertex 0.500602 27.4495 2.71424
    endloop
  endfacet
  facet normal -0.849825 0.169058 -0.499217
    outer loop
      vertex 0.702575 26.4341 1.77772
      vertex 0.4432 26.4683 2.23084
      vertex 0.534749 26.9285 2.23084
    endloop
  endfacet
  facet normal -0.706353 -0.0462996 -0.706344
    outer loop
      vertex 1.01837 3.60746 1.36262
      vertex 0.99264 4 1.36262
      vertex 1.38518 3.65575 0.99264
    endloop
  endfacet
  facet normal -0.875127 -0.29706 0.381979
    outer loop
      vertex 0.534749 3.07149 21.7692
      vertex 0.341343 3.01967 21.2858
      vertex 0.500602 2.5505 21.2858
    endloop
  endfacet
  facet normal -0.947501 -0.188475 0.258302
    outer loop
      vertex 0.244683 3.5056 21.2858
      vertex 0.210536 2.98462 20.7804
      vertex 0.341343 3.01967 21.2858
    endloop
  endfacet
  facet normal -0.828867 -0.408744 0.381978
    outer loop
      vertex 0.893141 2.20625 21.7692
      vertex 0.68559 2.62713 21.7692
      vertex 0.719737 2.10614 21.2858
    endloop
  endfacet
  facet normal -0.768421 -0.513441 0.381978
    outer loop
      vertex 0.893141 2.20625 21.7692
      vertex 0.719737 2.10614 21.2858
      vertex 1.15385 1.81607 21.7692
    endloop
  endfacet
  facet normal -0.416393 -0.278216 0.865571
    outer loop
      vertex 2.46787 3.11542 23.5875
      vertex 2.07545 2.88886 23.3259
      vertex 2.59643 2.92301 23.5875
    endloop
  endfacet
  facet normal -0.44914 -0.221495 0.865571
    outer loop
      vertex 2.46787 3.11542 23.5875
      vertex 1.94688 3.14957 23.3259
      vertex 2.07545 2.88886 23.3259
    endloop
  endfacet
  facet normal -0.49116 -0.097698 0.865573
    outer loop
      vertex 2.29113 3.54211 23.5875
      vertex 1.79673 3.70993 23.3259
      vertex 1.85344 3.42483 23.3259
    endloop
  endfacet
  facet normal -0.577207 -0.195939 0.792742
    outer loop
      vertex 1.85344 3.42483 23.3259
      vertex 1.45248 3.31739 23.0074
      vertex 1.94688 3.14957 23.3259
    endloop
  endfacet
  facet normal -0.474191 0.161004 0.865575
    outer loop
      vertex 1.94688 26.8504 23.3259
      vertex 1.85344 26.5752 23.3259
      vertex 2.29113 26.4579 23.5875
    endloop
  endfacet
  facet normal 0.401936 0.458337 -0.792701
    outer loop
      vertex 35.5714 27.5714 0.674121
      vertex 35.3528 27.7631 0.674121
      vertex 35.8649 27.8649 0.99264
    endloop
  endfacet
  facet normal 0.0251858 0.382592 -0.923574
    outer loop
      vertex 34.1678 27.2748 0.212279
      vertex 34 27.7692 0.412509
      vertex 34.2309 27.754 0.412509
    endloop
  endfacet
  facet normal 0.169536 0.343857 -0.923591
    outer loop
      vertex 34.6429 27.1135 0.212279
      vertex 34.492 27.1879 0.212279
      vertex 34.677 27.6345 0.412509
    endloop
  endfacet
  facet normal 0.169605 0.343849 -0.923581
    outer loop
      vertex 34.8846 27.5321 0.412509
      vertex 34.6429 27.1135 0.212279
      vertex 34.677 27.6345 0.412509
    endloop
  endfacet
  facet normal 0.269531 0.546823 -0.792677
    outer loop
      vertex 35.1111 27.9246 0.674121
      vertex 34.8504 28.0531 0.674121
      vertex 35.3187 28.284 0.99264
    endloop
  endfacet
  facet normal 0.463337 0.536017 -0.705695
    outer loop
      vertex 35.6159 28.0931 1
      vertex 35.6055 28.0924 0.99264
      vertex 35.61 28.0982 1
    endloop
  endfacet
  facet normal 0.00858172 0.130519 -0.991409
    outer loop
      vertex 34.0341 26.2594 0.008564
      vertex 34 26.7804 0.0768585
      vertex 34.1019 26.7737 0.0768585
    endloop
  endfacet
  facet normal -0.215649 0.144045 -0.965788
    outer loop
      vertex 3.32419 26.3902 0.0768585
      vertex 2.8865 26.6429 0.212279
      vertex 3.3809 26.4751 0.0768585
    endloop
  endfacet
  facet normal 0.27824 0.416413 -0.865553
    outer loop
      vertex 35.3528 27.7631 0.674121
      vertex 35.077 27.4036 0.412509
      vertex 35.1111 27.9246 0.674121
    endloop
  endfacet
  facet normal 0.506884 0.338692 -0.792689
    outer loop
      vertex 35.9246 27.1111 0.674121
      vertex 35.7631 27.3528 0.674121
      vertex 36.284 27.3187 0.99264
    endloop
  endfacet
  facet normal -0.0566874 0.86464 -0.499183
    outer loop
      vertex 4 29.3259 1.77772
      vertex 3.53174 29.5568 2.23084
      vertex 4 29.5875 2.23084
    endloop
  endfacet
  facet normal -0.168902 0.849866 -0.4992
    outer loop
      vertex 3.1392 29.2126 1.77772
      vertex 3.07149 29.4653 2.23084
      vertex 3.56589 29.2974 1.77772
    endloop
  endfacet
  facet normal -0.720493 0.481391 -0.499152
    outer loop
      vertex 1.3614 28.0247 1.77772
      vertex 0.893141 27.7937 2.23084
      vertex 1.15385 28.1839 2.23084
    endloop
  endfacet
  facet normal -0.351017 0.712147 -0.607975
    outer loop
      vertex 2.84913 28.7784 1.36262
      vertex 2.49632 28.6045 1.36262
      vertex 2.72724 29.0727 1.77772
    endloop
  endfacet
  facet normal -0.571373 0.651393 -0.499219
    outer loop
      vertex 1.64825 28.3517 1.77772
      vertex 1.46326 28.5367 2.23084
      vertex 1.97533 28.6386 1.77772
    endloop
  endfacet
  facet normal -0.513567 0.768342 -0.381969
    outer loop
      vertex 2.20625 29.1069 2.23084
      vertex 1.81607 28.8461 2.23084
      vertex 2.10614 29.2803 2.71424
    endloop
  endfacet
  facet normal 0.123272 0.363021 -0.923591
    outer loop
      vertex 34.492 27.1879 0.212279
      vertex 34.4579 27.7089 0.412509
      vertex 34.677 27.6345 0.412509
    endloop
  endfacet
  facet normal -0.321394 0.946945 0
    outer loop
      vertex 2.96694 29.8554 3.73839
      vertex 2.47254 29.6876 20.2616
      vertex 2.96694 29.8554 20.2616
    endloop
  endfacet
  facet normal -0.321394 0.946945 0
    outer loop
      vertex 2.47254 29.6876 20.2616
      vertex 2.96694 29.8554 3.73839
      vertex 2.47254 29.6876 3.73839
    endloop
  endfacet
  facet normal -0.297168 0.875079 -0.382006
    outer loop
      vertex 2.62713 29.3144 2.23084
      vertex 2.5505 29.4994 2.71424
      vertex 3.07149 29.4653 2.23084
    endloop
  endfacet
  facet normal -0.351163 0.712146 -0.607892
    outer loop
      vertex 2.49632 28.6045 1.36262
      vertex 2.33706 28.8803 1.77772
      vertex 2.72724 29.0727 1.77772
    endloop
  endfacet
  facet normal -0.726297 0.636982 0.258356
    outer loop
      vertex 1.22592 28.7741 20.7804
      vertex 0.887563 28.3883 20.7804
      vertex 1.32168 28.6783 21.2858
    endloop
  endfacet
  facet normal -0.726305 0.636966 0.258372
    outer loop
      vertex 1.32168 28.6783 21.2858
      vertex 0.887563 28.3883 20.7804
      vertex 0.994999 28.3058 21.2858
    endloop
  endfacet
  facet normal -0.536775 0.803232 0.258248
    outer loop
      vertex 2.10614 29.2803 21.2858
      vertex 1.61174 29.1124 20.7804
      vertex 1.69418 29.005 21.2858
    endloop
  endfacet
  facet normal -0.653668 0.745487 0.130259
    outer loop
      vertex 1.57017 29.1666 20.2616
      vertex 1.22592 28.7741 20.7804
      vertex 1.61174 29.1124 20.7804
    endloop
  endfacet
  facet normal -0.278624 0.820458 0.499217
    outer loop
      vertex 3.07149 29.4653 21.7692
      vertex 2.72724 29.0727 22.2223
      vertex 3.1392 29.2126 22.2223
    endloop
  endfacet
  facet normal 0 0.866023 0.500004
    outer loop
      vertex 34 29.5875 21.7692
      vertex 4 29.3259 22.2223
      vertex 34 29.3259 22.2223
    endloop
  endfacet
  facet normal 0 0.866023 0.500004
    outer loop
      vertex 4 29.3259 22.2223
      vertex 34 29.5875 21.7692
      vertex 4 29.5875 21.7692
    endloop
  endfacet
  facet normal -0.777094 0.383292 0.499211
    outer loop
      vertex 1.1197 27.6629 22.2223
      vertex 0.893141 27.7937 21.7692
      vertex 0.927288 27.2728 22.2223
    endloop
  endfacet
  facet normal -0.694819 0.609354 0.381988
    outer loop
      vertex 1.32168 28.6783 21.2858
      vertex 0.994999 28.3058 21.2858
      vertex 1.15385 28.1839 21.7692
    endloop
  endfacet
  facet normal -0.634873 0.313099 0.706332
    outer loop
      vertex 1.39555 27.5037 22.6374
      vertex 1.22156 27.1509 22.6374
      vertex 1.71596 27.3187 23.0074
    endloop
  endfacet
  facet normal -0.438567 0.88921 0.130249
    outer loop
      vertex 2.47254 29.6876 20.2616
      vertex 2.03843 29.3975 20.7804
      vertex 2.49868 29.6245 20.7804
    endloop
  endfacet
  facet normal -0.438485 0.889238 0.130334
    outer loop
      vertex 2.47254 29.6876 20.2616
      vertex 2.00428 29.4567 20.2616
      vertex 2.03843 29.3975 20.7804
    endloop
  endfacet
  facet normal -0.866458 0.427243 -0.25829
    outer loop
      vertex 0.719737 27.8939 2.71424
      vertex 0.37549 27.5013 3.21964
      vertex 0.60246 27.9616 3.21964
    endloop
  endfacet
  facet normal -0.89685 0.442335 0
    outer loop
      vertex 0.312394 27.5275 3.73839
      vertex 0.543315 27.9957 20.2616
      vertex 0.543315 27.9957 3.73839
    endloop
  endfacet
  facet normal -0.89685 0.442335 0
    outer loop
      vertex 0.543315 27.9957 20.2616
      vertex 0.312394 27.5275 3.73839
      vertex 0.312394 27.5275 20.2616
    endloop
  endfacet
  facet normal -0.875137 0.297045 -0.381969
    outer loop
      vertex 0.534749 26.9285 2.23084
      vertex 0.341343 26.9803 2.71424
      vertex 0.500602 27.4495 2.71424
    endloop
  endfacet
  facet normal -0.820513 0.278504 -0.499194
    outer loop
      vertex 0.927288 27.2728 1.77772
      vertex 0.534749 26.9285 2.23084
      vertex 0.68559 27.3729 2.23084
    endloop
  endfacet
  facet normal -0.416424 0.278248 -0.865545
    outer loop
      vertex 2.59643 27.077 0.412509
      vertex 2.07545 27.1111 0.674121
      vertex 2.23695 27.3528 0.674121
    endloop
  endfacet
  facet normal -0.670291 0.227534 -0.706356
    outer loop
      vertex 1.45248 26.6826 0.99264
      vertex 1.22156 27.1509 1.36262
      vertex 1.56338 27.0093 0.99264
    endloop
  endfacet
  facet normal -0.608763 0 -0.793352
    outer loop
      vertex 1.36262 4 0.99264
      vertex 1.77772 26 0.674121
      vertex 1.77772 4 0.674121
    endloop
  endfacet
  facet normal -0.608763 0 -0.793352
    outer loop
      vertex 1.77772 26 0.674121
      vertex 1.36262 4 0.99264
      vertex 1.36262 26 0.99264
    endloop
  endfacet
  facet normal -0.824385 0.550855 0.13019
    outer loop
      vertex 0.833381 28.4298 20.2616
      vertex 0.543315 27.9957 20.2616
      vertex 0.60246 27.9616 20.7804
    endloop
  endfacet
  facet normal -0.889215 0.43857 0.1302
    outer loop
      vertex 0.543315 27.9957 20.2616
      vertex 0.312394 27.5275 20.2616
      vertex 0.60246 27.9616 20.7804
    endloop
  endfacet
  facet normal -0.550829 0.824388 -0.130274
    outer loop
      vertex 1.61174 29.1124 3.21964
      vertex 1.57017 29.1666 3.73839
      vertex 2.03843 29.3975 3.21964
    endloop
  endfacet
  facet normal -0.481527 0.720407 -0.499145
    outer loop
      vertex 1.97533 28.6386 1.77772
      vertex 1.81607 28.8461 2.23084
      vertex 2.20625 29.1069 2.23084
    endloop
  endfacet
  facet normal -0.726297 0.636982 -0.258356
    outer loop
      vertex 1.32168 28.6783 2.71424
      vertex 0.887563 28.3883 3.21964
      vertex 1.22592 28.7741 3.21964
    endloop
  endfacet
  facet normal -0.609336 0.694829 -0.381998
    outer loop
      vertex 1.46326 28.5367 2.23084
      vertex 1.32168 28.6783 2.71424
      vertex 1.81607 28.8461 2.23084
    endloop
  endfacet
  facet normal -0.777103 0.383296 -0.499194
    outer loop
      vertex 0.927288 27.2728 1.77772
      vertex 0.893141 27.7937 2.23084
      vertex 1.1197 27.6629 1.77772
    endloop
  endfacet
  facet normal -0.777108 0.383292 -0.49919
    outer loop
      vertex 0.927288 27.2728 1.77772
      vertex 0.68559 27.3729 2.23084
      vertex 0.893141 27.7937 2.23084
    endloop
  endfacet
  facet normal -0.751867 0.255197 -0.607924
    outer loop
      vertex 1.09511 26.7784 1.36262
      vertex 0.787448 26.8608 1.77772
      vertex 0.927288 27.2728 1.77772
    endloop
  endfacet
  facet normal -0.751842 0.255222 -0.607944
    outer loop
      vertex 1.09511 26.7784 1.36262
      vertex 0.927288 27.2728 1.77772
      vertex 1.22156 27.1509 1.36262
    endloop
  endfacet
  facet normal -0.820512 0.278496 -0.499199
    outer loop
      vertex 0.787448 26.8608 1.77772
      vertex 0.534749 26.9285 2.23084
      vertex 0.927288 27.2728 1.77772
    endloop
  endfacet
  facet normal -0.778721 0.154892 -0.607949
    outer loop
      vertex 1.01837 26.3925 1.36262
      vertex 0.702575 26.4341 1.77772
      vertex 0.787448 26.8608 1.77772
    endloop
  endfacet
  facet normal 0.056682 0.864631 0.4992
    outer loop
      vertex 34 29.5875 21.7692
      vertex 34 29.3259 22.2223
      vertex 34.4683 29.5568 21.7692
    endloop
  endfacet
  facet normal 0.0604362 0.922212 0.381934
    outer loop
      vertex 34 29.7877 21.2858
      vertex 34 29.5875 21.7692
      vertex 34.4944 29.7553 21.2858
    endloop
  endfacet
  facet normal -0.169041 -0.849836 -0.499202
    outer loop
      vertex 3.56589 0.702575 1.77772
      vertex 3.07149 0.534749 2.23084
      vertex 3.1392 0.787448 1.77772
    endloop
  endfacet
  facet normal -0.255215 -0.751849 -0.607938
    outer loop
      vertex 3.1392 0.787448 1.77772
      vertex 2.72724 0.927288 1.77772
      vertex 3.22164 1.09511 1.36262
    endloop
  endfacet
  facet normal -0.278525 -0.820502 -0.499199
    outer loop
      vertex 3.07149 0.534749 2.23084
      vertex 2.62713 0.68559 2.23084
      vertex 2.72724 0.927288 1.77772
    endloop
  endfacet
  facet normal -0.383232 -0.777132 -0.499198
    outer loop
      vertex 2.62713 0.68559 2.23084
      vertex 2.20625 0.893141 2.23084
      vertex 2.72724 0.927288 1.77772
    endloop
  endfacet
  facet normal -0.195962 -0.57723 -0.79272
    outer loop
      vertex 3.31739 1.45248 0.99264
      vertex 2.99072 1.56338 0.99264
      vertex 3.14957 1.94688 0.674121
    endloop
  endfacet
  facet normal -0.118923 -0.597867 -0.792725
    outer loop
      vertex 3.70993 1.79673 0.674121
      vertex 3.31739 1.45248 0.99264
      vertex 3.42483 1.85344 0.674121
    endloop
  endfacet
  facet normal -0.608279 -0.0398628 -0.792722
    outer loop
      vertex 1.38518 3.65575 0.99264
      vertex 1.36262 4 0.99264
      vertex 1.79673 3.70993 0.674121
    endloop
  endfacet
  facet normal -0.00856126 -0.130521 -0.991409
    outer loop
      vertex 4 3.21964 0.0768585
      vertex 3.96585 3.74063 0.008564
      vertex 4 3.73839 0.008564
    endloop
  endfacet
  facet normal -0.466739 -0.532203 -0.706339
    outer loop
      vertex 2.16924 1.6141 1.36262
      vertex 1.87348 1.87348 1.36262
      vertex 2.39446 1.90762 0.99264
    endloop
  endfacet
  facet normal -0.288242 -0.252789 -0.923588
    outer loop
      vertex 2.74902 2.74902 0.412509
      vertex 2.59643 2.92301 0.412509
      vertex 3.09083 3.09083 0.212279
    endloop
  endfacet
  facet normal -0.634863 -0.313086 -0.706347
    outer loop
      vertex 1.39555 2.49632 1.36262
      vertex 1.22156 2.84913 1.36262
      vertex 1.71596 2.68131 0.99264
    endloop
  endfacet
  facet normal -0.849836 -0.169042 -0.499203
    outer loop
      vertex 0.534749 3.07149 2.23084
      vertex 0.4432 3.53174 2.23084
      vertex 0.702575 3.56589 1.77772
    endloop
  endfacet
  facet normal 0.0833144 0.245623 -0.965778
    outer loop
      vertex 34.492 27.1879 0.212279
      vertex 34.202 26.7538 0.0768585
      vertex 34.3328 27.2419 0.212279
    endloop
  endfacet
  facet normal -0.0250741 0.382562 -0.92359
    outer loop
      vertex 4 27.2858 0.212279
      vertex 3.83217 27.2748 0.212279
      vertex 4 27.7692 0.412509
    endloop
  endfacet
  facet normal -0.050732 0.254354 -0.96578
    outer loop
      vertex 3.79803 26.7538 0.0768585
      vertex 3.66722 27.2419 0.212279
      vertex 3.83217 27.2748 0.212279
    endloop
  endfacet
  facet normal -0.0833387 0.245595 -0.965783
    outer loop
      vertex 3.70137 26.721 0.0768585
      vertex 3.50796 27.1879 0.212279
      vertex 3.79803 26.7538 0.0768585
    endloop
  endfacet
  facet normal -0.0256098 0.128279 -0.991407
    outer loop
      vertex 3.93229 26.2527 0.008564
      vertex 3.89814 26.7737 0.0768585
      vertex 3.96585 26.2594 0.008564
    endloop
  endfacet
  facet normal 0.0420479 0.12385 -0.99141
    outer loop
      vertex 34.1001 26.2417 0.008564
      vertex 34.0677 26.2527 0.008564
      vertex 34.2986 26.721 0.0768585
    endloop
  endfacet
  facet normal -0.382682 0 -0.92388
    outer loop
      vertex 2.23084 4 0.412509
      vertex 2.71424 26 0.212279
      vertex 2.71424 4 0.212279
    endloop
  endfacet
  facet normal -0.382682 0 -0.92388
    outer loop
      vertex 2.71424 26 0.212279
      vertex 2.23084 4 0.412509
      vertex 2.23084 26 0.412509
    endloop
  endfacet
  facet normal 0.108782 -0.0726487 -0.991407
    outer loop
      vertex 34.6758 3.60982 0.0768585
      vertex 34.2076 3.84074 0.008564
      vertex 34.2266 3.86919 0.008564
    endloop
  endfacet
  facet normal -0.449171 0.221519 -0.865549
    outer loop
      vertex 2.46787 26.8846 0.412509
      vertex 1.94688 26.8504 0.674121
      vertex 2.07545 27.1111 0.674121
    endloop
  endfacet
  facet normal 0.441067 -0.660232 -0.607909
    outer loop
      vertex 35.6629 1.1197 1.77772
      vertex 35.5037 1.39555 1.36262
      vertex 36.0247 1.3614 1.77772
    endloop
  endfacet
  facet normal 0.227538 -0.670287 -0.706358
    outer loop
      vertex 34.7784 1.09511 1.36262
      vertex 34.6826 1.45248 0.99264
      vertex 35.1509 1.22156 1.36262
    endloop
  endfacet
  facet normal 0.227534 -0.670291 -0.706356
    outer loop
      vertex 35.1509 1.22156 1.36262
      vertex 34.6826 1.45248 0.99264
      vertex 35.0093 1.56338 0.99264
    endloop
  endfacet
  facet normal 0.35123 -0.712091 -0.607917
    outer loop
      vertex 35.6629 1.1197 1.77772
      vertex 35.2728 0.927288 1.77772
      vertex 35.5037 1.39555 1.36262
    endloop
  endfacet
  facet normal 0.321439 -0.94693 0
    outer loop
      vertex 35.0331 0.144568 3.73839
      vertex 35.5275 0.312394 20.2616
      vertex 35.0331 0.144568 20.2616
    endloop
  endfacet
  facet normal 0.321439 -0.94693 0
    outer loop
      vertex 35.5275 0.312394 20.2616
      vertex 35.0331 0.144568 3.73839
      vertex 35.5275 0.312394 3.73839
    endloop
  endfacet
  facet normal 0.408725 -0.828883 -0.381965
    outer loop
      vertex 35.4495 0.500602 2.71424
      vertex 35.3729 0.68559 2.23084
      vertex 35.8939 0.719737 2.71424
    endloop
  endfacet
  facet normal 0.0566738 -0.864627 -0.499207
    outer loop
      vertex 34.4683 0.4432 2.23084
      vertex 34 0.674121 1.77772
      vertex 34.4341 0.702575 1.77772
    endloop
  endfacet
  facet normal 0.0519316 -0.792279 -0.607945
    outer loop
      vertex 34.4341 0.702575 1.77772
      vertex 34 0.674121 1.77772
      vertex 34.3925 1.01837 1.36262
    endloop
  endfacet
  facet normal 0.180313 -0.906413 -0.381973
    outer loop
      vertex 34.9803 0.341343 2.71424
      vertex 34.4944 0.244683 2.71424
      vertex 34.9285 0.534749 2.23084
    endloop
  endfacet
  facet normal 0.297044 -0.875137 -0.381968
    outer loop
      vertex 35.4495 0.500602 2.71424
      vertex 34.9285 0.534749 2.23084
      vertex 35.3729 0.68559 2.23084
    endloop
  endfacet
  facet normal 0 -0.707107 -0.707107
    outer loop
      vertex 4 1.36262 0.99264
      vertex 34 0.99264 1.36262
      vertex 4 0.99264 1.36262
    endloop
  endfacet
  facet normal 0 -0.707107 -0.707107
    outer loop
      vertex 34 0.99264 1.36262
      vertex 4 1.36262 0.99264
      vertex 34 1.36262 0.99264
    endloop
  endfacet
  facet normal 0.745479 -0.653676 -0.130261
    outer loop
      vertex 36.8224 1.17763 3.73839
      vertex 36.7741 1.22592 3.21964
      vertex 37.1666 1.57017 3.73839
    endloop
  endfacet
  facet normal 0.653672 -0.745483 -0.130259
    outer loop
      vertex 36.8224 1.17763 3.73839
      vertex 36.4298 0.833381 3.73839
      vertex 36.7741 1.22592 3.21964
    endloop
  endfacet
  facet normal 0.43857 -0.889215 0.1302
    outer loop
      vertex 35.9616 0.60246 20.7804
      vertex 35.5275 0.312394 20.2616
      vertex 35.9957 0.543315 20.2616
    endloop
  endfacet
  facet normal 0.43848 -0.889246 0.130293
    outer loop
      vertex 35.9616 0.60246 20.7804
      vertex 35.5013 0.37549 20.7804
      vertex 35.5275 0.312394 20.2616
    endloop
  endfacet
  facet normal 0.195079 -0.980788 0
    outer loop
      vertex 34.521 0.0427113 3.73839
      vertex 35.0331 0.144568 20.2616
      vertex 34.521 0.0427113 20.2616
    endloop
  endfacet
  facet normal 0.195079 -0.980788 0
    outer loop
      vertex 35.0331 0.144568 20.2616
      vertex 34.521 0.0427113 3.73839
      vertex 35.0331 0.144568 3.73839
    endloop
  endfacet
  facet normal 0.555628 0.831431 -0
    outer loop
      vertex 36.4298 29.1666 6
      vertex 35.9957 29.4567 20.2616
      vertex 36.4298 29.1666 20.2616
    endloop
  endfacet
  facet normal 0.555628 0.831431 0
    outer loop
      vertex 35.9957 29.4567 20.2616
      vertex 36.4298 29.1666 6
      vertex 35.9957 29.4567 6
    endloop
  endfacet
  facet normal 0.442303 0.896866 -0
    outer loop
      vertex 35.9957 29.4567 6
      vertex 35.5275 29.6876 20.2616
      vertex 35.9957 29.4567 20.2616
    endloop
  endfacet
  facet normal 0.442303 0.896866 0
    outer loop
      vertex 35.5275 29.6876 20.2616
      vertex 35.9957 29.4567 6
      vertex 35.5275 29.6876 6
    endloop
  endfacet
  facet normal 0.438526 0.889223 0.130299
    outer loop
      vertex 35.5275 29.6876 20.2616
      vertex 35.5013 29.6245 20.7804
      vertex 35.9616 29.3975 20.7804
    endloop
  endfacet
  facet normal 0.318655 0.938874 0.130285
    outer loop
      vertex 35.5275 29.6876 20.2616
      vertex 35.0331 29.8554 20.2616
      vertex 35.5013 29.6245 20.7804
    endloop
  endfacet
  facet normal 0.636912 0.726339 0.258408
    outer loop
      vertex 36.7741 28.7741 20.7804
      vertex 36.3883 29.1124 20.7804
      vertex 36.6783 28.6783 21.2858
    endloop
  endfacet
  facet normal 0.653695 0.745479 0.130172
    outer loop
      vertex 36.4298 29.1666 20.2616
      vertex 36.3883 29.1124 20.7804
      vertex 36.7741 28.7741 20.7804
    endloop
  endfacet
  facet normal 0.875155 0.29697 0.381985
    outer loop
      vertex 37.4994 27.4495 21.2858
      vertex 37.3144 27.3729 21.7692
      vertex 37.4652 26.9285 21.7692
    endloop
  endfacet
  facet normal 0.866465 0.427303 0.258168
    outer loop
      vertex 37.3975 27.9616 20.7804
      vertex 37.2803 27.8939 21.2858
      vertex 37.6245 27.5013 20.7804
    endloop
  endfacet
  facet normal 0.278597 0.820468 0.499216
    outer loop
      vertex 35.3729 29.3144 21.7692
      vertex 34.9285 29.4653 21.7692
      vertex 35.2728 29.0727 22.2223
    endloop
  endfacet
  facet normal 0.278601 0.820468 0.499213
    outer loop
      vertex 34.9285 29.4653 21.7692
      vertex 34.8608 29.2126 22.2223
      vertex 35.2728 29.0727 22.2223
    endloop
  endfacet
  facet normal 0.118911 0.59791 0.792694
    outer loop
      vertex 34.6826 28.5475 23.0074
      vertex 34.2901 28.2033 23.3259
      vertex 34.5752 28.1466 23.3259
    endloop
  endfacet
  facet normal 0.196113 0.577223 0.792688
    outer loop
      vertex 34.6826 28.5475 23.0074
      vertex 34.5752 28.1466 23.3259
      vertex 34.8504 28.0531 23.3259
    endloop
  endfacet
  facet normal 0.466804 0.532128 0.706353
    outer loop
      vertex 35.8308 28.3859 22.6374
      vertex 35.6055 28.0924 23.0074
      vertex 36.1265 28.1265 22.6374
    endloop
  endfacet
  facet normal 0.523599 0.596871 0.607938
    outer loop
      vertex 36.0247 28.6386 22.2223
      vertex 35.8308 28.3859 22.6374
      vertex 36.1265 28.1265 22.6374
    endloop
  endfacet
  facet normal 0.401921 0.45832 0.792718
    outer loop
      vertex 35.8649 27.8649 23.0074
      vertex 35.3528 27.7631 23.3259
      vertex 35.5714 27.5714 23.3259
    endloop
  endfacet
  facet normal 0.45832 0.401921 0.792718
    outer loop
      vertex 35.8649 27.8649 23.0074
      vertex 35.5714 27.5714 23.3259
      vertex 35.7631 27.3528 23.3259
    endloop
  endfacet
  facet normal 0.660134 0.441165 0.607945
    outer loop
      vertex 36.6386 28.0247 22.2223
      vertex 36.3859 27.8308 22.6374
      vertex 36.6045 27.5037 22.6374
    endloop
  endfacet
  facet normal 0.720472 0.481311 0.499259
    outer loop
      vertex 37.1069 27.7937 21.7692
      vertex 36.6386 28.0247 22.2223
      vertex 36.8803 27.6629 22.2223
    endloop
  endfacet
  facet normal 0.588551 0.393188 0.706407
    outer loop
      vertex 36.6045 27.5037 22.6374
      vertex 36.0924 27.6055 23.0074
      vertex 36.284 27.3187 23.0074
    endloop
  endfacet
  facet normal 0.506873 0.338622 0.792726
    outer loop
      vertex 36.0924 27.6055 23.0074
      vertex 35.7631 27.3528 23.3259
      vertex 36.284 27.3187 23.0074
    endloop
  endfacet
  facet normal 0.670254 0.227617 0.706364
    outer loop
      vertex 36.7784 27.1509 22.6374
      vertex 36.5475 26.6826 23.0074
      vertex 36.9049 26.7784 22.6374
    endloop
  endfacet
  facet normal 0.608299 0.0399406 0.792703
    outer loop
      vertex 36.6148 26.3442 23.0074
      vertex 36.2033 26.2901 23.3259
      vertex 36.6374 26 23.0074
    endloop
  endfacet
  facet normal 0.54667 0.269625 0.792751
    outer loop
      vertex 36.284 27.3187 23.0074
      vertex 36.0531 26.8504 23.3259
      vertex 36.4366 27.0093 23.0074
    endloop
  endfacet
  facet normal 0.416419 0.278118 0.86559
    outer loop
      vertex 35.9246 27.1111 23.3259
      vertex 35.4036 27.077 23.5875
      vertex 35.5321 26.8846 23.5875
    endloop
  endfacet
  facet normal 0.343813 0.169514 0.923611
    outer loop
      vertex 35.6345 26.677 23.5875
      vertex 35.1135 26.6429 23.7877
      vertex 35.1879 26.492 23.7877
    endloop
  endfacet
  facet normal 0.382543 0.0251826 0.923594
    outer loop
      vertex 35.754 26.2309 23.5875
      vertex 35.2748 26.1678 23.7877
      vertex 35.7692 26 23.5875
    endloop
  endfacet
  facet normal 0.60874 0 0.793369
    outer loop
      vertex 36.2223 26 23.3259
      vertex 36.6374 4 23.0074
      vertex 36.6374 26 23.0074
    endloop
  endfacet
  facet normal 0.60874 0 0.793369
    outer loop
      vertex 36.6374 4 23.0074
      vertex 36.2223 26 23.3259
      vertex 36.2223 4 23.3259
    endloop
  endfacet
  facet normal 0.963986 0.063061 0.258369
    outer loop
      vertex 37.8896 26.5121 20.7804
      vertex 37.7553 26.4944 21.2858
      vertex 37.9231 26 20.7804
    endloop
  endfacet
  facet normal 0.989367 0.0647213 0.13025
    outer loop
      vertex 37.9914 26 20.2616
      vertex 37.8896 26.5121 20.7804
      vertex 37.9231 26 20.7804
    endloop
  endfacet
  facet normal 0.875057 0.297094 0.382112
    outer loop
      vertex 37.4994 27.4495 21.2858
      vertex 37.4652 26.9285 21.7692
      vertex 37.6587 26.9803 21.2858
    endloop
  endfacet
  facet normal 0.820527 0.278433 0.499211
    outer loop
      vertex 37.3144 27.3729 21.7692
      vertex 37.0727 27.2728 22.2223
      vertex 37.4652 26.9285 21.7692
    endloop
  endfacet
  facet normal 0.964007 0.0631752 0.258264
    outer loop
      vertex 37.9231 26 20.7804
      vertex 37.7553 26.4944 21.2858
      vertex 37.7877 26 21.2858
    endloop
  endfacet
  facet normal 0.922212 0.0604362 0.381934
    outer loop
      vertex 37.7553 26.4944 21.2858
      vertex 37.5875 26 21.7692
      vertex 37.7877 26 21.2858
    endloop
  endfacet
  facet normal 0.778714 -0.154806 0.60798
    outer loop
      vertex 36.9816 3.60746 22.6374
      vertex 36.9049 3.22164 22.6374
      vertex 37.2126 3.1392 22.2223
    endloop
  endfacet
  facet normal 0.694276 -0.13802 0.706351
    outer loop
      vertex 36.9816 3.60746 22.6374
      vertex 36.5475 3.31739 23.0074
      vertex 36.9049 3.22164 22.6374
    endloop
  endfacet
  facet normal 0.864592 -0.0567618 0.499258
    outer loop
      vertex 37.3259 4 22.2223
      vertex 37.2974 3.56589 22.2223
      vertex 37.5568 3.53174 21.7692
    endloop
  endfacet
  facet normal 0.792269 -0.0520137 0.607951
    outer loop
      vertex 37.3259 4 22.2223
      vertex 36.9816 3.60746 22.6374
      vertex 37.2974 3.56589 22.2223
    endloop
  endfacet
  facet normal 0.0250753 0.382513 0.92361
    outer loop
      vertex 34 27.7692 23.5875
      vertex 34 27.2858 23.7877
      vertex 34.1678 27.2748 23.7877
    endloop
  endfacet
  facet normal 0.0169617 0.258743 0.965797
    outer loop
      vertex 34 27.2858 23.7877
      vertex 34 26.7804 23.9231
      vertex 34.1678 27.2748 23.7877
    endloop
  endfacet
  facet normal -0.0862508 0.0983618 0.991406
    outer loop
      vertex 3.52495 26.6191 23.9231
      vertex 3.4482 26.5518 23.9231
      vertex 3.84074 26.2076 23.9914
    endloop
  endfacet
  facet normal -0 0.258781 0.965936
    outer loop
      vertex 4 27.2858 23.7877
      vertex 34 26.7804 23.9231
      vertex 34 27.2858 23.7877
    endloop
  endfacet
  facet normal 0 0.258781 0.965936
    outer loop
      vertex 34 26.7804 23.9231
      vertex 4 27.2858 23.7877
      vertex 4 26.7804 23.9231
    endloop
  endfacet
  facet normal -0.382515 -0.0250792 0.923609
    outer loop
      vertex 2.72524 3.83217 23.7877
      vertex 2.23084 4 23.5875
      vertex 2.24598 3.76908 23.5875
    endloop
  endfacet
  facet normal 0.128294 0.0255049 0.991408
    outer loop
      vertex 34.7538 26.202 23.9231
      vertex 34.2527 26.0677 23.9914
      vertex 34.7737 26.1019 23.9231
    endloop
  endfacet
  facet normal -0.108766 -0.072677 0.991407
    outer loop
      vertex 3.79245 3.84074 23.9914
      vertex 3.32419 3.60982 23.9231
      vertex 3.3809 3.52495 23.9231
    endloop
  endfacet
  facet normal -0.194963 -0.170957 0.965797
    outer loop
      vertex 3.3809 3.52495 23.9231
      vertex 3.09083 3.09083 23.7877
      vertex 3.4482 3.4482 23.9231
    endloop
  endfacet
  facet normal -0.474219 -0.160958 0.865568
    outer loop
      vertex 2.29113 3.54211 23.5875
      vertex 1.94688 3.14957 23.3259
      vertex 2.36551 3.32297 23.5875
    endloop
  endfacet
  facet normal -0.382513 -0.0250709 0.92361
    outer loop
      vertex 2.71424 4 23.7877
      vertex 2.23084 4 23.5875
      vertex 2.72524 3.83217 23.7877
    endloop
  endfacet
  facet normal 0.114641 -0.232583 0.965796
    outer loop
      vertex 34.3902 3.32419 23.9231
      vertex 34.2986 3.27904 23.9231
      vertex 34.6429 2.8865 23.7877
    endloop
  endfacet
  facet normal 0.00854397 -0.130529 0.991408
    outer loop
      vertex 34.0341 3.74063 23.9914
      vertex 34 3.21964 23.9231
      vertex 34.1019 3.22631 23.9231
    endloop
  endfacet
  facet normal 0.0085824 0.130529 0.991407
    outer loop
      vertex 34.1019 26.7737 23.9231
      vertex 34 26.7804 23.9231
      vertex 34.0341 26.2594 23.9914
    endloop
  endfacet
  facet normal 0.0725602 0.10884 0.991407
    outer loop
      vertex 34.3902 26.6758 23.9231
      vertex 34.1308 26.2266 23.9914
      vertex 34.1593 26.2076 23.9914
    endloop
  endfacet
  facet normal -0.0726544 0.10879 0.991406
    outer loop
      vertex 3.86919 26.2266 23.9914
      vertex 3.60982 26.6758 23.9231
      vertex 3.84074 26.2076 23.9914
    endloop
  endfacet
  facet normal -0.313094 -0.63488 0.706328
    outer loop
      vertex 2.68131 1.71596 23.0074
      vertex 2.49632 1.39555 22.6374
      vertex 2.84913 1.22156 22.6374
    endloop
  endfacet
  facet normal -0.269597 -0.546704 0.792737
    outer loop
      vertex 3.14957 1.94688 23.3259
      vertex 2.68131 1.71596 23.0074
      vertex 2.99072 1.56338 23.0074
    endloop
  endfacet
  facet normal 0.0420553 0.123858 0.991408
    outer loop
      vertex 34.202 26.7538 23.9231
      vertex 34.0677 26.2527 23.9914
      vertex 34.2986 26.721 23.9231
    endloop
  endfacet
  facet normal 0.0255049 0.128294 0.991408
    outer loop
      vertex 34.1019 26.7737 23.9231
      vertex 34.0677 26.2527 23.9914
      vertex 34.202 26.7538 23.9231
    endloop
  endfacet
  facet normal -0.0420537 -0.123867 0.991407
    outer loop
      vertex 3.89989 3.7583 23.9914
      vertex 3.70137 3.27904 23.9231
      vertex 3.93229 3.7473 23.9914
    endloop
  endfacet
  facet normal -0.252745 -0.28821 0.92361
    outer loop
      vertex 3.09083 3.09083 23.7877
      vertex 2.92301 2.59643 23.5875
      vertex 3.21728 2.97994 23.7877
    endloop
  endfacet
  facet normal -0.212972 -0.318728 0.92361
    outer loop
      vertex 3.21728 2.97994 23.7877
      vertex 2.92301 2.59643 23.5875
      vertex 3.35712 2.8865 23.7877
    endloop
  endfacet
  facet normal -0.215597 -0.14406 0.965797
    outer loop
      vertex 3.3809 3.52495 23.9231
      vertex 2.8865 3.35712 23.7877
      vertex 2.97994 3.21728 23.7877
    endloop
  endfacet
  facet normal -0.318728 -0.212972 0.92361
    outer loop
      vertex 2.8865 3.35712 23.7877
      vertex 2.59643 2.92301 23.5875
      vertex 2.97994 3.21728 23.7877
    endloop
  endfacet
  facet normal 0.252765 0.288211 0.923604
    outer loop
      vertex 35.077 27.4036 23.5875
      vertex 34.9092 26.9092 23.7877
      vertex 35.251 27.251 23.5875
    endloop
  endfacet
  facet normal 0.252694 0.28824 0.923615
    outer loop
      vertex 35.077 27.4036 23.5875
      vertex 34.7827 27.0201 23.7877
      vertex 34.9092 26.9092 23.7877
    endloop
  endfacet
  facet normal 0.194983 0.170938 0.965796
    outer loop
      vertex 34.9092 26.9092 23.7877
      vertex 34.6191 26.4751 23.9231
      vertex 35.0201 26.7827 23.7877
    endloop
  endfacet
  facet normal 0.194888 0.171004 0.965803
    outer loop
      vertex 34.9092 26.9092 23.7877
      vertex 34.5518 26.5518 23.9231
      vertex 34.6191 26.4751 23.9231
    endloop
  endfacet
  facet normal 0.362975 0.123256 0.923611
    outer loop
      vertex 35.6345 26.677 23.5875
      vertex 35.1879 26.492 23.7877
      vertex 35.7089 26.4579 23.5875
    endloop
  endfacet
  facet normal 0.0862957 -0.0983067 0.991408
    outer loop
      vertex 34.185 3.81501 23.9914
      vertex 34.1593 3.79245 23.9914
      vertex 34.5518 3.4482 23.9231
    endloop
  endfacet
  facet normal 0.00842059 0.130519 0.99141
    outer loop
      vertex 34 26.7804 23.9231
      vertex 34 26.2616 23.9914
      vertex 34.0341 26.2594 23.9914
    endloop
  endfacet
  facet normal -0.252762 0.288203 0.923607
    outer loop
      vertex 3.21728 27.0201 23.7877
      vertex 2.92301 27.4036 23.5875
      vertex 3.09083 26.9092 23.7877
    endloop
  endfacet
  facet normal 0.401933 0.458292 0.792728
    outer loop
      vertex 35.6055 28.0924 23.0074
      vertex 35.3528 27.7631 23.3259
      vertex 35.8649 27.8649 23.0074
    endloop
  endfacet
  facet normal 0.393188 0.588551 0.706407
    outer loop
      vertex 35.5037 28.6045 22.6374
      vertex 35.3187 28.284 23.0074
      vertex 35.6055 28.0924 23.0074
    endloop
  endfacet
  facet normal 0.169584 0.343805 0.923601
    outer loop
      vertex 34.677 27.6345 23.5875
      vertex 34.6429 27.1135 23.7877
      vertex 34.8846 27.5321 23.5875
    endloop
  endfacet
  facet normal 0.212912 0.318788 0.923603
    outer loop
      vertex 34.8846 27.5321 23.5875
      vertex 34.6429 27.1135 23.7877
      vertex 35.077 27.4036 23.5875
    endloop
  endfacet
  facet normal 0.171004 0.194888 0.965803
    outer loop
      vertex 34.9092 26.9092 23.7877
      vertex 34.4751 26.6191 23.9231
      vertex 34.5518 26.5518 23.9231
    endloop
  endfacet
  facet normal 0.170938 0.194983 0.965796
    outer loop
      vertex 34.7827 27.0201 23.7877
      vertex 34.4751 26.6191 23.9231
      vertex 34.9092 26.9092 23.7877
    endloop
  endfacet
  facet normal -0.0256119 0.128289 0.991406
    outer loop
      vertex 3.96585 26.2594 23.9914
      vertex 3.89814 26.7737 23.9231
      vertex 3.93229 26.2527 23.9914
    endloop
  endfacet
  facet normal 0.10884 0.0725602 0.991407
    outer loop
      vertex 34.6758 26.3902 23.9231
      vertex 34.2076 26.1593 23.9914
      vertex 34.2266 26.1308 23.9914
    endloop
  endfacet
  facet normal -0.441131 0.660201 0.607897
    outer loop
      vertex 2.33706 28.8803 22.2223
      vertex 1.97533 28.6386 22.2223
      vertex 2.49632 28.6045 22.6374
    endloop
  endfacet
  facet normal -0 0.500004 0.866023
    outer loop
      vertex 4 28.2223 23.3259
      vertex 34 27.7692 23.5875
      vertex 34 28.2223 23.3259
    endloop
  endfacet
  facet normal 0 0.500004 0.866023
    outer loop
      vertex 34 27.7692 23.5875
      vertex 4 28.2223 23.3259
      vertex 4 27.7692 23.5875
    endloop
  endfacet
  facet normal 0.0975772 0.491131 0.865603
    outer loop
      vertex 34.2901 28.2033 23.3259
      vertex 34.2309 27.754 23.5875
      vertex 34.4579 27.7089 23.5875
    endloop
  endfacet
  facet normal 0.0976794 0.491153 0.865579
    outer loop
      vertex 34.5752 28.1466 23.3259
      vertex 34.2901 28.2033 23.3259
      vertex 34.4579 27.7089 23.5875
    endloop
  endfacet
  facet normal 0.51353 0.768326 0.382051
    outer loop
      vertex 35.8939 29.2803 21.2858
      vertex 35.7937 29.1069 21.7692
      vertex 36.1839 28.8461 21.7692
    endloop
  endfacet
  facet normal 0.48152 0.720434 0.499113
    outer loop
      vertex 36.1839 28.8461 21.7692
      vertex 35.7937 29.1069 21.7692
      vertex 36.0247 28.6386 22.2223
    endloop
  endfacet
  facet normal 0.255285 0.751804 0.607964
    outer loop
      vertex 34.8608 29.2126 22.2223
      vertex 34.7784 28.9049 22.6374
      vertex 35.2728 29.0727 22.2223
    endloop
  endfacet
  facet normal 0.38326 0.777077 0.499263
    outer loop
      vertex 35.7937 29.1069 21.7692
      vertex 35.2728 29.0727 22.2223
      vertex 35.6629 28.8803 22.2223
    endloop
  endfacet
  facet normal 0.449139 -0.221374 0.865602
    outer loop
      vertex 36.0531 3.14957 23.3259
      vertex 35.5321 3.11542 23.5875
      vertex 35.9246 2.88886 23.3259
    endloop
  endfacet
  facet normal 0.449128 -0.221589 0.865553
    outer loop
      vertex 35.6345 3.32297 23.5875
      vertex 35.5321 3.11542 23.5875
      vertex 36.0531 3.14957 23.3259
    endloop
  endfacet
  facet normal 0.288203 -0.252762 0.923607
    outer loop
      vertex 35.0201 3.21728 23.7877
      vertex 34.9092 3.09083 23.7877
      vertex 35.4036 2.92301 23.5875
    endloop
  endfacet
  facet normal 0.318779 -0.212914 0.923606
    outer loop
      vertex 35.1135 3.35712 23.7877
      vertex 35.0201 3.21728 23.7877
      vertex 35.4036 2.92301 23.5875
    endloop
  endfacet
  facet normal 0.278241 -0.41641 0.865555
    outer loop
      vertex 35.077 2.59643 23.5875
      vertex 34.8846 2.46787 23.5875
      vertex 35.1111 2.07545 23.3259
    endloop
  endfacet
  facet normal 0.212974 -0.318732 0.923608
    outer loop
      vertex 35.077 2.59643 23.5875
      vertex 34.6429 2.8865 23.7877
      vertex 34.8846 2.46787 23.5875
    endloop
  endfacet
  facet normal 0.170938 -0.195001 0.965792
    outer loop
      vertex 34.9092 3.09083 23.7877
      vertex 34.4751 3.3809 23.9231
      vertex 34.7827 2.97994 23.7877
    endloop
  endfacet
  facet normal 0.194954 -0.17095 0.9658
    outer loop
      vertex 34.6191 3.52495 23.9231
      vertex 34.5518 3.4482 23.9231
      vertex 34.9092 3.09083 23.7877
    endloop
  endfacet
  facet normal 0.194935 -0.170964 0.965801
    outer loop
      vertex 35.0201 3.21728 23.7877
      vertex 34.6191 3.52495 23.9231
      vertex 34.9092 3.09083 23.7877
    endloop
  endfacet
  facet normal 0.24556 -0.0833269 0.965793
    outer loop
      vertex 34.7538 3.79803 23.9231
      vertex 34.721 3.70137 23.9231
      vertex 35.1879 3.50796 23.7877
    endloop
  endfacet
  facet normal 0.343792 -0.169571 0.923609
    outer loop
      vertex 35.1879 3.50796 23.7877
      vertex 35.1135 3.35712 23.7877
      vertex 35.6345 3.32297 23.5875
    endloop
  endfacet
  facet normal -0.0578579 -0.117321 0.991407
    outer loop
      vertex 3.86919 3.77344 23.9914
      vertex 3.70137 3.27904 23.9231
      vertex 3.89989 3.7583 23.9914
    endloop
  endfacet
  facet normal 0.00857449 -0.130531 0.991407
    outer loop
      vertex 34 3.73839 23.9914
      vertex 34 3.21964 23.9231
      vertex 34.0341 3.74063 23.9914
    endloop
  endfacet
  facet normal 0.383292 -0.777094 0.499211
    outer loop
      vertex 35.6629 1.1197 22.2223
      vertex 35.2728 0.927288 22.2223
      vertex 35.7937 0.893141 21.7692
    endloop
  endfacet
  facet normal 0.138065 -0.694285 0.706333
    outer loop
      vertex 34.6826 1.45248 23.0074
      vertex 34.3925 1.01837 22.6374
      vertex 34.7784 1.09511 22.6374
    endloop
  endfacet
  facet normal 0.193433 -0.972429 0.130249
    outer loop
      vertex 35.0154 0.210536 20.7804
      vertex 34.5121 0.110421 20.7804
      vertex 35.0331 0.144568 20.2616
    endloop
  endfacet
  facet normal 0.318724 -0.938855 0.130254
    outer loop
      vertex 35.5013 0.37549 20.7804
      vertex 35.0154 0.210536 20.7804
      vertex 35.0331 0.144568 20.2616
    endloop
  endfacet
  facet normal 0.0566648 -0.864622 0.499218
    outer loop
      vertex 34 0.674121 22.2223
      vertex 34 0.412509 21.7692
      vertex 34.4683 0.4432 21.7692
    endloop
  endfacet
  facet normal 0.154892 -0.778721 0.607949
    outer loop
      vertex 34.8608 0.787448 22.2223
      vertex 34.3925 1.01837 22.6374
      vertex 34.4341 0.702575 22.2223
    endloop
  endfacet
  facet normal 0 -0.991447 0.130513
    outer loop
      vertex 4 0.008564 20.2616
      vertex 34 0.0768585 20.7804
      vertex 4 0.0768585 20.7804
    endloop
  endfacet
  facet normal 0 -0.991447 0.130513
    outer loop
      vertex 34 0.0768585 20.7804
      vertex 4 0.008564 20.2616
      vertex 34 0.008564 20.2616
    endloop
  endfacet
  facet normal 0.609354 -0.694819 0.381988
    outer loop
      vertex 36.6783 1.32168 21.2858
      vertex 36.1839 1.15385 21.7692
      vertex 36.3058 0.994999 21.2858
    endloop
  endfacet
  facet normal 0.651481 -0.571322 0.499163
    outer loop
      vertex 36.6386 1.97533 22.2223
      vertex 36.5367 1.46326 21.7692
      vertex 36.8461 1.81607 21.7692
    endloop
  endfacet
  facet normal 0.466729 -0.532244 0.706315
    outer loop
      vertex 35.8649 2.13509 23.0074
      vertex 35.6055 1.90762 23.0074
      vertex 36.1265 1.87348 22.6374
    endloop
  endfacet
  facet normal 0.466774 -0.532134 0.706368
    outer loop
      vertex 36.1265 1.87348 22.6374
      vertex 35.6055 1.90762 23.0074
      vertex 35.8308 1.6141 22.6374
    endloop
  endfacet
  facet normal 0.72631 -0.637008 0.258252
    outer loop
      vertex 37.005 1.69418 21.2858
      vertex 36.6783 1.32168 21.2858
      vertex 37.1124 1.61174 20.7804
    endloop
  endfacet
  facet normal 0.777159 -0.383151 0.49922
    outer loop
      vertex 37.3144 2.62713 21.7692
      vertex 37.0727 2.72724 22.2223
      vertex 37.1069 2.20625 21.7692
    endloop
  endfacet
  facet normal 0.694829 -0.609336 0.381998
    outer loop
      vertex 36.8461 1.81607 21.7692
      vertex 36.5367 1.46326 21.7692
      vertex 36.6783 1.32168 21.2858
    endloop
  endfacet
  facet normal 0.660117 -0.441181 0.607952
    outer loop
      vertex 36.6045 2.49632 22.6374
      vertex 36.3859 2.16924 22.6374
      vertex 36.6386 1.97533 22.2223
    endloop
  endfacet
  facet normal 0.653674 -0.745484 0.130246
    outer loop
      vertex 36.7741 1.22592 20.7804
      vertex 36.4298 0.833381 20.2616
      vertex 36.8224 1.17763 20.2616
    endloop
  endfacet
  facet normal 0.745481 -0.653677 0.130248
    outer loop
      vertex 37.1666 1.57017 20.2616
      vertex 36.7741 1.22592 20.7804
      vertex 36.8224 1.17763 20.2616
    endloop
  endfacet
  facet normal 0.803232 -0.536775 0.258248
    outer loop
      vertex 37.2803 2.10614 21.2858
      vertex 37.005 1.69418 21.2858
      vertex 37.1124 1.61174 20.7804
    endloop
  endfacet
  facet normal 0.768342 -0.513567 0.381969
    outer loop
      vertex 37.1069 2.20625 21.7692
      vertex 36.8461 1.81607 21.7692
      vertex 37.2803 2.10614 21.2858
    endloop
  endfacet
  facet normal 0.57139 -0.651366 0.499235
    outer loop
      vertex 36.3517 1.64825 22.2223
      vertex 36.0247 1.3614 22.2223
      vertex 36.5367 1.46326 21.7692
    endloop
  endfacet
  facet normal 0.609358 -0.694811 0.381995
    outer loop
      vertex 36.5367 1.46326 21.7692
      vertex 36.1839 1.15385 21.7692
      vertex 36.6783 1.32168 21.2858
    endloop
  endfacet
  facet normal -0.0505856 -0.254316 0.965797
    outer loop
      vertex 3.79803 3.24623 23.9231
      vertex 3.66722 2.75805 23.7877
      vertex 3.83217 2.72524 23.7877
    endloop
  endfacet
  facet normal -0.0833464 -0.245537 0.965797
    outer loop
      vertex 3.79803 3.24623 23.9231
      vertex 3.50796 2.81211 23.7877
      vertex 3.66722 2.75805 23.7877
    endloop
  endfacet
  facet normal -0.0506042 -0.254317 0.965796
    outer loop
      vertex 3.89814 3.22631 23.9231
      vertex 3.79803 3.24623 23.9231
      vertex 3.83217 2.72524 23.7877
    endloop
  endfacet
  facet normal -0.0169434 -0.258748 0.965796
    outer loop
      vertex 3.89814 3.22631 23.9231
      vertex 3.83217 2.72524 23.7877
      vertex 4 3.21964 23.9231
    endloop
  endfacet
  facet normal 0.160984 -0.474209 0.865569
    outer loop
      vertex 34.677 2.36551 23.5875
      vertex 34.4579 2.29113 23.5875
      vertex 34.8504 1.94688 23.3259
    endloop
  endfacet
  facet normal 0.0250813 -0.382514 0.923609
    outer loop
      vertex 34.1678 2.72524 23.7877
      vertex 34 2.23084 23.5875
      vertex 34.2309 2.24598 23.5875
    endloop
  endfacet
  facet normal -0.188471 -0.947502 0.258298
    outer loop
      vertex 3.5056 0.244683 21.2858
      vertex 2.98462 0.210536 20.7804
      vertex 3.48793 0.110421 20.7804
    endloop
  endfacet
  facet normal -0.063183 -0.963997 0.258299
    outer loop
      vertex 3.5056 0.244683 21.2858
      vertex 3.48793 0.110421 20.7804
      vertex 4 0.0768585 20.7804
    endloop
  endfacet
  facet normal -0.0648457 -0.98936 0.130238
    outer loop
      vertex 3.48793 0.110421 20.7804
      vertex 3.47901 0.0427113 20.2616
      vertex 4 0.008564 20.2616
    endloop
  endfacet
  facet normal -0.193428 -0.972432 0.13024
    outer loop
      vertex 3.48793 0.110421 20.7804
      vertex 2.96694 0.144568 20.2616
      vertex 3.47901 0.0427113 20.2616
    endloop
  endfacet
  facet normal -0.44229 -0.896872 0
    outer loop
      vertex 2.00428 0.543315 3.73839
      vertex 2.47254 0.312394 20.2616
      vertex 2.00428 0.543315 20.2616
    endloop
  endfacet
  facet normal -0.44229 -0.896872 -0
    outer loop
      vertex 2.47254 0.312394 20.2616
      vertex 2.00428 0.543315 3.73839
      vertex 2.47254 0.312394 3.73839
    endloop
  endfacet
  facet normal 0.694278 -0.138092 -0.706335
    outer loop
      vertex 36.9816 3.60746 1.36262
      vertex 36.5475 3.31739 0.99264
      vertex 36.6148 3.65575 0.99264
    endloop
  endfacet
  facet normal 0.694257 -0.138017 -0.70637
    outer loop
      vertex 36.9049 3.22164 1.36262
      vertex 36.5475 3.31739 0.99264
      vertex 36.9816 3.60746 1.36262
    endloop
  endfacet
  facet normal 0.215646 -0.144031 -0.965791
    outer loop
      vertex 35.0201 3.21728 0.212279
      vertex 34.6191 3.52495 0.0768585
      vertex 35.1135 3.35712 0.212279
    endloop
  endfacet
  facet normal 0.25878 -0.0169611 -0.965787
    outer loop
      vertex 35.2748 3.83217 0.212279
      vertex 34.7804 4 0.0768585
      vertex 35.2858 4 0.212279
    endloop
  endfacet
  facet normal 0.318819 -0.212941 -0.923585
    outer loop
      vertex 35.4036 2.92301 0.412509
      vertex 35.0201 3.21728 0.212279
      vertex 35.1135 3.35712 0.212279
    endloop
  endfacet
  facet normal 0.474243 -0.16101 -0.865546
    outer loop
      vertex 36.0531 3.14957 0.674121
      vertex 35.6345 3.32297 0.412509
      vertex 35.7089 3.54211 0.412509
    endloop
  endfacet
  facet normal 0.849799 -0.169129 -0.499236
    outer loop
      vertex 37.4652 3.07149 2.23084
      vertex 37.2974 3.56589 1.77772
      vertex 37.5568 3.53174 2.23084
    endloop
  endfacet
  facet normal 0.864602 -0.0567625 -0.499241
    outer loop
      vertex 37.5568 3.53174 2.23084
      vertex 37.2974 3.56589 1.77772
      vertex 37.3259 4 1.77772
    endloop
  endfacet
  facet normal 0.989365 -0.064725 -0.130262
    outer loop
      vertex 37.9914 4 3.73839
      vertex 37.8896 3.48793 3.21964
      vertex 37.9231 4 3.21964
    endloop
  endfacet
  facet normal 0.989367 -0.0647563 -0.130232
    outer loop
      vertex 37.9573 3.47901 3.73839
      vertex 37.8896 3.48793 3.21964
      vertex 37.9914 4 3.73839
    endloop
  endfacet
  facet normal 0.9239 0 -0.382633
    outer loop
      vertex 37.7877 4 2.71424
      vertex 37.5875 15 2.23084
      vertex 37.7877 15 2.71424
    endloop
  endfacet
  facet normal 0.9239 0 -0.382633
    outer loop
      vertex 37.5875 15 2.23084
      vertex 37.7877 4 2.71424
      vertex 37.5875 4 2.23084
    endloop
  endfacet
  facet normal 0.965936 0 -0.258781
    outer loop
      vertex 37.9231 4 3.21964
      vertex 37.7877 15 2.71424
      vertex 37.9231 15 3.21964
    endloop
  endfacet
  facet normal 0.965936 0 -0.258781
    outer loop
      vertex 37.7877 15 2.71424
      vertex 37.9231 4 3.21964
      vertex 37.7877 4 2.71424
    endloop
  endfacet
  facet normal 0.972451 -0.193404 -0.130128
    outer loop
      vertex 37.8554 2.96694 3.73839
      vertex 37.7895 2.98462 3.21964
      vertex 37.8896 3.48793 3.21964
    endloop
  endfacet
  facet normal 0.972417 -0.193507 -0.130234
    outer loop
      vertex 37.9573 3.47901 3.73839
      vertex 37.8554 2.96694 3.73839
      vertex 37.8896 3.48793 3.21964
    endloop
  endfacet
  facet normal 0.947527 -0.188363 -0.258288
    outer loop
      vertex 37.7895 2.98462 3.21964
      vertex 37.6587 3.01967 2.71424
      vertex 37.7553 3.5056 2.71424
    endloop
  endfacet
  facet normal 0.914776 -0.310599 -0.258289
    outer loop
      vertex 37.7895 2.98462 3.21964
      vertex 37.4994 2.5505 2.71424
      vertex 37.6587 3.01967 2.71424
    endloop
  endfacet
  facet normal 0.88921 -0.438567 0.130249
    outer loop
      vertex 37.6245 2.49868 20.7804
      vertex 37.3975 2.03843 20.7804
      vertex 37.6876 2.47254 20.2616
    endloop
  endfacet
  facet normal 0.831437 -0.555619 0
    outer loop
      vertex 37.1666 1.57017 20.2616
      vertex 37.4567 2.00428 3.73839
      vertex 37.4567 2.00428 20.2616
    endloop
  endfacet
  facet normal 0.831437 -0.555619 0
    outer loop
      vertex 37.4567 2.00428 3.73839
      vertex 37.1666 1.57017 20.2616
      vertex 37.1666 1.57017 3.73839
    endloop
  endfacet
  facet normal 0.588543 -0.393346 -0.706326
    outer loop
      vertex 36.3859 2.16924 1.36262
      vertex 36.0924 2.39446 0.99264
      vertex 36.6045 2.49632 1.36262
    endloop
  endfacet
  facet normal 0.660117 -0.441181 -0.607952
    outer loop
      vertex 36.6386 1.97533 1.77772
      vertex 36.3859 2.16924 1.36262
      vertex 36.6045 2.49632 1.36262
    endloop
  endfacet
  facet normal 0.138074 -0.69427 -0.706346
    outer loop
      vertex 34.3925 1.01837 1.36262
      vertex 34.3442 1.38518 0.99264
      vertex 34.6826 1.45248 0.99264
    endloop
  endfacet
  facet normal 0.0463043 -0.706352 -0.706345
    outer loop
      vertex 34.3925 1.01837 1.36262
      vertex 34 0.99264 1.36262
      vertex 34.3442 1.38518 0.99264
    endloop
  endfacet
  facet normal 0.458287 -0.401975 -0.79271
    outer loop
      vertex 35.8649 2.13509 0.99264
      vertex 35.7631 2.64716 0.674121
      vertex 36.0924 2.39446 0.99264
    endloop
  endfacet
  facet normal 0.269606 -0.546703 -0.792735
    outer loop
      vertex 35.0093 1.56338 0.99264
      vertex 34.8504 1.94688 0.674121
      vertex 35.3187 1.71596 0.99264
    endloop
  endfacet
  facet normal 0.500021 0 -0.866013
    outer loop
      vertex 35.7692 4 0.412509
      vertex 36.2223 26 0.674121
      vertex 36.2223 4 0.674121
    endloop
  endfacet
  facet normal 0.500021 0 -0.866013
    outer loop
      vertex 36.2223 26 0.674121
      vertex 35.7692 4 0.412509
      vertex 35.7692 26 0.412509
    endloop
  endfacet
  facet normal 0.499753 0.0327312 -0.865549
    outer loop
      vertex 36.2223 26 0.674121
      vertex 35.7692 26 0.412509
      vertex 36.2033 26.2901 0.674121
    endloop
  endfacet
  facet normal 0.49967 0.032893 -0.865591
    outer loop
      vertex 35.7692 26 0.412509
      vertex 35.754 26.2309 0.412509
      vertex 36.2033 26.2901 0.674121
    endloop
  endfacet
  facet normal 0.635225 0.31311 -0.706011
    outer loop
      vertex 36.4366 27.0093 0.99264
      vertex 36.2939 27.3154 1
      vertex 36.4434 27.0121 1
    endloop
  endfacet
  facet normal 0.631627 0.311527 -0.709928
    outer loop
      vertex 36.2939 27.3154 1
      vertex 36.4366 27.0093 0.99264
      vertex 36.284 27.3187 0.99264
    endloop
  endfacet
  facet normal 0.449171 0.221398 -0.86558
    outer loop
      vertex 36.0531 26.8504 0.674121
      vertex 35.5321 26.8846 0.412509
      vertex 35.9246 27.1111 0.674121
    endloop
  endfacet
  facet normal -0.0726705 -0.108757 -0.991409
    outer loop
      vertex 3.86919 3.77344 0.008564
      vertex 3.60982 3.32419 0.0768585
      vertex 3.84074 3.79245 0.008564
    endloop
  endfacet
  facet normal 0.338692 0.506884 -0.792689
    outer loop
      vertex 35.3528 27.7631 0.674121
      vertex 35.1111 27.9246 0.674121
      vertex 35.3187 28.284 0.99264
    endloop
  endfacet
  facet normal 0.458309 0.401948 -0.792711
    outer loop
      vertex 36.0924 27.6055 0.99264
      vertex 35.7631 27.3528 0.674121
      vertex 35.8649 27.8649 0.99264
    endloop
  endfacet
  facet normal 0.254345 -0.0505591 -0.965791
    outer loop
      vertex 35.2748 3.83217 0.212279
      vertex 34.7538 3.79803 0.0768585
      vertex 34.7737 3.89814 0.0768585
    endloop
  endfacet
  facet normal -0.0862341 -0.0983512 -0.991408
    outer loop
      vertex 3.84074 3.79245 0.008564
      vertex 3.4482 3.4482 0.0768585
      vertex 3.81501 3.81501 0.008564
    endloop
  endfacet
  facet normal -0.0577225 0.117356 -0.991411
    outer loop
      vertex 3.86919 26.2266 0.008564
      vertex 3.70137 26.721 0.0768585
      vertex 3.89989 26.2417 0.008564
    endloop
  endfacet
  facet normal -0.0327507 -0.499736 -0.865558
    outer loop
      vertex 4 1.77772 0.674121
      vertex 3.70993 1.79673 0.674121
      vertex 4 2.23084 0.412509
    endloop
  endfacet
  facet normal -0.0398641 -0.608279 -0.792721
    outer loop
      vertex 4 1.36262 0.99264
      vertex 3.70993 1.79673 0.674121
      vertex 4 1.77772 0.674121
    endloop
  endfacet
  facet normal 0.416417 -0.278102 -0.865596
    outer loop
      vertex 35.9246 2.88886 0.674121
      vertex 35.4036 2.92301 0.412509
      vertex 35.5321 3.11542 0.412509
    endloop
  endfacet
  facet normal 0.144118 -0.215622 -0.965783
    outer loop
      vertex 34.6429 2.8865 0.212279
      vertex 34.4751 3.3809 0.0768585
      vertex 34.7827 2.97994 0.212279
    endloop
  endfacet
  facet normal 0.221519 -0.449171 -0.865549
    outer loop
      vertex 35.1111 2.07545 0.674121
      vertex 34.8504 1.94688 0.674121
      vertex 34.8846 2.46787 0.412509
    endloop
  endfacet
  facet normal 0.16101 -0.474207 -0.865565
    outer loop
      vertex 34.5752 1.85344 0.674121
      vertex 34.4579 2.29113 0.412509
      vertex 34.8504 1.94688 0.674121
    endloop
  endfacet
  facet normal -0.215622 0.144118 -0.965783
    outer loop
      vertex 3.3809 26.4751 0.0768585
      vertex 2.8865 26.6429 0.212279
      vertex 2.97994 26.7827 0.212279
    endloop
  endfacet
  facet normal 0.670326 0.227546 0.706319
    outer loop
      vertex 36.7784 27.1509 22.6374
      vertex 36.4366 27.0093 23.0074
      vertex 36.5475 26.6826 23.0074
    endloop
  endfacet
  facet normal 0.751785 0.255304 0.607979
    outer loop
      vertex 37.0727 27.2728 22.2223
      vertex 36.7784 27.1509 22.6374
      vertex 36.9049 26.7784 22.6374
    endloop
  endfacet
  facet normal -0.63488 -0.313094 0.706328
    outer loop
      vertex 1.71596 2.68131 23.0074
      vertex 1.22156 2.84913 22.6374
      vertex 1.39555 2.49632 22.6374
    endloop
  endfacet
  facet normal -0.588591 -0.39327 0.706328
    outer loop
      vertex 1.71596 2.68131 23.0074
      vertex 1.39555 2.49632 22.6374
      vertex 1.90762 2.39446 23.0074
    endloop
  endfacet
  facet normal -0.751847 -0.255217 0.60794
    outer loop
      vertex 1.09511 3.22164 22.6374
      vertex 0.927288 2.72724 22.2223
      vertex 1.22156 2.84913 22.6374
    endloop
  endfacet
  facet normal -0.694288 -0.138095 0.706325
    outer loop
      vertex 1.45248 3.31739 23.0074
      vertex 1.01837 3.60746 22.6374
      vertex 1.09511 3.22164 22.6374
    endloop
  endfacet
  facet normal -0.792281 -0.051932 0.607942
    outer loop
      vertex 0.99264 4 22.6374
      vertex 0.674121 4 22.2223
      vertex 1.01837 3.60746 22.6374
    endloop
  endfacet
  facet normal -0.707126 0 0.707088
    outer loop
      vertex 0.99264 4 22.6374
      vertex 1.36262 26 23.0074
      vertex 0.99264 26 22.6374
    endloop
  endfacet
  facet normal -0.707126 0 0.707088
    outer loop
      vertex 1.36262 26 23.0074
      vertex 0.99264 4 22.6374
      vertex 1.36262 4 23.0074
    endloop
  endfacet
  facet normal -0.466754 -0.532211 0.706323
    outer loop
      vertex 2.13509 2.13509 23.0074
      vertex 1.87348 1.87348 22.6374
      vertex 2.39446 1.90762 23.0074
    endloop
  endfacet
  facet normal -0.532211 -0.466754 0.706323
    outer loop
      vertex 1.90762 2.39446 23.0074
      vertex 1.87348 1.87348 22.6374
      vertex 2.13509 2.13509 23.0074
    endloop
  endfacet
  facet normal -0.596936 -0.523514 0.607948
    outer loop
      vertex 1.87348 1.87348 22.6374
      vertex 1.3614 1.97533 22.2223
      vertex 1.64825 1.64825 22.2223
    endloop
  endfacet
  facet normal -0.651448 -0.571312 0.499217
    outer loop
      vertex 1.3614 1.97533 22.2223
      vertex 1.15385 1.81607 21.7692
      vertex 1.46326 1.46326 21.7692
    endloop
  endfacet
  facet normal -0.481389 -0.72045 0.499216
    outer loop
      vertex 2.33706 1.1197 22.2223
      vertex 1.97533 1.3614 22.2223
      vertex 2.20625 0.893141 21.7692
    endloop
  endfacet
  facet normal -0.383228 -0.777123 0.499215
    outer loop
      vertex 2.33706 1.1197 22.2223
      vertex 2.20625 0.893141 21.7692
      vertex 2.72724 0.927288 22.2223
    endloop
  endfacet
  facet normal -0.875137 0.297045 0.381969
    outer loop
      vertex 0.500602 27.4495 21.2858
      vertex 0.341343 26.9803 21.2858
      vertex 0.534749 26.9285 21.7692
    endloop
  endfacet
  facet normal -0.914796 0.310506 0.258331
    outer loop
      vertex 0.500602 27.4495 21.2858
      vertex 0.210536 27.0154 20.7804
      vertex 0.341343 26.9803 21.2858
    endloop
  endfacet
  facet normal -0.972432 -0.193428 0.13024
    outer loop
      vertex 0.110421 3.48793 20.7804
      vertex 0.0427113 3.47901 20.2616
      vertex 0.144568 2.96694 20.2616
    endloop
  endfacet
  facet normal -0.98936 -0.0648457 0.130238
    outer loop
      vertex 0.110421 3.48793 20.7804
      vertex 0.008564 4 20.2616
      vertex 0.0427113 3.47901 20.2616
    endloop
  endfacet
  facet normal -0.94693 -0.321439 0
    outer loop
      vertex 0.312394 2.47254 3.73839
      vertex 0.144568 2.96694 20.2616
      vertex 0.144568 2.96694 3.73839
    endloop
  endfacet
  facet normal -0.94693 -0.321439 0
    outer loop
      vertex 0.144568 2.96694 20.2616
      vertex 0.312394 2.47254 3.73839
      vertex 0.312394 2.47254 20.2616
    endloop
  endfacet
  facet normal -0.777132 -0.383232 -0.499198
    outer loop
      vertex 1.1197 2.33706 1.77772
      vertex 0.893141 2.20625 2.23084
      vertex 0.927288 2.72724 1.77772
    endloop
  endfacet
  facet normal -0.659347 -0.751839 0
    outer loop
      vertex 1.17763 1.17763 3.73839
      vertex 1.57017 0.833381 20.2616
      vertex 1.17763 1.17763 20.2616
    endloop
  endfacet
  facet normal -0.659347 -0.751839 -0
    outer loop
      vertex 1.57017 0.833381 20.2616
      vertex 1.17763 1.17763 3.73839
      vertex 1.57017 0.833381 3.73839
    endloop
  endfacet
  facet normal -0.193429 -0.97243 -0.130254
    outer loop
      vertex 3.48793 0.110421 3.21964
      vertex 2.96694 0.144568 3.73839
      vertex 2.98462 0.210536 3.21964
    endloop
  endfacet
  facet normal -0.438522 -0.889231 -0.130254
    outer loop
      vertex 2.47254 0.312394 3.73839
      vertex 2.00428 0.543315 3.73839
      vertex 2.03843 0.60246 3.21964
    endloop
  endfacet
  facet normal -0.989358 -0.0648453 -0.130251
    outer loop
      vertex 0.110421 3.48793 3.21964
      vertex 0.008564 4 3.73839
      vertex 0.0768585 4 3.21964
    endloop
  endfacet
  facet normal -0.906411 -0.180296 -0.381984
    outer loop
      vertex 0.534749 3.07149 2.23084
      vertex 0.244683 3.5056 2.71424
      vertex 0.4432 3.53174 2.23084
    endloop
  endfacet
  facet normal -0.864631 0.0566654 -0.499201
    outer loop
      vertex 0.674121 26 1.77772
      vertex 0.412509 26 2.23084
      vertex 0.4432 26.4683 2.23084
    endloop
  endfacet
  facet normal -0.849827 -0.169039 0.499219
    outer loop
      vertex 0.702575 3.56589 22.2223
      vertex 0.534749 3.07149 21.7692
      vertex 0.787448 3.1392 22.2223
    endloop
  endfacet
  facet normal -0.849826 -0.16904 0.49922
    outer loop
      vertex 0.702575 3.56589 22.2223
      vertex 0.4432 3.53174 21.7692
      vertex 0.534749 3.07149 21.7692
    endloop
  endfacet
  facet normal -0.506829 -0.338655 0.79274
    outer loop
      vertex 2.07545 2.88886 23.3259
      vertex 1.71596 2.68131 23.0074
      vertex 2.23695 2.64716 23.3259
    endloop
  endfacet
  facet normal -0.416391 -0.278226 0.865569
    outer loop
      vertex 2.59643 2.92301 23.5875
      vertex 2.07545 2.88886 23.3259
      vertex 2.23695 2.64716 23.3259
    endloop
  endfacet
  facet normal 0.226711 0.671065 -0.705885
    outer loop
      vertex 34.6919 28.5521 1
      vertex 34.6826 28.5475 0.99264
      vertex 34.6845 28.5546 1
    endloop
  endfacet
  facet normal 0.0452683 0.706185 -0.706579
    outer loop
      vertex 34.3442 28.6148 0.99264
      vertex 34.3374 28.6226 1
      vertex 34.3452 28.6221 1
    endloop
  endfacet
  facet normal 0.0747169 0.37607 -0.923574
    outer loop
      vertex 34.4579 27.7089 0.412509
      vertex 34.1678 27.2748 0.212279
      vertex 34.2309 27.754 0.412509
    endloop
  endfacet
  facet normal 0.269635 0.54669 -0.792734
    outer loop
      vertex 35.3187 28.284 0.99264
      vertex 34.8504 28.0531 0.674121
      vertex 35.0093 28.4366 0.99264
    endloop
  endfacet
  facet normal 0.195941 0.577222 -0.792731
    outer loop
      vertex 34.8504 28.0531 0.674121
      vertex 34.6826 28.5475 0.99264
      vertex 35.0093 28.4366 0.99264
    endloop
  endfacet
  facet normal 0.586932 0.397308 -0.705448
    outer loop
      vertex 36.1026 27.6035 1
      vertex 36.0924 27.6055 0.99264
      vertex 36.0982 27.61 1
    endloop
  endfacet
  facet normal 0.108772 -0.0726685 -0.991407
    outer loop
      vertex 34.6191 3.52495 0.0768585
      vertex 34.2076 3.84074 0.008564
      vertex 34.6758 3.60982 0.0768585
    endloop
  endfacet
  facet normal 0.0833846 0.245578 -0.965784
    outer loop
      vertex 34.2986 26.721 0.0768585
      vertex 34.202 26.7538 0.0768585
      vertex 34.492 27.1879 0.212279
    endloop
  endfacet
  facet normal 0.0863716 0.098219 -0.99141
    outer loop
      vertex 34.185 26.185 0.008564
      vertex 34.1593 26.2076 0.008564
      vertex 34.5518 26.5518 0.0768585
    endloop
  endfacet
  facet normal 0.215656 0.144025 -0.965789
    outer loop
      vertex 34.6758 26.3902 0.0768585
      vertex 34.6191 26.4751 0.0768585
      vertex 35.1135 26.6429 0.212279
    endloop
  endfacet
  facet normal -0.0463703 0.706327 -0.706365
    outer loop
      vertex 4 28.6374 0.99264
      vertex 3.65575 28.6148 0.99264
      vertex 4 29.0074 1.36262
    endloop
  endfacet
  facet normal -0.168951 0.849832 -0.499241
    outer loop
      vertex 3.56589 29.2974 1.77772
      vertex 3.07149 29.4653 2.23084
      vertex 3.53174 29.5568 2.23084
    endloop
  endfacet
  facet normal -0.523534 0.596918 -0.607949
    outer loop
      vertex 2.16924 28.3859 1.36262
      vertex 1.87348 28.1265 1.36262
      vertex 1.97533 28.6386 1.77772
    endloop
  endfacet
  facet normal -0.712092 0.351182 -0.607945
    outer loop
      vertex 1.22156 27.1509 1.36262
      vertex 0.927288 27.2728 1.77772
      vertex 1.39555 27.5037 1.36262
    endloop
  endfacet
  facet normal -0.726305 0.636966 -0.258372
    outer loop
      vertex 0.994999 28.3058 2.71424
      vertex 0.887563 28.3883 3.21964
      vertex 1.32168 28.6783 2.71424
    endloop
  endfacet
  facet normal -0.46677 0.532197 -0.706323
    outer loop
      vertex 2.39446 28.0924 0.99264
      vertex 1.87348 28.1265 1.36262
      vertex 2.16924 28.3859 1.36262
    endloop
  endfacet
  facet normal 0.0250785 0.382562 -0.92359
    outer loop
      vertex 34.1678 27.2748 0.212279
      vertex 34 27.2858 0.212279
      vertex 34 27.7692 0.412509
    endloop
  endfacet
  facet normal 0 0.500021 -0.866013
    outer loop
      vertex 4 27.7692 0.412509
      vertex 34 28.2223 0.674121
      vertex 34 27.7692 0.412509
    endloop
  endfacet
  facet normal 0 0.500021 -0.866013
    outer loop
      vertex 34 28.2223 0.674121
      vertex 4 27.7692 0.412509
      vertex 4 28.2223 0.674121
    endloop
  endfacet
  facet normal 0.0327312 0.499753 -0.865549
    outer loop
      vertex 34.2901 28.2033 0.674121
      vertex 34 27.7692 0.412509
      vertex 34 28.2223 0.674121
    endloop
  endfacet
  facet normal 0.0398391 0.60828 -0.792722
    outer loop
      vertex 34.2901 28.2033 0.674121
      vertex 34 28.2223 0.674121
      vertex 34 28.6374 0.99264
    endloop
  endfacet
  facet normal -0.318786 0.938853 0.130121
    outer loop
      vertex 2.96694 29.8554 20.2616
      vertex 2.49868 29.6245 20.7804
      vertex 2.98462 29.7895 20.7804
    endloop
  endfacet
  facet normal -0.193405 0.972453 0.130116
    outer loop
      vertex 3.48793 29.8896 20.7804
      vertex 2.96694 29.8554 20.2616
      vertex 2.98462 29.7895 20.7804
    endloop
  endfacet
  facet normal -0.180205 0.90644 -0.381959
    outer loop
      vertex 3.53174 29.5568 2.23084
      vertex 3.07149 29.4653 2.23084
      vertex 3.5056 29.7553 2.71424
    endloop
  endfacet
  facet normal -0.0604612 0.922201 -0.381956
    outer loop
      vertex 3.53174 29.5568 2.23084
      vertex 3.5056 29.7553 2.71424
      vertex 4 29.5875 2.23084
    endloop
  endfacet
  facet normal -0.694811 0.609358 -0.381995
    outer loop
      vertex 1.46326 28.5367 2.23084
      vertex 1.15385 28.1839 2.23084
      vertex 1.32168 28.6783 2.71424
    endloop
  endfacet
  facet normal -0.571328 0.651488 -0.499147
    outer loop
      vertex 1.97533 28.6386 1.77772
      vertex 1.46326 28.5367 2.23084
      vertex 1.81607 28.8461 2.23084
    endloop
  endfacet
  facet normal -0.659293 0.751886 0
    outer loop
      vertex 1.57017 29.1666 3.73839
      vertex 1.17763 28.8224 20.2616
      vertex 1.57017 29.1666 20.2616
    endloop
  endfacet
  facet normal -0.659293 0.751886 0
    outer loop
      vertex 1.17763 28.8224 20.2616
      vertex 1.57017 29.1666 3.73839
      vertex 1.17763 28.8224 3.73839
    endloop
  endfacet
  facet normal -0.0520741 0.792293 0.607915
    outer loop
      vertex 4 29.3259 22.2223
      vertex 3.60746 28.9816 22.6374
      vertex 4 29.0074 22.6374
    endloop
  endfacet
  facet normal -0.29713 0.875108 0.381968
    outer loop
      vertex 3.01967 29.6587 21.2858
      vertex 2.5505 29.4994 21.2858
      vertex 3.07149 29.4653 21.7692
    endloop
  endfacet
  facet normal -0.712091 0.35123 0.607917
    outer loop
      vertex 1.1197 27.6629 22.2223
      vertex 0.927288 27.2728 22.2223
      vertex 1.39555 27.5037 22.6374
    endloop
  endfacet
  facet normal -0.513475 0.768365 0.382045
    outer loop
      vertex 2.10614 29.2803 21.2858
      vertex 1.69418 29.005 21.2858
      vertex 1.81607 28.8461 21.7692
    endloop
  endfacet
  facet normal -0.466782 0.532211 0.706304
    outer loop
      vertex 2.16924 28.3859 22.6374
      vertex 1.87348 28.1265 22.6374
      vertex 2.39446 28.0924 23.0074
    endloop
  endfacet
  facet normal -0.660232 0.441067 0.607909
    outer loop
      vertex 1.3614 28.0247 22.2223
      vertex 1.1197 27.6629 22.2223
      vertex 1.39555 27.5037 22.6374
    endloop
  endfacet
  facet normal -0.651465 0.571343 0.49916
    outer loop
      vertex 1.46326 28.5367 21.7692
      vertex 1.15385 28.1839 21.7692
      vertex 1.3614 28.0247 22.2223
    endloop
  endfacet
  facet normal -0.768405 0.513404 0.38206
    outer loop
      vertex 1.15385 28.1839 21.7692
      vertex 0.719737 27.8939 21.2858
      vertex 0.893141 27.7937 21.7692
    endloop
  endfacet
  facet normal -0.828812 0.408794 0.382045
    outer loop
      vertex 0.719737 27.8939 21.2858
      vertex 0.68559 27.3729 21.7692
      vertex 0.893141 27.7937 21.7692
    endloop
  endfacet
  facet normal -0.382513 0.0250753 0.92361
    outer loop
      vertex 2.72524 26.1678 23.7877
      vertex 2.23084 26 23.5875
      vertex 2.71424 26 23.7877
    endloop
  endfacet
  facet normal -0.254322 0.0506104 0.965794
    outer loop
      vertex 3.24623 26.202 23.9231
      vertex 2.72524 26.1678 23.7877
      vertex 3.22631 26.1019 23.9231
    endloop
  endfacet
  facet normal -0.889214 0.438569 -0.130213
    outer loop
      vertex 0.60246 27.9616 3.21964
      vertex 0.312394 27.5275 3.73839
      vertex 0.543315 27.9957 3.73839
    endloop
  endfacet
  facet normal -0.824383 0.550854 -0.130202
    outer loop
      vertex 0.60246 27.9616 3.21964
      vertex 0.543315 27.9957 3.73839
      vertex 0.833381 28.4298 3.73839
    endloop
  endfacet
  facet normal -0.906413 0.180313 -0.381973
    outer loop
      vertex 0.534749 26.9285 2.23084
      vertex 0.244683 26.4944 2.71424
      vertex 0.341343 26.9803 2.71424
    endloop
  endfacet
  facet normal -0.906413 0.180316 -0.381971
    outer loop
      vertex 0.4432 26.4683 2.23084
      vertex 0.244683 26.4944 2.71424
      vertex 0.534749 26.9285 2.23084
    endloop
  endfacet
  facet normal -0.947499 0.188474 -0.258308
    outer loop
      vertex 0.244683 26.4944 2.71424
      vertex 0.110421 26.5121 3.21964
      vertex 0.210536 27.0154 3.21964
    endloop
  endfacet
  facet normal -0.972428 0.193433 -0.130261
    outer loop
      vertex 0.210536 27.0154 3.21964
      vertex 0.110421 26.5121 3.21964
      vertex 0.144568 27.0331 3.73839
    endloop
  endfacet
  facet normal -0.866456 0.427252 -0.258282
    outer loop
      vertex 0.500602 27.4495 2.71424
      vertex 0.37549 27.5013 3.21964
      vertex 0.719737 27.8939 2.71424
    endloop
  endfacet
  facet normal -0.828883 0.408725 -0.381965
    outer loop
      vertex 0.68559 27.3729 2.23084
      vertex 0.500602 27.4495 2.71424
      vertex 0.719737 27.8939 2.71424
    endloop
  endfacet
  facet normal -0.597888 0.118906 -0.792711
    outer loop
      vertex 1.79673 26.2901 0.674121
      vertex 1.38518 26.3442 0.99264
      vertex 1.45248 26.6826 0.99264
    endloop
  endfacet
  facet normal -0.474207 0.16101 -0.865565
    outer loop
      vertex 2.29113 26.4579 0.412509
      vertex 1.85344 26.5752 0.674121
      vertex 1.94688 26.8504 0.674121
    endloop
  endfacet
  facet normal -0.608283 0.0398689 -0.792718
    outer loop
      vertex 1.79673 26.2901 0.674121
      vertex 1.36262 26 0.99264
      vertex 1.38518 26.3442 0.99264
    endloop
  endfacet
  facet normal -0.474225 0.16099 -0.865559
    outer loop
      vertex 2.29113 26.4579 0.412509
      vertex 1.94688 26.8504 0.674121
      vertex 2.36551 26.677 0.412509
    endloop
  endfacet
  facet normal -0.0327345 0.499753 -0.865549
    outer loop
      vertex 4 27.7692 0.412509
      vertex 3.70993 28.2033 0.674121
      vertex 4 28.2223 0.674121
    endloop
  endfacet
  facet normal -0.252789 -0.288242 -0.923588
    outer loop
      vertex 2.92301 2.59643 0.412509
      vertex 2.74902 2.74902 0.412509
      vertex 3.09083 3.09083 0.212279
    endloop
  endfacet
  facet normal -0.499729 -0.0327642 -0.865562
    outer loop
      vertex 2.24598 3.76908 0.412509
      vertex 1.79673 3.70993 0.674121
      vertex 2.23084 4 0.412509
    endloop
  endfacet
  facet normal -0.536775 0.803232 -0.258248
    outer loop
      vertex 1.69418 29.005 2.71424
      vertex 1.61174 29.1124 3.21964
      vertex 2.10614 29.2803 2.71424
    endloop
  endfacet
  facet normal -0.481378 0.720434 -0.499249
    outer loop
      vertex 2.33706 28.8803 1.77772
      vertex 1.97533 28.6386 1.77772
      vertex 2.20625 29.1069 2.23084
    endloop
  endfacet
  facet normal -0.768405 0.513404 -0.38206
    outer loop
      vertex 0.893141 27.7937 2.23084
      vertex 0.719737 27.8939 2.71424
      vertex 1.15385 28.1839 2.23084
    endloop
  endfacet
  facet normal -0.768383 0.51349 -0.381988
    outer loop
      vertex 1.15385 28.1839 2.23084
      vertex 0.719737 27.8939 2.71424
      vertex 0.994999 28.3058 2.71424
    endloop
  endfacet
  facet normal -0.849839 0.169038 -0.4992
    outer loop
      vertex 0.702575 26.4341 1.77772
      vertex 0.534749 26.9285 2.23084
      vertex 0.787448 26.8608 1.77772
    endloop
  endfacet
  facet normal -0.778744 0.154861 -0.607927
    outer loop
      vertex 1.01837 26.3925 1.36262
      vertex 0.787448 26.8608 1.77772
      vertex 1.09511 26.7784 1.36262
    endloop
  endfacet
  facet normal 0.056763 0.864589 0.499262
    outer loop
      vertex 34.4683 29.5568 21.7692
      vertex 34 29.3259 22.2223
      vertex 34.4341 29.2974 22.2223
    endloop
  endfacet
  facet normal 0.168965 0.849811 0.499271
    outer loop
      vertex 34.4683 29.5568 21.7692
      vertex 34.4341 29.2974 22.2223
      vertex 34.9285 29.4653 21.7692
    endloop
  endfacet
  facet normal -0.310531 -0.914797 -0.258298
    outer loop
      vertex 2.98462 0.210536 3.21964
      vertex 2.49868 0.37549 3.21964
      vertex 2.5505 0.500602 2.71424
    endloop
  endfacet
  facet normal -0.0519305 -0.792281 -0.607943
    outer loop
      vertex 4 0.674121 1.77772
      vertex 3.56589 0.702575 1.77772
      vertex 3.60746 1.01837 1.36262
    endloop
  endfacet
  facet normal -0.0566727 -0.86463 -0.499203
    outer loop
      vertex 4 0.674121 1.77772
      vertex 3.53174 0.4432 2.23084
      vertex 3.56589 0.702575 1.77772
    endloop
  endfacet
  facet normal -0.255217 -0.751847 -0.60794
    outer loop
      vertex 3.22164 1.09511 1.36262
      vertex 2.72724 0.927288 1.77772
      vertex 2.84913 1.22156 1.36262
    endloop
  endfacet
  facet normal -0.351175 -0.712099 -0.607939
    outer loop
      vertex 2.72724 0.927288 1.77772
      vertex 2.49632 1.39555 1.36262
      vertex 2.84913 1.22156 1.36262
    endloop
  endfacet
  facet normal -0.138091 -0.694269 -0.706344
    outer loop
      vertex 3.60746 1.01837 1.36262
      vertex 3.22164 1.09511 1.36262
      vertex 3.31739 1.45248 0.99264
    endloop
  endfacet
  facet normal -0.227537 -0.670303 -0.706343
    outer loop
      vertex 3.22164 1.09511 1.36262
      vertex 2.84913 1.22156 1.36262
      vertex 3.31739 1.45248 0.99264
    endloop
  endfacet
  facet normal -0.50685 -0.338654 -0.792727
    outer loop
      vertex 1.90762 2.39446 0.99264
      vertex 1.71596 2.68131 0.99264
      vertex 2.23695 2.64716 0.674121
    endloop
  endfacet
  facet normal -0.608279 -0.0398641 -0.792721
    outer loop
      vertex 1.79673 3.70993 0.674121
      vertex 1.36262 4 0.99264
      vertex 1.77772 4 0.674121
    endloop
  endfacet
  facet normal -0.636971 -0.726322 -0.258308
    outer loop
      vertex 1.61174 0.887563 3.21964
      vertex 1.22592 1.22592 3.21964
      vertex 1.32168 1.32168 2.71424
    endloop
  endfacet
  facet normal -0.441112 -0.660165 -0.607949
    outer loop
      vertex 2.49632 1.39555 1.36262
      vertex 1.97533 1.3614 1.77772
      vertex 2.16924 1.6141 1.36262
    endloop
  endfacet
  facet normal -0.694269 -0.138091 -0.706344
    outer loop
      vertex 1.09511 3.22164 1.36262
      vertex 1.01837 3.60746 1.36262
      vertex 1.45248 3.31739 0.99264
    endloop
  endfacet
  facet normal -0.694269 -0.13809 -0.706344
    outer loop
      vertex 1.45248 3.31739 0.99264
      vertex 1.01837 3.60746 1.36262
      vertex 1.38518 3.65575 0.99264
    endloop
  endfacet
  facet normal -0.0254972 -0.128289 -0.991409
    outer loop
      vertex 3.96585 3.74063 0.008564
      vertex 3.89814 3.22631 0.0768585
      vertex 3.93229 3.7473 0.008564
    endloop
  endfacet
  facet normal -0.481393 -0.720458 -0.4992
    outer loop
      vertex 2.20625 0.893141 2.23084
      vertex 1.81607 1.15385 2.23084
      vertex 1.97533 1.3614 1.77772
    endloop
  endfacet
  facet normal -0.254358 0.0506176 -0.965785
    outer loop
      vertex 3.22631 26.1019 0.0768585
      vertex 2.72524 26.1678 0.212279
      vertex 3.24623 26.202 0.0768585
    endloop
  endfacet
  facet normal -0.382562 -0.0250741 -0.92359
    outer loop
      vertex 2.72524 3.83217 0.212279
      vertex 2.23084 4 0.412509
      vertex 2.71424 4 0.212279
    endloop
  endfacet
  facet normal -0.123223 -0.363043 -0.923589
    outer loop
      vertex 3.54211 2.29113 0.412509
      vertex 3.32297 2.36551 0.412509
      vertex 3.50796 2.81211 0.212279
    endloop
  endfacet
  facet normal 0 0.382682 -0.92388
    outer loop
      vertex 4 27.2858 0.212279
      vertex 34 27.7692 0.412509
      vertex 34 27.2858 0.212279
    endloop
  endfacet
  facet normal 0 0.382682 -0.92388
    outer loop
      vertex 34 27.7692 0.412509
      vertex 4 27.2858 0.212279
      vertex 4 27.7692 0.412509
    endloop
  endfacet
  facet normal -0.123092 0.363029 -0.923611
    outer loop
      vertex 3.66722 27.2419 0.212279
      vertex 3.50796 27.1879 0.212279
      vertex 3.54211 27.7089 0.412509
    endloop
  endfacet
  facet normal -0.0255008 0.128286 -0.991409
    outer loop
      vertex 3.93229 26.2527 0.008564
      vertex 3.79803 26.7538 0.0768585
      vertex 3.89814 26.7737 0.0768585
    endloop
  endfacet
  facet normal -0.086244 0.098354 -0.991407
    outer loop
      vertex 3.84074 26.2076 0.008564
      vertex 3.4482 26.5518 0.0768585
      vertex 3.52495 26.6191 0.0768585
    endloop
  endfacet
  facet normal -0.114803 0.232527 -0.965791
    outer loop
      vertex 3.60982 26.6758 0.0768585
      vertex 3.35712 27.1135 0.212279
      vertex 3.70137 26.721 0.0768585
    endloop
  endfacet
  facet normal -0.114724 0.232594 -0.965784
    outer loop
      vertex 3.70137 26.721 0.0768585
      vertex 3.35712 27.1135 0.212279
      vertex 3.50796 27.1879 0.212279
    endloop
  endfacet
  facet normal -0.318729 0.213033 -0.923595
    outer loop
      vertex 2.8865 26.6429 0.212279
      vertex 2.59643 27.077 0.412509
      vertex 2.97994 26.7827 0.212279
    endloop
  endfacet
  facet normal -0.449174 0.221471 -0.86556
    outer loop
      vertex 2.36551 26.677 0.412509
      vertex 1.94688 26.8504 0.674121
      vertex 2.46787 26.8846 0.412509
    endloop
  endfacet
  facet normal -0.245572 -0.0833582 -0.965788
    outer loop
      vertex 2.81211 3.50796 0.212279
      vertex 2.75805 3.66722 0.212279
      vertex 3.24623 3.79803 0.0768585
    endloop
  endfacet
  facet normal -0.130526 0 -0.991445
    outer loop
      vertex 3.21964 4 0.0768585
      vertex 3.73839 26 0.008564
      vertex 3.73839 4 0.008564
    endloop
  endfacet
  facet normal -0.130526 0 -0.991445
    outer loop
      vertex 3.73839 26 0.008564
      vertex 3.21964 4 0.0768585
      vertex 3.21964 26 0.0768585
    endloop
  endfacet
  facet normal -0.343861 0.169546 -0.923587
    outer loop
      vertex 2.8865 26.6429 0.212279
      vertex 2.36551 26.677 0.412509
      vertex 2.46787 26.8846 0.412509
    endloop
  endfacet
  facet normal -0.318772 0.213001 -0.923588
    outer loop
      vertex 2.8865 26.6429 0.212279
      vertex 2.46787 26.8846 0.412509
      vertex 2.59643 27.077 0.412509
    endloop
  endfacet
  facet normal 0.481331 -0.720504 -0.499194
    outer loop
      vertex 35.7937 0.893141 2.23084
      vertex 35.6629 1.1197 1.77772
      vertex 36.0247 1.3614 1.77772
    endloop
  endfacet
  facet normal 0.351182 -0.712092 -0.607945
    outer loop
      vertex 35.2728 0.927288 1.77772
      vertex 35.1509 1.22156 1.36262
      vertex 35.5037 1.39555 1.36262
    endloop
  endfacet
  facet normal 0.313091 -0.634856 -0.706351
    outer loop
      vertex 35.5037 1.39555 1.36262
      vertex 35.1509 1.22156 1.36262
      vertex 35.3187 1.71596 0.99264
    endloop
  endfacet
  facet normal 0.269614 -0.546693 -0.792739
    outer loop
      vertex 35.3187 1.71596 0.99264
      vertex 34.8504 1.94688 0.674121
      vertex 35.1111 2.07545 0.674121
    endloop
  endfacet
  facet normal 0.536761 -0.803205 -0.258361
    outer loop
      vertex 36.3883 0.887563 3.21964
      vertex 35.8939 0.719737 2.71424
      vertex 36.3058 0.994999 2.71424
    endloop
  endfacet
  facet normal 0.536707 -0.803264 -0.258289
    outer loop
      vertex 35.9616 0.60246 3.21964
      vertex 35.8939 0.719737 2.71424
      vertex 36.3883 0.887563 3.21964
    endloop
  endfacet
  facet normal 0.442335 -0.89685 0
    outer loop
      vertex 35.5275 0.312394 3.73839
      vertex 35.9957 0.543315 20.2616
      vertex 35.5275 0.312394 20.2616
    endloop
  endfacet
  facet normal 0.442335 -0.89685 0
    outer loop
      vertex 35.9957 0.543315 20.2616
      vertex 35.5275 0.312394 3.73839
      vertex 35.9957 0.543315 3.73839
    endloop
  endfacet
  facet normal 0.438479 -0.889245 -0.130305
    outer loop
      vertex 35.5275 0.312394 3.73839
      vertex 35.5013 0.37549 3.21964
      vertex 35.9616 0.60246 3.21964
    endloop
  endfacet
  facet normal 0.0648444 -0.989359 -0.130248
    outer loop
      vertex 34.521 0.0427113 3.73839
      vertex 34 0.008564 3.73839
      vertex 34.5121 0.110421 3.21964
    endloop
  endfacet
  facet normal 0.726365 -0.636901 -0.258361
    outer loop
      vertex 36.7741 1.22592 3.21964
      vertex 36.6783 1.32168 2.71424
      vertex 37.1124 1.61174 3.21964
    endloop
  endfacet
  facet normal 0.72631 -0.637008 -0.258252
    outer loop
      vertex 37.1124 1.61174 3.21964
      vertex 36.6783 1.32168 2.71424
      vertex 37.005 1.69418 2.71424
    endloop
  endfacet
  facet normal 0.0648415 -0.989358 -0.130251
    outer loop
      vertex 34.5121 0.110421 3.21964
      vertex 34 0.008564 3.73839
      vertex 34 0.0768585 3.21964
    endloop
  endfacet
  facet normal 0.0631793 -0.963996 -0.258303
    outer loop
      vertex 34.5121 0.110421 3.21964
      vertex 34 0.0768585 3.21964
      vertex 34.4944 0.244683 2.71424
    endloop
  endfacet
  facet normal 0.427199 0.866487 0.258264
    outer loop
      vertex 35.5013 29.6245 20.7804
      vertex 35.4495 29.4994 21.2858
      vertex 35.8939 29.2803 21.2858
    endloop
  endfacet
  facet normal 0.310634 0.91477 0.258268
    outer loop
      vertex 35.5013 29.6245 20.7804
      vertex 35.0154 29.7895 20.7804
      vertex 35.4495 29.4994 21.2858
    endloop
  endfacet
  facet normal 0.803182 0.53682 0.258309
    outer loop
      vertex 37.1124 28.3883 20.7804
      vertex 37.005 28.3058 21.2858
      vertex 37.2803 27.8939 21.2858
    endloop
  endfacet
  facet normal 0.726296 0.636996 0.258323
    outer loop
      vertex 37.1124 28.3883 20.7804
      vertex 36.6783 28.6783 21.2858
      vertex 37.005 28.3058 21.2858
    endloop
  endfacet
  facet normal 0.866487 0.427199 0.258264
    outer loop
      vertex 37.6245 27.5013 20.7804
      vertex 37.2803 27.8939 21.2858
      vertex 37.4994 27.4495 21.2858
    endloop
  endfacet
  facet normal 0.828902 0.408669 0.381984
    outer loop
      vertex 37.4994 27.4495 21.2858
      vertex 37.2803 27.8939 21.2858
      vertex 37.3144 27.3729 21.7692
    endloop
  endfacet
  facet normal 0.0520147 0.792267 0.607954
    outer loop
      vertex 34.4341 29.2974 22.2223
      vertex 34 29.3259 22.2223
      vertex 34.3925 28.9816 22.6374
    endloop
  endfacet
  facet normal 0.0520794 0.792293 0.607914
    outer loop
      vertex 34 29.3259 22.2223
      vertex 34 29.0074 22.6374
      vertex 34.3925 28.9816 22.6374
    endloop
  endfacet
  facet normal 0.313127 0.634873 0.70632
    outer loop
      vertex 35.1509 28.7784 22.6374
      vertex 35.0093 28.4366 23.0074
      vertex 35.3187 28.284 23.0074
    endloop
  endfacet
  facet normal 0.269625 0.54667 0.792751
    outer loop
      vertex 35.0093 28.4366 23.0074
      vertex 34.8504 28.0531 23.3259
      vertex 35.3187 28.284 23.0074
    endloop
  endfacet
  facet normal 0.660264 0.441089 0.607859
    outer loop
      vertex 36.6386 28.0247 22.2223
      vertex 36.6045 27.5037 22.6374
      vertex 36.8803 27.6629 22.2223
    endloop
  endfacet
  facet normal 0.712138 0.351231 0.607862
    outer loop
      vertex 36.8803 27.6629 22.2223
      vertex 36.6045 27.5037 22.6374
      vertex 37.0727 27.2728 22.2223
    endloop
  endfacet
  facet normal 0.651311 0.571441 0.499248
    outer loop
      vertex 36.5367 28.5367 21.7692
      vertex 36.3517 28.3517 22.2223
      vertex 36.6386 28.0247 22.2223
    endloop
  endfacet
  facet normal 0.571441 0.651311 0.499248
    outer loop
      vertex 36.5367 28.5367 21.7692
      vertex 36.0247 28.6386 22.2223
      vertex 36.3517 28.3517 22.2223
    endloop
  endfacet
  facet normal 0.707107 -0 0.707107
    outer loop
      vertex 36.6374 4 23.0074
      vertex 37.0074 26 22.6374
      vertex 36.6374 26 23.0074
    endloop
  endfacet
  facet normal 0.707107 0 0.707107
    outer loop
      vertex 37.0074 26 22.6374
      vertex 36.6374 4 23.0074
      vertex 37.0074 4 22.6374
    endloop
  endfacet
  facet normal 0.59791 0.118911 0.792694
    outer loop
      vertex 36.5475 26.6826 23.0074
      vertex 36.1466 26.5752 23.3259
      vertex 36.2033 26.2901 23.3259
    endloop
  endfacet
  facet normal 0.59791 0.118911 0.792694
    outer loop
      vertex 36.5475 26.6826 23.0074
      vertex 36.2033 26.2901 23.3259
      vertex 36.6148 26.3442 23.0074
    endloop
  endfacet
  facet normal 0.546803 0.269521 0.792695
    outer loop
      vertex 36.284 27.3187 23.0074
      vertex 35.9246 27.1111 23.3259
      vertex 36.0531 26.8504 23.3259
    endloop
  endfacet
  facet normal 0.506865 0.338679 0.792707
    outer loop
      vertex 36.284 27.3187 23.0074
      vertex 35.7631 27.3528 23.3259
      vertex 35.9246 27.1111 23.3259
    endloop
  endfacet
  facet normal 0.577223 0.196113 0.792688
    outer loop
      vertex 36.5475 26.6826 23.0074
      vertex 36.0531 26.8504 23.3259
      vertex 36.1466 26.5752 23.3259
    endloop
  endfacet
  facet normal 0.474157 0.161096 0.865577
    outer loop
      vertex 36.0531 26.8504 23.3259
      vertex 35.7089 26.4579 23.5875
      vertex 36.1466 26.5752 23.3259
    endloop
  endfacet
  facet normal 0.258727 0.0170115 0.965801
    outer loop
      vertex 35.2748 26.1678 23.7877
      vertex 34.7737 26.1019 23.9231
      vertex 34.7804 26 23.9231
    endloop
  endfacet
  facet normal 0.947487 0.188443 0.258375
    outer loop
      vertex 37.7895 27.0154 20.7804
      vertex 37.7553 26.4944 21.2858
      vertex 37.8896 26.5121 20.7804
    endloop
  endfacet
  facet normal 0.972451 0.193408 0.130123
    outer loop
      vertex 37.8554 27.0331 20.2616
      vertex 37.7895 27.0154 20.7804
      vertex 37.8896 26.5121 20.7804
    endloop
  endfacet
  facet normal 0.864589 0.056763 0.499262
    outer loop
      vertex 37.5568 26.4683 21.7692
      vertex 37.2974 26.4341 22.2223
      vertex 37.3259 26 22.2223
    endloop
  endfacet
  facet normal 0.864631 0.056682 0.4992
    outer loop
      vertex 37.5568 26.4683 21.7692
      vertex 37.3259 26 22.2223
      vertex 37.5875 26 21.7692
    endloop
  endfacet
  facet normal 0.60828 0.0398391 -0.792722
    outer loop
      vertex 36.2223 26 0.674121
      vertex 36.2033 26.2901 0.674121
      vertex 36.6374 26 0.99264
    endloop
  endfacet
  facet normal 0.793369 -0 0.60874
    outer loop
      vertex 37.0074 4 22.6374
      vertex 37.3259 26 22.2223
      vertex 37.0074 26 22.6374
    endloop
  endfacet
  facet normal 0.793369 0 0.60874
    outer loop
      vertex 37.3259 26 22.2223
      vertex 37.0074 4 22.6374
      vertex 37.3259 4 22.2223
    endloop
  endfacet
  facet normal 0.0170115 0.258727 0.965801
    outer loop
      vertex 34.1678 27.2748 23.7877
      vertex 34 26.7804 23.9231
      vertex 34.1019 26.7737 23.9231
    endloop
  endfacet
  facet normal -0.130531 -0.00856194 0.991407
    outer loop
      vertex 3.73839 4 23.9914
      vertex 3.21964 4 23.9231
      vertex 3.74063 3.96585 23.9914
    endloop
  endfacet
  facet normal -0.0255029 0.128296 0.991408
    outer loop
      vertex 3.89814 26.7737 23.9231
      vertex 3.79803 26.7538 23.9231
      vertex 3.93229 26.2527 23.9914
    endloop
  endfacet
  facet normal 0.130519 0.00842059 0.99141
    outer loop
      vertex 34.7804 26 23.9231
      vertex 34.2594 26.0341 23.9914
      vertex 34.2616 26 23.9914
    endloop
  endfacet
  facet normal 0.108781 -0.0726742 0.991406
    outer loop
      vertex 34.6758 3.60982 23.9231
      vertex 34.2076 3.84074 23.9914
      vertex 34.6191 3.52495 23.9231
    endloop
  endfacet
  facet normal -0.14406 -0.215597 0.965797
    outer loop
      vertex 3.52495 3.3809 23.9231
      vertex 3.21728 2.97994 23.7877
      vertex 3.35712 2.8865 23.7877
    endloop
  endfacet
  facet normal -0.258743 -0.0169587 0.965797
    outer loop
      vertex 3.21964 4 23.9231
      vertex 2.71424 4 23.7877
      vertex 2.72524 3.83217 23.7877
    endloop
  endfacet
  facet normal -0.362997 -0.123208 0.923609
    outer loop
      vertex 2.81211 3.50796 23.7877
      vertex 2.29113 3.54211 23.5875
      vertex 2.36551 3.32297 23.5875
    endloop
  endfacet
  facet normal -0.245537 -0.0833464 0.965797
    outer loop
      vertex 3.24623 3.79803 23.9231
      vertex 2.75805 3.66722 23.7877
      vertex 2.81211 3.50796 23.7877
    endloop
  endfacet
  facet normal 0.123261 -0.362987 0.923606
    outer loop
      vertex 34.492 2.81211 23.7877
      vertex 34.3328 2.75805 23.7877
      vertex 34.4579 2.29113 23.5875
    endloop
  endfacet
  facet normal 0.0254688 -0.128298 0.991409
    outer loop
      vertex 34.0677 3.7473 23.9914
      vertex 34.0341 3.74063 23.9914
      vertex 34.1019 3.22631 23.9231
    endloop
  endfacet
  facet normal 0.0169369 -0.258751 0.965795
    outer loop
      vertex 34.1019 3.22631 23.9231
      vertex 34 3.21964 23.9231
      vertex 34.1678 2.72524 23.7877
    endloop
  endfacet
  facet normal 0.0983618 -0.0862508 0.991406
    outer loop
      vertex 34.6191 3.52495 23.9231
      vertex 34.2076 3.84074 23.9914
      vertex 34.5518 3.4482 23.9231
    endloop
  endfacet
  facet normal 0.0420542 -0.123869 0.991407
    outer loop
      vertex 34.1001 3.7583 23.9914
      vertex 34.0677 3.7473 23.9914
      vertex 34.2986 3.27904 23.9231
    endloop
  endfacet
  facet normal 0.10879 -0.0726544 0.991406
    outer loop
      vertex 34.2266 3.86919 23.9914
      vertex 34.2076 3.84074 23.9914
      vertex 34.6758 3.60982 23.9231
    endloop
  endfacet
  facet normal -0.393286 -0.588589 0.706321
    outer loop
      vertex 2.39446 1.90762 23.0074
      vertex 2.16924 1.6141 22.6374
      vertex 2.49632 1.39555 22.6374
    endloop
  endfacet
  facet normal -0.351175 -0.712099 0.607939
    outer loop
      vertex 2.84913 1.22156 22.6374
      vertex 2.49632 1.39555 22.6374
      vertex 2.72724 0.927288 22.2223
    endloop
  endfacet
  facet normal -0.0420507 0.123858 0.991409
    outer loop
      vertex 3.93229 26.2527 23.9914
      vertex 3.70137 26.721 23.9231
      vertex 3.89989 26.2417 23.9914
    endloop
  endfacet
  facet normal 0.057888 0.117313 0.991406
    outer loop
      vertex 34.2986 26.721 23.9231
      vertex 34.1308 26.2266 23.9914
      vertex 34.3902 26.6758 23.9231
    endloop
  endfacet
  facet normal 0.117368 0.057728 0.991409
    outer loop
      vertex 34.721 26.2986 23.9231
      vertex 34.2266 26.1308 23.9914
      vertex 34.2417 26.1001 23.9914
    endloop
  endfacet
  facet normal 0.245543 0.0833729 0.965794
    outer loop
      vertex 35.1879 26.492 23.7877
      vertex 34.721 26.2986 23.9231
      vertex 34.7538 26.202 23.9231
    endloop
  endfacet
  facet normal 0.215626 0.144004 0.965799
    outer loop
      vertex 35.1135 26.6429 23.7877
      vertex 34.6191 26.4751 23.9231
      vertex 34.6758 26.3902 23.9231
    endloop
  endfacet
  facet normal 0.114738 0.232522 0.965799
    outer loop
      vertex 34.6429 27.1135 23.7877
      vertex 34.2986 26.721 23.9231
      vertex 34.3902 26.6758 23.9231
    endloop
  endfacet
  facet normal 0.144048 0.21561 0.965796
    outer loop
      vertex 34.6429 27.1135 23.7877
      vertex 34.4751 26.6191 23.9231
      vertex 34.7827 27.0201 23.7877
    endloop
  endfacet
  facet normal 0.338679 0.506865 0.792707
    outer loop
      vertex 35.3187 28.284 23.0074
      vertex 35.1111 27.9246 23.3259
      vertex 35.3528 27.7631 23.3259
    endloop
  endfacet
  facet normal 0.269521 0.546803 0.792695
    outer loop
      vertex 35.3187 28.284 23.0074
      vertex 34.8504 28.0531 23.3259
      vertex 35.1111 27.9246 23.3259
    endloop
  endfacet
  facet normal -0.0983067 0.0862957 0.991408
    outer loop
      vertex 3.81501 26.185 23.9914
      vertex 3.4482 26.5518 23.9231
      vertex 3.79245 26.1593 23.9914
    endloop
  endfacet
  facet normal 0.0863784 0.0982268 0.991408
    outer loop
      vertex 34.5518 26.5518 23.9231
      vertex 34.1593 26.2076 23.9914
      vertex 34.185 26.185 23.9914
    endloop
  endfacet
  facet normal 0 0.793369 0.60874
    outer loop
      vertex 34 29.3259 22.2223
      vertex 4 29.0074 22.6374
      vertex 34 29.0074 22.6374
    endloop
  endfacet
  facet normal 0 0.793369 0.60874
    outer loop
      vertex 4 29.0074 22.6374
      vertex 34 29.3259 22.2223
      vertex 4 29.3259 22.2223
    endloop
  endfacet
  facet normal -0.180205 0.90644 0.381959
    outer loop
      vertex 3.5056 29.7553 21.2858
      vertex 3.07149 29.4653 21.7692
      vertex 3.53174 29.5568 21.7692
    endloop
  endfacet
  facet normal -0.778744 0.154861 0.607927
    outer loop
      vertex 1.09511 26.7784 22.6374
      vertex 0.787448 26.8608 22.2223
      vertex 1.01837 26.3925 22.6374
    endloop
  endfacet
  facet normal -0.0327334 0.499736 0.865559
    outer loop
      vertex 4 28.2223 23.3259
      vertex 3.70993 28.2033 23.3259
      vertex 4 27.7692 23.5875
    endloop
  endfacet
  facet normal 0.0398376 0.608257 0.79274
    outer loop
      vertex 34 28.6374 23.0074
      vertex 34 28.2223 23.3259
      vertex 34.2901 28.2033 23.3259
    endloop
  endfacet
  facet normal 0.03273 0.499736 0.865559
    outer loop
      vertex 34 28.2223 23.3259
      vertex 34 27.7692 23.5875
      vertex 34.2901 28.2033 23.3259
    endloop
  endfacet
  facet normal 0.351231 0.712138 0.607862
    outer loop
      vertex 35.6629 28.8803 22.2223
      vertex 35.2728 29.0727 22.2223
      vertex 35.5037 28.6045 22.6374
    endloop
  endfacet
  facet normal 0.351023 0.71214 0.60798
    outer loop
      vertex 35.2728 29.0727 22.2223
      vertex 35.1509 28.7784 22.6374
      vertex 35.5037 28.6045 22.6374
    endloop
  endfacet
  facet normal 0.416379 -0.278218 0.865577
    outer loop
      vertex 35.9246 2.88886 23.3259
      vertex 35.4036 2.92301 23.5875
      vertex 35.7631 2.64716 23.3259
    endloop
  endfacet
  facet normal 0.506887 -0.338693 0.792687
    outer loop
      vertex 35.9246 2.88886 23.3259
      vertex 35.7631 2.64716 23.3259
      vertex 36.284 2.68131 23.0074
    endloop
  endfacet
  facet normal 0.171011 -0.194896 0.965801
    outer loop
      vertex 34.5518 3.4482 23.9231
      vertex 34.4751 3.3809 23.9231
      vertex 34.9092 3.09083 23.7877
    endloop
  endfacet
  facet normal 0.0862771 -0.0983277 0.991407
    outer loop
      vertex 34.5518 3.4482 23.9231
      vertex 34.1593 3.79245 23.9914
      vertex 34.4751 3.3809 23.9231
    endloop
  endfacet
  facet normal -0.232555 -0.114689 0.965797
    outer loop
      vertex 3.27904 3.70137 23.9231
      vertex 2.81211 3.50796 23.7877
      vertex 2.8865 3.35712 23.7877
    endloop
  endfacet
  facet normal 0.25431 -0.050552 0.965801
    outer loop
      vertex 34.7737 3.89814 23.9231
      vertex 34.7538 3.79803 23.9231
      vertex 35.2748 3.83217 23.7877
    endloop
  endfacet
  facet normal 0.258724 -0.017018 0.965801
    outer loop
      vertex 34.7804 4 23.9231
      vertex 34.7737 3.89814 23.9231
      vertex 35.2748 3.83217 23.7877
    endloop
  endfacet
  facet normal -0.123861 0.0420693 0.991407
    outer loop
      vertex 3.27904 26.2986 23.9231
      vertex 3.24623 26.202 23.9231
      vertex 3.7473 26.0677 23.9914
    endloop
  endfacet
  facet normal -0.13053 -0.00854739 0.991407
    outer loop
      vertex 3.74063 3.96585 23.9914
      vertex 3.21964 4 23.9231
      vertex 3.22631 3.89814 23.9231
    endloop
  endfacet
  facet normal 0.297045 -0.875137 0.381969
    outer loop
      vertex 35.4495 0.500602 21.2858
      vertex 34.9285 0.534749 21.7692
      vertex 34.9803 0.341343 21.2858
    endloop
  endfacet
  facet normal 0.310555 -0.914792 0.258287
    outer loop
      vertex 35.4495 0.500602 21.2858
      vertex 35.0154 0.210536 20.7804
      vertex 35.5013 0.37549 20.7804
    endloop
  endfacet
  facet normal 0.0604423 -0.922191 0.381982
    outer loop
      vertex 34 0.412509 21.7692
      vertex 34 0.212279 21.2858
      vertex 34.4944 0.244683 21.2858
    endloop
  endfacet
  facet normal 0.0631823 -0.963996 0.2583
    outer loop
      vertex 34 0.212279 21.2858
      vertex 34 0.0768585 20.7804
      vertex 34.4944 0.244683 21.2858
    endloop
  endfacet
  facet normal 0.278493 -0.820503 0.499215
    outer loop
      vertex 35.2728 0.927288 22.2223
      vertex 34.8608 0.787448 22.2223
      vertex 34.9285 0.534749 21.7692
    endloop
  endfacet
  facet normal 0.35123 -0.712091 0.607917
    outer loop
      vertex 35.5037 1.39555 22.6374
      vertex 35.2728 0.927288 22.2223
      vertex 35.6629 1.1197 22.2223
    endloop
  endfacet
  facet normal 0 -0.866013 0.500021
    outer loop
      vertex 4 0.412509 21.7692
      vertex 34 0.674121 22.2223
      vertex 4 0.674121 22.2223
    endloop
  endfacet
  facet normal 0 -0.866013 0.500021
    outer loop
      vertex 34 0.674121 22.2223
      vertex 4 0.412509 21.7692
      vertex 34 0.412509 21.7692
    endloop
  endfacet
  facet normal 0.777106 -0.383195 0.499267
    outer loop
      vertex 37.0727 2.72724 22.2223
      vertex 36.8803 2.33706 22.2223
      vertex 37.1069 2.20625 21.7692
    endloop
  endfacet
  facet normal 0.596918 -0.523534 0.607949
    outer loop
      vertex 36.3859 2.16924 22.6374
      vertex 36.1265 1.87348 22.6374
      vertex 36.6386 1.97533 22.2223
    endloop
  endfacet
  facet normal 0.768365 -0.513475 0.382045
    outer loop
      vertex 37.2803 2.10614 21.2858
      vertex 36.8461 1.81607 21.7692
      vertex 37.005 1.69418 21.2858
    endloop
  endfacet
  facet normal 0.875141 -0.296992 0.382001
    outer loop
      vertex 37.4652 3.07149 21.7692
      vertex 37.3144 2.62713 21.7692
      vertex 37.4994 2.5505 21.2858
    endloop
  endfacet
  facet normal 0.571343 -0.651465 0.49916
    outer loop
      vertex 36.5367 1.46326 21.7692
      vertex 36.0247 1.3614 22.2223
      vertex 36.1839 1.15385 21.7692
    endloop
  endfacet
  facet normal 0.481386 -0.720485 0.499169
    outer loop
      vertex 36.0247 1.3614 22.2223
      vertex 35.7937 0.893141 21.7692
      vertex 36.1839 1.15385 21.7692
    endloop
  endfacet
  facet normal 0.914775 -0.31061 0.258279
    outer loop
      vertex 37.7895 2.98462 20.7804
      vertex 37.4994 2.5505 21.2858
      vertex 37.6245 2.49868 20.7804
    endloop
  endfacet
  facet normal 0.875048 -0.29711 0.382122
    outer loop
      vertex 37.6587 3.01967 21.2858
      vertex 37.4652 3.07149 21.7692
      vertex 37.4994 2.5505 21.2858
    endloop
  endfacet
  facet normal 0.670253 -0.22761 -0.706368
    outer loop
      vertex 36.7784 2.84913 1.36262
      vertex 36.5475 3.31739 0.99264
      vertex 36.9049 3.22164 1.36262
    endloop
  endfacet
  facet normal 0.75179 -0.255299 -0.607975
    outer loop
      vertex 37.0727 2.72724 1.77772
      vertex 36.7784 2.84913 1.36262
      vertex 36.9049 3.22164 1.36262
    endloop
  endfacet
  facet normal 0.449144 -0.221596 -0.865543
    outer loop
      vertex 36.0531 3.14957 0.674121
      vertex 35.5321 3.11542 0.412509
      vertex 35.6345 3.32297 0.412509
    endloop
  endfacet
  facet normal 0.491173 -0.0976833 -0.865567
    outer loop
      vertex 36.1466 3.42483 0.674121
      vertex 35.7089 3.54211 0.412509
      vertex 36.2033 3.70993 0.674121
    endloop
  endfacet
  facet normal 0.343836 -0.169593 -0.923588
    outer loop
      vertex 35.6345 3.32297 0.412509
      vertex 35.1135 3.35712 0.212279
      vertex 35.1879 3.50796 0.212279
    endloop
  endfacet
  facet normal 0.232527 -0.114803 -0.965791
    outer loop
      vertex 35.1135 3.35712 0.212279
      vertex 34.6758 3.60982 0.0768585
      vertex 34.721 3.70137 0.0768585
    endloop
  endfacet
  facet normal 0.401903 -0.458318 -0.792728
    outer loop
      vertex 35.6055 1.90762 0.99264
      vertex 35.3528 2.23695 0.674121
      vertex 35.8649 2.13509 0.99264
    endloop
  endfacet
  facet normal 0.466761 -0.53212 -0.706387
    outer loop
      vertex 35.8308 1.6141 1.36262
      vertex 35.6055 1.90762 0.99264
      vertex 36.1265 1.87348 1.36262
    endloop
  endfacet
  facet normal 0.330175 -0.376585 -0.865545
    outer loop
      vertex 35.3528 2.23695 0.674121
      vertex 35.077 2.59643 0.412509
      vertex 35.5714 2.42861 0.674121
    endloop
  endfacet
  facet normal 0.3302 -0.376531 -0.865559
    outer loop
      vertex 35.5714 2.42861 0.674121
      vertex 35.077 2.59643 0.412509
      vertex 35.251 2.74902 0.412509
    endloop
  endfacet
  facet normal 0.382593 -0.0251836 -0.923574
    outer loop
      vertex 35.754 3.76908 0.412509
      vertex 35.2748 3.83217 0.212279
      vertex 35.7692 4 0.412509
    endloop
  endfacet
  facet normal 0.382562 -0.0250741 -0.92359
    outer loop
      vertex 35.7692 4 0.412509
      vertex 35.2748 3.83217 0.212279
      vertex 35.2858 4 0.212279
    endloop
  endfacet
  facet normal 0.474173 0.161102 -0.865567
    outer loop
      vertex 36.1466 26.5752 0.674121
      vertex 35.7089 26.4579 0.412509
      vertex 36.0531 26.8504 0.674121
    endloop
  endfacet
  facet normal 0.416413 0.27824 -0.865553
    outer loop
      vertex 35.9246 27.1111 0.674121
      vertex 35.4036 27.077 0.412509
      vertex 35.7631 27.3528 0.674121
    endloop
  endfacet
  facet normal 0.195011 0.170962 -0.965786
    outer loop
      vertex 35.0201 26.7827 0.212279
      vertex 34.6191 26.4751 0.0768585
      vertex 34.9092 26.9092 0.212279
    endloop
  endfacet
  facet normal 0.098327 0.0862765 -0.991407
    outer loop
      vertex 34.6191 26.4751 0.0768585
      vertex 34.2076 26.1593 0.008564
      vertex 34.5518 26.5518 0.0768585
    endloop
  endfacet
  facet normal 0.693351 0.144073 -0.70605
    outer loop
      vertex 36.5562 26.6768 1
      vertex 36.5475 26.6826 0.99264
      vertex 36.5546 26.6845 1
    endloop
  endfacet
  facet normal 0.577222 0.195941 -0.792731
    outer loop
      vertex 36.5475 26.6826 0.99264
      vertex 36.0531 26.8504 0.674121
      vertex 36.4366 27.0093 0.99264
    endloop
  endfacet
  facet normal 0.382592 0.0251858 -0.923574
    outer loop
      vertex 35.7692 26 0.412509
      vertex 35.2748 26.1678 0.212279
      vertex 35.754 26.2309 0.412509
    endloop
  endfacet
  facet normal 0.376543 0.330207 -0.865551
    outer loop
      vertex 35.7631 27.3528 0.674121
      vertex 35.4036 27.077 0.412509
      vertex 35.5714 27.5714 0.674121
    endloop
  endfacet
  facet normal 0.458337 0.401936 -0.792701
    outer loop
      vertex 35.7631 27.3528 0.674121
      vertex 35.5714 27.5714 0.674121
      vertex 35.8649 27.8649 0.99264
    endloop
  endfacet
  facet normal 0.278127 0.416434 -0.86558
    outer loop
      vertex 35.077 27.4036 0.412509
      vertex 34.8846 27.5321 0.412509
      vertex 35.1111 27.9246 0.674121
    endloop
  endfacet
  facet normal 0.212939 0.318829 -0.923583
    outer loop
      vertex 35.077 27.4036 0.412509
      vertex 34.6429 27.1135 0.212279
      vertex 34.8846 27.5321 0.412509
    endloop
  endfacet
  facet normal 0.467003 0.532342 -0.706059
    outer loop
      vertex 35.8649 27.8649 0.99264
      vertex 35.6159 28.0931 1
      vertex 35.8701 27.8701 1
    endloop
  endfacet
  facet normal 0.465493 0.530764 -0.708242
    outer loop
      vertex 35.6159 28.0931 1
      vertex 35.8649 27.8649 0.99264
      vertex 35.6055 28.0924 0.99264
    endloop
  endfacet
  facet normal 0.530764 0.465493 -0.708242
    outer loop
      vertex 35.8649 27.8649 0.99264
      vertex 36.0931 27.6159 1
      vertex 36.0924 27.6055 0.99264
    endloop
  endfacet
  facet normal 0.532342 0.467003 -0.706059
    outer loop
      vertex 36.0931 27.6159 1
      vertex 35.8649 27.8649 0.99264
      vertex 35.8701 27.8701 1
    endloop
  endfacet
  facet normal 0.123858 -0.042029 -0.99141
    outer loop
      vertex 34.721 3.70137 0.0768585
      vertex 34.2527 3.93229 0.008564
      vertex 34.7538 3.79803 0.0768585
    endloop
  endfacet
  facet normal 0.0862703 -0.09832 -0.991408
    outer loop
      vertex 34.4751 3.3809 0.0768585
      vertex 34.1593 3.79245 0.008564
      vertex 34.5518 3.4482 0.0768585
    endloop
  endfacet
  facet normal 0.258761 -0.0170204 -0.965791
    outer loop
      vertex 35.2748 3.83217 0.212279
      vertex 34.7737 3.89814 0.0768585
      vertex 34.7804 4 0.0768585
    endloop
  endfacet
  facet normal 0.0420659 -0.123852 -0.991409
    outer loop
      vertex 34.202 3.24623 0.0768585
      vertex 34.0677 3.7473 0.008564
      vertex 34.2986 3.27904 0.0768585
    endloop
  endfacet
  facet normal 0.0834026 -0.245556 -0.965788
    outer loop
      vertex 34.492 2.81211 0.212279
      vertex 34.202 3.24623 0.0768585
      vertex 34.2986 3.27904 0.0768585
    endloop
  endfacet
  facet normal 0.28824 -0.252794 -0.923587
    outer loop
      vertex 35.4036 2.92301 0.412509
      vertex 34.9092 3.09083 0.212279
      vertex 35.0201 3.21728 0.212279
    endloop
  endfacet
  facet normal 0.288237 -0.252802 -0.923586
    outer loop
      vertex 35.251 2.74902 0.412509
      vertex 34.9092 3.09083 0.212279
      vertex 35.4036 2.92301 0.412509
    endloop
  endfacet
  facet normal 0.232594 -0.114724 -0.965784
    outer loop
      vertex 35.1135 3.35712 0.212279
      vertex 34.721 3.70137 0.0768585
      vertex 35.1879 3.50796 0.212279
    endloop
  endfacet
  facet normal 0.343831 -0.169637 -0.923582
    outer loop
      vertex 35.5321 3.11542 0.412509
      vertex 35.1135 3.35712 0.212279
      vertex 35.6345 3.32297 0.412509
    endloop
  endfacet
  facet normal 0.0833874 -0.245566 -0.965787
    outer loop
      vertex 34.3328 2.75805 0.212279
      vertex 34.202 3.24623 0.0768585
      vertex 34.492 2.81211 0.212279
    endloop
  endfacet
  facet normal 0.16099 -0.474225 -0.865559
    outer loop
      vertex 34.8504 1.94688 0.674121
      vertex 34.4579 2.29113 0.412509
      vertex 34.677 2.36551 0.412509
    endloop
  endfacet
  facet normal 0.169546 -0.343861 -0.923587
    outer loop
      vertex 34.677 2.36551 0.412509
      vertex 34.6429 2.8865 0.212279
      vertex 34.8846 2.46787 0.412509
    endloop
  endfacet
  facet normal 0.213001 -0.318772 -0.923588
    outer loop
      vertex 34.8846 2.46787 0.412509
      vertex 34.6429 2.8865 0.212279
      vertex 35.077 2.59643 0.412509
    endloop
  endfacet
  facet normal 0.195989 -0.577228 -0.792714
    outer loop
      vertex 34.6826 1.45248 0.99264
      vertex 34.5752 1.85344 0.674121
      vertex 34.8504 1.94688 0.674121
    endloop
  endfacet
  facet normal 0.118925 -0.597874 -0.792719
    outer loop
      vertex 34.6826 1.45248 0.99264
      vertex 34.2901 1.79673 0.674121
      vertex 34.5752 1.85344 0.674121
    endloop
  endfacet
  facet normal -0.169574 -0.343844 -0.923589
    outer loop
      vertex 3.50796 2.81211 0.212279
      vertex 3.32297 2.36551 0.412509
      vertex 3.35712 2.8865 0.212279
    endloop
  endfacet
  facet normal -0.118917 -0.597872 -0.792722
    outer loop
      vertex 3.65575 1.38518 0.99264
      vertex 3.31739 1.45248 0.99264
      vertex 3.70993 1.79673 0.674121
    endloop
  endfacet
  facet normal -0.108769 0.0726534 -0.991409
    outer loop
      vertex 3.79245 26.1593 0.008564
      vertex 3.32419 26.3902 0.0768585
      vertex 3.3809 26.4751 0.0768585
    endloop
  endfacet
  facet normal 0.108784 0.0726507 -0.991407
    outer loop
      vertex 34.6758 26.3902 0.0768585
      vertex 34.2076 26.1593 0.008564
      vertex 34.6191 26.4751 0.0768585
    endloop
  endfacet
  facet normal -0.597845 -0.118919 0.792742
    outer loop
      vertex 1.79673 3.70993 23.3259
      vertex 1.45248 3.31739 23.0074
      vertex 1.85344 3.42483 23.3259
    endloop
  endfacet
  facet normal -0.597849 -0.118913 0.79274
    outer loop
      vertex 1.79673 3.70993 23.3259
      vertex 1.38518 3.65575 23.0074
      vertex 1.45248 3.31739 23.0074
    endloop
  endfacet
  facet normal -0.63488 -0.31308 0.706334
    outer loop
      vertex 1.56338 2.99072 23.0074
      vertex 1.22156 2.84913 22.6374
      vertex 1.71596 2.68131 23.0074
    endloop
  endfacet
  facet normal -0.670305 -0.227559 0.706334
    outer loop
      vertex 1.45248 3.31739 23.0074
      vertex 1.22156 2.84913 22.6374
      vertex 1.56338 2.99072 23.0074
    endloop
  endfacet
  facet normal -0.866013 0 0.500021
    outer loop
      vertex 0.412509 4 21.7692
      vertex 0.674121 26 22.2223
      vertex 0.412509 26 21.7692
    endloop
  endfacet
  facet normal -0.866013 0 0.500021
    outer loop
      vertex 0.674121 26 22.2223
      vertex 0.412509 4 21.7692
      vertex 0.674121 4 22.2223
    endloop
  endfacet
  facet normal -0.864622 -0.0566696 0.499217
    outer loop
      vertex 0.674121 4 22.2223
      vertex 0.412509 4 21.7692
      vertex 0.4432 3.53174 21.7692
    endloop
  endfacet
  facet normal -0.571315 -0.651441 0.499223
    outer loop
      vertex 1.64825 1.64825 22.2223
      vertex 1.46326 1.46326 21.7692
      vertex 1.97533 1.3614 22.2223
    endloop
  endfacet
  facet normal -0.523514 -0.596936 0.607948
    outer loop
      vertex 1.87348 1.87348 22.6374
      vertex 1.64825 1.64825 22.2223
      vertex 1.97533 1.3614 22.2223
    endloop
  endfacet
  facet normal -0.44111 -0.660169 0.607947
    outer loop
      vertex 2.49632 1.39555 22.6374
      vertex 1.97533 1.3614 22.2223
      vertex 2.33706 1.1197 22.2223
    endloop
  endfacet
  facet normal -0.351162 -0.712099 0.607947
    outer loop
      vertex 2.49632 1.39555 22.6374
      vertex 2.33706 1.1197 22.2223
      vertex 2.72724 0.927288 22.2223
    endloop
  endfacet
  facet normal -0.875123 -0.297066 -0.381985
    outer loop
      vertex 0.68559 2.62713 2.23084
      vertex 0.500602 2.5505 2.71424
      vertex 0.534749 3.07149 2.23084
    endloop
  endfacet
  facet normal -0.555574 -0.831467 0
    outer loop
      vertex 1.57017 0.833381 3.73839
      vertex 2.00428 0.543315 20.2616
      vertex 1.57017 0.833381 20.2616
    endloop
  endfacet
  facet normal -0.555574 -0.831467 -0
    outer loop
      vertex 2.00428 0.543315 20.2616
      vertex 1.57017 0.833381 3.73839
      vertex 2.00428 0.543315 3.73839
    endloop
  endfacet
  facet normal -0.536714 -0.803256 -0.258299
    outer loop
      vertex 2.03843 0.60246 3.21964
      vertex 1.61174 0.887563 3.21964
      vertex 2.10614 0.719737 2.71424
    endloop
  endfacet
  facet normal -0.3187 -0.938863 -0.130255
    outer loop
      vertex 2.96694 0.144568 3.73839
      vertex 2.49868 0.37549 3.21964
      vertex 2.98462 0.210536 3.21964
    endloop
  endfacet
  facet normal -0.991445 0 -0.130526
    outer loop
      vertex 0.0768585 4 3.21964
      vertex 0.008564 26 3.73839
      vertex 0.0768585 26 3.21964
    endloop
  endfacet
  facet normal -0.991445 -0 -0.130526
    outer loop
      vertex 0.008564 26 3.73839
      vertex 0.0768585 4 3.21964
      vertex 0.008564 4 3.73839
    endloop
  endfacet
  facet normal -0.792279 0.0519316 -0.607945
    outer loop
      vertex 1.01837 26.3925 1.36262
      vertex 0.674121 26 1.77772
      vertex 0.702575 26.4341 1.77772
    endloop
  endfacet
  facet normal -0.864627 0.0566738 -0.499207
    outer loop
      vertex 0.674121 26 1.77772
      vertex 0.4432 26.4683 2.23084
      vertex 0.702575 26.4341 1.77772
    endloop
  endfacet
  facet normal 0.118915 0.597932 -0.792676
    outer loop
      vertex 34.6826 28.5475 0.99264
      vertex 34.2901 28.2033 0.674121
      vertex 34.3442 28.6148 0.99264
    endloop
  endfacet
  facet normal 0.0399421 0.608322 -0.792685
    outer loop
      vertex 34.2901 28.2033 0.674121
      vertex 34 28.6374 0.99264
      vertex 34.3442 28.6148 0.99264
    endloop
  endfacet
  facet normal 0.144073 0.693351 -0.70605
    outer loop
      vertex 34.6826 28.5475 0.99264
      vertex 34.6768 28.5562 1
      vertex 34.6845 28.5546 1
    endloop
  endfacet
  facet normal 0.397308 0.586932 -0.705448
    outer loop
      vertex 35.6055 28.0924 0.99264
      vertex 35.6035 28.1026 1
      vertex 35.61 28.0982 1
    endloop
  endfacet
  facet normal 0.392521 0.587553 -0.707608
    outer loop
      vertex 35.3187 28.284 0.99264
      vertex 35.6035 28.1026 1
      vertex 35.6055 28.0924 0.99264
    endloop
  endfacet
  facet normal 0.392357 0.587282 -0.707924
    outer loop
      vertex 35.6035 28.1026 1
      vertex 35.3187 28.284 0.99264
      vertex 35.3224 28.2904 1
    endloop
  endfacet
  facet normal 0.227627 0.670525 -0.706104
    outer loop
      vertex 35.0093 28.4366 0.99264
      vertex 34.6919 28.5521 1
      vertex 35.0121 28.4434 1
    endloop
  endfacet
  facet normal 0.22752 0.670251 -0.706398
    outer loop
      vertex 34.6919 28.5521 1
      vertex 35.0093 28.4366 0.99264
      vertex 34.6826 28.5475 0.99264
    endloop
  endfacet
  facet normal 0.311527 0.631627 -0.709928
    outer loop
      vertex 35.0093 28.4366 0.99264
      vertex 35.3154 28.2939 1
      vertex 35.3187 28.284 0.99264
    endloop
  endfacet
  facet normal 0.31311 0.635225 -0.706011
    outer loop
      vertex 35.3154 28.2939 1
      vertex 35.0093 28.4366 0.99264
      vertex 35.0121 28.4434 1
    endloop
  endfacet
  facet normal 0.0170139 0.258764 -0.965791
    outer loop
      vertex 34.1019 26.7737 0.0768585
      vertex 34 26.7804 0.0768585
      vertex 34.1678 27.2748 0.212279
    endloop
  endfacet
  facet normal 0.0507176 0.254359 -0.965779
    outer loop
      vertex 34.202 26.7538 0.0768585
      vertex 34.1678 27.2748 0.212279
      vertex 34.3328 27.2419 0.212279
    endloop
  endfacet
  facet normal 0.114754 0.232555 -0.96579
    outer loop
      vertex 34.3902 26.6758 0.0768585
      vertex 34.2986 26.721 0.0768585
      vertex 34.6429 27.1135 0.212279
    endloop
  endfacet
  facet normal 0.0726507 0.108784 -0.991407
    outer loop
      vertex 34.4751 26.6191 0.0768585
      vertex 34.1593 26.2076 0.008564
      vertex 34.3902 26.6758 0.0768585
    endloop
  endfacet
  facet normal 0.114687 0.232612 -0.965784
    outer loop
      vertex 34.6429 27.1135 0.212279
      vertex 34.2986 26.721 0.0768585
      vertex 34.492 27.1879 0.212279
    endloop
  endfacet
  facet normal 0.0749575 0.375927 -0.923613
    outer loop
      vertex 34.3328 27.2419 0.212279
      vertex 34.1678 27.2748 0.212279
      vertex 34.4579 27.7089 0.412509
    endloop
  endfacet
  facet normal 0.117292 -0.0579095 -0.991408
    outer loop
      vertex 34.6758 3.60982 0.0768585
      vertex 34.2266 3.86919 0.008564
      vertex 34.721 3.70137 0.0768585
    endloop
  endfacet
  facet normal 0.245578 0.0833846 -0.965784
    outer loop
      vertex 34.7538 26.202 0.0768585
      vertex 34.721 26.2986 0.0768585
      vertex 35.1879 26.492 0.212279
    endloop
  endfacet
  facet normal -0.09832 0.0862703 -0.991408
    outer loop
      vertex 3.79245 26.1593 0.008564
      vertex 3.3809 26.4751 0.0768585
      vertex 3.4482 26.5518 0.0768585
    endloop
  endfacet
  facet normal 0 0.793369 -0.60874
    outer loop
      vertex 19 29.0074 1.36262
      vertex 4 29.3259 1.77772
      vertex 19 29.3259 1.77772
    endloop
  endfacet
  facet normal 0 0.793369 -0.60874
    outer loop
      vertex 4 29.3259 1.77772
      vertex 19 29.0074 1.36262
      vertex 4 29.0074 1.36262
    endloop
  endfacet
  facet normal -0.330234 0.376487 -0.865565
    outer loop
      vertex 2.92301 27.4036 0.412509
      vertex 2.42861 27.5714 0.674121
      vertex 2.64716 27.7631 0.674121
    endloop
  endfacet
  facet normal -0.634856 0.313078 -0.706357
    outer loop
      vertex 1.56338 27.0093 0.99264
      vertex 1.22156 27.1509 1.36262
      vertex 1.71596 27.3187 0.99264
    endloop
  endfacet
  facet normal -0.169593 0.343836 -0.923588
    outer loop
      vertex 3.35712 27.1135 0.212279
      vertex 3.32297 27.6345 0.412509
      vertex 3.50796 27.1879 0.212279
    endloop
  endfacet
  facet normal -0.0975946 0.491154 -0.865588
    outer loop
      vertex 3.76908 27.754 0.412509
      vertex 3.54211 27.7089 0.412509
      vertex 3.70993 28.2033 0.674121
    endloop
  endfacet
  facet normal 0.118915 0.597932 -0.792677
    outer loop
      vertex 34.5752 28.1466 0.674121
      vertex 34.2901 28.2033 0.674121
      vertex 34.6826 28.5475 0.99264
    endloop
  endfacet
  facet normal 0.221552 0.449163 -0.865544
    outer loop
      vertex 34.8846 27.5321 0.412509
      vertex 34.677 27.6345 0.412509
      vertex 34.8504 28.0531 0.674121
    endloop
  endfacet
  facet normal 0.19612 0.577244 -0.79267
    outer loop
      vertex 34.8504 28.0531 0.674121
      vertex 34.5752 28.1466 0.674121
      vertex 34.6826 28.5475 0.99264
    endloop
  endfacet
  facet normal 0.0976827 0.49117 -0.865569
    outer loop
      vertex 34.4579 27.7089 0.412509
      vertex 34.2901 28.2033 0.674121
      vertex 34.5752 28.1466 0.674121
    endloop
  endfacet
  facet normal -0.278627 0.820467 -0.499201
    outer loop
      vertex 3.1392 29.2126 1.77772
      vertex 2.72724 29.0727 1.77772
      vertex 3.07149 29.4653 2.23084
    endloop
  endfacet
  facet normal -0.255304 0.751786 -0.607978
    outer loop
      vertex 3.22164 28.9049 1.36262
      vertex 2.72724 29.0727 1.77772
      vertex 3.1392 29.2126 1.77772
    endloop
  endfacet
  facet normal -0.60936 0.694786 0.382037
    outer loop
      vertex 1.69418 29.005 21.2858
      vertex 1.32168 28.6783 21.2858
      vertex 1.81607 28.8461 21.7692
    endloop
  endfacet
  facet normal -0.168949 0.849822 0.499257
    outer loop
      vertex 3.53174 29.5568 21.7692
      vertex 3.07149 29.4653 21.7692
      vertex 3.56589 29.2974 22.2223
    endloop
  endfacet
  facet normal -0.513567 0.768342 0.381969
    outer loop
      vertex 2.10614 29.2803 21.2858
      vertex 1.81607 28.8461 21.7692
      vertex 2.20625 29.1069 21.7692
    endloop
  endfacet
  facet normal -0.768383 0.51349 0.381988
    outer loop
      vertex 0.994999 28.3058 21.2858
      vertex 0.719737 27.8939 21.2858
      vertex 1.15385 28.1839 21.7692
    endloop
  endfacet
  facet normal 0 0.707107 0.707107
    outer loop
      vertex 34 29.0074 22.6374
      vertex 4 28.6374 23.0074
      vertex 34 28.6374 23.0074
    endloop
  endfacet
  facet normal 0 0.707107 0.707107
    outer loop
      vertex 4 28.6374 23.0074
      vertex 34 29.0074 22.6374
      vertex 4 29.0074 22.6374
    endloop
  endfacet
  facet normal -0.269626 0.546691 0.792736
    outer loop
      vertex 2.99072 28.4366 23.0074
      vertex 2.68131 28.284 23.0074
      vertex 3.14957 28.0531 23.3259
    endloop
  endfacet
  facet normal -0.351163 0.712146 0.607892
    outer loop
      vertex 2.72724 29.0727 22.2223
      vertex 2.33706 28.8803 22.2223
      vertex 2.49632 28.6045 22.6374
    endloop
  endfacet
  facet normal -0.269522 0.546825 0.792679
    outer loop
      vertex 3.14957 28.0531 23.3259
      vertex 2.68131 28.284 23.0074
      vertex 2.88886 27.9246 23.3259
    endloop
  endfacet
  facet normal -0.458301 0.401888 0.792746
    outer loop
      vertex 2.13509 27.8649 23.0074
      vertex 1.90762 27.6055 23.0074
      vertex 2.23695 27.3528 23.3259
    endloop
  endfacet
  facet normal -0.849815 0.169056 0.499233
    outer loop
      vertex 0.534749 26.9285 21.7692
      vertex 0.4432 26.4683 21.7692
      vertex 0.702575 26.4341 22.2223
    endloop
  endfacet
  facet normal -0.864618 0.0566732 0.499224
    outer loop
      vertex 0.702575 26.4341 22.2223
      vertex 0.4432 26.4683 21.7692
      vertex 0.674121 26 22.2223
    endloop
  endfacet
  facet normal -0.820503 0.278493 0.499215
    outer loop
      vertex 0.927288 27.2728 22.2223
      vertex 0.534749 26.9285 21.7692
      vertex 0.787448 26.8608 22.2223
    endloop
  endfacet
  facet normal -0.792281 0.0519373 0.607942
    outer loop
      vertex 1.01837 26.3925 22.6374
      vertex 0.674121 26 22.2223
      vertex 0.99264 26 22.6374
    endloop
  endfacet
  facet normal -0.499987 0 0.866033
    outer loop
      vertex 1.77772 26 23.3259
      vertex 2.23084 4 23.5875
      vertex 2.23084 26 23.5875
    endloop
  endfacet
  facet normal -0.499987 0 0.866033
    outer loop
      vertex 2.23084 4 23.5875
      vertex 1.77772 26 23.3259
      vertex 1.77772 4 23.3259
    endloop
  endfacet
  facet normal -0.597852 0.11892 0.792737
    outer loop
      vertex 1.85344 26.5752 23.3259
      vertex 1.45248 26.6826 23.0074
      vertex 1.79673 26.2901 23.3259
    endloop
  endfacet
  facet normal -0.17095 0.194954 0.9658
    outer loop
      vertex 3.52495 26.6191 23.9231
      vertex 3.09083 26.9092 23.7877
      vertex 3.4482 26.5518 23.9231
    endloop
  endfacet
  facet normal -0.330223 0.376474 0.865575
    outer loop
      vertex 2.64716 27.7631 23.3259
      vertex 2.42861 27.5714 23.3259
      vertex 2.92301 27.4036 23.5875
    endloop
  endfacet
  facet normal -0.965926 0 -0.258817
    outer loop
      vertex 0.212279 4 2.71424
      vertex 0.0768585 26 3.21964
      vertex 0.212279 26 2.71424
    endloop
  endfacet
  facet normal -0.965926 -0 -0.258817
    outer loop
      vertex 0.0768585 26 3.21964
      vertex 0.212279 4 2.71424
      vertex 0.0768585 4 3.21964
    endloop
  endfacet
  facet normal -0.922193 0.0604378 -0.381978
    outer loop
      vertex 0.412509 26 2.23084
      vertex 0.244683 26.4944 2.71424
      vertex 0.4432 26.4683 2.23084
    endloop
  endfacet
  facet normal -0.634856 0.313091 -0.706351
    outer loop
      vertex 1.71596 27.3187 0.99264
      vertex 1.22156 27.1509 1.36262
      vertex 1.39555 27.5037 1.36262
    endloop
  endfacet
  facet normal -0.59689 0.523576 -0.607939
    outer loop
      vertex 1.6141 27.8308 1.36262
      vertex 1.3614 28.0247 1.77772
      vertex 1.87348 28.1265 1.36262
    endloop
  endfacet
  facet normal -0.694266 0.138062 -0.706352
    outer loop
      vertex 1.45248 26.6826 0.99264
      vertex 1.01837 26.3925 1.36262
      vertex 1.09511 26.7784 1.36262
    endloop
  endfacet
  facet normal -0.670287 0.227538 -0.706358
    outer loop
      vertex 1.45248 26.6826 0.99264
      vertex 1.09511 26.7784 1.36262
      vertex 1.22156 27.1509 1.36262
    endloop
  endfacet
  facet normal -0.751847 -0.255217 -0.60794
    outer loop
      vertex 1.22156 2.84913 1.36262
      vertex 0.927288 2.72724 1.77772
      vertex 1.09511 3.22164 1.36262
    endloop
  endfacet
  facet normal -0.792281 -0.0519305 -0.607943
    outer loop
      vertex 0.702575 3.56589 1.77772
      vertex 0.674121 4 1.77772
      vertex 1.01837 3.60746 1.36262
    endloop
  endfacet
  facet normal -0.427339 0.866444 -0.258177
    outer loop
      vertex 2.10614 29.2803 2.71424
      vertex 2.03843 29.3975 3.21964
      vertex 2.49868 29.6245 3.21964
    endloop
  endfacet
  facet normal -0.427229 0.866469 -0.258279
    outer loop
      vertex 2.5505 29.4994 2.71424
      vertex 2.10614 29.2803 2.71424
      vertex 2.49868 29.6245 3.21964
    endloop
  endfacet
  facet normal -0.636901 0.726365 -0.258361
    outer loop
      vertex 1.32168 28.6783 2.71424
      vertex 1.22592 28.7741 3.21964
      vertex 1.61174 29.1124 3.21964
    endloop
  endfacet
  facet normal -0.637008 0.72631 -0.258252
    outer loop
      vertex 1.69418 29.005 2.71424
      vertex 1.32168 28.6783 2.71424
      vertex 1.61174 29.1124 3.21964
    endloop
  endfacet
  facet normal -0.651374 0.571396 -0.499218
    outer loop
      vertex 1.64825 28.3517 1.77772
      vertex 1.3614 28.0247 1.77772
      vertex 1.46326 28.5367 2.23084
    endloop
  endfacet
  facet normal -0.596884 0.523597 -0.607927
    outer loop
      vertex 1.87348 28.1265 1.36262
      vertex 1.3614 28.0247 1.77772
      vertex 1.64825 28.3517 1.77772
    endloop
  endfacet
  facet normal -0.0631823 -0.963996 -0.2583
    outer loop
      vertex 4 0.0768585 3.21964
      vertex 3.5056 0.244683 2.71424
      vertex 4 0.212279 2.71424
    endloop
  endfacet
  facet normal -0.063183 -0.963997 -0.258299
    outer loop
      vertex 4 0.0768585 3.21964
      vertex 3.48793 0.110421 3.21964
      vertex 3.5056 0.244683 2.71424
    endloop
  endfacet
  facet normal -0.0654028 -0.997859 0
    outer loop
      vertex 3.47901 0.0427113 3.73839
      vertex 4 0.008564 20.2616
      vertex 3.47901 0.0427113 20.2616
    endloop
  endfacet
  facet normal -0.0654028 -0.997859 -0
    outer loop
      vertex 4 0.008564 20.2616
      vertex 3.47901 0.0427113 3.73839
      vertex 4 0.008564 3.73839
    endloop
  endfacet
  facet normal -0.15489 -0.77873 -0.607938
    outer loop
      vertex 3.60746 1.01837 1.36262
      vertex 3.1392 0.787448 1.77772
      vertex 3.22164 1.09511 1.36262
    endloop
  endfacet
  facet normal -0.154896 -0.778726 -0.607942
    outer loop
      vertex 3.56589 0.702575 1.77772
      vertex 3.1392 0.787448 1.77772
      vertex 3.60746 1.01837 1.36262
    endloop
  endfacet
  facet normal -0.466742 -0.532197 -0.706342
    outer loop
      vertex 2.39446 1.90762 0.99264
      vertex 1.87348 1.87348 1.36262
      vertex 2.13509 2.13509 0.99264
    endloop
  endfacet
  facet normal -0.597872 -0.118917 -0.792722
    outer loop
      vertex 1.45248 3.31739 0.99264
      vertex 1.38518 3.65575 0.99264
      vertex 1.79673 3.70993 0.674121
    endloop
  endfacet
  facet normal -0.577228 -0.195946 -0.792725
    outer loop
      vertex 1.94688 3.14957 0.674121
      vertex 1.45248 3.31739 0.99264
      vertex 1.85344 3.42483 0.674121
    endloop
  endfacet
  facet normal -0.343843 -0.169578 -0.923588
    outer loop
      vertex 2.46787 3.11542 0.412509
      vertex 2.36551 3.32297 0.412509
      vertex 2.8865 3.35712 0.212279
    endloop
  endfacet
  facet normal -0.670287 -0.227553 -0.706353
    outer loop
      vertex 1.56338 2.99072 0.99264
      vertex 1.22156 2.84913 1.36262
      vertex 1.45248 3.31739 0.99264
    endloop
  endfacet
  facet normal -0.546725 -0.269608 -0.792719
    outer loop
      vertex 1.71596 2.68131 0.99264
      vertex 1.56338 2.99072 0.99264
      vertex 1.94688 3.14957 0.674121
    endloop
  endfacet
  facet normal -0.408751 -0.828861 -0.381986
    outer loop
      vertex 2.5505 0.500602 2.71424
      vertex 2.10614 0.719737 2.71424
      vertex 2.62713 0.68559 2.23084
    endloop
  endfacet
  facet normal -0.44111 -0.660169 -0.607947
    outer loop
      vertex 2.33706 1.1197 1.77772
      vertex 1.97533 1.3614 1.77772
      vertex 2.49632 1.39555 1.36262
    endloop
  endfacet
  facet normal -0.571318 -0.651455 -0.499201
    outer loop
      vertex 1.81607 1.15385 2.23084
      vertex 1.46326 1.46326 2.23084
      vertex 1.97533 1.3614 1.77772
    endloop
  endfacet
  facet normal -0.408744 -0.828867 -0.381978
    outer loop
      vertex 2.62713 0.68559 2.23084
      vertex 2.10614 0.719737 2.71424
      vertex 2.20625 0.893141 2.23084
    endloop
  endfacet
  facet normal -0.330201 -0.376529 -0.865559
    outer loop
      vertex 2.64716 2.23695 0.674121
      vertex 2.42861 2.42861 0.674121
      vertex 2.92301 2.59643 0.412509
    endloop
  endfacet
  facet normal -0.401923 -0.458313 -0.792721
    outer loop
      vertex 2.64716 2.23695 0.674121
      vertex 2.13509 2.13509 0.99264
      vertex 2.42861 2.42861 0.674121
    endloop
  endfacet
  facet normal -0.86463 -0.0566727 -0.499203
    outer loop
      vertex 0.702575 3.56589 1.77772
      vertex 0.4432 3.53174 2.23084
      vertex 0.674121 4 1.77772
    endloop
  endfacet
  facet normal -0.849836 -0.169041 -0.499202
    outer loop
      vertex 0.787448 3.1392 1.77772
      vertex 0.534749 3.07149 2.23084
      vertex 0.702575 3.56589 1.77772
    endloop
  endfacet
  facet normal -0.376529 -0.330201 -0.865559
    outer loop
      vertex 2.42861 2.42861 0.674121
      vertex 2.23695 2.64716 0.674121
      vertex 2.59643 2.92301 0.412509
    endloop
  endfacet
  facet normal -0.458313 -0.401923 -0.792721
    outer loop
      vertex 2.42861 2.42861 0.674121
      vertex 2.13509 2.13509 0.99264
      vertex 2.23695 2.64716 0.674121
    endloop
  endfacet
  facet normal -0.117311 -0.0578547 -0.991409
    outer loop
      vertex 3.32419 3.60982 0.0768585
      vertex 3.27904 3.70137 0.0768585
      vertex 3.77344 3.86919 0.008564
    endloop
  endfacet
  facet normal -0.128289 -0.0254972 -0.991409
    outer loop
      vertex 3.7473 3.93229 0.008564
      vertex 3.22631 3.89814 0.0768585
      vertex 3.74063 3.96585 0.008564
    endloop
  endfacet
  facet normal 0.0982713 -0.0863168 -0.991409
    outer loop
      vertex 34.5518 3.4482 0.0768585
      vertex 34.185 3.81501 0.008564
      vertex 34.2076 3.84074 0.008564
    endloop
  endfacet
  facet normal -0.0255266 -0.128287 -0.991409
    outer loop
      vertex 3.89814 3.22631 0.0768585
      vertex 3.79803 3.24623 0.0768585
      vertex 3.93229 3.7473 0.008564
    endloop
  endfacet
  facet normal 0.0506176 -0.254358 -0.965785
    outer loop
      vertex 34.1678 2.72524 0.212279
      vertex 34.1019 3.22631 0.0768585
      vertex 34.202 3.24623 0.0768585
    endloop
  endfacet
  facet normal -0.0505591 0.254345 -0.965791
    outer loop
      vertex 3.89814 26.7737 0.0768585
      vertex 3.79803 26.7538 0.0768585
      vertex 3.83217 27.2748 0.212279
    endloop
  endfacet
  facet normal -0.0170204 0.258761 -0.965791
    outer loop
      vertex 3.89814 26.7737 0.0768585
      vertex 3.83217 27.2748 0.212279
      vertex 4 26.7804 0.0768585
    endloop
  endfacet
  facet normal -0.0832852 0.24563 -0.965779
    outer loop
      vertex 3.79803 26.7538 0.0768585
      vertex 3.50796 27.1879 0.212279
      vertex 3.66722 27.2419 0.212279
    endloop
  endfacet
  facet normal -0.118914 0.597925 -0.792682
    outer loop
      vertex 3.42483 28.1466 0.674121
      vertex 3.31739 28.5475 0.99264
      vertex 3.70993 28.2033 0.674121
    endloop
  endfacet
  facet normal -0.0579095 0.117292 -0.991408
    outer loop
      vertex 3.86919 26.2266 0.008564
      vertex 3.60982 26.6758 0.0768585
      vertex 3.70137 26.721 0.0768585
    endloop
  endfacet
  facet normal 0.128286 -0.0255008 -0.991409
    outer loop
      vertex 34.7538 3.79803 0.0768585
      vertex 34.2527 3.93229 0.008564
      vertex 34.7737 3.89814 0.0768585
    endloop
  endfacet
  facet normal -0.195029 0.170962 -0.965782
    outer loop
      vertex 3.3809 26.4751 0.0768585
      vertex 2.97994 26.7827 0.212279
      vertex 3.09083 26.9092 0.212279
    endloop
  endfacet
  facet normal -0.288283 0.252709 -0.923597
    outer loop
      vertex 2.97994 26.7827 0.212279
      vertex 2.59643 27.077 0.412509
      vertex 3.09083 26.9092 0.212279
    endloop
  endfacet
  facet normal -0.363033 0.123242 -0.92359
    outer loop
      vertex 2.81211 26.492 0.212279
      vertex 2.29113 26.4579 0.412509
      vertex 2.36551 26.677 0.412509
    endloop
  endfacet
  facet normal -0.382563 0.0250845 -0.923589
    outer loop
      vertex 2.72524 26.1678 0.212279
      vertex 2.23084 26 0.412509
      vertex 2.24598 26.2309 0.412509
    endloop
  endfacet
  facet normal -0.577222 0.195941 -0.792731
    outer loop
      vertex 1.94688 26.8504 0.674121
      vertex 1.45248 26.6826 0.99264
      vertex 1.56338 27.0093 0.99264
    endloop
  endfacet
  facet normal -0.546703 0.269606 -0.792735
    outer loop
      vertex 1.94688 26.8504 0.674121
      vertex 1.56338 27.0093 0.99264
      vertex 1.71596 27.3187 0.99264
    endloop
  endfacet
  facet normal -0.245556 0.0834026 -0.965788
    outer loop
      vertex 3.24623 26.202 0.0768585
      vertex 2.81211 26.492 0.212279
      vertex 3.27904 26.2986 0.0768585
    endloop
  endfacet
  facet normal -0.343865 0.169517 -0.923591
    outer loop
      vertex 2.81211 26.492 0.212279
      vertex 2.36551 26.677 0.412509
      vertex 2.8865 26.6429 0.212279
    endloop
  endfacet
  facet normal 0.338694 -0.506821 -0.792729
    outer loop
      vertex 35.6055 1.90762 0.99264
      vertex 35.3187 1.71596 0.99264
      vertex 35.3528 2.23695 0.674121
    endloop
  endfacet
  facet normal 0.393304 -0.588541 -0.706351
    outer loop
      vertex 35.5037 1.39555 1.36262
      vertex 35.3187 1.71596 0.99264
      vertex 35.6055 1.90762 0.99264
    endloop
  endfacet
  facet normal 0.310555 -0.914792 -0.258287
    outer loop
      vertex 35.5013 0.37549 3.21964
      vertex 35.0154 0.210536 3.21964
      vertex 35.4495 0.500602 2.71424
    endloop
  endfacet
  facet normal 0.636966 -0.726305 -0.258372
    outer loop
      vertex 36.3883 0.887563 3.21964
      vertex 36.3058 0.994999 2.71424
      vertex 36.6783 1.32168 2.71424
    endloop
  endfacet
  facet normal 0.188474 -0.947499 -0.258308
    outer loop
      vertex 34.5121 0.110421 3.21964
      vertex 34.4944 0.244683 2.71424
      vertex 35.0154 0.210536 3.21964
    endloop
  endfacet
  facet normal 0.188485 -0.947494 -0.258319
    outer loop
      vertex 35.0154 0.210536 3.21964
      vertex 34.4944 0.244683 2.71424
      vertex 34.9803 0.341343 2.71424
    endloop
  endfacet
  facet normal 0.310506 -0.914796 -0.258331
    outer loop
      vertex 35.0154 0.210536 3.21964
      vertex 34.9803 0.341343 2.71424
      vertex 35.4495 0.500602 2.71424
    endloop
  endfacet
  facet normal 0.318723 -0.938854 -0.130266
    outer loop
      vertex 35.0331 0.144568 3.73839
      vertex 35.0154 0.210536 3.21964
      vertex 35.5013 0.37549 3.21964
    endloop
  endfacet
  facet normal 0.803284 -0.536727 -0.258185
    outer loop
      vertex 37.3975 2.03843 3.21964
      vertex 37.1124 1.61174 3.21964
      vertex 37.2803 2.10614 2.71424
    endloop
  endfacet
  facet normal 0.824388 -0.550829 -0.130274
    outer loop
      vertex 37.1666 1.57017 3.73839
      vertex 37.1124 1.61174 3.21964
      vertex 37.3975 2.03843 3.21964
    endloop
  endfacet
  facet normal 0.94752 0.188373 0.258305
    outer loop
      vertex 37.7895 27.0154 20.7804
      vertex 37.6587 26.9803 21.2858
      vertex 37.7553 26.4944 21.2858
    endloop
  endfacet
  facet normal 0.914775 0.310579 0.258318
    outer loop
      vertex 37.7895 27.0154 20.7804
      vertex 37.4994 27.4495 21.2858
      vertex 37.6587 26.9803 21.2858
    endloop
  endfacet
  facet normal 0.154777 0.778728 0.60797
    outer loop
      vertex 34.8608 29.2126 22.2223
      vertex 34.3925 28.9816 22.6374
      vertex 34.7784 28.9049 22.6374
    endloop
  endfacet
  facet normal 0.118911 0.59791 0.792694
    outer loop
      vertex 34.3442 28.6148 23.0074
      vertex 34.2901 28.2033 23.3259
      vertex 34.6826 28.5475 23.0074
    endloop
  endfacet
  facet normal 0.694298 0.13808 0.706318
    outer loop
      vertex 36.9816 26.3925 22.6374
      vertex 36.5475 26.6826 23.0074
      vertex 36.6148 26.3442 23.0074
    endloop
  endfacet
  facet normal 0.706368 0.0464313 0.70632
    outer loop
      vertex 36.9816 26.3925 22.6374
      vertex 36.6148 26.3442 23.0074
      vertex 37.0074 26 22.6374
    endloop
  endfacet
  facet normal 0.258781 0 0.965936
    outer loop
      vertex 34.7804 26 23.9231
      vertex 35.2858 4 23.7877
      vertex 35.2858 26 23.7877
    endloop
  endfacet
  facet normal 0.258781 0 0.965936
    outer loop
      vertex 35.2858 4 23.7877
      vertex 34.7804 26 23.9231
      vertex 34.7804 4 23.9231
    endloop
  endfacet
  facet normal 0.245588 0.0833026 0.965788
    outer loop
      vertex 35.1879 26.492 23.7877
      vertex 34.7538 26.202 23.9231
      vertex 35.2419 26.3328 23.7877
    endloop
  endfacet
  facet normal 0.254323 0.0507104 0.965789
    outer loop
      vertex 35.2419 26.3328 23.7877
      vertex 34.7538 26.202 23.9231
      vertex 35.2748 26.1678 23.7877
    endloop
  endfacet
  facet normal 0.709228 0.0464551 -0.703447
    outer loop
      vertex 36.6374 26 0.99264
      vertex 36.6226 26.3374 1
      vertex 36.6447 26 1
    endloop
  endfacet
  facet normal 0.706656 0.0463987 -0.706034
    outer loop
      vertex 36.6226 26.3374 1
      vertex 36.6374 26 0.99264
      vertex 36.6148 26.3442 0.99264
    endloop
  endfacet
  facet normal 0.706185 0.0452683 -0.706579
    outer loop
      vertex 36.6226 26.3374 1
      vertex 36.6148 26.3442 0.99264
      vertex 36.6221 26.3452 1
    endloop
  endfacet
  facet normal -0.123869 0.0420542 0.991407
    outer loop
      vertex 3.7583 26.1001 23.9914
      vertex 3.27904 26.2986 23.9231
      vertex 3.7473 26.0677 23.9914
    endloop
  endfacet
  facet normal 0.0833908 -0.245521 0.965798
    outer loop
      vertex 34.2986 3.27904 23.9231
      vertex 34.202 3.24623 23.9231
      vertex 34.492 2.81211 23.7877
    endloop
  endfacet
  facet normal -0.0863237 0.0982791 0.991408
    outer loop
      vertex 3.84074 26.2076 23.9914
      vertex 3.4482 26.5518 23.9231
      vertex 3.81501 26.185 23.9914
    endloop
  endfacet
  facet normal -0.130531 0.00857449 0.991407
    outer loop
      vertex 3.74063 26.0341 23.9914
      vertex 3.21964 26 23.9231
      vertex 3.73839 26 23.9914
    endloop
  endfacet
  facet normal -0.362997 -0.123217 0.923607
    outer loop
      vertex 2.75805 3.66722 23.7877
      vertex 2.29113 3.54211 23.5875
      vertex 2.81211 3.50796 23.7877
    endloop
  endfacet
  facet normal -0.3438 -0.169552 0.923609
    outer loop
      vertex 2.81211 3.50796 23.7877
      vertex 2.36551 3.32297 23.5875
      vertex 2.8865 3.35712 23.7877
    endloop
  endfacet
  facet normal -0.245538 -0.0833449 0.965797
    outer loop
      vertex 3.24623 3.79803 23.9231
      vertex 2.81211 3.50796 23.7877
      vertex 3.27904 3.70137 23.9231
    endloop
  endfacet
  facet normal -0.491162 -0.0977043 0.865572
    outer loop
      vertex 2.24598 3.76908 23.5875
      vertex 1.79673 3.70993 23.3259
      vertex 2.29113 3.54211 23.5875
    endloop
  endfacet
  facet normal -0.375974 -0.0747846 0.923607
    outer loop
      vertex 2.72524 3.83217 23.7877
      vertex 2.29113 3.54211 23.5875
      vertex 2.75805 3.66722 23.7877
    endloop
  endfacet
  facet normal 0.123227 -0.362987 0.92361
    outer loop
      vertex 34.492 2.81211 23.7877
      vertex 34.4579 2.29113 23.5875
      vertex 34.677 2.36551 23.5875
    endloop
  endfacet
  facet normal 0.169495 -0.343821 0.923612
    outer loop
      vertex 34.6429 2.8865 23.7877
      vertex 34.492 2.81211 23.7877
      vertex 34.677 2.36551 23.5875
    endloop
  endfacet
  facet normal 0.0169617 -0.258743 0.965797
    outer loop
      vertex 34 3.21964 23.9231
      vertex 34 2.71424 23.7877
      vertex 34.1678 2.72524 23.7877
    endloop
  endfacet
  facet normal 0.0578589 -0.117323 0.991407
    outer loop
      vertex 34.1308 3.77344 23.9914
      vertex 34.1001 3.7583 23.9914
      vertex 34.2986 3.27904 23.9231
    endloop
  endfacet
  facet normal 0.0976902 -0.491155 0.865577
    outer loop
      vertex 34.4579 2.29113 23.5875
      vertex 34.2309 2.24598 23.5875
      vertex 34.2901 1.79673 23.3259
    endloop
  endfacet
  facet normal 0.0747802 -0.375971 0.923609
    outer loop
      vertex 34.4579 2.29113 23.5875
      vertex 34.1678 2.72524 23.7877
      vertex 34.2309 2.24598 23.5875
    endloop
  endfacet
  facet normal -0.128299 -0.0254992 0.991408
    outer loop
      vertex 3.74063 3.96585 23.9914
      vertex 3.22631 3.89814 23.9231
      vertex 3.7473 3.93229 23.9914
    endloop
  endfacet
  facet normal 0.0982791 -0.0863237 0.991408
    outer loop
      vertex 34.2076 3.84074 23.9914
      vertex 34.185 3.81501 23.9914
      vertex 34.5518 3.4482 23.9231
    endloop
  endfacet
  facet normal 0.144004 0.215626 0.965799
    outer loop
      vertex 34.6429 27.1135 23.7877
      vertex 34.3902 26.6758 23.9231
      vertex 34.4751 26.6191 23.9231
    endloop
  endfacet
  facet normal -0.154767 0.778744 0.607952
    outer loop
      vertex 3.56589 29.2974 22.2223
      vertex 3.1392 29.2126 22.2223
      vertex 3.60746 28.9816 22.6374
    endloop
  endfacet
  facet normal -0.0566868 0.864631 0.4992
    outer loop
      vertex 4 29.5875 21.7692
      vertex 3.53174 29.5568 21.7692
      vertex 4 29.3259 22.2223
    endloop
  endfacet
  facet normal -0.180195 0.906439 0.381967
    outer loop
      vertex 3.5056 29.7553 21.2858
      vertex 3.01967 29.6587 21.2858
      vertex 3.07149 29.4653 21.7692
    endloop
  endfacet
  facet normal -0.188363 0.947527 0.258288
    outer loop
      vertex 3.5056 29.7553 21.2858
      vertex 2.98462 29.7895 20.7804
      vertex 3.01967 29.6587 21.2858
    endloop
  endfacet
  facet normal -0.297168 0.875079 0.382006
    outer loop
      vertex 3.07149 29.4653 21.7692
      vertex 2.5505 29.4994 21.2858
      vertex 2.62713 29.3144 21.7692
    endloop
  endfacet
  facet normal -0.408695 0.82888 0.382005
    outer loop
      vertex 2.5505 29.4994 21.2858
      vertex 2.10614 29.2803 21.2858
      vertex 2.62713 29.3144 21.7692
    endloop
  endfacet
  facet normal -0.255299 0.75179 0.607975
    outer loop
      vertex 3.22164 28.9049 22.6374
      vertex 2.72724 29.0727 22.2223
      vertex 2.84913 28.7784 22.6374
    endloop
  endfacet
  facet normal -0.161066 0.474171 0.865575
    outer loop
      vertex 3.42483 28.1466 23.3259
      vertex 3.14957 28.0531 23.3259
      vertex 3.54211 27.7089 23.5875
    endloop
  endfacet
  facet normal -0.118921 0.597894 0.792705
    outer loop
      vertex 3.65575 28.6148 23.0074
      vertex 3.31739 28.5475 23.0074
      vertex 3.70993 28.2033 23.3259
    endloop
  endfacet
  facet normal -0.0463716 0.706346 0.706346
    outer loop
      vertex 4 29.0074 22.6374
      vertex 3.65575 28.6148 23.0074
      vertex 4 28.6374 23.0074
    endloop
  endfacet
  facet normal 0.393316 0.588535 0.706349
    outer loop
      vertex 35.8308 28.3859 22.6374
      vertex 35.5037 28.6045 22.6374
      vertex 35.6055 28.0924 23.0074
    endloop
  endfacet
  facet normal 0.441165 0.660134 0.607945
    outer loop
      vertex 36.0247 28.6386 22.2223
      vertex 35.5037 28.6045 22.6374
      vertex 35.8308 28.3859 22.6374
    endloop
  endfacet
  facet normal -0.108766 -0.0726762 0.991407
    outer loop
      vertex 3.77344 3.86919 23.9914
      vertex 3.32419 3.60982 23.9231
      vertex 3.79245 3.84074 23.9914
    endloop
  endfacet
  facet normal 0.232561 -0.114708 0.965794
    outer loop
      vertex 35.1879 3.50796 23.7877
      vertex 34.721 3.70137 23.9231
      vertex 35.1135 3.35712 23.7877
    endloop
  endfacet
  facet normal 0.245595 -0.0832734 0.965789
    outer loop
      vertex 35.2419 3.66722 23.7877
      vertex 34.7538 3.79803 23.9231
      vertex 35.1879 3.50796 23.7877
    endloop
  endfacet
  facet normal 0 -0.92388 0.382682
    outer loop
      vertex 4 0.212279 21.2858
      vertex 34 0.412509 21.7692
      vertex 4 0.412509 21.7692
    endloop
  endfacet
  facet normal 0 -0.92388 0.382682
    outer loop
      vertex 34 0.412509 21.7692
      vertex 4 0.212279 21.2858
      vertex 34 0.212279 21.2858
    endloop
  endfacet
  facet normal 0.188485 -0.947494 0.258319
    outer loop
      vertex 34.9803 0.341343 21.2858
      vertex 34.4944 0.244683 21.2858
      vertex 35.0154 0.210536 20.7804
    endloop
  endfacet
  facet normal 0.310506 -0.914796 0.258331
    outer loop
      vertex 35.4495 0.500602 21.2858
      vertex 34.9803 0.341343 21.2858
      vertex 35.0154 0.210536 20.7804
    endloop
  endfacet
  facet normal 0.169036 -0.84983 0.499216
    outer loop
      vertex 34.8608 0.787448 22.2223
      vertex 34.4341 0.702575 22.2223
      vertex 34.9285 0.534749 21.7692
    endloop
  endfacet
  facet normal 0.383288 -0.777099 0.499206
    outer loop
      vertex 35.7937 0.893141 21.7692
      vertex 35.2728 0.927288 22.2223
      vertex 35.3729 0.68559 21.7692
    endloop
  endfacet
  facet normal 0.154861 -0.778744 0.607927
    outer loop
      vertex 34.7784 1.09511 22.6374
      vertex 34.3925 1.01837 22.6374
      vertex 34.8608 0.787448 22.2223
    endloop
  endfacet
  facet normal 0.255197 -0.751867 0.607924
    outer loop
      vertex 35.2728 0.927288 22.2223
      vertex 34.7784 1.09511 22.6374
      vertex 34.8608 0.787448 22.2223
    endloop
  endfacet
  facet normal 0.0566732 -0.864618 0.499224
    outer loop
      vertex 34.4341 0.702575 22.2223
      vertex 34 0.674121 22.2223
      vertex 34.4683 0.4432 21.7692
    endloop
  endfacet
  facet normal 0.169056 -0.849815 0.499233
    outer loop
      vertex 34.9285 0.534749 21.7692
      vertex 34.4341 0.702575 22.2223
      vertex 34.4683 0.4432 21.7692
    endloop
  endfacet
  facet normal 0.712147 -0.351017 0.607975
    outer loop
      vertex 36.7784 2.84913 22.6374
      vertex 36.6045 2.49632 22.6374
      vertex 37.0727 2.72724 22.2223
    endloop
  endfacet
  facet normal 0.634879 -0.312932 0.7064
    outer loop
      vertex 36.7784 2.84913 22.6374
      vertex 36.284 2.68131 23.0074
      vertex 36.6045 2.49632 22.6374
    endloop
  endfacet
  facet normal 0.712146 -0.351163 0.607892
    outer loop
      vertex 37.0727 2.72724 22.2223
      vertex 36.6045 2.49632 22.6374
      vertex 36.8803 2.33706 22.2223
    endloop
  endfacet
  facet normal 0.660201 -0.441131 0.607897
    outer loop
      vertex 36.8803 2.33706 22.2223
      vertex 36.6045 2.49632 22.6374
      vertex 36.6386 1.97533 22.2223
    endloop
  endfacet
  facet normal 0.803284 -0.536727 0.258185
    outer loop
      vertex 37.2803 2.10614 21.2858
      vertex 37.1124 1.61174 20.7804
      vertex 37.3975 2.03843 20.7804
    endloop
  endfacet
  facet normal 0.82439 -0.55083 0.130262
    outer loop
      vertex 37.3975 2.03843 20.7804
      vertex 37.1124 1.61174 20.7804
      vertex 37.1666 1.57017 20.2616
    endloop
  endfacet
  facet normal 0.546846 -0.269532 -0.792661
    outer loop
      vertex 36.284 2.68131 0.99264
      vertex 35.9246 2.88886 0.674121
      vertex 36.0531 3.14957 0.674121
    endloop
  endfacet
  facet normal 0.449155 -0.221381 -0.865592
    outer loop
      vertex 35.9246 2.88886 0.674121
      vertex 35.5321 3.11542 0.412509
      vertex 36.0531 3.14957 0.674121
    endloop
  endfacet
  facet normal 0.37592 -0.0749789 -0.923614
    outer loop
      vertex 35.7089 3.54211 0.412509
      vertex 35.2419 3.66722 0.212279
      vertex 35.2748 3.83217 0.212279
    endloop
  endfacet
  facet normal 0.37607 -0.0747268 -0.923573
    outer loop
      vertex 35.7089 3.54211 0.412509
      vertex 35.2748 3.83217 0.212279
      vertex 35.754 3.76908 0.412509
    endloop
  endfacet
  facet normal 0.416394 -0.278228 -0.865567
    outer loop
      vertex 35.7631 2.64716 0.674121
      vertex 35.4036 2.92301 0.412509
      vertex 35.9246 2.88886 0.674121
    endloop
  endfacet
  facet normal 0.506906 -0.338706 -0.79267
    outer loop
      vertex 36.284 2.68131 0.99264
      vertex 35.7631 2.64716 0.674121
      vertex 35.9246 2.88886 0.674121
    endloop
  endfacet
  facet normal 0.401881 -0.45837 -0.792709
    outer loop
      vertex 35.8649 2.13509 0.99264
      vertex 35.3528 2.23695 0.674121
      vertex 35.5714 2.42861 0.674121
    endloop
  endfacet
  facet normal 0.45828 -0.401978 -0.792712
    outer loop
      vertex 35.8649 2.13509 0.99264
      vertex 35.5714 2.42861 0.674121
      vertex 35.7631 2.64716 0.674121
    endloop
  endfacet
  facet normal 0.36302 0.123135 -0.92361
    outer loop
      vertex 35.2419 26.3328 0.212279
      vertex 35.1879 26.492 0.212279
      vertex 35.7089 26.4579 0.412509
    endloop
  endfacet
  facet normal 0.363021 0.123272 -0.923591
    outer loop
      vertex 35.7089 26.4579 0.412509
      vertex 35.1879 26.492 0.212279
      vertex 35.6345 26.677 0.412509
    endloop
  endfacet
  facet normal 0.37607 0.0747169 -0.923574
    outer loop
      vertex 35.754 26.2309 0.412509
      vertex 35.2748 26.1678 0.212279
      vertex 35.7089 26.4579 0.412509
    endloop
  endfacet
  facet normal 0.49117 0.0976827 -0.865569
    outer loop
      vertex 36.2033 26.2901 0.674121
      vertex 35.7089 26.4579 0.412509
      vertex 36.1466 26.5752 0.674121
    endloop
  endfacet
  facet normal 0.382682 0 -0.92388
    outer loop
      vertex 35.2858 4 0.212279
      vertex 35.7692 26 0.412509
      vertex 35.7692 4 0.412509
    endloop
  endfacet
  facet normal 0.382682 0 -0.92388
    outer loop
      vertex 35.7692 26 0.412509
      vertex 35.2858 4 0.212279
      vertex 35.2858 26 0.212279
    endloop
  endfacet
  facet normal 0.254351 0.0505653 -0.965789
    outer loop
      vertex 34.7737 26.1019 0.0768585
      vertex 34.7538 26.202 0.0768585
      vertex 35.2748 26.1678 0.212279
    endloop
  endfacet
  facet normal 0.12385 0.0420479 -0.99141
    outer loop
      vertex 34.2527 26.0677 0.008564
      vertex 34.2417 26.1001 0.008564
      vertex 34.721 26.2986 0.0768585
    endloop
  endfacet
  facet normal 0.330207 0.376543 -0.865551
    outer loop
      vertex 35.5714 27.5714 0.674121
      vertex 35.077 27.4036 0.412509
      vertex 35.3528 27.7631 0.674121
    endloop
  endfacet
  facet normal 0.232555 0.114754 -0.96579
    outer loop
      vertex 34.721 26.2986 0.0768585
      vertex 34.6758 26.3902 0.0768585
      vertex 35.1135 26.6429 0.212279
    endloop
  endfacet
  facet normal 0.252797 0.288248 -0.923584
    outer loop
      vertex 35.251 27.251 0.412509
      vertex 34.9092 26.9092 0.212279
      vertex 35.077 27.4036 0.412509
    endloop
  endfacet
  facet normal 0.144069 0.21564 -0.965786
    outer loop
      vertex 34.7827 27.0201 0.212279
      vertex 34.4751 26.6191 0.0768585
      vertex 34.6429 27.1135 0.212279
    endloop
  endfacet
  facet normal 0.24563 -0.0832852 -0.965779
    outer loop
      vertex 35.1879 3.50796 0.212279
      vertex 34.7538 3.79803 0.0768585
      vertex 35.2419 3.66722 0.212279
    endloop
  endfacet
  facet normal 0.363029 -0.123092 -0.923611
    outer loop
      vertex 35.7089 3.54211 0.412509
      vertex 35.1879 3.50796 0.212279
      vertex 35.2419 3.66722 0.212279
    endloop
  endfacet
  facet normal 0.0420519 0.123848 -0.99141
    outer loop
      vertex 34.2986 26.721 0.0768585
      vertex 34.0677 26.2527 0.008564
      vertex 34.202 26.7538 0.0768585
    endloop
  endfacet
  facet normal 0.00857381 -0.130521 -0.991408
    outer loop
      vertex 34.0341 3.74063 0.008564
      vertex 34 3.21964 0.0768585
      vertex 34 3.73839 0.008564
    endloop
  endfacet
  facet normal 0.0577234 0.117358 -0.991411
    outer loop
      vertex 34.1308 26.2266 0.008564
      vertex 34.1001 26.2417 0.008564
      vertex 34.2986 26.721 0.0768585
    endloop
  endfacet
  facet normal 0.170962 -0.195029 -0.965782
    outer loop
      vertex 34.7827 2.97994 0.212279
      vertex 34.4751 3.3809 0.0768585
      vertex 34.9092 3.09083 0.212279
    endloop
  endfacet
  facet normal 0.252709 -0.288283 -0.923597
    outer loop
      vertex 35.077 2.59643 0.412509
      vertex 34.7827 2.97994 0.212279
      vertex 34.9092 3.09083 0.212279
    endloop
  endfacet
  facet normal -0.221502 -0.449155 -0.865561
    outer loop
      vertex 3.14957 1.94688 0.674121
      vertex 2.88886 2.07545 0.674121
      vertex 3.11542 2.46787 0.412509
    endloop
  endfacet
  facet normal 0.0327473 -0.499736 -0.865558
    outer loop
      vertex 34.2901 1.79673 0.674121
      vertex 34 1.77772 0.674121
      vertex 34 2.23084 0.412509
    endloop
  endfacet
  facet normal 0.114669 -0.232606 -0.965788
    outer loop
      vertex 34.492 2.81211 0.212279
      vertex 34.2986 3.27904 0.0768585
      vertex 34.6429 2.8865 0.212279
    endloop
  endfacet
  facet normal 0.123276 -0.363033 -0.923585
    outer loop
      vertex 34.4579 2.29113 0.412509
      vertex 34.3328 2.75805 0.212279
      vertex 34.492 2.81211 0.212279
    endloop
  endfacet
  facet normal -0.0250741 -0.382562 -0.92359
    outer loop
      vertex 4 2.23084 0.412509
      vertex 3.83217 2.72524 0.212279
      vertex 4 2.71424 0.212279
    endloop
  endfacet
  facet normal -0.278225 -0.416407 -0.865561
    outer loop
      vertex 3.11542 2.46787 0.412509
      vertex 2.88886 2.07545 0.674121
      vertex 2.92301 2.59643 0.412509
    endloop
  endfacet
  facet normal -0.0398628 -0.608279 -0.792722
    outer loop
      vertex 4 1.36262 0.99264
      vertex 3.65575 1.38518 0.99264
      vertex 3.70993 1.79673 0.674121
    endloop
  endfacet
  facet normal -0.252777 -0.288247 -0.923589
    outer loop
      vertex 3.21728 2.97994 0.212279
      vertex 2.92301 2.59643 0.412509
      vertex 3.09083 3.09083 0.212279
    endloop
  endfacet
  facet normal -0.170988 -0.194981 -0.965788
    outer loop
      vertex 3.21728 2.97994 0.212279
      vertex 3.09083 3.09083 0.212279
      vertex 3.52495 3.3809 0.0768585
    endloop
  endfacet
  facet normal -0.212993 -0.318777 -0.923588
    outer loop
      vertex 3.11542 2.46787 0.412509
      vertex 2.92301 2.59643 0.412509
      vertex 3.35712 2.8865 0.212279
    endloop
  endfacet
  facet normal -0.255217 -0.751847 0.60794
    outer loop
      vertex 2.84913 1.22156 22.6374
      vertex 2.72724 0.927288 22.2223
      vertex 3.22164 1.09511 22.6374
    endloop
  endfacet
  facet normal -0.227543 -0.670321 0.706324
    outer loop
      vertex 3.31739 1.45248 23.0074
      vertex 2.84913 1.22156 22.6374
      vertex 3.22164 1.09511 22.6374
    endloop
  endfacet
  facet normal -0.523511 -0.596937 0.60795
    outer loop
      vertex 2.16924 1.6141 22.6374
      vertex 1.87348 1.87348 22.6374
      vertex 1.97533 1.3614 22.2223
    endloop
  endfacet
  facet normal -0.441112 -0.660165 0.607949
    outer loop
      vertex 2.16924 1.6141 22.6374
      vertex 1.97533 1.3614 22.2223
      vertex 2.49632 1.39555 22.6374
    endloop
  endfacet
  facet normal -0.831467 -0.555574 0
    outer loop
      vertex 0.833381 1.57017 3.73839
      vertex 0.543315 2.00428 20.2616
      vertex 0.543315 2.00428 3.73839
    endloop
  endfacet
  facet normal -0.831467 -0.555574 0
    outer loop
      vertex 0.543315 2.00428 20.2616
      vertex 0.833381 1.57017 3.73839
      vertex 0.833381 1.57017 20.2616
    endloop
  endfacet
  facet normal -0.29706 -0.875127 -0.381979
    outer loop
      vertex 3.01967 0.341343 2.71424
      vertex 2.5505 0.500602 2.71424
      vertex 3.07149 0.534749 2.23084
    endloop
  endfacet
  facet normal -0.310526 -0.914797 -0.258302
    outer loop
      vertex 2.98462 0.210536 3.21964
      vertex 2.5505 0.500602 2.71424
      vertex 3.01967 0.341343 2.71424
    endloop
  endfacet
  facet normal -0.0726685 0.108772 -0.991407
    outer loop
      vertex 3.84074 26.2076 0.008564
      vertex 3.52495 26.6191 0.0768585
      vertex 3.60982 26.6758 0.0768585
    endloop
  endfacet
  facet normal 0.098219 0.0863716 -0.99141
    outer loop
      vertex 34.2076 26.1593 0.008564
      vertex 34.185 26.185 0.008564
      vertex 34.5518 26.5518 0.0768585
    endloop
  endfacet
  facet normal -0.232606 0.114669 -0.965788
    outer loop
      vertex 3.27904 26.2986 0.0768585
      vertex 2.81211 26.492 0.212279
      vertex 2.8865 26.6429 0.212279
    endloop
  endfacet
  facet normal -0.0520137 0.792269 -0.607951
    outer loop
      vertex 3.60746 28.9816 1.36262
      vertex 3.56589 29.2974 1.77772
      vertex 4 29.3259 1.77772
    endloop
  endfacet
  facet normal -0.0520741 0.792293 -0.607915
    outer loop
      vertex 4 29.0074 1.36262
      vertex 3.60746 28.9816 1.36262
      vertex 4 29.3259 1.77772
    endloop
  endfacet
  facet normal -0.523579 0.596905 -0.607923
    outer loop
      vertex 1.87348 28.1265 1.36262
      vertex 1.64825 28.3517 1.77772
      vertex 1.97533 28.6386 1.77772
    endloop
  endfacet
  facet normal -0.441131 0.660201 -0.607897
    outer loop
      vertex 2.49632 28.6045 1.36262
      vertex 1.97533 28.6386 1.77772
      vertex 2.33706 28.8803 1.77772
    endloop
  endfacet
  facet normal -0.227559 0.670304 -0.706335
    outer loop
      vertex 2.99072 28.4366 0.99264
      vertex 2.84913 28.7784 1.36262
      vertex 3.31739 28.5475 0.99264
    endloop
  endfacet
  facet normal -0.138017 0.694257 -0.70637
    outer loop
      vertex 3.31739 28.5475 0.99264
      vertex 3.22164 28.9049 1.36262
      vertex 3.60746 28.9816 1.36262
    endloop
  endfacet
  facet normal -0.416424 0.278251 -0.865545
    outer loop
      vertex 2.46787 26.8846 0.412509
      vertex 2.07545 27.1111 0.674121
      vertex 2.59643 27.077 0.412509
    endloop
  endfacet
  facet normal -0.196078 0.577244 -0.792681
    outer loop
      vertex 3.42483 28.1466 0.674121
      vertex 3.14957 28.0531 0.674121
      vertex 3.31739 28.5475 0.99264
    endloop
  endfacet
  facet normal -0.118926 0.597916 -0.792687
    outer loop
      vertex 3.70993 28.2033 0.674121
      vertex 3.31739 28.5475 0.99264
      vertex 3.65575 28.6148 0.99264
    endloop
  endfacet
  facet normal -0.45837 0.401881 -0.792709
    outer loop
      vertex 2.23695 27.3528 0.674121
      vertex 2.13509 27.8649 0.99264
      vertex 2.42861 27.5714 0.674121
    endloop
  endfacet
  facet normal -0.401975 0.458287 -0.79271
    outer loop
      vertex 2.64716 27.7631 0.674121
      vertex 2.13509 27.8649 0.99264
      vertex 2.39446 28.0924 0.99264
    endloop
  endfacet
  facet normal -0.0328903 0.499673 -0.865589
    outer loop
      vertex 3.76908 27.754 0.412509
      vertex 3.70993 28.2033 0.674121
      vertex 4 27.7692 0.412509
    endloop
  endfacet
  facet normal 0.161102 0.474173 -0.865567
    outer loop
      vertex 34.8504 28.0531 0.674121
      vertex 34.4579 27.7089 0.412509
      vertex 34.5752 28.1466 0.674121
    endloop
  endfacet
  facet normal 0.161036 0.474233 -0.865547
    outer loop
      vertex 34.677 27.6345 0.412509
      vertex 34.4579 27.7089 0.412509
      vertex 34.8504 28.0531 0.674121
    endloop
  endfacet
  facet normal -0.481522 0.720399 0.499161
    outer loop
      vertex 2.20625 29.1069 21.7692
      vertex 1.81607 28.8461 21.7692
      vertex 1.97533 28.6386 22.2223
    endloop
  endfacet
  facet normal -0.481373 0.720426 0.499265
    outer loop
      vertex 2.20625 29.1069 21.7692
      vertex 1.97533 28.6386 22.2223
      vertex 2.33706 28.8803 22.2223
    endloop
  endfacet
  facet normal -0.720485 0.481386 0.499169
    outer loop
      vertex 1.15385 28.1839 21.7692
      vertex 0.893141 27.7937 21.7692
      vertex 1.3614 28.0247 22.2223
    endloop
  endfacet
  facet normal -0.720496 0.481326 0.49921
    outer loop
      vertex 1.3614 28.0247 22.2223
      vertex 0.893141 27.7937 21.7692
      vertex 1.1197 27.6629 22.2223
    endloop
  endfacet
  facet normal -0.0251804 0.382544 0.923594
    outer loop
      vertex 4 27.7692 23.5875
      vertex 3.76908 27.754 23.5875
      vertex 3.83217 27.2748 23.7877
    endloop
  endfacet
  facet normal -0.40196 0.45827 0.792727
    outer loop
      vertex 2.39446 28.0924 23.0074
      vertex 2.13509 27.8649 23.0074
      vertex 2.64716 27.7631 23.3259
    endloop
  endfacet
  facet normal -0.706371 0.0463055 0.706326
    outer loop
      vertex 1.01837 26.3925 22.6374
      vertex 0.99264 26 22.6374
      vertex 1.38518 26.3442 23.0074
    endloop
  endfacet
  facet normal -0.382514 0.0250813 0.923609
    outer loop
      vertex 2.24598 26.2309 23.5875
      vertex 2.23084 26 23.5875
      vertex 2.72524 26.1678 23.7877
    endloop
  endfacet
  facet normal -0.313121 0.63488 0.706316
    outer loop
      vertex 2.84913 28.7784 22.6374
      vertex 2.68131 28.284 23.0074
      vertex 2.99072 28.4366 23.0074
    endloop
  endfacet
  facet normal -0.338583 0.506902 0.792724
    outer loop
      vertex 2.68131 28.284 23.0074
      vertex 2.39446 28.0924 23.0074
      vertex 2.64716 27.7631 23.3259
    endloop
  endfacet
  facet normal -0.588557 0.393315 0.706332
    outer loop
      vertex 1.90762 27.6055 23.0074
      vertex 1.39555 27.5037 22.6374
      vertex 1.71596 27.3187 23.0074
    endloop
  endfacet
  facet normal -0.751842 0.255222 0.607944
    outer loop
      vertex 1.22156 27.1509 22.6374
      vertex 0.927288 27.2728 22.2223
      vertex 1.09511 26.7784 22.6374
    endloop
  endfacet
  facet normal -0.608257 0.0398585 0.792739
    outer loop
      vertex 1.79673 26.2901 23.3259
      vertex 1.36262 26 23.0074
      vertex 1.77772 26 23.3259
    endloop
  endfacet
  facet normal -0.499719 0.0327462 0.865568
    outer loop
      vertex 1.79673 26.2901 23.3259
      vertex 1.77772 26 23.3259
      vertex 2.23084 26 23.5875
    endloop
  endfacet
  facet normal -0.0169587 0.258743 0.965797
    outer loop
      vertex 4 27.2858 23.7877
      vertex 3.83217 27.2748 23.7877
      vertex 4 26.7804 23.9231
    endloop
  endfacet
  facet normal -0.330212 0.376497 0.865569
    outer loop
      vertex 2.92301 27.4036 23.5875
      vertex 2.42861 27.5714 23.3259
      vertex 2.74902 27.251 23.5875
    endloop
  endfacet
  facet normal -0.245531 0.0833757 0.965797
    outer loop
      vertex 2.81211 26.492 23.7877
      vertex 2.75805 26.3328 23.7877
      vertex 3.24623 26.202 23.9231
    endloop
  endfacet
  facet normal -0.258743 0.0169617 0.965797
    outer loop
      vertex 2.72524 26.1678 23.7877
      vertex 2.71424 26 23.7877
      vertex 3.21964 26 23.9231
    endloop
  endfacet
  facet normal -0.00858584 0.13053 0.991407
    outer loop
      vertex 4 26.7804 23.9231
      vertex 3.89814 26.7737 23.9231
      vertex 3.96585 26.2594 23.9914
    endloop
  endfacet
  facet normal -0 0.382633 0.9239
    outer loop
      vertex 4 27.7692 23.5875
      vertex 34 27.2858 23.7877
      vertex 34 27.7692 23.5875
    endloop
  endfacet
  facet normal 0 0.382633 0.9239
    outer loop
      vertex 34 27.2858 23.7877
      vertex 4 27.7692 23.5875
      vertex 4 27.2858 23.7877
    endloop
  endfacet
  facet normal -0.92388 0 -0.382682
    outer loop
      vertex 0.412509 4 2.23084
      vertex 0.212279 26 2.71424
      vertex 0.412509 26 2.23084
    endloop
  endfacet
  facet normal -0.92388 -0 -0.382682
    outer loop
      vertex 0.212279 26 2.71424
      vertex 0.412509 4 2.23084
      vertex 0.212279 4 2.71424
    endloop
  endfacet
  facet normal -0.963997 -0.063183 -0.258299
    outer loop
      vertex 0.110421 3.48793 3.21964
      vertex 0.0768585 4 3.21964
      vertex 0.244683 3.5056 2.71424
    endloop
  endfacet
  facet normal -0.963996 -0.0631823 -0.2583
    outer loop
      vertex 0.244683 3.5056 2.71424
      vertex 0.0768585 4 3.21964
      vertex 0.212279 4 2.71424
    endloop
  endfacet
  facet normal -0.922191 0.0604423 -0.381982
    outer loop
      vertex 0.412509 26 2.23084
      vertex 0.212279 26 2.71424
      vertex 0.244683 26.4944 2.71424
    endloop
  endfacet
  facet normal -0.866023 0 -0.500004
    outer loop
      vertex 0.674121 4 1.77772
      vertex 0.412509 26 2.23084
      vertex 0.674121 26 1.77772
    endloop
  endfacet
  facet normal -0.866023 -0 -0.500004
    outer loop
      vertex 0.412509 26 2.23084
      vertex 0.674121 4 1.77772
      vertex 0.412509 4 2.23084
    endloop
  endfacet
  facet normal -0.53212 0.466761 -0.706387
    outer loop
      vertex 1.90762 27.6055 0.99264
      vertex 1.6141 27.8308 1.36262
      vertex 1.87348 28.1265 1.36262
    endloop
  endfacet
  facet normal -0.532229 0.466716 -0.706334
    outer loop
      vertex 1.90762 27.6055 0.99264
      vertex 1.87348 28.1265 1.36262
      vertex 2.13509 27.8649 0.99264
    endloop
  endfacet
  facet normal -0.588549 0.393236 -0.706382
    outer loop
      vertex 1.90762 27.6055 0.99264
      vertex 1.39555 27.5037 1.36262
      vertex 1.6141 27.8308 1.36262
    endloop
  endfacet
  facet normal -0.588541 0.393304 -0.706351
    outer loop
      vertex 1.71596 27.3187 0.99264
      vertex 1.39555 27.5037 1.36262
      vertex 1.90762 27.6055 0.99264
    endloop
  endfacet
  facet normal -0.792281 -0.051932 -0.607942
    outer loop
      vertex 1.01837 3.60746 1.36262
      vertex 0.674121 4 1.77772
      vertex 0.99264 4 1.36262
    endloop
  endfacet
  facet normal -0.408665 0.82891 -0.38197
    outer loop
      vertex 2.20625 29.1069 2.23084
      vertex 2.10614 29.2803 2.71424
      vertex 2.62713 29.3144 2.23084
    endloop
  endfacet
  facet normal -0.383155 0.777167 -0.499203
    outer loop
      vertex 2.72724 29.0727 1.77772
      vertex 2.20625 29.1069 2.23084
      vertex 2.62713 29.3144 2.23084
    endloop
  endfacet
  facet normal -0.0648453 -0.989358 -0.130251
    outer loop
      vertex 4 0.008564 3.73839
      vertex 3.48793 0.110421 3.21964
      vertex 4 0.0768585 3.21964
    endloop
  endfacet
  facet normal -0.188471 -0.947502 -0.258298
    outer loop
      vertex 3.48793 0.110421 3.21964
      vertex 2.98462 0.210536 3.21964
      vertex 3.5056 0.244683 2.71424
    endloop
  endfacet
  facet normal -0.180296 -0.906411 -0.381984
    outer loop
      vertex 3.5056 0.244683 2.71424
      vertex 3.07149 0.534749 2.23084
      vertex 3.53174 0.4432 2.23084
    endloop
  endfacet
  facet normal -0.0604423 -0.922191 -0.381982
    outer loop
      vertex 4 0.212279 2.71424
      vertex 3.5056 0.244683 2.71424
      vertex 4 0.412509 2.23084
    endloop
  endfacet
  facet normal -0.343844 -0.169574 -0.923589
    outer loop
      vertex 2.8865 3.35712 0.212279
      vertex 2.36551 3.32297 0.412509
      vertex 2.81211 3.50796 0.212279
    endloop
  endfacet
  facet normal -0.318777 -0.212993 -0.923588
    outer loop
      vertex 2.59643 2.92301 0.412509
      vertex 2.46787 3.11542 0.412509
      vertex 2.8865 3.35712 0.212279
    endloop
  endfacet
  facet normal -0.330207 -0.376517 -0.865562
    outer loop
      vertex 2.92301 2.59643 0.412509
      vertex 2.42861 2.42861 0.674121
      vertex 2.74902 2.74902 0.412509
    endloop
  endfacet
  facet normal -0.376517 -0.330207 -0.865562
    outer loop
      vertex 2.74902 2.74902 0.412509
      vertex 2.42861 2.42861 0.674121
      vertex 2.59643 2.92301 0.412509
    endloop
  endfacet
  facet normal -0.546716 -0.269615 -0.792723
    outer loop
      vertex 2.07545 2.88886 0.674121
      vertex 1.71596 2.68131 0.99264
      vertex 1.94688 3.14957 0.674121
    endloop
  endfacet
  facet normal -0.474236 -0.160964 -0.865558
    outer loop
      vertex 2.36551 3.32297 0.412509
      vertex 1.94688 3.14957 0.674121
      vertex 2.29113 3.54211 0.412509
    endloop
  endfacet
  facet normal -0.651448 -0.571322 -0.499206
    outer loop
      vertex 1.46326 1.46326 2.23084
      vertex 1.3614 1.97533 1.77772
      vertex 1.64825 1.64825 1.77772
    endloop
  endfacet
  facet normal -0.481394 -0.720458 -0.4992
    outer loop
      vertex 2.20625 0.893141 2.23084
      vertex 1.97533 1.3614 1.77772
      vertex 2.33706 1.1197 1.77772
    endloop
  endfacet
  facet normal -0.269608 -0.546725 -0.792719
    outer loop
      vertex 2.99072 1.56338 0.99264
      vertex 2.68131 1.71596 0.99264
      vertex 3.14957 1.94688 0.674121
    endloop
  endfacet
  facet normal -0.393276 -0.588573 -0.70634
    outer loop
      vertex 2.49632 1.39555 1.36262
      vertex 2.16924 1.6141 1.36262
      vertex 2.39446 1.90762 0.99264
    endloop
  endfacet
  facet normal -0.318769 -0.212999 -0.92359
    outer loop
      vertex 2.97994 3.21728 0.212279
      vertex 2.59643 2.92301 0.412509
      vertex 2.8865 3.35712 0.212279
    endloop
  endfacet
  facet normal -0.215628 -0.144081 -0.965787
    outer loop
      vertex 2.97994 3.21728 0.212279
      vertex 2.8865 3.35712 0.212279
      vertex 3.3809 3.52495 0.0768585
    endloop
  endfacet
  facet normal -0.376019 0.0747897 -0.923589
    outer loop
      vertex 2.72524 26.1678 0.212279
      vertex 2.24598 26.2309 0.412509
      vertex 2.29113 26.4579 0.412509
    endloop
  endfacet
  facet normal -0.258785 -0.0169458 -0.965786
    outer loop
      vertex 3.22631 3.89814 0.0768585
      vertex 2.72524 3.83217 0.212279
      vertex 3.21964 4 0.0768585
    endloop
  endfacet
  facet normal -0.0726487 0.108782 -0.991407
    outer loop
      vertex 3.84074 26.2076 0.008564
      vertex 3.60982 26.6758 0.0768585
      vertex 3.86919 26.2266 0.008564
    endloop
  endfacet
  facet normal 0.0255793 0.128278 -0.991408
    outer loop
      vertex 34.0677 26.2527 0.008564
      vertex 34.0341 26.2594 0.008564
      vertex 34.1019 26.7737 0.0768585
    endloop
  endfacet
  facet normal 0.114657 -0.232615 -0.965787
    outer loop
      vertex 34.6429 2.8865 0.212279
      vertex 34.2986 3.27904 0.0768585
      vertex 34.3902 3.32419 0.0768585
    endloop
  endfacet
  facet normal 0.130509 -0.00840759 -0.991412
    outer loop
      vertex 34.7804 4 0.0768585
      vertex 34.2594 3.96585 0.008564
      vertex 34.2616 4 0.008564
    endloop
  endfacet
  facet normal -0.221515 -0.449155 -0.865558
    outer loop
      vertex 3.14957 1.94688 0.674121
      vertex 3.11542 2.46787 0.412509
      vertex 3.32297 2.36551 0.412509
    endloop
  endfacet
  facet normal -0.215627 -0.144082 -0.965787
    outer loop
      vertex 3.3809 3.52495 0.0768585
      vertex 2.8865 3.35712 0.212279
      vertex 3.32419 3.60982 0.0768585
    endloop
  endfacet
  facet normal -0.098347 -0.0862378 -0.991409
    outer loop
      vertex 3.4482 3.4482 0.0768585
      vertex 3.3809 3.52495 0.0768585
      vertex 3.79245 3.84074 0.008564
    endloop
  endfacet
  facet normal -0.170988 0.194963 -0.965791
    outer loop
      vertex 3.52495 26.6191 0.0768585
      vertex 3.09083 26.9092 0.212279
      vertex 3.21728 27.0201 0.212279
    endloop
  endfacet
  facet normal -0.170974 0.194982 -0.96579
    outer loop
      vertex 3.4482 26.5518 0.0768585
      vertex 3.09083 26.9092 0.212279
      vertex 3.52495 26.6191 0.0768585
    endloop
  endfacet
  facet normal -0.499726 0.0327668 -0.865563
    outer loop
      vertex 2.23084 26 0.412509
      vertex 1.79673 26.2901 0.674121
      vertex 2.24598 26.2309 0.412509
    endloop
  endfacet
  facet normal -0.491172 0.0976935 -0.865567
    outer loop
      vertex 2.24598 26.2309 0.412509
      vertex 1.79673 26.2901 0.674121
      vertex 2.29113 26.4579 0.412509
    endloop
  endfacet
  facet normal -0.491174 0.0977007 -0.865565
    outer loop
      vertex 2.29113 26.4579 0.412509
      vertex 1.79673 26.2901 0.674121
      vertex 1.85344 26.5752 0.674121
    endloop
  endfacet
  facet normal -0.597874 0.118925 -0.792719
    outer loop
      vertex 1.79673 26.2901 0.674121
      vertex 1.45248 26.6826 0.99264
      vertex 1.85344 26.5752 0.674121
    endloop
  endfacet
  facet normal 0.0578834 0.117304 -0.991408
    outer loop
      vertex 34.3902 26.6758 0.0768585
      vertex 34.1308 26.2266 0.008564
      vertex 34.2986 26.721 0.0768585
    endloop
  endfacet
  facet normal -0.0982989 0.0862888 -0.991409
    outer loop
      vertex 3.79245 26.1593 0.008564
      vertex 3.4482 26.5518 0.0768585
      vertex 3.81501 26.185 0.008564
    endloop
  endfacet
  facet normal 0.0420509 -0.123859 -0.991408
    outer loop
      vertex 34.2986 3.27904 0.0768585
      vertex 34.0677 3.7473 0.008564
      vertex 34.1001 3.7583 0.008564
    endloop
  endfacet
  facet normal 0.278248 -0.416424 -0.865545
    outer loop
      vertex 35.1111 2.07545 0.674121
      vertex 35.077 2.59643 0.412509
      vertex 35.3528 2.23695 0.674121
    endloop
  endfacet
  facet normal 0.338653 -0.506827 -0.792742
    outer loop
      vertex 35.3187 1.71596 0.99264
      vertex 35.1111 2.07545 0.674121
      vertex 35.3528 2.23695 0.674121
    endloop
  endfacet
  facet normal 0.653758 -0.745425 -0.130158
    outer loop
      vertex 36.4298 0.833381 3.73839
      vertex 36.3883 0.887563 3.21964
      vertex 36.7741 1.22592 3.21964
    endloop
  endfacet
  facet normal 0.550831 -0.824403 -0.130173
    outer loop
      vertex 36.4298 0.833381 3.73839
      vertex 35.9616 0.60246 3.21964
      vertex 36.3883 0.887563 3.21964
    endloop
  endfacet
  facet normal 0.427252 -0.866456 -0.258282
    outer loop
      vertex 35.5013 0.37549 3.21964
      vertex 35.4495 0.500602 2.71424
      vertex 35.8939 0.719737 2.71424
    endloop
  endfacet
  facet normal 0.427243 -0.866458 -0.25829
    outer loop
      vertex 35.9616 0.60246 3.21964
      vertex 35.5013 0.37549 3.21964
      vertex 35.8939 0.719737 2.71424
    endloop
  endfacet
  facet normal 0.227546 0.670326 0.706319
    outer loop
      vertex 35.1509 28.7784 22.6374
      vertex 34.6826 28.5475 23.0074
      vertex 35.0093 28.4366 23.0074
    endloop
  endfacet
  facet normal 0.227617 0.670254 0.706364
    outer loop
      vertex 34.7784 28.9049 22.6374
      vertex 34.6826 28.5475 23.0074
      vertex 35.1509 28.7784 22.6374
    endloop
  endfacet
  facet normal 0.232522 0.114738 0.965799
    outer loop
      vertex 35.1135 26.6429 23.7877
      vertex 34.6758 26.3902 23.9231
      vertex 34.721 26.2986 23.9231
    endloop
  endfacet
  facet normal 0.232579 0.114671 0.965794
    outer loop
      vertex 35.1135 26.6429 23.7877
      vertex 34.721 26.2986 23.9231
      vertex 35.1879 26.492 23.7877
    endloop
  endfacet
  facet normal 0.375879 0.0749479 0.923633
    outer loop
      vertex 35.7089 26.4579 23.5875
      vertex 35.2419 26.3328 23.7877
      vertex 35.2748 26.1678 23.7877
    endloop
  endfacet
  facet normal 0.362973 0.123119 0.92363
    outer loop
      vertex 35.7089 26.4579 23.5875
      vertex 35.1879 26.492 23.7877
      vertex 35.2419 26.3328 23.7877
    endloop
  endfacet
  facet normal 0.693784 0.137878 -0.706862
    outer loop
      vertex 36.6148 26.3442 0.99264
      vertex 36.5562 26.6768 1
      vertex 36.6221 26.3452 1
    endloop
  endfacet
  facet normal 0.691569 0.137537 -0.709095
    outer loop
      vertex 36.5562 26.6768 1
      vertex 36.6148 26.3442 0.99264
      vertex 36.5475 26.6826 0.99264
    endloop
  endfacet
  facet normal 0.707029 0 -0.707185
    outer loop
      vertex 37.0074 15 1.36262
      vertex 37.0074 4 1.36262
      vertex 36.6447 15 1
    endloop
  endfacet
  facet normal 0.709995 0 -0.704207
    outer loop
      vertex 36.6447 15 1
      vertex 36.6374 26 0.99264
      vertex 36.6447 26 1
    endloop
  endfacet
  facet normal 0.709995 0 -0.704207
    outer loop
      vertex 36.6447 15 1
      vertex 36.6374 4 0.99264
      vertex 36.6374 26 0.99264
    endloop
  endfacet
  facet normal 0.707088 3.88242e-06 -0.707126
    outer loop
      vertex 36.6374 4 0.99264
      vertex 36.6447 15 1
      vertex 37.0074 4 1.36262
    endloop
  endfacet
  facet normal 0.117302 -0.0579141 0.991406
    outer loop
      vertex 34.721 3.70137 23.9231
      vertex 34.2266 3.86919 23.9914
      vertex 34.6758 3.60982 23.9231
    endloop
  endfacet
  facet normal -0.254316 -0.0505856 0.965797
    outer loop
      vertex 3.24623 3.79803 23.9231
      vertex 2.72524 3.83217 23.7877
      vertex 2.75805 3.66722 23.7877
    endloop
  endfacet
  facet normal -0.254317 -0.0506042 0.965796
    outer loop
      vertex 3.22631 3.89814 23.9231
      vertex 2.72524 3.83217 23.7877
      vertex 3.24623 3.79803 23.9231
    endloop
  endfacet
  facet normal -0.0862447 -0.0983548 0.991407
    outer loop
      vertex 3.84074 3.79245 23.9914
      vertex 3.4482 3.4482 23.9231
      vertex 3.52495 3.3809 23.9231
    endloop
  endfacet
  facet normal -0.170957 -0.194963 0.965797
    outer loop
      vertex 3.4482 3.4482 23.9231
      vertex 3.09083 3.09083 23.7877
      vertex 3.52495 3.3809 23.9231
    endloop
  endfacet
  facet normal -0.11732 -0.0578592 0.991407
    outer loop
      vertex 3.77344 3.86919 23.9914
      vertex 3.27904 3.70137 23.9231
      vertex 3.32419 3.60982 23.9231
    endloop
  endfacet
  facet normal -0.215597 -0.144062 0.965797
    outer loop
      vertex 3.32419 3.60982 23.9231
      vertex 2.8865 3.35712 23.7877
      vertex 3.3809 3.52495 23.9231
    endloop
  endfacet
  facet normal 0.0420693 -0.123861 0.991407
    outer loop
      vertex 34.2986 3.27904 23.9231
      vertex 34.0677 3.7473 23.9914
      vertex 34.202 3.24623 23.9231
    endloop
  endfacet
  facet normal 0.0255307 -0.128294 0.991407
    outer loop
      vertex 34.202 3.24623 23.9231
      vertex 34.0677 3.7473 23.9914
      vertex 34.1019 3.22631 23.9231
    endloop
  endfacet
  facet normal 0.0747633 -0.375981 0.923606
    outer loop
      vertex 34.3328 2.75805 23.7877
      vertex 34.1678 2.72524 23.7877
      vertex 34.4579 2.29113 23.5875
    endloop
  endfacet
  facet normal 0.0506104 -0.254322 0.965794
    outer loop
      vertex 34.202 3.24623 23.9231
      vertex 34.1019 3.22631 23.9231
      vertex 34.1678 2.72524 23.7877
    endloop
  endfacet
  facet normal -0.441181 0.660117 0.607952
    outer loop
      vertex 2.49632 28.6045 22.6374
      vertex 1.97533 28.6386 22.2223
      vertex 2.16924 28.3859 22.6374
    endloop
  endfacet
  facet normal -0.0520137 0.792269 0.607951
    outer loop
      vertex 4 29.3259 22.2223
      vertex 3.56589 29.2974 22.2223
      vertex 3.60746 28.9816 22.6374
    endloop
  endfacet
  facet normal -0.1689 0.849856 0.499216
    outer loop
      vertex 3.56589 29.2974 22.2223
      vertex 3.07149 29.4653 21.7692
      vertex 3.1392 29.2126 22.2223
    endloop
  endfacet
  facet normal -0.278619 0.820457 0.499221
    outer loop
      vertex 3.07149 29.4653 21.7692
      vertex 2.62713 29.3144 21.7692
      vertex 2.72724 29.0727 22.2223
    endloop
  endfacet
  facet normal -0.0399345 0.608295 0.792706
    outer loop
      vertex 4 28.6374 23.0074
      vertex 3.65575 28.6148 23.0074
      vertex 3.70993 28.2033 23.3259
    endloop
  endfacet
  facet normal -0.13802 0.694276 0.706351
    outer loop
      vertex 3.60746 28.9816 22.6374
      vertex 3.22164 28.9049 22.6374
      vertex 3.31739 28.5475 23.0074
    endloop
  endfacet
  facet normal -0.128297 -0.0255286 0.991407
    outer loop
      vertex 3.7473 3.93229 23.9914
      vertex 3.22631 3.89814 23.9231
      vertex 3.24623 3.79803 23.9231
    endloop
  endfacet
  facet normal -0.232555 -0.11469 0.965797
    outer loop
      vertex 3.27904 3.70137 23.9231
      vertex 2.8865 3.35712 23.7877
      vertex 3.32419 3.60982 23.9231
    endloop
  endfacet
  facet normal 0.232494 -0.114787 0.9658
    outer loop
      vertex 34.721 3.70137 23.9231
      vertex 34.6758 3.60982 23.9231
      vertex 35.1135 3.35712 23.7877
    endloop
  endfacet
  facet normal 0.128289 -0.0256119 0.991406
    outer loop
      vertex 34.2594 3.96585 23.9914
      vertex 34.2527 3.93229 23.9914
      vertex 34.7737 3.89814 23.9231
    endloop
  endfacet
  facet normal 0.128296 -0.0255029 0.991408
    outer loop
      vertex 34.7737 3.89814 23.9231
      vertex 34.2527 3.93229 23.9914
      vertex 34.7538 3.79803 23.9231
    endloop
  endfacet
  facet normal 0 -0.965926 0.258817
    outer loop
      vertex 4 0.0768585 20.7804
      vertex 34 0.212279 21.2858
      vertex 4 0.212279 21.2858
    endloop
  endfacet
  facet normal 0 -0.965926 0.258817
    outer loop
      vertex 34 0.212279 21.2858
      vertex 4 0.0768585 20.7804
      vertex 34 0.0768585 20.7804
    endloop
  endfacet
  facet normal 0.180316 -0.906413 0.381971
    outer loop
      vertex 34.9285 0.534749 21.7692
      vertex 34.4683 0.4432 21.7692
      vertex 34.4944 0.244683 21.2858
    endloop
  endfacet
  facet normal 0.180313 -0.906413 0.381973
    outer loop
      vertex 34.9285 0.534749 21.7692
      vertex 34.4944 0.244683 21.2858
      vertex 34.9803 0.341343 21.2858
    endloop
  endfacet
  facet normal 0.588586 -0.393143 0.706403
    outer loop
      vertex 36.284 2.68131 23.0074
      vertex 36.0924 2.39446 23.0074
      vertex 36.6045 2.49632 22.6374
    endloop
  endfacet
  facet normal 0.588559 -0.393356 0.706307
    outer loop
      vertex 36.6045 2.49632 22.6374
      vertex 36.0924 2.39446 23.0074
      vertex 36.3859 2.16924 22.6374
    endloop
  endfacet
  facet normal 0.914776 -0.310599 0.258289
    outer loop
      vertex 37.6587 3.01967 21.2858
      vertex 37.4994 2.5505 21.2858
      vertex 37.7895 2.98462 20.7804
    endloop
  endfacet
  facet normal 0.866444 -0.427339 0.258177
    outer loop
      vertex 37.6245 2.49868 20.7804
      vertex 37.2803 2.10614 21.2858
      vertex 37.3975 2.03843 20.7804
    endloop
  endfacet
  facet normal 0.670304 -0.227559 -0.706335
    outer loop
      vertex 36.7784 2.84913 1.36262
      vertex 36.4366 2.99072 0.99264
      vertex 36.5475 3.31739 0.99264
    endloop
  endfacet
  facet normal 0.634863 -0.313112 -0.706335
    outer loop
      vertex 36.7784 2.84913 1.36262
      vertex 36.284 2.68131 0.99264
      vertex 36.4366 2.99072 0.99264
    endloop
  endfacet
  facet normal 0.416434 0.278127 -0.86558
    outer loop
      vertex 35.5321 26.8846 0.412509
      vertex 35.4036 27.077 0.412509
      vertex 35.9246 27.1111 0.674121
    endloop
  endfacet
  facet normal 0.54669 0.269635 -0.792734
    outer loop
      vertex 36.4366 27.0093 0.99264
      vertex 36.0531 26.8504 0.674121
      vertex 36.284 27.3187 0.99264
    endloop
  endfacet
  facet normal 0.474233 0.161036 -0.865547
    outer loop
      vertex 35.7089 26.4579 0.412509
      vertex 35.6345 26.677 0.412509
      vertex 36.0531 26.8504 0.674121
    endloop
  endfacet
  facet normal 0.449163 0.221552 -0.865544
    outer loop
      vertex 35.6345 26.677 0.412509
      vertex 35.5321 26.8846 0.412509
      vertex 36.0531 26.8504 0.674121
    endloop
  endfacet
  facet normal 0.117304 0.0578834 -0.991408
    outer loop
      vertex 34.721 26.2986 0.0768585
      vertex 34.2266 26.1308 0.008564
      vertex 34.6758 26.3902 0.0768585
    endloop
  endfacet
  facet normal 0.108832 0.0725544 -0.991409
    outer loop
      vertex 34.2266 26.1308 0.008564
      vertex 34.2076 26.1593 0.008564
      vertex 34.6758 26.3902 0.0768585
    endloop
  endfacet
  facet normal 0.130519 0.00858172 -0.991409
    outer loop
      vertex 34.7804 26 0.0768585
      vertex 34.2594 26.0341 0.008564
      vertex 34.7737 26.1019 0.0768585
    endloop
  endfacet
  facet normal 0.123848 0.0420519 -0.99141
    outer loop
      vertex 34.7538 26.202 0.0768585
      vertex 34.2527 26.0677 0.008564
      vertex 34.721 26.2986 0.0768585
    endloop
  endfacet
  facet normal 0.232612 0.114687 -0.965784
    outer loop
      vertex 35.1879 26.492 0.212279
      vertex 34.721 26.2986 0.0768585
      vertex 35.1135 26.6429 0.212279
    endloop
  endfacet
  facet normal 0.343857 0.169536 -0.923591
    outer loop
      vertex 35.1879 26.492 0.212279
      vertex 35.1135 26.6429 0.212279
      vertex 35.6345 26.677 0.412509
    endloop
  endfacet
  facet normal 0.330216 0.376524 -0.865556
    outer loop
      vertex 35.251 27.251 0.412509
      vertex 35.077 27.4036 0.412509
      vertex 35.5714 27.5714 0.674121
    endloop
  endfacet
  facet normal 0.288276 0.252726 -0.923594
    outer loop
      vertex 35.0201 26.7827 0.212279
      vertex 34.9092 26.9092 0.212279
      vertex 35.4036 27.077 0.412509
    endloop
  endfacet
  facet normal 0.376524 0.330216 -0.865556
    outer loop
      vertex 35.4036 27.077 0.412509
      vertex 35.251 27.251 0.412509
      vertex 35.5714 27.5714 0.674121
    endloop
  endfacet
  facet normal 0.288248 0.252797 -0.923584
    outer loop
      vertex 35.4036 27.077 0.412509
      vertex 34.9092 26.9092 0.212279
      vertex 35.251 27.251 0.412509
    endloop
  endfacet
  facet normal 0.0725762 -0.108807 -0.99141
    outer loop
      vertex 34.3902 3.32419 0.0768585
      vertex 34.1308 3.77344 0.008564
      vertex 34.1593 3.79245 0.008564
    endloop
  endfacet
  facet normal -0.0983512 -0.0862341 -0.991408
    outer loop
      vertex 3.81501 3.81501 0.008564
      vertex 3.4482 3.4482 0.0768585
      vertex 3.79245 3.84074 0.008564
    endloop
  endfacet
  facet normal 0.144045 -0.215649 -0.965788
    outer loop
      vertex 34.6429 2.8865 0.212279
      vertex 34.3902 3.32419 0.0768585
      vertex 34.4751 3.3809 0.0768585
    endloop
  endfacet
  facet normal -0.245573 -0.0833566 -0.965788
    outer loop
      vertex 3.27904 3.70137 0.0768585
      vertex 2.81211 3.50796 0.212279
      vertex 3.24623 3.79803 0.0768585
    endloop
  endfacet
  facet normal -0.042043 -0.123861 -0.991409
    outer loop
      vertex 3.79803 3.24623 0.0768585
      vertex 3.70137 3.27904 0.0768585
      vertex 3.93229 3.7473 0.008564
    endloop
  endfacet
  facet normal 0.0255286 -0.128284 -0.991409
    outer loop
      vertex 34.1019 3.22631 0.0768585
      vertex 34.0677 3.7473 0.008564
      vertex 34.202 3.24623 0.0768585
    endloop
  endfacet
  facet normal 0.0505784 -0.254356 -0.965787
    outer loop
      vertex 34.3328 2.75805 0.212279
      vertex 34.1678 2.72524 0.212279
      vertex 34.202 3.24623 0.0768585
    endloop
  endfacet
  facet normal -0.195946 -0.577228 -0.792725
    outer loop
      vertex 3.31739 1.45248 0.99264
      vertex 3.14957 1.94688 0.674121
      vertex 3.42483 1.85344 0.674121
    endloop
  endfacet
  facet normal -0.0977013 -0.491177 -0.865563
    outer loop
      vertex 3.70993 1.79673 0.674121
      vertex 3.42483 1.85344 0.674121
      vertex 3.54211 2.29113 0.412509
    endloop
  endfacet
  facet normal -0.720458 -0.481394 -0.4992
    outer loop
      vertex 1.3614 1.97533 1.77772
      vertex 0.893141 2.20625 2.23084
      vertex 1.1197 2.33706 1.77772
    endloop
  endfacet
  facet normal -0.670303 -0.227537 -0.706343
    outer loop
      vertex 1.22156 2.84913 1.36262
      vertex 1.09511 3.22164 1.36262
      vertex 1.45248 3.31739 0.99264
    endloop
  endfacet
  facet normal -0.947501 -0.188475 -0.258302
    outer loop
      vertex 0.341343 3.01967 2.71424
      vertex 0.210536 2.98462 3.21964
      vertex 0.244683 3.5056 2.71424
    endloop
  endfacet
  facet normal -0.97243 -0.193429 -0.130254
    outer loop
      vertex 0.144568 2.96694 3.73839
      vertex 0.110421 3.48793 3.21964
      vertex 0.210536 2.98462 3.21964
    endloop
  endfacet
  facet normal 0.0505653 0.254351 -0.965789
    outer loop
      vertex 34.202 26.7538 0.0768585
      vertex 34.1019 26.7737 0.0768585
      vertex 34.1678 27.2748 0.212279
    endloop
  endfacet
  facet normal 0.0255029 0.128283 -0.99141
    outer loop
      vertex 34.202 26.7538 0.0768585
      vertex 34.0677 26.2527 0.008564
      vertex 34.1019 26.7737 0.0768585
    endloop
  endfacet
  facet normal -0.13052 -0.00854672 -0.991409
    outer loop
      vertex 3.22631 3.89814 0.0768585
      vertex 3.21964 4 0.0768585
      vertex 3.74063 3.96585 0.008564
    endloop
  endfacet
  facet normal -0.138092 0.694278 -0.706335
    outer loop
      vertex 3.65575 28.6148 0.99264
      vertex 3.31739 28.5475 0.99264
      vertex 3.60746 28.9816 1.36262
    endloop
  endfacet
  facet normal -0.0464254 0.70635 -0.706339
    outer loop
      vertex 3.65575 28.6148 0.99264
      vertex 3.60746 28.9816 1.36262
      vertex 4 29.0074 1.36262
    endloop
  endfacet
  facet normal -0.441181 0.660117 -0.607952
    outer loop
      vertex 2.16924 28.3859 1.36262
      vertex 1.97533 28.6386 1.77772
      vertex 2.49632 28.6045 1.36262
    endloop
  endfacet
  facet normal -0.393346 0.588543 -0.706326
    outer loop
      vertex 2.39446 28.0924 0.99264
      vertex 2.16924 28.3859 1.36262
      vertex 2.49632 28.6045 1.36262
    endloop
  endfacet
  facet normal -0.22761 0.670253 -0.706368
    outer loop
      vertex 3.31739 28.5475 0.99264
      vertex 2.84913 28.7784 1.36262
      vertex 3.22164 28.9049 1.36262
    endloop
  endfacet
  facet normal -0.195962 0.57723 -0.79272
    outer loop
      vertex 3.14957 28.0531 0.674121
      vertex 2.99072 28.4366 0.99264
      vertex 3.31739 28.5475 0.99264
    endloop
  endfacet
  facet normal -0.506821 0.338694 -0.792729
    outer loop
      vertex 2.23695 27.3528 0.674121
      vertex 1.71596 27.3187 0.99264
      vertex 1.90762 27.6055 0.99264
    endloop
  endfacet
  facet normal -0.458318 0.401903 -0.792728
    outer loop
      vertex 2.23695 27.3528 0.674121
      vertex 1.90762 27.6055 0.99264
      vertex 2.13509 27.8649 0.99264
    endloop
  endfacet
  facet normal -0.221596 0.449144 -0.865543
    outer loop
      vertex 3.32297 27.6345 0.412509
      vertex 3.11542 27.5321 0.412509
      vertex 3.14957 28.0531 0.674121
    endloop
  endfacet
  facet normal -0.169637 0.343831 -0.923582
    outer loop
      vertex 3.35712 27.1135 0.212279
      vertex 3.11542 27.5321 0.412509
      vertex 3.32297 27.6345 0.412509
    endloop
  endfacet
  facet normal -0.123252 0.363031 -0.923589
    outer loop
      vertex 3.50796 27.1879 0.212279
      vertex 3.32297 27.6345 0.412509
      vertex 3.54211 27.7089 0.412509
    endloop
  endfacet
  facet normal -0.16101 0.474243 -0.865546
    outer loop
      vertex 3.32297 27.6345 0.412509
      vertex 3.14957 28.0531 0.674121
      vertex 3.54211 27.7089 0.412509
    endloop
  endfacet
  facet normal -0.330223 0.37651 -0.865559
    outer loop
      vertex 2.74902 27.251 0.412509
      vertex 2.42861 27.5714 0.674121
      vertex 2.92301 27.4036 0.412509
    endloop
  endfacet
  facet normal -0.338595 0.506921 -0.792707
    outer loop
      vertex 2.64716 27.7631 0.674121
      vertex 2.39446 28.0924 0.99264
      vertex 2.68131 28.284 0.99264
    endloop
  endfacet
  facet normal 0.032893 0.49967 -0.865591
    outer loop
      vertex 34.2309 27.754 0.412509
      vertex 34 27.7692 0.412509
      vertex 34.2901 28.2033 0.674121
    endloop
  endfacet
  facet normal 0.0975805 0.491148 -0.865593
    outer loop
      vertex 34.4579 27.7089 0.412509
      vertex 34.2309 27.754 0.412509
      vertex 34.2901 28.2033 0.674121
    endloop
  endfacet
  facet normal -0.383151 0.777159 0.49922
    outer loop
      vertex 2.62713 29.3144 21.7692
      vertex 2.20625 29.1069 21.7692
      vertex 2.72724 29.0727 22.2223
    endloop
  endfacet
  facet normal -0.408665 0.82891 0.38197
    outer loop
      vertex 2.62713 29.3144 21.7692
      vertex 2.10614 29.2803 21.2858
      vertex 2.20625 29.1069 21.7692
    endloop
  endfacet
  facet normal -0.596884 0.523597 0.607927
    outer loop
      vertex 1.64825 28.3517 22.2223
      vertex 1.3614 28.0247 22.2223
      vertex 1.87348 28.1265 22.6374
    endloop
  endfacet
  facet normal -0.523579 0.596905 0.607923
    outer loop
      vertex 1.97533 28.6386 22.2223
      vertex 1.64825 28.3517 22.2223
      vertex 1.87348 28.1265 22.6374
    endloop
  endfacet
  facet normal -0.458353 0.401866 0.792727
    outer loop
      vertex 2.42861 27.5714 23.3259
      vertex 2.13509 27.8649 23.0074
      vertex 2.23695 27.3528 23.3259
    endloop
  endfacet
  facet normal -0.712092 0.351182 0.607945
    outer loop
      vertex 1.39555 27.5037 22.6374
      vertex 0.927288 27.2728 22.2223
      vertex 1.22156 27.1509 22.6374
    endloop
  endfacet
  facet normal -0.362987 0.123227 0.92361
    outer loop
      vertex 2.36551 26.677 23.5875
      vertex 2.29113 26.4579 23.5875
      vertex 2.81211 26.492 23.7877
    endloop
  endfacet
  facet normal -0.706368 0.0462977 0.706329
    outer loop
      vertex 1.38518 26.3442 23.0074
      vertex 0.99264 26 22.6374
      vertex 1.36262 26 23.0074
    endloop
  endfacet
  facet normal -0.474209 0.160984 0.865569
    outer loop
      vertex 2.36551 26.677 23.5875
      vertex 1.94688 26.8504 23.3259
      vertex 2.29113 26.4579 23.5875
    endloop
  endfacet
  facet normal -0.597866 0.118902 0.792729
    outer loop
      vertex 1.45248 26.6826 23.0074
      vertex 1.38518 26.3442 23.0074
      vertex 1.79673 26.2901 23.3259
    endloop
  endfacet
  facet normal -0.338693 0.506887 0.792687
    outer loop
      vertex 2.68131 28.284 23.0074
      vertex 2.64716 27.7631 23.3259
      vertex 2.88886 27.9246 23.3259
    endloop
  endfacet
  facet normal -0.252769 0.2882 0.923606
    outer loop
      vertex 2.92301 27.4036 23.5875
      vertex 2.74902 27.251 23.5875
      vertex 3.09083 26.9092 23.7877
    endloop
  endfacet
  facet normal -0.227616 0.670271 0.706349
    outer loop
      vertex 3.22164 28.9049 22.6374
      vertex 2.84913 28.7784 22.6374
      vertex 3.31739 28.5475 23.0074
    endloop
  endfacet
  facet normal -0.227565 0.670322 0.706316
    outer loop
      vertex 3.31739 28.5475 23.0074
      vertex 2.84913 28.7784 22.6374
      vertex 2.99072 28.4366 23.0074
    endloop
  endfacet
  facet normal -0.60826 0.0398674 0.792736
    outer loop
      vertex 1.38518 26.3442 23.0074
      vertex 1.36262 26 23.0074
      vertex 1.79673 26.2901 23.3259
    endloop
  endfacet
  facet normal -0.694288 0.138078 0.706327
    outer loop
      vertex 1.45248 26.6826 23.0074
      vertex 1.01837 26.3925 22.6374
      vertex 1.38518 26.3442 23.0074
    endloop
  endfacet
  facet normal -0.778721 0.154892 0.607949
    outer loop
      vertex 0.787448 26.8608 22.2223
      vertex 0.702575 26.4341 22.2223
      vertex 1.01837 26.3925 22.6374
    endloop
  endfacet
  facet normal -0.751867 0.255197 0.607924
    outer loop
      vertex 0.927288 27.2728 22.2223
      vertex 0.787448 26.8608 22.2223
      vertex 1.09511 26.7784 22.6374
    endloop
  endfacet
  facet normal -0.258781 0 0.965936
    outer loop
      vertex 2.71424 26 23.7877
      vertex 3.21964 4 23.9231
      vertex 3.21964 26 23.9231
    endloop
  endfacet
  facet normal -0.258781 0 0.965936
    outer loop
      vertex 3.21964 4 23.9231
      vertex 2.71424 26 23.7877
      vertex 2.71424 4 23.7877
    endloop
  endfacet
  facet normal -0.499709 0.0327657 0.865573
    outer loop
      vertex 2.24598 26.2309 23.5875
      vertex 1.79673 26.2901 23.3259
      vertex 2.23084 26 23.5875
    endloop
  endfacet
  facet normal -0.41641 0.278241 0.865555
    outer loop
      vertex 2.59643 27.077 23.5875
      vertex 2.07545 27.1111 23.3259
      vertex 2.46787 26.8846 23.5875
    endloop
  endfacet
  facet normal -0.449158 0.221464 0.86557
    outer loop
      vertex 2.46787 26.8846 23.5875
      vertex 1.94688 26.8504 23.3259
      vertex 2.36551 26.677 23.5875
    endloop
  endfacet
  facet normal -0.212914 0.318779 0.923606
    outer loop
      vertex 3.35712 27.1135 23.7877
      vertex 2.92301 27.4036 23.5875
      vertex 3.21728 27.0201 23.7877
    endloop
  endfacet
  facet normal -0.212904 0.318792 0.923603
    outer loop
      vertex 3.11542 27.5321 23.5875
      vertex 2.92301 27.4036 23.5875
      vertex 3.35712 27.1135 23.7877
    endloop
  endfacet
  facet normal -0.108777 0.0726592 0.991407
    outer loop
      vertex 3.3809 26.4751 23.9231
      vertex 3.32419 26.3902 23.9231
      vertex 3.79245 26.1593 23.9914
    endloop
  endfacet
  facet normal -0.221589 0.449128 0.865553
    outer loop
      vertex 3.14957 28.0531 23.3259
      vertex 3.11542 27.5321 23.5875
      vertex 3.32297 27.6345 23.5875
    endloop
  endfacet
  facet normal -0.169616 0.343787 0.923602
    outer loop
      vertex 3.32297 27.6345 23.5875
      vertex 3.11542 27.5321 23.5875
      vertex 3.35712 27.1135 23.7877
    endloop
  endfacet
  facet normal -0.922191 -0.0604428 -0.381983
    outer loop
      vertex 0.4432 3.53174 2.23084
      vertex 0.244683 3.5056 2.71424
      vertex 0.412509 4 2.23084
    endloop
  endfacet
  facet normal -0.922191 -0.0604423 -0.381982
    outer loop
      vertex 0.244683 3.5056 2.71424
      vertex 0.212279 4 2.71424
      vertex 0.412509 4 2.23084
    endloop
  endfacet
  facet normal -0.707107 0 -0.707107
    outer loop
      vertex 1.36262 4 0.99264
      vertex 0.99264 26 1.36262
      vertex 1.36262 26 0.99264
    endloop
  endfacet
  facet normal -0.707107 -0 -0.707107
    outer loop
      vertex 0.99264 26 1.36262
      vertex 1.36262 4 0.99264
      vertex 0.99264 4 1.36262
    endloop
  endfacet
  facet normal -0.706349 -0.0462897 -0.706349
    outer loop
      vertex 1.38518 3.65575 0.99264
      vertex 0.99264 4 1.36262
      vertex 1.36262 4 0.99264
    endloop
  endfacet
  facet normal -0.60936 0.694786 -0.382037
    outer loop
      vertex 1.81607 28.8461 2.23084
      vertex 1.32168 28.6783 2.71424
      vertex 1.69418 29.005 2.71424
    endloop
  endfacet
  facet normal -0.513475 0.768365 -0.382045
    outer loop
      vertex 1.81607 28.8461 2.23084
      vertex 1.69418 29.005 2.71424
      vertex 2.10614 29.2803 2.71424
    endloop
  endfacet
  facet normal -0.180301 -0.906412 -0.381979
    outer loop
      vertex 3.5056 0.244683 2.71424
      vertex 3.01967 0.341343 2.71424
      vertex 3.07149 0.534749 2.23084
    endloop
  endfacet
  facet normal -0.188475 -0.947501 -0.258302
    outer loop
      vertex 3.5056 0.244683 2.71424
      vertex 2.98462 0.210536 3.21964
      vertex 3.01967 0.341343 2.71424
    endloop
  endfacet
  facet normal -0.0566702 -0.864631 -0.499201
    outer loop
      vertex 4 0.412509 2.23084
      vertex 3.53174 0.4432 2.23084
      vertex 4 0.674121 1.77772
    endloop
  endfacet
  facet normal -0.0604428 -0.922191 -0.381983
    outer loop
      vertex 4 0.412509 2.23084
      vertex 3.5056 0.244683 2.71424
      vertex 3.53174 0.4432 2.23084
    endloop
  endfacet
  facet normal -0.130521 -0.00856126 -0.991409
    outer loop
      vertex 3.74063 3.96585 0.008564
      vertex 3.21964 4 0.0768585
      vertex 3.73839 4 0.008564
    endloop
  endfacet
  facet normal -0.491178 -0.0977077 -0.865562
    outer loop
      vertex 2.29113 3.54211 0.412509
      vertex 1.79673 3.70993 0.674121
      vertex 2.24598 3.76908 0.412509
    endloop
  endfacet
  facet normal -0.57723 -0.195962 -0.79272
    outer loop
      vertex 1.56338 2.99072 0.99264
      vertex 1.45248 3.31739 0.99264
      vertex 1.94688 3.14957 0.674121
    endloop
  endfacet
  facet normal -0.597867 -0.118923 -0.792725
    outer loop
      vertex 1.85344 3.42483 0.674121
      vertex 1.45248 3.31739 0.99264
      vertex 1.79673 3.70993 0.674121
    endloop
  endfacet
  facet normal -0.506848 -0.338668 -0.792723
    outer loop
      vertex 2.23695 2.64716 0.674121
      vertex 1.71596 2.68131 0.99264
      vertex 2.07545 2.88886 0.674121
    endloop
  endfacet
  facet normal -0.416405 -0.278235 -0.865559
    outer loop
      vertex 2.23695 2.64716 0.674121
      vertex 2.07545 2.88886 0.674121
      vertex 2.59643 2.92301 0.412509
    endloop
  endfacet
  facet normal -0.532197 -0.466742 -0.706342
    outer loop
      vertex 2.13509 2.13509 0.99264
      vertex 1.87348 1.87348 1.36262
      vertex 1.90762 2.39446 0.99264
    endloop
  endfacet
  facet normal -0.458297 -0.40193 -0.792727
    outer loop
      vertex 2.13509 2.13509 0.99264
      vertex 1.90762 2.39446 0.99264
      vertex 2.23695 2.64716 0.674121
    endloop
  endfacet
  facet normal -0.313071 -0.634863 -0.706353
    outer loop
      vertex 2.84913 1.22156 1.36262
      vertex 2.68131 1.71596 0.99264
      vertex 2.99072 1.56338 0.99264
    endloop
  endfacet
  facet normal -0.40193 -0.458297 -0.792727
    outer loop
      vertex 2.39446 1.90762 0.99264
      vertex 2.13509 2.13509 0.99264
      vertex 2.64716 2.23695 0.674121
    endloop
  endfacet
  facet normal -0.393259 -0.588575 -0.706347
    outer loop
      vertex 2.49632 1.39555 1.36262
      vertex 2.39446 1.90762 0.99264
      vertex 2.68131 1.71596 0.99264
    endloop
  endfacet
  facet normal -0.338654 -0.50685 -0.792727
    outer loop
      vertex 2.68131 1.71596 0.99264
      vertex 2.39446 1.90762 0.99264
      vertex 2.64716 2.23695 0.674121
    endloop
  endfacet
  facet normal -0.416407 -0.278225 -0.865561
    outer loop
      vertex 2.59643 2.92301 0.412509
      vertex 2.07545 2.88886 0.674121
      vertex 2.46787 3.11542 0.412509
    endloop
  endfacet
  facet normal -0.449155 -0.221502 -0.865561
    outer loop
      vertex 2.07545 2.88886 0.674121
      vertex 1.94688 3.14957 0.674121
      vertex 2.46787 3.11542 0.412509
    endloop
  endfacet
  facet normal -0.363043 -0.123223 -0.923589
    outer loop
      vertex 2.36551 3.32297 0.412509
      vertex 2.29113 3.54211 0.412509
      vertex 2.81211 3.50796 0.212279
    endloop
  endfacet
  facet normal -0.363043 -0.123233 -0.923587
    outer loop
      vertex 2.81211 3.50796 0.212279
      vertex 2.29113 3.54211 0.412509
      vertex 2.75805 3.66722 0.212279
    endloop
  endfacet
  facet normal -0.108757 -0.0726712 -0.991409
    outer loop
      vertex 3.3809 3.52495 0.0768585
      vertex 3.32419 3.60982 0.0768585
      vertex 3.79245 3.84074 0.008564
    endloop
  endfacet
  facet normal -0.288247 -0.252777 -0.923589
    outer loop
      vertex 3.09083 3.09083 0.212279
      vertex 2.59643 2.92301 0.412509
      vertex 2.97994 3.21728 0.212279
    endloop
  endfacet
  facet normal -0.123859 0.0420509 -0.991408
    outer loop
      vertex 3.7473 26.0677 0.008564
      vertex 3.27904 26.2986 0.0768585
      vertex 3.7583 26.1001 0.008564
    endloop
  endfacet
  facet normal -0.123852 0.0420659 -0.991409
    outer loop
      vertex 3.7473 26.0677 0.008564
      vertex 3.24623 26.202 0.0768585
      vertex 3.27904 26.2986 0.0768585
    endloop
  endfacet
  facet normal 0.00841992 0.130509 -0.991411
    outer loop
      vertex 34.0341 26.2594 0.008564
      vertex 34 26.2616 0.008564
      vertex 34 26.7804 0.0768585
    endloop
  endfacet
  facet normal 0.0169393 -0.258788 -0.965786
    outer loop
      vertex 34.1678 2.72524 0.212279
      vertex 34 3.21964 0.0768585
      vertex 34.1019 3.22631 0.0768585
    endloop
  endfacet
  facet normal 0.0578286 -0.117322 -0.991409
    outer loop
      vertex 34.2986 3.27904 0.0768585
      vertex 34.1308 3.77344 0.008564
      vertex 34.3902 3.32419 0.0768585
    endloop
  endfacet
  facet normal -0.117312 -0.0578533 -0.991409
    outer loop
      vertex 3.77344 3.86919 0.008564
      vertex 3.27904 3.70137 0.0768585
      vertex 3.7583 3.89989 0.008564
    endloop
  endfacet
  facet normal -0.232615 0.114657 -0.965787
    outer loop
      vertex 3.27904 26.2986 0.0768585
      vertex 2.8865 26.6429 0.212279
      vertex 3.32419 26.3902 0.0768585
    endloop
  endfacet
  facet normal -0.00854672 -0.13052 -0.991409
    outer loop
      vertex 4 3.21964 0.0768585
      vertex 3.89814 3.22631 0.0768585
      vertex 3.96585 3.74063 0.008564
    endloop
  endfacet
  facet normal 0 -0.258817 -0.965926
    outer loop
      vertex 4 2.71424 0.212279
      vertex 34 3.21964 0.0768585
      vertex 34 2.71424 0.212279
    endloop
  endfacet
  facet normal -0 -0.258817 -0.965926
    outer loop
      vertex 34 3.21964 0.0768585
      vertex 4 2.71424 0.212279
      vertex 4 3.21964 0.0768585
    endloop
  endfacet
  facet normal -0.0578533 -0.117312 -0.991409
    outer loop
      vertex 3.89989 3.7583 0.008564
      vertex 3.70137 3.27904 0.0768585
      vertex 3.86919 3.77344 0.008564
    endloop
  endfacet
  facet normal -0.0862378 -0.098347 -0.991409
    outer loop
      vertex 3.52495 3.3809 0.0768585
      vertex 3.4482 3.4482 0.0768585
      vertex 3.84074 3.79245 0.008564
    endloop
  endfacet
  facet normal -0.0726712 -0.108757 -0.991409
    outer loop
      vertex 3.60982 3.32419 0.0768585
      vertex 3.52495 3.3809 0.0768585
      vertex 3.84074 3.79245 0.008564
    endloop
  endfacet
  facet normal 0.0862888 -0.0982989 -0.991409
    outer loop
      vertex 34.5518 3.4482 0.0768585
      vertex 34.1593 3.79245 0.008564
      vertex 34.185 3.81501 0.008564
    endloop
  endfacet
  facet normal 0.671065 0.226711 -0.705885
    outer loop
      vertex 36.5546 26.6845 1
      vertex 36.5475 26.6826 0.99264
      vertex 36.5521 26.6919 1
    endloop
  endfacet
  facet normal 0.608322 0.0399421 -0.792685
    outer loop
      vertex 36.6374 26 0.99264
      vertex 36.2033 26.2901 0.674121
      vertex 36.6148 26.3442 0.99264
    endloop
  endfacet
  facet normal 0.597932 0.118915 -0.792677
    outer loop
      vertex 36.2033 26.2901 0.674121
      vertex 36.1466 26.5752 0.674121
      vertex 36.5475 26.6826 0.99264
    endloop
  endfacet
  facet normal 0.577244 0.19612 -0.79267
    outer loop
      vertex 36.1466 26.5752 0.674121
      vertex 36.0531 26.8504 0.674121
      vertex 36.5475 26.6826 0.99264
    endloop
  endfacet
  facet normal -0.098359 -0.0862409 0.991407
    outer loop
      vertex 3.79245 3.84074 23.9914
      vertex 3.4482 3.4482 23.9231
      vertex 3.81501 3.81501 23.9914
    endloop
  endfacet
  facet normal -0.0983548 -0.0862447 0.991407
    outer loop
      vertex 3.79245 3.84074 23.9914
      vertex 3.3809 3.52495 23.9231
      vertex 3.4482 3.4482 23.9231
    endloop
  endfacet
  facet normal -0.0726762 -0.108766 0.991407
    outer loop
      vertex 3.84074 3.79245 23.9914
      vertex 3.60982 3.32419 23.9231
      vertex 3.86919 3.77344 23.9914
    endloop
  endfacet
  facet normal -0.072677 -0.108766 0.991407
    outer loop
      vertex 3.84074 3.79245 23.9914
      vertex 3.52495 3.3809 23.9231
      vertex 3.60982 3.32419 23.9231
    endloop
  endfacet
  facet normal -0.117321 -0.0578579 0.991407
    outer loop
      vertex 3.7583 3.89989 23.9914
      vertex 3.27904 3.70137 23.9231
      vertex 3.77344 3.86919 23.9914
    endloop
  endfacet
  facet normal -0.123867 -0.0420537 0.991407
    outer loop
      vertex 3.7473 3.93229 23.9914
      vertex 3.27904 3.70137 23.9231
      vertex 3.7583 3.89989 23.9914
    endloop
  endfacet
  facet normal 0.0505712 -0.25432 0.965797
    outer loop
      vertex 34.202 3.24623 23.9231
      vertex 34.1678 2.72524 23.7877
      vertex 34.3328 2.75805 23.7877
    endloop
  endfacet
  facet normal 0.0833757 -0.245531 0.965797
    outer loop
      vertex 34.492 2.81211 23.7877
      vertex 34.202 3.24623 23.9231
      vertex 34.3328 2.75805 23.7877
    endloop
  endfacet
  facet normal -0.138096 0.694297 0.706315
    outer loop
      vertex 3.60746 28.9816 22.6374
      vertex 3.31739 28.5475 23.0074
      vertex 3.65575 28.6148 23.0074
    endloop
  endfacet
  facet normal -0.0464267 0.706369 0.706319
    outer loop
      vertex 4 29.0074 22.6374
      vertex 3.60746 28.9816 22.6374
      vertex 3.65575 28.6148 23.0074
    endloop
  endfacet
  facet normal -0.255304 0.751786 0.607978
    outer loop
      vertex 3.1392 29.2126 22.2223
      vertex 2.72724 29.0727 22.2223
      vertex 3.22164 28.9049 22.6374
    endloop
  endfacet
  facet normal -0.154806 0.778714 0.60798
    outer loop
      vertex 3.60746 28.9816 22.6374
      vertex 3.1392 29.2126 22.2223
      vertex 3.22164 28.9049 22.6374
    endloop
  endfacet
  facet normal 0 0 1
    outer loop
      vertex 34 26.2616 23.9914
      vertex 34.2616 26 23.9914
      vertex 34.2594 26.0341 23.9914
    endloop
  endfacet
  facet normal 0 0 1
    outer loop
      vertex 34.2616 26 23.9914
      vertex 34 26.2616 23.9914
      vertex 34.2616 4 23.9914
    endloop
  endfacet
  facet normal 0 0 1
    outer loop
      vertex 34 26.2616 23.9914
      vertex 34.2594 26.0341 23.9914
      vertex 34.2527 26.0677 23.9914
    endloop
  endfacet
  facet normal 0 0 1
    outer loop
      vertex 34 3.73839 23.9914
      vertex 34.2616 4 23.9914
      vertex 34 26.2616 23.9914
    endloop
  endfacet
  facet normal 0 0 1
    outer loop
      vertex 34 26.2616 23.9914
      vertex 34.2527 26.0677 23.9914
      vertex 34.2417 26.1001 23.9914
    endloop
  endfacet
  facet normal 0 0 1
    outer loop
      vertex 34.2616 4 23.9914
      vertex 34 3.73839 23.9914
      vertex 34.2594 3.96585 23.9914
    endloop
  endfacet
  facet normal 0 0 1
    outer loop
      vertex 34 26.2616 23.9914
      vertex 34.2417 26.1001 23.9914
      vertex 34.2266 26.1308 23.9914
    endloop
  endfacet
  facet normal 0 0 1
    outer loop
      vertex 34.2594 3.96585 23.9914
      vertex 34 3.73839 23.9914
      vertex 34.2527 3.93229 23.9914
    endloop
  endfacet
  facet normal 0 0 1
    outer loop
      vertex 34 26.2616 23.9914
      vertex 34.2266 26.1308 23.9914
      vertex 34.2076 26.1593 23.9914
    endloop
  endfacet
  facet normal 0 0 1
    outer loop
      vertex 34.2527 3.93229 23.9914
      vertex 34 3.73839 23.9914
      vertex 34.2417 3.89989 23.9914
    endloop
  endfacet
  facet normal 0 0 1
    outer loop
      vertex 34 26.2616 23.9914
      vertex 34.2076 26.1593 23.9914
      vertex 34.185 26.185 23.9914
    endloop
  endfacet
  facet normal 0 0 1
    outer loop
      vertex 34.2417 3.89989 23.9914
      vertex 34 3.73839 23.9914
      vertex 34.2266 3.86919 23.9914
    endloop
  endfacet
  facet normal 0 0 1
    outer loop
      vertex 34 26.2616 23.9914
      vertex 34.185 26.185 23.9914
      vertex 34.1593 26.2076 23.9914
    endloop
  endfacet
  facet normal 0 0 1
    outer loop
      vertex 34.2266 3.86919 23.9914
      vertex 34 3.73839 23.9914
      vertex 34.2076 3.84074 23.9914
    endloop
  endfacet
  facet normal 0 0 1
    outer loop
      vertex 34 26.2616 23.9914
      vertex 34.1593 26.2076 23.9914
      vertex 34.1308 26.2266 23.9914
    endloop
  endfacet
  facet normal 0 0 1
    outer loop
      vertex 34.2076 3.84074 23.9914
      vertex 34 3.73839 23.9914
      vertex 34.185 3.81501 23.9914
    endloop
  endfacet
  facet normal 0 0 1
    outer loop
      vertex 34 26.2616 23.9914
      vertex 34.1308 26.2266 23.9914
      vertex 34.1001 26.2417 23.9914
    endloop
  endfacet
  facet normal 0 0 1
    outer loop
      vertex 34.185 3.81501 23.9914
      vertex 34 3.73839 23.9914
      vertex 34.1593 3.79245 23.9914
    endloop
  endfacet
  facet normal 0 0 1
    outer loop
      vertex 34 26.2616 23.9914
      vertex 34.1001 26.2417 23.9914
      vertex 34.0677 26.2527 23.9914
    endloop
  endfacet
  facet normal 0 0 1
    outer loop
      vertex 34.1593 3.79245 23.9914
      vertex 34 3.73839 23.9914
      vertex 34.1308 3.77344 23.9914
    endloop
  endfacet
  facet normal 0 0 1
    outer loop
      vertex 34 26.2616 23.9914
      vertex 34.0677 26.2527 23.9914
      vertex 34.0341 26.2594 23.9914
    endloop
  endfacet
  facet normal 0 0 1
    outer loop
      vertex 34.1308 3.77344 23.9914
      vertex 34 3.73839 23.9914
      vertex 34.1001 3.7583 23.9914
    endloop
  endfacet
  facet normal 0 0 1
    outer loop
      vertex 34.1001 3.7583 23.9914
      vertex 34 3.73839 23.9914
      vertex 34.0677 3.7473 23.9914
    endloop
  endfacet
  facet normal 0 0 1
    outer loop
      vertex 34.0677 3.7473 23.9914
      vertex 34 3.73839 23.9914
      vertex 34.0341 3.74063 23.9914
    endloop
  endfacet
  facet normal -0 0 1
    outer loop
      vertex 4 26.2616 23.9914
      vertex 34 3.73839 23.9914
      vertex 34 26.2616 23.9914
    endloop
  endfacet
  facet normal 0 0 1
    outer loop
      vertex 4 26.2616 23.9914
      vertex 4 3.73839 23.9914
      vertex 34 3.73839 23.9914
    endloop
  endfacet
  facet normal 0 0 1
    outer loop
      vertex 3.73839 26 23.9914
      vertex 4 26.2616 23.9914
      vertex 3.96585 26.2594 23.9914
    endloop
  endfacet
  facet normal 0 0 1
    outer loop
      vertex 4 26.2616 23.9914
      vertex 3.73839 26 23.9914
      vertex 4 3.73839 23.9914
    endloop
  endfacet
  facet normal 0 0 1
    outer loop
      vertex 3.73839 26 23.9914
      vertex 3.96585 26.2594 23.9914
      vertex 3.93229 26.2527 23.9914
    endloop
  endfacet
  facet normal -0 0 1
    outer loop
      vertex 3.73839 4 23.9914
      vertex 4 3.73839 23.9914
      vertex 3.73839 26 23.9914
    endloop
  endfacet
  facet normal 0 0 1
    outer loop
      vertex 3.73839 26 23.9914
      vertex 3.93229 26.2527 23.9914
      vertex 3.89989 26.2417 23.9914
    endloop
  endfacet
  facet normal 0 0 1
    outer loop
      vertex 4 3.73839 23.9914
      vertex 3.73839 4 23.9914
      vertex 3.96585 3.74063 23.9914
    endloop
  endfacet
  facet normal 0 0 1
    outer loop
      vertex 3.73839 26 23.9914
      vertex 3.89989 26.2417 23.9914
      vertex 3.86919 26.2266 23.9914
    endloop
  endfacet
  facet normal 0 0 1
    outer loop
      vertex 3.96585 3.74063 23.9914
      vertex 3.73839 4 23.9914
      vertex 3.93229 3.7473 23.9914
    endloop
  endfacet
  facet normal 0 0 1
    outer loop
      vertex 3.73839 26 23.9914
      vertex 3.86919 26.2266 23.9914
      vertex 3.84074 26.2076 23.9914
    endloop
  endfacet
  facet normal 0 0 1
    outer loop
      vertex 3.93229 3.7473 23.9914
      vertex 3.73839 4 23.9914
      vertex 3.89989 3.7583 23.9914
    endloop
  endfacet
  facet normal 0 0 1
    outer loop
      vertex 3.73839 26 23.9914
      vertex 3.84074 26.2076 23.9914
      vertex 3.81501 26.185 23.9914
    endloop
  endfacet
  facet normal 0 0 1
    outer loop
      vertex 3.89989 3.7583 23.9914
      vertex 3.73839 4 23.9914
      vertex 3.86919 3.77344 23.9914
    endloop
  endfacet
  facet normal 0 0 1
    outer loop
      vertex 3.73839 26 23.9914
      vertex 3.81501 26.185 23.9914
      vertex 3.79245 26.1593 23.9914
    endloop
  endfacet
  facet normal 0 0 1
    outer loop
      vertex 3.86919 3.77344 23.9914
      vertex 3.73839 4 23.9914
      vertex 3.84074 3.79245 23.9914
    endloop
  endfacet
  facet normal 0 0 1
    outer loop
      vertex 3.73839 26 23.9914
      vertex 3.79245 26.1593 23.9914
      vertex 3.77344 26.1308 23.9914
    endloop
  endfacet
  facet normal 0 0 1
    outer loop
      vertex 3.84074 3.79245 23.9914
      vertex 3.73839 4 23.9914
      vertex 3.81501 3.81501 23.9914
    endloop
  endfacet
  facet normal 0 0 1
    outer loop
      vertex 3.73839 26 23.9914
      vertex 3.77344 26.1308 23.9914
      vertex 3.7583 26.1001 23.9914
    endloop
  endfacet
  facet normal 0 0 1
    outer loop
      vertex 3.81501 3.81501 23.9914
      vertex 3.73839 4 23.9914
      vertex 3.79245 3.84074 23.9914
    endloop
  endfacet
  facet normal 0 0 1
    outer loop
      vertex 3.73839 26 23.9914
      vertex 3.7583 26.1001 23.9914
      vertex 3.7473 26.0677 23.9914
    endloop
  endfacet
  facet normal 0 0 1
    outer loop
      vertex 3.79245 3.84074 23.9914
      vertex 3.73839 4 23.9914
      vertex 3.77344 3.86919 23.9914
    endloop
  endfacet
  facet normal 0 0 1
    outer loop
      vertex 3.73839 26 23.9914
      vertex 3.7473 26.0677 23.9914
      vertex 3.74063 26.0341 23.9914
    endloop
  endfacet
  facet normal 0 0 1
    outer loop
      vertex 3.77344 3.86919 23.9914
      vertex 3.73839 4 23.9914
      vertex 3.7583 3.89989 23.9914
    endloop
  endfacet
  facet normal 0 0 1
    outer loop
      vertex 3.7583 3.89989 23.9914
      vertex 3.73839 4 23.9914
      vertex 3.7473 3.93229 23.9914
    endloop
  endfacet
  facet normal 0 0 1
    outer loop
      vertex 3.7473 3.93229 23.9914
      vertex 3.73839 4 23.9914
      vertex 3.74063 3.96585 23.9914
    endloop
  endfacet
  facet normal 0.123867 -0.0420324 0.991408
    outer loop
      vertex 34.7538 3.79803 23.9231
      vertex 34.2527 3.93229 23.9914
      vertex 34.721 3.70137 23.9231
    endloop
  endfacet
  facet normal 0.123858 -0.0420507 0.991409
    outer loop
      vertex 34.2527 3.93229 23.9914
      vertex 34.2417 3.89989 23.9914
      vertex 34.721 3.70137 23.9231
    endloop
  endfacet
  facet normal 0.82888 -0.408695 0.382005
    outer loop
      vertex 37.3144 2.62713 21.7692
      vertex 37.2803 2.10614 21.2858
      vertex 37.4994 2.5505 21.2858
    endloop
  endfacet
  facet normal 0.866469 -0.427229 0.258279
    outer loop
      vertex 37.4994 2.5505 21.2858
      vertex 37.2803 2.10614 21.2858
      vertex 37.6245 2.49868 20.7804
    endloop
  endfacet
  facet normal 0.577244 -0.196078 -0.792681
    outer loop
      vertex 36.5475 3.31739 0.99264
      vertex 36.0531 3.14957 0.674121
      vertex 36.1466 3.42483 0.674121
    endloop
  endfacet
  facet normal 0.57723 -0.195962 -0.79272
    outer loop
      vertex 36.4366 2.99072 0.99264
      vertex 36.0531 3.14957 0.674121
      vertex 36.5475 3.31739 0.99264
    endloop
  endfacet
  facet normal 0.128278 0.0255793 -0.991408
    outer loop
      vertex 34.2594 26.0341 0.008564
      vertex 34.2527 26.0677 0.008564
      vertex 34.7737 26.1019 0.0768585
    endloop
  endfacet
  facet normal 0.128283 0.0255029 -0.99141
    outer loop
      vertex 34.7737 26.1019 0.0768585
      vertex 34.2527 26.0677 0.008564
      vertex 34.7538 26.202 0.0768585
    endloop
  endfacet
  facet normal 0.31878 0.212976 -0.923591
    outer loop
      vertex 35.1135 26.6429 0.212279
      vertex 35.0201 26.7827 0.212279
      vertex 35.4036 27.077 0.412509
    endloop
  endfacet
  facet normal 0.318829 0.212939 -0.923583
    outer loop
      vertex 35.5321 26.8846 0.412509
      vertex 35.1135 26.6429 0.212279
      vertex 35.4036 27.077 0.412509
    endloop
  endfacet
  facet normal 0.375927 0.0749575 -0.923613
    outer loop
      vertex 35.2748 26.1678 0.212279
      vertex 35.2419 26.3328 0.212279
      vertex 35.7089 26.4579 0.412509
    endloop
  endfacet
  facet normal 0.254359 0.0507176 -0.965779
    outer loop
      vertex 35.2748 26.1678 0.212279
      vertex 34.7538 26.202 0.0768585
      vertex 35.2419 26.3328 0.212279
    endloop
  endfacet
  facet normal 0.144025 0.215656 -0.965789
    outer loop
      vertex 34.4751 26.6191 0.0768585
      vertex 34.3902 26.6758 0.0768585
      vertex 34.6429 27.1135 0.212279
    endloop
  endfacet
  facet normal 0.170962 0.195011 -0.965786
    outer loop
      vertex 34.9092 26.9092 0.212279
      vertex 34.4751 26.6191 0.0768585
      vertex 34.7827 27.0201 0.212279
    endloop
  endfacet
  facet normal 0.13052 -0.00858516 -0.991409
    outer loop
      vertex 34.7737 3.89814 0.0768585
      vertex 34.2594 3.96585 0.008564
      vertex 34.7804 4 0.0768585
    endloop
  endfacet
  facet normal 0.128279 -0.0256098 -0.991407
    outer loop
      vertex 34.7737 3.89814 0.0768585
      vertex 34.2527 3.93229 0.008564
      vertex 34.2594 3.96585 0.008564
    endloop
  endfacet
  facet normal -0.0578547 -0.117311 -0.991409
    outer loop
      vertex 3.70137 3.27904 0.0768585
      vertex 3.60982 3.32419 0.0768585
      vertex 3.86919 3.77344 0.008564
    endloop
  endfacet
  facet normal 0.0726534 -0.108769 -0.991409
    outer loop
      vertex 34.3902 3.32419 0.0768585
      vertex 34.1593 3.79245 0.008564
      vertex 34.4751 3.3809 0.0768585
    endloop
  endfacet
  facet normal 0.0327668 -0.499726 -0.865563
    outer loop
      vertex 34.2901 1.79673 0.674121
      vertex 34 2.23084 0.412509
      vertex 34.2309 2.24598 0.412509
    endloop
  endfacet
  facet normal 0.169517 -0.343865 -0.923591
    outer loop
      vertex 34.677 2.36551 0.412509
      vertex 34.492 2.81211 0.212279
      vertex 34.6429 2.8865 0.212279
    endloop
  endfacet
  facet normal 0.123242 -0.363033 -0.92359
    outer loop
      vertex 34.677 2.36551 0.412509
      vertex 34.4579 2.29113 0.412509
      vertex 34.492 2.81211 0.212279
    endloop
  endfacet
  facet normal 0.0976935 -0.491172 -0.865567
    outer loop
      vertex 34.2901 1.79673 0.674121
      vertex 34.2309 2.24598 0.412509
      vertex 34.4579 2.29113 0.412509
    endloop
  endfacet
  facet normal 0.0747728 -0.376029 -0.923586
    outer loop
      vertex 34.4579 2.29113 0.412509
      vertex 34.1678 2.72524 0.212279
      vertex 34.3328 2.75805 0.212279
    endloop
  endfacet
  facet normal 0.0250785 -0.382562 -0.92359
    outer loop
      vertex 34.1678 2.72524 0.212279
      vertex 34 2.23084 0.412509
      vertex 34 2.71424 0.212279
    endloop
  endfacet
  facet normal 0.0169641 -0.25878 -0.965787
    outer loop
      vertex 34.1678 2.72524 0.212279
      vertex 34 2.71424 0.212279
      vertex 34 3.21964 0.0768585
    endloop
  endfacet
  facet normal -0.16098 -0.474221 -0.865563
    outer loop
      vertex 3.42483 1.85344 0.674121
      vertex 3.14957 1.94688 0.674121
      vertex 3.54211 2.29113 0.412509
    endloop
  endfacet
  facet normal -0.0833566 -0.245573 -0.965788
    outer loop
      vertex 3.79803 3.24623 0.0768585
      vertex 3.50796 2.81211 0.212279
      vertex 3.70137 3.27904 0.0768585
    endloop
  endfacet
  facet normal -0.653732 -0.745434 -0.130245
    outer loop
      vertex 1.57017 0.833381 3.73839
      vertex 1.22592 1.22592 3.21964
      vertex 1.61174 0.887563 3.21964
    endloop
  endfacet
  facet normal -0.938863 -0.3187 -0.130255
    outer loop
      vertex 0.37549 2.49868 3.21964
      vertex 0.144568 2.96694 3.73839
      vertex 0.210536 2.98462 3.21964
    endloop
  endfacet
  facet normal -0.634863 -0.313071 -0.706353
    outer loop
      vertex 1.71596 2.68131 0.99264
      vertex 1.22156 2.84913 1.36262
      vertex 1.56338 2.99072 0.99264
    endloop
  endfacet
  facet normal -0.588575 -0.393259 -0.706347
    outer loop
      vertex 1.90762 2.39446 0.99264
      vertex 1.39555 2.49632 1.36262
      vertex 1.71596 2.68131 0.99264
    endloop
  endfacet
  facet normal -0.532203 -0.466739 -0.706339
    outer loop
      vertex 1.87348 1.87348 1.36262
      vertex 1.6141 2.16924 1.36262
      vertex 1.90762 2.39446 0.99264
    endloop
  endfacet
  facet normal -0.523514 -0.596936 -0.607948
    outer loop
      vertex 1.97533 1.3614 1.77772
      vertex 1.64825 1.64825 1.77772
      vertex 1.87348 1.87348 1.36262
    endloop
  endfacet
  facet normal -0.571322 -0.651448 -0.499206
    outer loop
      vertex 1.97533 1.3614 1.77772
      vertex 1.46326 1.46326 2.23084
      vertex 1.64825 1.64825 1.77772
    endloop
  endfacet
  facet normal -0.596937 -0.523511 -0.60795
    outer loop
      vertex 1.87348 1.87348 1.36262
      vertex 1.3614 1.97533 1.77772
      vertex 1.6141 2.16924 1.36262
    endloop
  endfacet
  facet normal 0.0578543 -0.117313 -0.991408
    outer loop
      vertex 34.2986 3.27904 0.0768585
      vertex 34.1001 3.7583 0.008564
      vertex 34.1308 3.77344 0.008564
    endloop
  endfacet
  facet normal -0.393132 0.58857 -0.706422
    outer loop
      vertex 2.68131 28.284 0.99264
      vertex 2.39446 28.0924 0.99264
      vertex 2.49632 28.6045 1.36262
    endloop
  endfacet
  facet normal -0.312924 0.634862 -0.70642
    outer loop
      vertex 2.68131 28.284 0.99264
      vertex 2.49632 28.6045 1.36262
      vertex 2.84913 28.7784 1.36262
    endloop
  endfacet
  facet normal -0.46678 0.532171 -0.706336
    outer loop
      vertex 2.13509 27.8649 0.99264
      vertex 1.87348 28.1265 1.36262
      vertex 2.39446 28.0924 0.99264
    endloop
  endfacet
  facet normal -0.221381 0.449155 -0.865592
    outer loop
      vertex 3.11542 27.5321 0.412509
      vertex 2.88886 27.9246 0.674121
      vertex 3.14957 28.0531 0.674121
    endloop
  endfacet
  facet normal -0.0976833 0.491173 -0.865567
    outer loop
      vertex 3.54211 27.7089 0.412509
      vertex 3.42483 28.1466 0.674121
      vertex 3.70993 28.2033 0.674121
    endloop
  endfacet
  facet normal -0.161071 0.474187 -0.865565
    outer loop
      vertex 3.54211 27.7089 0.412509
      vertex 3.14957 28.0531 0.674121
      vertex 3.42483 28.1466 0.674121
    endloop
  endfacet
  facet normal -0.0251836 0.382593 -0.923574
    outer loop
      vertex 3.83217 27.2748 0.212279
      vertex 3.76908 27.754 0.412509
      vertex 4 27.7692 0.412509
    endloop
  endfacet
  facet normal -0.0747268 0.37607 -0.923573
    outer loop
      vertex 3.83217 27.2748 0.212279
      vertex 3.54211 27.7089 0.412509
      vertex 3.76908 27.754 0.412509
    endloop
  endfacet
  facet normal -0.212931 0.318833 -0.923583
    outer loop
      vertex 3.35712 27.1135 0.212279
      vertex 2.92301 27.4036 0.412509
      vertex 3.11542 27.5321 0.412509
    endloop
  endfacet
  facet normal -0.401978 0.45828 -0.792712
    outer loop
      vertex 2.42861 27.5714 0.674121
      vertex 2.13509 27.8649 0.99264
      vertex 2.64716 27.7631 0.674121
    endloop
  endfacet
  facet normal -0.144031 0.215646 -0.965791
    outer loop
      vertex 3.52495 26.6191 0.0768585
      vertex 3.21728 27.0201 0.212279
      vertex 3.35712 27.1135 0.212279
    endloop
  endfacet
  facet normal -0.252802 0.288237 -0.923586
    outer loop
      vertex 3.09083 26.9092 0.212279
      vertex 2.74902 27.251 0.412509
      vertex 2.92301 27.4036 0.412509
    endloop
  endfacet
  facet normal -0.571367 0.651386 0.499235
    outer loop
      vertex 1.97533 28.6386 22.2223
      vertex 1.46326 28.5367 21.7692
      vertex 1.64825 28.3517 22.2223
    endloop
  endfacet
  facet normal -0.651366 0.57139 0.499235
    outer loop
      vertex 1.46326 28.5367 21.7692
      vertex 1.3614 28.0247 22.2223
      vertex 1.64825 28.3517 22.2223
    endloop
  endfacet
  facet normal -0.660182 0.441097 0.607942
    outer loop
      vertex 1.6141 27.8308 22.6374
      vertex 1.3614 28.0247 22.2223
      vertex 1.39555 27.5037 22.6374
    endloop
  endfacet
  facet normal -0.588565 0.393247 0.706363
    outer loop
      vertex 1.6141 27.8308 22.6374
      vertex 1.39555 27.5037 22.6374
      vertex 1.90762 27.6055 23.0074
    endloop
  endfacet
  facet normal -0.376572 0.330164 0.865555
    outer loop
      vertex 2.42861 27.5714 23.3259
      vertex 2.23695 27.3528 23.3259
      vertex 2.59643 27.077 23.5875
    endloop
  endfacet
  facet normal -0.401963 0.458263 0.79273
    outer loop
      vertex 2.64716 27.7631 23.3259
      vertex 2.13509 27.8649 23.0074
      vertex 2.42861 27.5714 23.3259
    endloop
  endfacet
  facet normal -0.466793 0.532185 0.706317
    outer loop
      vertex 2.39446 28.0924 23.0074
      vertex 1.87348 28.1265 22.6374
      vertex 2.13509 27.8649 23.0074
    endloop
  endfacet
  facet normal -0.532244 0.466729 0.706315
    outer loop
      vertex 2.13509 27.8649 23.0074
      vertex 1.87348 28.1265 22.6374
      vertex 1.90762 27.6055 23.0074
    endloop
  endfacet
  facet normal -0.050552 0.25431 0.965801
    outer loop
      vertex 3.83217 27.2748 23.7877
      vertex 3.79803 26.7538 23.9231
      vertex 3.89814 26.7737 23.9231
    endloop
  endfacet
  facet normal -0.017018 0.258724 0.965801
    outer loop
      vertex 4 26.7804 23.9231
      vertex 3.83217 27.2748 23.7877
      vertex 3.89814 26.7737 23.9231
    endloop
  endfacet
  facet normal -0.0398417 0.608257 0.792739
    outer loop
      vertex 4 28.6374 23.0074
      vertex 3.70993 28.2033 23.3259
      vertex 4 28.2223 23.3259
    endloop
  endfacet
  facet normal -0.19607 0.577223 0.792698
    outer loop
      vertex 3.31739 28.5475 23.0074
      vertex 3.14957 28.0531 23.3259
      vertex 3.42483 28.1466 23.3259
    endloop
  endfacet
  facet normal -0.195954 0.577208 0.792737
    outer loop
      vertex 3.31739 28.5475 23.0074
      vertex 2.99072 28.4366 23.0074
      vertex 3.14957 28.0531 23.3259
    endloop
  endfacet
  facet normal -0.393356 0.588559 0.706307
    outer loop
      vertex 2.49632 28.6045 22.6374
      vertex 2.16924 28.3859 22.6374
      vertex 2.39446 28.0924 23.0074
    endloop
  endfacet
  facet normal -0.393143 0.588586 0.706403
    outer loop
      vertex 2.49632 28.6045 22.6374
      vertex 2.39446 28.0924 23.0074
      vertex 2.68131 28.284 23.0074
    endloop
  endfacet
  facet normal -0.41641 0.278238 0.865555
    outer loop
      vertex 2.23695 27.3528 23.3259
      vertex 2.07545 27.1111 23.3259
      vertex 2.59643 27.077 23.5875
    endloop
  endfacet
  facet normal -0.577201 0.195934 0.792748
    outer loop
      vertex 1.56338 27.0093 23.0074
      vertex 1.45248 26.6826 23.0074
      vertex 1.94688 26.8504 23.3259
    endloop
  endfacet
  facet normal -0.491155 0.0976902 0.865577
    outer loop
      vertex 2.29113 26.4579 23.5875
      vertex 1.79673 26.2901 23.3259
      vertex 2.24598 26.2309 23.5875
    endloop
  endfacet
  facet normal -0.491157 0.0976973 0.865575
    outer loop
      vertex 1.85344 26.5752 23.3259
      vertex 1.79673 26.2901 23.3259
      vertex 2.29113 26.4579 23.5875
    endloop
  endfacet
  facet normal -0.694285 0.138065 0.706333
    outer loop
      vertex 1.09511 26.7784 22.6374
      vertex 1.01837 26.3925 22.6374
      vertex 1.45248 26.6826 23.0074
    endloop
  endfacet
  facet normal -0.670305 0.227544 0.706339
    outer loop
      vertex 1.22156 27.1509 22.6374
      vertex 1.09511 26.7784 22.6374
      vertex 1.45248 26.6826 23.0074
    endloop
  endfacet
  facet normal -0.362987 0.123261 0.923606
    outer loop
      vertex 2.81211 26.492 23.7877
      vertex 2.29113 26.4579 23.5875
      vertex 2.75805 26.3328 23.7877
    endloop
  endfacet
  facet normal -0.375971 0.0747802 0.923609
    outer loop
      vertex 2.29113 26.4579 23.5875
      vertex 2.24598 26.2309 23.5875
      vertex 2.72524 26.1678 23.7877
    endloop
  endfacet
  facet normal -0.670309 0.22754 0.706337
    outer loop
      vertex 1.56338 27.0093 23.0074
      vertex 1.22156 27.1509 22.6374
      vertex 1.45248 26.6826 23.0074
    endloop
  endfacet
  facet normal -0.577206 0.195982 0.792732
    outer loop
      vertex 1.94688 26.8504 23.3259
      vertex 1.45248 26.6826 23.0074
      vertex 1.85344 26.5752 23.3259
    endloop
  endfacet
  facet normal -0.318688 0.213006 0.923616
    outer loop
      vertex 2.97994 26.7827 23.7877
      vertex 2.59643 27.077 23.5875
      vertex 2.8865 26.6429 23.7877
    endloop
  endfacet
  facet normal -0.318732 0.212974 0.923608
    outer loop
      vertex 2.59643 27.077 23.5875
      vertex 2.46787 26.8846 23.5875
      vertex 2.8865 26.6429 23.7877
    endloop
  endfacet
  facet normal -0.258751 0.0169369 0.965795
    outer loop
      vertex 3.22631 26.1019 23.9231
      vertex 2.72524 26.1678 23.7877
      vertex 3.21964 26 23.9231
    endloop
  endfacet
  facet normal -0.130529 0.00854397 0.991408
    outer loop
      vertex 3.22631 26.1019 23.9231
      vertex 3.21964 26 23.9231
      vertex 3.74063 26.0341 23.9914
    endloop
  endfacet
  facet normal -0.128298 0.0254688 0.991409
    outer loop
      vertex 3.7473 26.0677 23.9914
      vertex 3.22631 26.1019 23.9231
      vertex 3.74063 26.0341 23.9914
    endloop
  endfacet
  facet normal -0.232583 0.114641 0.965796
    outer loop
      vertex 3.32419 26.3902 23.9231
      vertex 2.8865 26.6429 23.7877
      vertex 3.27904 26.2986 23.9231
    endloop
  endfacet
  facet normal -0.0250709 0.382513 0.92361
    outer loop
      vertex 4 27.7692 23.5875
      vertex 3.83217 27.2748 23.7877
      vertex 4 27.2858 23.7877
    endloop
  endfacet
  facet normal -0.0747172 0.376022 0.923594
    outer loop
      vertex 3.76908 27.754 23.5875
      vertex 3.54211 27.7089 23.5875
      vertex 3.83217 27.2748 23.7877
    endloop
  endfacet
  facet normal -0.376022 -0.0747941 -0.923587
    outer loop
      vertex 2.75805 3.66722 0.212279
      vertex 2.29113 3.54211 0.412509
      vertex 2.72524 3.83217 0.212279
    endloop
  endfacet
  facet normal -0.376019 -0.0747996 -0.923588
    outer loop
      vertex 2.29113 3.54211 0.412509
      vertex 2.24598 3.76908 0.412509
      vertex 2.72524 3.83217 0.212279
    endloop
  endfacet
  facet normal -0.491177 -0.0977013 -0.865563
    outer loop
      vertex 1.85344 3.42483 0.674121
      vertex 1.79673 3.70993 0.674121
      vertex 2.29113 3.54211 0.412509
    endloop
  endfacet
  facet normal -0.474221 -0.16098 -0.865563
    outer loop
      vertex 1.94688 3.14957 0.674121
      vertex 1.85344 3.42483 0.674121
      vertex 2.29113 3.54211 0.412509
    endloop
  endfacet
  facet normal -0.269615 -0.546716 -0.792723
    outer loop
      vertex 3.14957 1.94688 0.674121
      vertex 2.68131 1.71596 0.99264
      vertex 2.88886 2.07545 0.674121
    endloop
  endfacet
  facet normal -0.338668 -0.506848 -0.792723
    outer loop
      vertex 2.68131 1.71596 0.99264
      vertex 2.64716 2.23695 0.674121
      vertex 2.88886 2.07545 0.674121
    endloop
  endfacet
  facet normal -0.19499 -0.170982 -0.965787
    outer loop
      vertex 3.4482 3.4482 0.0768585
      vertex 3.09083 3.09083 0.212279
      vertex 3.3809 3.52495 0.0768585
    endloop
  endfacet
  facet normal -0.194981 -0.170988 -0.965788
    outer loop
      vertex 3.09083 3.09083 0.212279
      vertex 2.97994 3.21728 0.212279
      vertex 3.3809 3.52495 0.0768585
    endloop
  endfacet
  facet normal -0.363033 0.123276 -0.923585
    outer loop
      vertex 2.75805 26.3328 0.212279
      vertex 2.29113 26.4579 0.412509
      vertex 2.81211 26.492 0.212279
    endloop
  endfacet
  facet normal -0.245566 0.0833874 -0.965787
    outer loop
      vertex 3.24623 26.202 0.0768585
      vertex 2.75805 26.3328 0.212279
      vertex 2.81211 26.492 0.212279
    endloop
  endfacet
  facet normal -0.25878 -0.0169611 -0.965787
    outer loop
      vertex 2.72524 3.83217 0.212279
      vertex 2.71424 4 0.212279
      vertex 3.21964 4 0.0768585
    endloop
  endfacet
  facet normal -0.130521 0.00857381 -0.991408
    outer loop
      vertex 3.73839 26 0.008564
      vertex 3.21964 26 0.0768585
      vertex 3.74063 26.0341 0.008564
    endloop
  endfacet
  facet normal -0.114706 -0.232588 -0.965788
    outer loop
      vertex 3.70137 3.27904 0.0768585
      vertex 3.35712 2.8865 0.212279
      vertex 3.60982 3.32419 0.0768585
    endloop
  endfacet
  facet normal -0.144082 -0.215627 -0.965787
    outer loop
      vertex 3.60982 3.32419 0.0768585
      vertex 3.35712 2.8865 0.212279
      vertex 3.52495 3.3809 0.0768585
    endloop
  endfacet
  facet normal -0.0506114 -0.254353 -0.965786
    outer loop
      vertex 3.83217 2.72524 0.212279
      vertex 3.79803 3.24623 0.0768585
      vertex 3.89814 3.22631 0.0768585
    endloop
  endfacet
  facet normal 0.0862765 0.098327 -0.991407
    outer loop
      vertex 34.5518 26.5518 0.0768585
      vertex 34.1593 26.2076 0.008564
      vertex 34.4751 26.6191 0.0768585
    endloop
  endfacet
  facet normal 0.171028 0.194916 -0.965794
    outer loop
      vertex 34.5518 26.5518 0.0768585
      vertex 34.4751 26.6191 0.0768585
      vertex 34.9092 26.9092 0.212279
    endloop
  endfacet
  facet normal 0.212976 0.31878 -0.923591
    outer loop
      vertex 34.7827 27.0201 0.212279
      vertex 34.6429 27.1135 0.212279
      vertex 35.077 27.4036 0.412509
    endloop
  endfacet
  facet normal 0.252726 0.288276 -0.923594
    outer loop
      vertex 34.9092 26.9092 0.212279
      vertex 34.7827 27.0201 0.212279
      vertex 35.077 27.4036 0.412509
    endloop
  endfacet
  facet normal 0.0250845 -0.382563 -0.923589
    outer loop
      vertex 34.2309 2.24598 0.412509
      vertex 34 2.23084 0.412509
      vertex 34.1678 2.72524 0.212279
    endloop
  endfacet
  facet normal 0.0747897 -0.376019 -0.923589
    outer loop
      vertex 34.2309 2.24598 0.412509
      vertex 34.1678 2.72524 0.212279
      vertex 34.4579 2.29113 0.412509
    endloop
  endfacet
  facet normal 0.0085433 -0.130519 -0.991409
    outer loop
      vertex 34.1019 3.22631 0.0768585
      vertex 34 3.21964 0.0768585
      vertex 34.0341 3.74063 0.008564
    endloop
  endfacet
  facet normal 0.0254667 -0.128288 -0.99141
    outer loop
      vertex 34.1019 3.22631 0.0768585
      vertex 34.0341 3.74063 0.008564
      vertex 34.0677 3.7473 0.008564
    endloop
  endfacet
  facet normal -0.0977077 -0.491178 -0.865562
    outer loop
      vertex 3.70993 1.79673 0.674121
      vertex 3.54211 2.29113 0.412509
      vertex 3.76908 2.24598 0.412509
    endloop
  endfacet
  facet normal -0.0747996 -0.376019 -0.923588
    outer loop
      vertex 3.76908 2.24598 0.412509
      vertex 3.54211 2.29113 0.412509
      vertex 3.83217 2.72524 0.212279
    endloop
  endfacet
  facet normal -0.889232 -0.43852 -0.130255
    outer loop
      vertex 0.60246 2.03843 3.21964
      vertex 0.312394 2.47254 3.73839
      vertex 0.37549 2.49868 3.21964
    endloop
  endfacet
  facet normal -0.768421 -0.513441 -0.381978
    outer loop
      vertex 1.15385 1.81607 2.23084
      vertex 0.719737 2.10614 2.71424
      vertex 0.893141 2.20625 2.23084
    endloop
  endfacet
  facet normal -0.777132 -0.383232 -0.499198
    outer loop
      vertex 0.893141 2.20625 2.23084
      vertex 0.68559 2.62713 2.23084
      vertex 0.927288 2.72724 1.77772
    endloop
  endfacet
  facet normal -0.651455 -0.571318 -0.499201
    outer loop
      vertex 1.46326 1.46326 2.23084
      vertex 1.15385 1.81607 2.23084
      vertex 1.3614 1.97533 1.77772
    endloop
  endfacet
  facet normal -0.588573 -0.393276 -0.70634
    outer loop
      vertex 1.6141 2.16924 1.36262
      vertex 1.39555 2.49632 1.36262
      vertex 1.90762 2.39446 0.99264
    endloop
  endfacet
  facet normal -0.596936 -0.523514 -0.607948
    outer loop
      vertex 1.64825 1.64825 1.77772
      vertex 1.3614 1.97533 1.77772
      vertex 1.87348 1.87348 1.36262
    endloop
  endfacet
  facet normal -0.513441 -0.768421 -0.381978
    outer loop
      vertex 2.10614 0.719737 2.71424
      vertex 1.81607 1.15385 2.23084
      vertex 2.20625 0.893141 2.23084
    endloop
  endfacet
  facet normal -0.824389 -0.550835 -0.130246
    outer loop
      vertex 0.833381 1.57017 3.73839
      vertex 0.60246 2.03843 3.21964
      vertex 0.887563 1.61174 3.21964
    endloop
  endfacet
  facet normal -0.536716 -0.803254 -0.258301
    outer loop
      vertex 2.10614 0.719737 2.71424
      vertex 1.61174 0.887563 3.21964
      vertex 1.69418 0.994999 2.71424
    endloop
  endfacet
  facet normal -0.726322 -0.636971 -0.258308
    outer loop
      vertex 1.22592 1.22592 3.21964
      vertex 0.887563 1.61174 3.21964
      vertex 1.32168 1.32168 2.71424
    endloop
  endfacet
  facet normal -0.269637 0.546712 -0.792718
    outer loop
      vertex 3.14957 28.0531 0.674121
      vertex 2.68131 28.284 0.99264
      vertex 2.99072 28.4366 0.99264
    endloop
  endfacet
  facet normal -0.313112 0.634863 -0.706335
    outer loop
      vertex 2.99072 28.4366 0.99264
      vertex 2.68131 28.284 0.99264
      vertex 2.84913 28.7784 1.36262
    endloop
  endfacet
  facet normal -0.212941 0.318819 -0.923585
    outer loop
      vertex 3.21728 27.0201 0.212279
      vertex 2.92301 27.4036 0.412509
      vertex 3.35712 27.1135 0.212279
    endloop
  endfacet
  facet normal -0.376585 0.330175 -0.865545
    outer loop
      vertex 2.59643 27.077 0.412509
      vertex 2.23695 27.3528 0.674121
      vertex 2.42861 27.5714 0.674121
    endloop
  endfacet
  facet normal -0.338706 0.506906 -0.79267
    outer loop
      vertex 2.88886 27.9246 0.674121
      vertex 2.64716 27.7631 0.674121
      vertex 2.68131 28.284 0.99264
    endloop
  endfacet
  facet normal -0.269532 0.546846 -0.792661
    outer loop
      vertex 2.88886 27.9246 0.674121
      vertex 2.68131 28.284 0.99264
      vertex 3.14957 28.0531 0.674121
    endloop
  endfacet
  facet normal -0.278228 0.416394 -0.865567
    outer loop
      vertex 2.92301 27.4036 0.412509
      vertex 2.64716 27.7631 0.674121
      vertex 2.88886 27.9246 0.674121
    endloop
  endfacet
  facet normal -0.278102 0.416417 -0.865596
    outer loop
      vertex 2.92301 27.4036 0.412509
      vertex 2.88886 27.9246 0.674121
      vertex 3.11542 27.5321 0.412509
    endloop
  endfacet
  facet normal -0.532134 0.466774 0.706368
    outer loop
      vertex 1.87348 28.1265 22.6374
      vertex 1.6141 27.8308 22.6374
      vertex 1.90762 27.6055 23.0074
    endloop
  endfacet
  facet normal -0.59689 0.523576 0.607939
    outer loop
      vertex 1.87348 28.1265 22.6374
      vertex 1.3614 28.0247 22.2223
      vertex 1.6141 27.8308 22.6374
    endloop
  endfacet
  facet normal -0.288246 0.252677 0.923617
    outer loop
      vertex 3.09083 26.9092 23.7877
      vertex 2.59643 27.077 23.5875
      vertex 2.97994 26.7827 23.7877
    endloop
  endfacet
  facet normal -0.0420324 0.123867 0.991408
    outer loop
      vertex 3.79803 26.7538 23.9231
      vertex 3.70137 26.721 23.9231
      vertex 3.93229 26.2527 23.9914
    endloop
  endfacet
  facet normal -0.194896 0.171011 0.965801
    outer loop
      vertex 3.4482 26.5518 23.9231
      vertex 3.09083 26.9092 23.7877
      vertex 3.3809 26.4751 23.9231
    endloop
  endfacet
  facet normal -0.114787 0.232494 0.9658
    outer loop
      vertex 3.70137 26.721 23.9231
      vertex 3.35712 27.1135 23.7877
      vertex 3.60982 26.6758 23.9231
    endloop
  endfacet
  facet normal -0.118909 0.597903 0.7927
    outer loop
      vertex 3.70993 28.2033 23.3259
      vertex 3.31739 28.5475 23.0074
      vertex 3.42483 28.1466 23.3259
    endloop
  endfacet
  facet normal -0.09768 0.491156 0.865577
    outer loop
      vertex 3.70993 28.2033 23.3259
      vertex 3.42483 28.1466 23.3259
      vertex 3.54211 27.7089 23.5875
    endloop
  endfacet
  facet normal -0.221374 0.449139 0.865602
    outer loop
      vertex 3.14957 28.0531 23.3259
      vertex 2.88886 27.9246 23.3259
      vertex 3.11542 27.5321 23.5875
    endloop
  endfacet
  facet normal -0.161004 0.474227 0.865556
    outer loop
      vertex 3.54211 27.7089 23.5875
      vertex 3.14957 28.0531 23.3259
      vertex 3.32297 27.6345 23.5875
    endloop
  endfacet
  facet normal -0.351017 0.712147 0.607975
    outer loop
      vertex 2.72724 29.0727 22.2223
      vertex 2.49632 28.6045 22.6374
      vertex 2.84913 28.7784 22.6374
    endloop
  endfacet
  facet normal -0.312932 0.634879 0.7064
    outer loop
      vertex 2.84913 28.7784 22.6374
      vertex 2.49632 28.6045 22.6374
      vertex 2.68131 28.284 23.0074
    endloop
  endfacet
  facet normal -0.375981 0.0747633 0.923606
    outer loop
      vertex 2.75805 26.3328 23.7877
      vertex 2.29113 26.4579 23.5875
      vertex 2.72524 26.1678 23.7877
    endloop
  endfacet
  facet normal -0.25432 0.0505712 0.965797
    outer loop
      vertex 2.75805 26.3328 23.7877
      vertex 2.72524 26.1678 23.7877
      vertex 3.24623 26.202 23.9231
    endloop
  endfacet
  facet normal -0.343821 0.169495 0.923612
    outer loop
      vertex 2.8865 26.6429 23.7877
      vertex 2.36551 26.677 23.5875
      vertex 2.81211 26.492 23.7877
    endloop
  endfacet
  facet normal -0.343818 0.169524 0.923608
    outer loop
      vertex 2.46787 26.8846 23.5875
      vertex 2.36551 26.677 23.5875
      vertex 2.8865 26.6429 23.7877
    endloop
  endfacet
  facet normal -0.546672 0.269604 0.792757
    outer loop
      vertex 2.07545 27.1111 23.3259
      vertex 1.71596 27.3187 23.0074
      vertex 1.94688 26.8504 23.3259
    endloop
  endfacet
  facet normal -0.449156 0.221511 0.865559
    outer loop
      vertex 2.07545 27.1111 23.3259
      vertex 1.94688 26.8504 23.3259
      vertex 2.46787 26.8846 23.5875
    endloop
  endfacet
  facet normal -0.546683 0.269596 0.792752
    outer loop
      vertex 1.71596 27.3187 23.0074
      vertex 1.56338 27.0093 23.0074
      vertex 1.94688 26.8504 23.3259
    endloop
  endfacet
  facet normal -0.634873 0.313086 0.706338
    outer loop
      vertex 1.71596 27.3187 23.0074
      vertex 1.22156 27.1509 22.6374
      vertex 1.56338 27.0093 23.0074
    endloop
  endfacet
  facet normal -0.232573 0.114653 0.965797
    outer loop
      vertex 2.8865 26.6429 23.7877
      vertex 2.81211 26.492 23.7877
      vertex 3.27904 26.2986 23.9231
    endloop
  endfacet
  facet normal -0.245521 0.0833908 0.965798
    outer loop
      vertex 3.27904 26.2986 23.9231
      vertex 2.81211 26.492 23.7877
      vertex 3.24623 26.202 23.9231
    endloop
  endfacet
  facet normal -0.117332 0.0578332 0.991407
    outer loop
      vertex 3.32419 26.3902 23.9231
      vertex 3.27904 26.2986 23.9231
      vertex 3.77344 26.1308 23.9914
    endloop
  endfacet
  facet normal -0.117323 0.0578589 0.991407
    outer loop
      vertex 3.77344 26.1308 23.9914
      vertex 3.27904 26.2986 23.9231
      vertex 3.7583 26.1001 23.9914
    endloop
  endfacet
  facet normal -0.0579141 0.117302 0.991406
    outer loop
      vertex 3.70137 26.721 23.9231
      vertex 3.60982 26.6758 23.9231
      vertex 3.86919 26.2266 23.9914
    endloop
  endfacet
  facet normal -0.057727 0.117366 0.99141
    outer loop
      vertex 3.89989 26.2417 23.9914
      vertex 3.70137 26.721 23.9231
      vertex 3.86919 26.2266 23.9914
    endloop
  endfacet
  facet normal -0.123076 0.362983 0.923632
    outer loop
      vertex 3.54211 27.7089 23.5875
      vertex 3.50796 27.1879 23.7877
      vertex 3.66722 27.2419 23.7877
    endloop
  endfacet
  facet normal -0.0832734 0.245595 0.965789
    outer loop
      vertex 3.66722 27.2419 23.7877
      vertex 3.50796 27.1879 23.7877
      vertex 3.79803 26.7538 23.9231
    endloop
  endfacet
  facet normal -0.0328892 0.499656 0.865599
    outer loop
      vertex 4 27.7692 23.5875
      vertex 3.70993 28.2033 23.3259
      vertex 3.76908 27.754 23.5875
    endloop
  endfacet
  facet normal -0.0975913 0.491137 0.865598
    outer loop
      vertex 3.70993 28.2033 23.3259
      vertex 3.54211 27.7089 23.5875
      vertex 3.76908 27.754 23.5875
    endloop
  endfacet
  facet normal -0.25878 0.0169641 -0.965787
    outer loop
      vertex 3.21964 26 0.0768585
      vertex 2.71424 26 0.212279
      vertex 2.72524 26.1678 0.212279
    endloop
  endfacet
  facet normal -0.254356 0.0505784 -0.965787
    outer loop
      vertex 3.24623 26.202 0.0768585
      vertex 2.72524 26.1678 0.212279
      vertex 2.75805 26.3328 0.212279
    endloop
  endfacet
  facet normal -0.128287 -0.0255266 -0.991409
    outer loop
      vertex 3.24623 3.79803 0.0768585
      vertex 3.22631 3.89814 0.0768585
      vertex 3.7473 3.93229 0.008564
    endloop
  endfacet
  facet normal -0.254353 -0.0506114 -0.965786
    outer loop
      vertex 3.24623 3.79803 0.0768585
      vertex 2.72524 3.83217 0.212279
      vertex 3.22631 3.89814 0.0768585
    endloop
  endfacet
  facet normal -0.0169611 -0.25878 -0.965787
    outer loop
      vertex 4 2.71424 0.212279
      vertex 3.83217 2.72524 0.212279
      vertex 4 3.21964 0.0768585
    endloop
  endfacet
  facet normal -0.123233 -0.363043 -0.923587
    outer loop
      vertex 3.54211 2.29113 0.412509
      vertex 3.50796 2.81211 0.212279
      vertex 3.66722 2.75805 0.212279
    endloop
  endfacet
  facet normal -0.0747941 -0.376022 -0.923587
    outer loop
      vertex 3.83217 2.72524 0.212279
      vertex 3.54211 2.29113 0.412509
      vertex 3.66722 2.75805 0.212279
    endloop
  endfacet
  facet normal -0.0250824 -0.382564 -0.923588
    outer loop
      vertex 4 2.23084 0.412509
      vertex 3.76908 2.24598 0.412509
      vertex 3.83217 2.72524 0.212279
    endloop
  endfacet
  facet normal -0.0327642 -0.499729 -0.865562
    outer loop
      vertex 4 2.23084 0.412509
      vertex 3.70993 1.79673 0.674121
      vertex 3.76908 2.24598 0.412509
    endloop
  endfacet
  facet normal -0.947502 -0.188471 -0.258298
    outer loop
      vertex 0.210536 2.98462 3.21964
      vertex 0.110421 3.48793 3.21964
      vertex 0.244683 3.5056 2.71424
    endloop
  endfacet
  facet normal -0.914797 -0.310526 -0.258302
    outer loop
      vertex 0.500602 2.5505 2.71424
      vertex 0.210536 2.98462 3.21964
      vertex 0.341343 3.01967 2.71424
    endloop
  endfacet
  facet normal -0.778726 -0.154896 -0.607942
    outer loop
      vertex 0.787448 3.1392 1.77772
      vertex 0.702575 3.56589 1.77772
      vertex 1.01837 3.60746 1.36262
    endloop
  endfacet
  facet normal -0.77873 -0.15489 -0.607938
    outer loop
      vertex 1.09511 3.22164 1.36262
      vertex 0.787448 3.1392 1.77772
      vertex 1.01837 3.60746 1.36262
    endloop
  endfacet
  facet normal -0.751849 -0.255215 -0.607938
    outer loop
      vertex 0.927288 2.72724 1.77772
      vertex 0.787448 3.1392 1.77772
      vertex 1.09511 3.22164 1.36262
    endloop
  endfacet
  facet normal -0.820502 -0.278525 -0.499199
    outer loop
      vertex 0.68559 2.62713 2.23084
      vertex 0.534749 3.07149 2.23084
      vertex 0.927288 2.72724 1.77772
    endloop
  endfacet
  facet normal -0.609354 -0.694826 -0.381973
    outer loop
      vertex 1.81607 1.15385 2.23084
      vertex 1.32168 1.32168 2.71424
      vertex 1.46326 1.46326 2.23084
    endloop
  endfacet
  facet normal -0.513441 -0.768421 -0.381977
    outer loop
      vertex 2.10614 0.719737 2.71424
      vertex 1.69418 0.994999 2.71424
      vertex 1.81607 1.15385 2.23084
    endloop
  endfacet
  facet normal -0.768421 -0.513441 -0.381977
    outer loop
      vertex 0.994999 1.69418 2.71424
      vertex 0.719737 2.10614 2.71424
      vertex 1.15385 1.81607 2.23084
    endloop
  endfacet
  facet normal -0.803254 -0.536716 -0.258301
    outer loop
      vertex 0.887563 1.61174 3.21964
      vertex 0.719737 2.10614 2.71424
      vertex 0.994999 1.69418 2.71424
    endloop
  endfacet
  facet normal -0.288253 0.252785 -0.923585
    outer loop
      vertex 3.09083 26.9092 0.212279
      vertex 2.59643 27.077 0.412509
      vertex 2.74902 27.251 0.412509
    endloop
  endfacet
  facet normal -0.376531 0.3302 -0.865559
    outer loop
      vertex 2.59643 27.077 0.412509
      vertex 2.42861 27.5714 0.674121
      vertex 2.74902 27.251 0.412509
    endloop
  endfacet
  facet normal -0.278092 0.416402 0.865606
    outer loop
      vertex 3.11542 27.5321 23.5875
      vertex 2.88886 27.9246 23.3259
      vertex 2.92301 27.4036 23.5875
    endloop
  endfacet
  facet normal -0.278218 0.416379 0.865577
    outer loop
      vertex 2.88886 27.9246 23.3259
      vertex 2.64716 27.7631 23.3259
      vertex 2.92301 27.4036 23.5875
    endloop
  endfacet
  facet normal -0.169571 0.343792 0.923609
    outer loop
      vertex 3.50796 27.1879 23.7877
      vertex 3.32297 27.6345 23.5875
      vertex 3.35712 27.1135 23.7877
    endloop
  endfacet
  facet normal -0.123237 0.362985 0.92361
    outer loop
      vertex 3.54211 27.7089 23.5875
      vertex 3.32297 27.6345 23.5875
      vertex 3.50796 27.1879 23.7877
    endloop
  endfacet
  facet normal -0.195001 0.170938 0.965792
    outer loop
      vertex 3.09083 26.9092 23.7877
      vertex 2.97994 26.7827 23.7877
      vertex 3.3809 26.4751 23.9231
    endloop
  endfacet
  facet normal -0.215592 0.144098 0.965793
    outer loop
      vertex 2.97994 26.7827 23.7877
      vertex 2.8865 26.6429 23.7877
      vertex 3.3809 26.4751 23.9231
    endloop
  endfacet
  facet normal -0.0726742 0.108781 0.991406
    outer loop
      vertex 3.60982 26.6758 23.9231
      vertex 3.52495 26.6191 23.9231
      vertex 3.84074 26.2076 23.9914
    endloop
  endfacet
  facet normal -0.144041 0.215604 0.965799
    outer loop
      vertex 3.60982 26.6758 23.9231
      vertex 3.35712 27.1135 23.7877
      vertex 3.52495 26.6191 23.9231
    endloop
  endfacet
  facet normal -0.0833269 0.24556 0.965793
    outer loop
      vertex 3.79803 26.7538 23.9231
      vertex 3.50796 27.1879 23.7877
      vertex 3.70137 26.721 23.9231
    endloop
  endfacet
  facet normal -0.114708 0.232561 0.965794
    outer loop
      vertex 3.50796 27.1879 23.7877
      vertex 3.35712 27.1135 23.7877
      vertex 3.70137 26.721 23.9231
    endloop
  endfacet
  facet normal -0.0507248 0.254318 0.96579
    outer loop
      vertex 3.83217 27.2748 23.7877
      vertex 3.66722 27.2419 23.7877
      vertex 3.79803 26.7538 23.9231
    endloop
  endfacet
  facet normal -0.0749693 0.375872 0.923634
    outer loop
      vertex 3.83217 27.2748 23.7877
      vertex 3.54211 27.7089 23.5875
      vertex 3.66722 27.2419 23.7877
    endloop
  endfacet
  facet normal -0.258788 0.0169393 -0.965786
    outer loop
      vertex 3.21964 26 0.0768585
      vertex 2.72524 26.1678 0.212279
      vertex 3.22631 26.1019 0.0768585
    endloop
  endfacet
  facet normal -0.130519 0.0085433 -0.991409
    outer loop
      vertex 3.74063 26.0341 0.008564
      vertex 3.21964 26 0.0768585
      vertex 3.22631 26.1019 0.0768585
    endloop
  endfacet
  facet normal -0.123861 -0.042043 -0.991409
    outer loop
      vertex 3.27904 3.70137 0.0768585
      vertex 3.24623 3.79803 0.0768585
      vertex 3.7473 3.93229 0.008564
    endloop
  endfacet
  facet normal -0.123857 -0.0420504 -0.991409
    outer loop
      vertex 3.7583 3.89989 0.008564
      vertex 3.27904 3.70137 0.0768585
      vertex 3.7473 3.93229 0.008564
    endloop
  endfacet
  facet normal -0.114706 -0.232588 -0.965788
    outer loop
      vertex 3.50796 2.81211 0.212279
      vertex 3.35712 2.8865 0.212279
      vertex 3.70137 3.27904 0.0768585
    endloop
  endfacet
  facet normal -0.169578 -0.343843 -0.923588
    outer loop
      vertex 3.32297 2.36551 0.412509
      vertex 3.11542 2.46787 0.412509
      vertex 3.35712 2.8865 0.212279
    endloop
  endfacet
  facet normal -0.906412 -0.180301 -0.381979
    outer loop
      vertex 0.341343 3.01967 2.71424
      vertex 0.244683 3.5056 2.71424
      vertex 0.534749 3.07149 2.23084
    endloop
  endfacet
  facet normal -0.875127 -0.29706 -0.381979
    outer loop
      vertex 0.500602 2.5505 2.71424
      vertex 0.341343 3.01967 2.71424
      vertex 0.534749 3.07149 2.23084
    endloop
  endfacet
  facet normal -0.803256 -0.536714 -0.258299
    outer loop
      vertex 0.887563 1.61174 3.21964
      vertex 0.60246 2.03843 3.21964
      vertex 0.719737 2.10614 2.71424
    endloop
  endfacet
  facet normal -0.820502 -0.27852 -0.499202
    outer loop
      vertex 0.927288 2.72724 1.77772
      vertex 0.534749 3.07149 2.23084
      vertex 0.787448 3.1392 1.77772
    endloop
  endfacet
  facet normal -0.712099 -0.351175 -0.607939
    outer loop
      vertex 1.39555 2.49632 1.36262
      vertex 0.927288 2.72724 1.77772
      vertex 1.22156 2.84913 1.36262
    endloop
  endfacet
  facet normal -0.712099 -0.351162 -0.607947
    outer loop
      vertex 1.1197 2.33706 1.77772
      vertex 0.927288 2.72724 1.77772
      vertex 1.39555 2.49632 1.36262
    endloop
  endfacet
  facet normal -0.636979 -0.726319 -0.258301
    outer loop
      vertex 1.61174 0.887563 3.21964
      vertex 1.32168 1.32168 2.71424
      vertex 1.69418 0.994999 2.71424
    endloop
  endfacet
  facet normal -0.609356 -0.694822 -0.381977
    outer loop
      vertex 1.69418 0.994999 2.71424
      vertex 1.32168 1.32168 2.71424
      vertex 1.81607 1.15385 2.23084
    endloop
  endfacet
  facet normal -0.824383 -0.550841 -0.130254
    outer loop
      vertex 0.833381 1.57017 3.73839
      vertex 0.543315 2.00428 3.73839
      vertex 0.60246 2.03843 3.21964
    endloop
  endfacet
  facet normal -0.889231 -0.438522 -0.130254
    outer loop
      vertex 0.543315 2.00428 3.73839
      vertex 0.312394 2.47254 3.73839
      vertex 0.60246 2.03843 3.21964
    endloop
  endfacet
  facet normal -0.376518 0.330189 0.865569
    outer loop
      vertex 2.74902 27.251 23.5875
      vertex 2.42861 27.5714 23.3259
      vertex 2.59643 27.077 23.5875
    endloop
  endfacet
  facet normal -0.288216 0.252752 0.923606
    outer loop
      vertex 2.74902 27.251 23.5875
      vertex 2.59643 27.077 23.5875
      vertex 3.09083 26.9092 23.7877
    endloop
  endfacet
  facet normal -0.170964 0.194935 0.965801
    outer loop
      vertex 3.21728 27.0201 23.7877
      vertex 3.09083 26.9092 23.7877
      vertex 3.52495 26.6191 23.9231
    endloop
  endfacet
  facet normal -0.144011 0.215615 0.965801
    outer loop
      vertex 3.35712 27.1135 23.7877
      vertex 3.21728 27.0201 23.7877
      vertex 3.52495 26.6191 23.9231
    endloop
  endfacet
  facet normal -0.0983277 0.0862771 0.991407
    outer loop
      vertex 3.4482 26.5518 23.9231
      vertex 3.3809 26.4751 23.9231
      vertex 3.79245 26.1593 23.9914
    endloop
  endfacet
  facet normal -0.215618 0.144025 0.965798
    outer loop
      vertex 3.3809 26.4751 23.9231
      vertex 2.8865 26.6429 23.7877
      vertex 3.32419 26.3902 23.9231
    endloop
  endfacet
  facet normal -0.258817 0 -0.965926
    outer loop
      vertex 2.71424 4 0.212279
      vertex 3.21964 26 0.0768585
      vertex 3.21964 4 0.0768585
    endloop
  endfacet
  facet normal -0.258817 0 -0.965926
    outer loop
      vertex 3.21964 26 0.0768585
      vertex 2.71424 4 0.212279
      vertex 2.71424 26 0.212279
    endloop
  endfacet
  facet normal -0.117322 0.0578286 -0.991409
    outer loop
      vertex 3.77344 26.1308 0.008564
      vertex 3.27904 26.2986 0.0768585
      vertex 3.32419 26.3902 0.0768585
    endloop
  endfacet
  facet normal -0.117313 0.0578543 -0.991408
    outer loop
      vertex 3.7583 26.1001 0.008564
      vertex 3.27904 26.2986 0.0768585
      vertex 3.77344 26.1308 0.008564
    endloop
  endfacet
  facet normal -0.232588 -0.114706 -0.965788
    outer loop
      vertex 3.32419 3.60982 0.0768585
      vertex 2.8865 3.35712 0.212279
      vertex 3.27904 3.70137 0.0768585
    endloop
  endfacet
  facet normal -0.232588 -0.114706 -0.965788
    outer loop
      vertex 2.8865 3.35712 0.212279
      vertex 2.81211 3.50796 0.212279
      vertex 3.27904 3.70137 0.0768585
    endloop
  endfacet
  facet normal -0.0833582 -0.245572 -0.965788
    outer loop
      vertex 3.66722 2.75805 0.212279
      vertex 3.50796 2.81211 0.212279
      vertex 3.79803 3.24623 0.0768585
    endloop
  endfacet
  facet normal -0.0505928 -0.254352 -0.965788
    outer loop
      vertex 3.83217 2.72524 0.212279
      vertex 3.66722 2.75805 0.212279
      vertex 3.79803 3.24623 0.0768585
    endloop
  endfacet
  facet normal -0.212999 -0.318769 -0.92359
    outer loop
      vertex 3.35712 2.8865 0.212279
      vertex 2.92301 2.59643 0.412509
      vertex 3.21728 2.97994 0.212279
    endloop
  endfacet
  facet normal -0.144081 -0.215628 -0.965787
    outer loop
      vertex 3.35712 2.8865 0.212279
      vertex 3.21728 2.97994 0.212279
      vertex 3.52495 3.3809 0.0768585
    endloop
  endfacet
  facet normal -0.828861 -0.408751 -0.381986
    outer loop
      vertex 0.719737 2.10614 2.71424
      vertex 0.500602 2.5505 2.71424
      vertex 0.68559 2.62713 2.23084
    endloop
  endfacet
  facet normal -0.720458 -0.481393 -0.4992
    outer loop
      vertex 1.15385 1.81607 2.23084
      vertex 0.893141 2.20625 2.23084
      vertex 1.3614 1.97533 1.77772
    endloop
  endfacet
  facet normal -0.828867 -0.408744 -0.381978
    outer loop
      vertex 0.719737 2.10614 2.71424
      vertex 0.68559 2.62713 2.23084
      vertex 0.893141 2.20625 2.23084
    endloop
  endfacet
  facet normal -0.694826 -0.609354 -0.381973
    outer loop
      vertex 1.32168 1.32168 2.71424
      vertex 1.15385 1.81607 2.23084
      vertex 1.46326 1.46326 2.23084
    endloop
  endfacet
  facet normal -0.108816 0.072582 0.991409
    outer loop
      vertex 3.79245 26.1593 23.9914
      vertex 3.32419 26.3902 23.9231
      vertex 3.77344 26.1308 23.9914
    endloop
  endfacet
  facet normal -0.128284 0.0255286 -0.991409
    outer loop
      vertex 3.7473 26.0677 0.008564
      vertex 3.22631 26.1019 0.0768585
      vertex 3.24623 26.202 0.0768585
    endloop
  endfacet
  facet normal -0.128288 0.0254667 -0.99141
    outer loop
      vertex 3.74063 26.0341 0.008564
      vertex 3.22631 26.1019 0.0768585
      vertex 3.7473 26.0677 0.008564
    endloop
  endfacet
  facet normal -0.866438 -0.427279 -0.258299
    outer loop
      vertex 0.60246 2.03843 3.21964
      vertex 0.37549 2.49868 3.21964
      vertex 0.719737 2.10614 2.71424
    endloop
  endfacet
  facet normal -0.866437 -0.427281 -0.258297
    outer loop
      vertex 0.719737 2.10614 2.71424
      vertex 0.37549 2.49868 3.21964
      vertex 0.500602 2.5505 2.71424
    endloop
  endfacet
  facet normal -0.745435 -0.65373 -0.130247
    outer loop
      vertex 1.17763 1.17763 3.73839
      vertex 0.833381 1.57017 3.73839
      vertex 1.22592 1.22592 3.21964
    endloop
  endfacet
  facet normal -0.745434 -0.653732 -0.130245
    outer loop
      vertex 1.22592 1.22592 3.21964
      vertex 0.833381 1.57017 3.73839
      vertex 0.887563 1.61174 3.21964
    endloop
  endfacet
  facet normal -0.694822 -0.609356 -0.381977
    outer loop
      vertex 1.32168 1.32168 2.71424
      vertex 0.994999 1.69418 2.71424
      vertex 1.15385 1.81607 2.23084
    endloop
  endfacet
  facet normal -0.726319 -0.636979 -0.258301
    outer loop
      vertex 1.32168 1.32168 2.71424
      vertex 0.887563 1.61174 3.21964
      vertex 0.994999 1.69418 2.71424
    endloop
  endfacet
  facet normal 0 0 -1
    outer loop
      vertex 34 29.9914 6
      vertex 37.9914 26 6
      vertex 37.9914 15 6
    endloop
  endfacet
  facet normal 0 0 -1
    outer loop
      vertex 37.9914 26 6
      vertex 34 29.9914 6
      vertex 37.9573 26.521 6
    endloop
  endfacet
  facet normal 0 0 -1
    outer loop
      vertex 37.9573 26.521 6
      vertex 34 29.9914 6
      vertex 37.8554 27.0331 6
    endloop
  endfacet
  facet normal 0 0 -1
    outer loop
      vertex 37.8554 27.0331 6
      vertex 34 29.9914 6
      vertex 37.6876 27.5275 6
    endloop
  endfacet
  facet normal 0 0 -1
    outer loop
      vertex 37.6876 27.5275 6
      vertex 34 29.9914 6
      vertex 37.4567 27.9957 6
    endloop
  endfacet
  facet normal 0 0 -1
    outer loop
      vertex 37.4567 27.9957 6
      vertex 34 29.9914 6
      vertex 37.1666 28.4298 6
    endloop
  endfacet
  facet normal 0 0 -1
    outer loop
      vertex 37.1666 28.4298 6
      vertex 34 29.9914 6
      vertex 36.8224 28.8224 6
    endloop
  endfacet
  facet normal 0 0 -1
    outer loop
      vertex 36.8224 28.8224 6
      vertex 34 29.9914 6
      vertex 36.4298 29.1666 6
    endloop
  endfacet
  facet normal 0 0 -1
    outer loop
      vertex 36.4298 29.1666 6
      vertex 34 29.9914 6
      vertex 35.9957 29.4567 6
    endloop
  endfacet
  facet normal 0 0 -1
    outer loop
      vertex 35.9957 29.4567 6
      vertex 34 29.9914 6
      vertex 35.5275 29.6876 6
    endloop
  endfacet
  facet normal 0 0 -1
    outer loop
      vertex 35.5275 29.6876 6
      vertex 34 29.9914 6
      vertex 35.0331 29.8554 6
    endloop
  endfacet
  facet normal 0 0 -1
    outer loop
      vertex 35.0331 29.8554 6
      vertex 34 29.9914 6
      vertex 34.521 29.9573 6
    endloop
  endfacet
  facet normal 0 0 -1
    outer loop
      vertex 19 15 6
      vertex 34 29.9914 6
      vertex 37.9914 15 6
    endloop
  endfacet
  facet normal -0 0 -1
    outer loop
      vertex 34 29.9914 6
      vertex 19 15 6
      vertex 19 29.9914 6
    endloop
  endfacet
  facet normal 0 0 1
    outer loop
      vertex 34 28.6447 1
      vertex 36.6447 26 1
      vertex 36.6226 26.3374 1
    endloop
  endfacet
  facet normal 0 0 1
    outer loop
      vertex 36.5562 26.6768 1
      vertex 36.6226 26.3374 1
      vertex 36.6221 26.3452 1
    endloop
  endfacet
  facet normal 0 0 1
    outer loop
      vertex 36.6226 26.3374 1
      vertex 36.5562 26.6768 1
      vertex 34 28.6447 1
    endloop
  endfacet
  facet normal 0 0 1
    outer loop
      vertex 36.5521 26.6919 1
      vertex 36.5562 26.6768 1
      vertex 36.5546 26.6845 1
    endloop
  endfacet
  facet normal 0 0 1
    outer loop
      vertex 36.5562 26.6768 1
      vertex 36.5521 26.6919 1
      vertex 34 28.6447 1
    endloop
  endfacet
  facet normal 0 0 1
    outer loop
      vertex 34 28.6447 1
      vertex 36.5521 26.6919 1
      vertex 36.4434 27.0121 1
    endloop
  endfacet
  facet normal 0 0 1
    outer loop
      vertex 34 28.6447 1
      vertex 36.4434 27.0121 1
      vertex 36.2939 27.3154 1
    endloop
  endfacet
  facet normal 0 0 1
    outer loop
      vertex 36.1026 27.6035 1
      vertex 36.2939 27.3154 1
      vertex 36.2904 27.3224 1
    endloop
  endfacet
  facet normal 0 0 1
    outer loop
      vertex 36.2939 27.3154 1
      vertex 36.1026 27.6035 1
      vertex 34 28.6447 1
    endloop
  endfacet
  facet normal 0 0 1
    outer loop
      vertex 36.0931 27.6159 1
      vertex 36.1026 27.6035 1
      vertex 36.0982 27.61 1
    endloop
  endfacet
  facet normal 0 0 1
    outer loop
      vertex 36.1026 27.6035 1
      vertex 36.0931 27.6159 1
      vertex 34 28.6447 1
    endloop
  endfacet
  facet normal 0 0 1
    outer loop
      vertex 34 28.6447 1
      vertex 36.0931 27.6159 1
      vertex 35.8701 27.8701 1
    endloop
  endfacet
  facet normal 0 0 1
    outer loop
      vertex 34 28.6447 1
      vertex 35.8701 27.8701 1
      vertex 35.6159 28.0931 1
    endloop
  endfacet
  facet normal 0 0 1
    outer loop
      vertex 35.6035 28.1026 1
      vertex 35.6159 28.0931 1
      vertex 35.61 28.0982 1
    endloop
  endfacet
  facet normal 0 0 1
    outer loop
      vertex 35.6159 28.0931 1
      vertex 35.6035 28.1026 1
      vertex 34 28.6447 1
    endloop
  endfacet
  facet normal 0 0 1
    outer loop
      vertex 35.3154 28.2939 1
      vertex 35.6035 28.1026 1
      vertex 35.3224 28.2904 1
    endloop
  endfacet
  facet normal 0 0 1
    outer loop
      vertex 35.6035 28.1026 1
      vertex 35.3154 28.2939 1
      vertex 34 28.6447 1
    endloop
  endfacet
  facet normal 0 0 1
    outer loop
      vertex 34 28.6447 1
      vertex 35.3154 28.2939 1
      vertex 35.0121 28.4434 1
    endloop
  endfacet
  facet normal 0 0 1
    outer loop
      vertex 34 28.6447 1
      vertex 35.0121 28.4434 1
      vertex 34.6919 28.5521 1
    endloop
  endfacet
  facet normal 0 0 1
    outer loop
      vertex 34.6768 28.5562 1
      vertex 34.6919 28.5521 1
      vertex 34.6845 28.5546 1
    endloop
  endfacet
  facet normal 0 0 1
    outer loop
      vertex 34.6919 28.5521 1
      vertex 34.6768 28.5562 1
      vertex 34 28.6447 1
    endloop
  endfacet
  facet normal 0 0 1
    outer loop
      vertex 34.3374 28.6226 1
      vertex 34.6768 28.5562 1
      vertex 34.3452 28.6221 1
    endloop
  endfacet
  facet normal 0 0 1
    outer loop
      vertex 34 28.6447 1
      vertex 34.6768 28.5562 1
      vertex 34.3374 28.6226 1
    endloop
  endfacet
  facet normal 0 0 1
    outer loop
      vertex 36.6447 26 1
      vertex 34 28.6447 1
      vertex 36.6447 15 1
    endloop
  endfacet
  facet normal 0 0 1
    outer loop
      vertex 19 15 1
      vertex 34 28.6447 1
      vertex 19 28.6447 1
    endloop
  endfacet
  facet normal 0 0 1
    outer loop
      vertex 34 28.6447 1
      vertex 19 15 1
      vertex 36.6447 15 1
    endloop
  endfacet
  facet normal 1 0 0
    outer loop
      vertex 19 28.6447 1
      vertex 19 29.9914 3.73839
      vertex 19 29.9914 6
    endloop
  endfacet
  facet normal 1 0 0
    outer loop
      vertex 19 29.9914 3.73839
      vertex 19 28.6447 1
      vertex 19 29.9231 3.21964
    endloop
  endfacet
  facet normal 1 0 0
    outer loop
      vertex 19 29.9231 3.21964
      vertex 19 28.6447 1
      vertex 19 29.7877 2.71424
    endloop
  endfacet
  facet normal 1 0 0
    outer loop
      vertex 19 29.7877 2.71424
      vertex 19 28.6447 1
      vertex 19 29.5875 2.23084
    endloop
  endfacet
  facet normal 1 0 0
    outer loop
      vertex 19 29.5875 2.23084
      vertex 19 28.6447 1
      vertex 19 29.3259 1.77772
    endloop
  endfacet
  facet normal 1 0 0
    outer loop
      vertex 19 29.3259 1.77772
      vertex 19 28.6447 1
      vertex 19 29.0074 1.36262
    endloop
  endfacet
  facet normal 1 -0 0
    outer loop
      vertex 19 15 6
      vertex 19 28.6447 1
      vertex 19 29.9914 6
    endloop
  endfacet
  facet normal 1 0 0
    outer loop
      vertex 19 28.6447 1
      vertex 19 15 6
      vertex 19 15 1
    endloop
  endfacet
  facet normal 0 1 0
    outer loop
      vertex 36.6447 15 1
      vertex 37.9914 15 6
      vertex 37.9914 15 3.73839
    endloop
  endfacet
  facet normal 0 1 0
    outer loop
      vertex 36.6447 15 1
      vertex 37.9914 15 3.73839
      vertex 37.9231 15 3.21964
    endloop
  endfacet
  facet normal 0 1 0
    outer loop
      vertex 36.6447 15 1
      vertex 37.9231 15 3.21964
      vertex 37.7877 15 2.71424
    endloop
  endfacet
  facet normal 0 1 0
    outer loop
      vertex 36.6447 15 1
      vertex 37.7877 15 2.71424
      vertex 37.5875 15 2.23084
    endloop
  endfacet
  facet normal 0 1 0
    outer loop
      vertex 36.6447 15 1
      vertex 37.5875 15 2.23084
      vertex 37.3259 15 1.77772
    endloop
  endfacet
  facet normal 0 1 0
    outer loop
      vertex 36.6447 15 1
      vertex 37.3259 15 1.77772
      vertex 37.0074 15 1.36262
    endloop
  endfacet
  facet normal 0 1 0
    outer loop
      vertex 37.9914 15 6
      vertex 36.6447 15 1
      vertex 19 15 6
    endloop
  endfacet
  facet normal 0 1 0
    outer loop
      vertex 19 15 6
      vertex 36.6447 15 1
      vertex 19 15 1
    endloop
  endfacet
endsolid OpenSCAD_Model
